名称,销售量,销售额,商品单价,是否促销
粮油,1,3,3,否
粮油,1,6.7,6.7,否
日配,1,5.9,8.9,是
冲调,1,27.7,27.7,否
洗化,1,4.9,4.9,否
洗化,1,6.9,9.7,是
蔬果,0.902,8.98,9.96,否
日配,1,49,65,是
家居,1,70,70,否
休闲,1,10.9,10.9,否
蔬果,0.456,1.27,2.78,否
洗化,1,8.9,8.9,否
洗化,1,11.9,11.9,否
蔬果,0.24,2.3,9.6,否
粮油,1,17.3,17.3,否
洗化,1,18.9,24.9,是
休闲,1,6.9,6.9,否
蔬果,1.776,8.84,4.98,否
休闲,1,9.7,9.7,否
洗化,1,24.9,24.9,否
蔬果,0.496,3.87,7.8,否
粮油,1,3.7,3.7,否
日配,16,33.9,2.7,是
粮油,1,7.9,7.9,否
洗化,1,9.5,9.5,否
蔬果,0.708,1.83,2.58,否
蔬果,0.636,1.14,1.8,否
粮油,0.132,8.28,89.8,是
蔬果,1.922,6.11,3.18,否
蔬果,0.656,1.68,2.56,否
洗化,1,37.9,37.9,否
烘焙,0.384,6.14,16,否
蔬果,0.988,3.91,3.96,否
洗化,1,1.5,1.5,否
粮油,1,10.9,14.7,是
熟食,2,2,1,否
洗化,1,4.7,4.7,否
粮油,1,33.9,33.9,否
粮油,1.006,4.61,4.58,否
家居,1,9.9,9.9,否
熟食,0.258,20.64,80,否
家居,1,15,15,否
洗化,1,7.5,8.7,是
洗化,1,9.9,9.9,否
休闲,1,8.5,8.5,否
粮油,1,1.1,1.1,否
休闲,1,28.3,39.8,是
肉禽,0.356,12.46,35,否
肉禽,0.342,10.19,29.8,否
洗化,1,3.9,4.7,是
洗化,1,46.9,46.9,否
日配,16,43.2,2.7,否
冲调,1,22.7,22.7,否
文体,1,2.3,2.3,否
蔬果,0.612,1.58,2.58,否
休闲,1,4.5,4.5,否
蔬果,1,5.8,5.8,否
蔬果,0.92,14.68,15.96,否
粮油,1,21.9,21.9,否
粮油,0.292,5.78,19.8,否
蔬果,1.146,2.93,2.56,否
蔬果,0.858,10.28,11.98,否
蔬果,0.266,4.23,15.9,否
粮油,0.366,7.23,37.8,是
蔬果,0.786,1.41,1.8,否
日配,1,7.9,12.8,是
休闲,1,4,4,否
蔬果,0.796,5.22,6.56,否
日配,1,11.9,11.9,否
熟食,0.53,3.18,6,否
洗化,1,3,3,否
洗化,1,10.9,10.9,否
蔬果,0.447,1.32,2.96,否
蔬果,0.22,0.88,3.98,否
蔬果,0.641,3.82,5.96,否
粮油,1,2.8,2.8,否
粮油,1,0.5,0.5,否
蔬果,1,1.5,1.5,否
日配,0.544,14,32.6,是
休闲,0.27,3.19,11.8,否
蔬果,0.208,1.66,7.96,否
蔬果,0.12,0.67,5.56,否
休闲,0.928,31.37,33.8,否
水产,0.5,15,30,否
蔬果,2.018,4.04,2,否
蔬果,0.366,2.92,7.98,否
蔬果,0.278,4.42,15.9,否
熟食,0.178,7.12,40,否
蔬果,0.706,2.8,3.96,否
文体,1,3.3,3.3,否
蔬果,0.286,2.86,10,否
蔬果,0.622,1.7,2.56,否
日配,3,8.4,2.8,否
蔬果,0.064,0.23,3.56,否
粮油,1,0.5,0.5,否
蔬果,0.072,0.14,2,否
蔬果,0.686,1.36,1.98,否
,,,,
,,,,
,,,,
,,,,
,,,,
,,,,
,,,,
,,,,
,,,,
,,,,
,,,,
,,,,
,,,,
,,,,
,,,,
,,,,
,,,,
,,,,
,,,,
,,,,
,,,,
,,,,
休闲,1,10.9,10.9,否
洗化,1,10.9,10.9,否
酒饮,1,4,5.5,是
蔬果,0.871,5.19,5.96,否
蔬果,0.294,0.76,2.58,否
日配,1,9.9,9.9,否
日配,1,62,62,否
洗化,1,4.5,4.5,否
冲调,1,36.5,36.5,否
家电,4,18,4.5,否
蔬果,0.698,12.42,17.8,否
蔬果,0.752,10.51,17.8,否
粮油,1,3.9,5.9,是
酒饮,1,4.9,4.9,否
休闲,1,12.5,12.5,否
蔬果,1.353,23.81,17.6,否
日配,2.214,43.84,19.8,否
洗化,1,3.9,3.9,否
休闲,1,5.5,5.5,否
蔬果,0.804,1.45,1.8,否
粮油,1,1.3,1.3,否
蔬果,0.224,4.03,18,否
休闲,1,2.7,2.7,否
蔬果,1.6,25.54,15.96,否
冲调,1,30.7,30.7,否
休闲,1,5.7,5.7,否
休闲,1,5.7,5.7,否
蔬果,0.299,1.79,5.98,否
休闲,1,3.9,3.9,否
粮油,1,4.9,4.9,否
粮油,0.306,6.05,37.8,是
洗化,1,1.7,1.7,否
休闲,0.344,4.06,13.8,是
休闲,1,8.7,8.7,否
日配,1,11.8,11.8,否
休闲,1,10.9,10.9,否
蔬果,0.444,4,9,否
日配,1,11.8,11.8,否
休闲,1,6.9,6.9,否
洗化,1,7.9,7.9,否
粮油,1,9.9,12.9,是
蔬果,0.452,1.81,4,否
粮油,1,3.9,3.9,否
蔬果,0.328,0.84,2.56,否
蔬果,0.614,2.43,3.96,否
蔬果,4,8,2,否
蔬果,0.83,1.64,1.98,否
蔬果,0.457,1.18,2.58,否
家电,1,13,13,否
蔬果,0.462,4.6,9.96,否
日配,0.75,5.09,6.78,否
休闲,1,5.3,5.3,否
洗化,1,7.9,9.9,是
蔬果,0.47,1.21,2.58,否
粮油,1,5.7,5.7,否
休闲,1,6.9,6.9,否
蔬果,1.352,4.3,3.18,否
洗化,1,18.9,24.9,是
熟食,4,2,0.5,否
熟食,4,2,0.5,否
酒饮,1,4,4,否
蔬果,1.078,3.41,3.16,否
蔬果,1.244,15.1,4.98,否
粮油,1,9.5,9.5,否
日配,0.862,5.84,6.78,否
酒饮,4,8.8,2.2,否
粮油,1,2.7,2.7,否
粮油,0.282,17.7,89.8,是
冲调,1,19.9,19.9,否
冲调,1,32,32,否
熟食,0.001,0.02,20,否
蔬果,0.573,3.76,6.56,否
粮油,0.308,6.09,37.8,是
蔬果,0.58,3.36,5.8,否
日配,1.084,21.46,19.8,否
蔬果,0.608,9.72,15.98,否
粮油,1,2,2,否
蔬果,0.91,2.33,2.56,否
蔬果,0.416,1.06,2.56,否
粮油,0.534,3.63,6.8,否
粮油,1,3.9,3.9,否
日配,1.038,7.04,6.78,否
粮油,1,2.7,2.7,否
蔬果,0.439,1.66,10,否
休闲,1,10.4,10.4,否
休闲,1,4.5,5.9,是
日配,3,8.4,2.8,否
酒饮,1,1.9,2.5,是
蔬果,0.214,1.93,9,否
酒饮,1,4,4,否
蔬果,1.518,24.23,15.96,否
休闲,0.44,8.7,35.8,是
蔬果,0.626,2.48,3.96,否
蔬果,0.456,7.25,15.9,否
水产,0.768,23.04,30,否
蔬果,0.872,1.71,1.96,否
日配,1.212,10.3,8.5,否
休闲,1,4.9,4.9,否
休闲,1,5.7,5.7,否
洗化,1,7.5,8.7,是
休闲,1,6,6,否
休闲,0.144,2.27,19.8,是
蔬果,0.851,2.2,2.58,否
蔬果,1.028,2.65,2.58,否
文体,1,4.7,4.7,否
蔬果,0.662,1.3,1.96,否
蔬果,0.706,39.54,56,否
洗化,1,11.5,15.9,是
洗化,1,6.9,9.7,是
洗化,1,19.9,19.9,否
洗化,1,4.5,5.9,是
酒饮,1,15,15,否
蔬果,0.456,4.54,9.96,否
蔬果,0.08,0.62,7.76,否
日配,3,17.7,8.9,是
肉禽,0.27,8.05,29.8,否
蔬果,1.262,22.21,17.6,否
蔬果,0.206,1.19,5.8,否
粮油,1,9.9,12.9,是
蔬果,0.574,1.47,2.56,否
蔬果,0.998,2,2,否
洗化,1,6.9,6.9,否
洗化,1,7.5,8.7,是
粮油,1,2,2,否
熟食,0.465,2.79,6,否
冲调,1,23.3,23.3,否
蔬果,1.868,33.25,17.8,否
休闲,1,1.5,1.5,否
洗化,1,3.9,4.7,是
蔬果,1.842,5.86,3.18,否
蔬果,0.496,1.28,2.58,否
蔬果,0.443,1.23,2.78,否
洗化,1,7.5,8.7,是
蔬果,0.504,6.04,11.98,否
蔬果,0.652,3.91,6,否
日配,1,6.7,6.7,否
日配,0.398,10.26,32.6,是
粮油,1.004,9.9,9.9,否
洗化,1,6.5,7.7,是
粮油,1,39.9,39.9,否
日配,0.774,14.71,19,否
休闲,1,9.9,9.9,否
蔬果,0.598,1.08,1.8,否
日配,1,4.9,5.7,是
蔬果,1.173,3,2.56,否
粮油,5,7,1.7,是
冲调,1,19.9,19.9,否
日配,2.44,16.54,6.78,否
粮油,1,2.9,2.9,否
蔬果,2.862,5.61,1.96,否
蔬果,0.252,3.02,12,否
休闲,1,6.9,6.9,否
粮油,1,2.5,2.5,否
粮油,1,0.5,0.5,否
休闲,0.186,3.16,17,否
洗化,1,3.9,3.9,否
蔬果,0.312,1.74,5.56,否
蔬果,1.878,18.74,9.98,否
粮油,1,8.2,8.2,否
休闲,0.372,5.88,15.8,否
酒饮,1,4.5,4.5,否
休闲,0.144,2.24,25.8,是
蔬果,0.348,3.47,9.96,否
酒饮,2,4,2,否
粮油,1,1.3,1.3,否
休闲,1,5.3,5.3,否
冲调,1,9.9,9.9,否
酒饮,4,10,2.5,否
蔬果,1.32,13.17,14.99,否
休闲,1,9.9,9.9,否
粮油,1,1.7,1.7,否
针织,1,59.9,69,是
蔬果,0.44,2.89,6.56,否
蔬果,0.402,1.19,2.96,否
洗化,1,14.9,14.9,否
休闲,0.086,1.7,31.8,是
蔬果,0.082,2.23,27.2,否
酒饮,1,12.9,12.9,否
洗化,1,19.7,19.7,否
蔬果,0.45,3.42,7.6,否
休闲,0.382,9.8,25.8,否
洗化,1,9.9,9.9,否
日配,1.014,6.87,6.78,否
粮油,1,22.5,22.5,否
粮油,1,1.3,1.3,否
粮油,1.004,4.42,4.4,否
休闲,1,11.9,11.9,否
蔬果,1.236,14.81,11.98,否
蔬果,1.406,21.08,14.99,否
蔬果,0.648,6.45,9.96,否
蔬果,0.39,0.77,1.98,否
洗化,1,15.9,19.9,是
蔬果,0.244,2.93,12,否
蔬果,1.108,13.27,11.98,否
蔬果,0.536,16.08,30,否
粮油,1,0.9,0.9,否
冲调,1,3,3,否
洗化,4,6.8,1.7,否
肉禽,0.77,22.95,29.8,否
蔬果,0.5,3.28,6.56,否
日配,1,16.3,16.3,否
休闲,1,17.9,17.9,否
蔬果,0.198,1.3,6.56,否
蔬果,0.556,0.82,1.48,否
熟食,0.546,10.92,20,否
洗化,1,8.5,8.9,是
酒饮,1,10.5,10.5,否
粮油,1,3.9,5.5,是
日配,1,12.9,12.9,否
休闲,1,10.9,10.9,否
休闲,1,16,16,否
蔬果,0.69,6.87,9.96,否
粮油,1,22.5,22.5,否
冲调,1,13.9,13.9,否
休闲,1,5.9,5.9,否
休闲,1,7.5,7.5,否
蔬果,0.565,1.67,2.96,否
日配,1,16.3,16.3,否
休闲,1,6.3,6.3,否
休闲,1,5.9,5.9,否
家居,1,8,8,否
粮油,0.28,5.5,37.8,是
休闲,1,10.4,10.4,否
蔬果,1.638,9.5,5.8,否
粮油,1,0.5,0.5,否
洗化,1,9.9,9.9,否
肉禽,0.46,13.71,29.8,否
蔬果,0.446,8.03,18,否
粮油,1,2.3,2.3,否
日配,1,10.3,10.3,否
休闲,1,11.5,11.5,否
粮油,1,3.7,3.7,否
休闲,1,28,28,否
休闲,1,3,3,否
蔬果,2,3,1.5,否
休闲,1,3.3,3.3,否
蔬果,0.598,10.52,17.6,否
粮油,1,3.7,3.7,否
休闲,1,9.7,9.7,否
休闲,1,5.9,5.9,否
蔬果,1,5.5,5.5,否
蔬果,0.366,2.05,5.6,否
蔬果,0.93,9.28,9.98,否
蔬果,1.006,2.58,2.56,否
粮油,1,3.5,3.5,否
洗化,1,40,40,否
粮油,1,7.9,7.9,否
粮油,1,6.7,6.7,否
蔬果,0.693,4.55,6.56,否
蔬果,0.364,1.82,5,否
日配,1,4.9,4.9,否
休闲,1,1,1,否
休闲,1,7.9,7.9,否
蔬果,0.56,6.71,11.98,否
日配,0.562,14.46,32.6,是
蔬果,1.512,13.61,9,否
洗化,1,8.9,8.9,否
蔬果,0.28,2.18,7.8,否
休闲,1,5,5,否
休闲,1,3.3,3.3,否
洗化,1,1.5,1.5,否
蔬果,0.626,2.82,2.58,否
蔬果,0.53,3.38,23,否
日配,1,12.8,12.8,否
蔬果,1.74,10.37,5.96,否
休闲,0.182,2.51,19.8,是
文体,1,1.7,1.7,否
日配,0.914,6.2,6.78,否
粮油,1,3,3,否
冲调,1,4.9,4.9,否
熟食,0.284,5.68,20,否
洗化,1,19.9,19.9,否
粮油,1,6.8,6.8,否
休闲,1,8.3,8.3,否
休闲,1,8.9,8.9,否
水产,0.168,5.04,30,否
蔬果,0.21,11.76,56,否
蔬果,0.646,3.75,5.8,否
粮油,5,6.5,1.3,否
粮油,1,10.9,12.5,是
休闲,1,3.7,3.7,否
洗化,1,39.9,51.9,是
粮油,1,21.9,22.3,否
休闲,1,8.7,8.7,否
蔬果,1.472,5.83,3.96,否
粮油,1,5.5,5.5,否
蔬果,0.914,2.89,3.16,否
洗化,1,108,108,否
蔬果,5,100,20,否
粮油,1,7.3,7.3,否
酒饮,1,6.9,6.9,否
休闲,1,7.9,7.9,否
粮油,1,2.3,2.3,否
粮油,1,22.3,22.3,否
熟食,0.51,10.2,20,否
蔬果,2.152,34.35,15.96,否
休闲,1,10.5,10.5,否
蔬果,1.212,14.52,11.98,否
洗化,1,23.9,23.9,否
日配,1,11.9,11.9,否
肉禽,0.28,7.78,27.8,否
粮油,0.338,6.6,37.8,是
休闲,1,4.9,4.9,否
蔬果,1.297,2.33,1.8,否
粮油,1,8.5,8.5,否
粮油,1,0.5,0.5,否
蔬果,0.392,1.55,3.96,否
蔬果,0.118,5.9,50,否
粮油,1,14.7,14.7,否
酒饮,1,8.9,12.9,是
肉禽,0.516,9.08,17.6,否
蔬果,0.424,4.22,9.96,否
粮油,1,3.9,5.9,是
粮油,0.064,6.34,99,否
休闲,0.214,6.38,29.8,否
蔬果,1.184,11.82,9.98,否
粮油,0.906,14.31,15.8,否
蔬果,1.566,18.79,12,否
日配,12,49,5.5,是
休闲,1,9.5,9.5,否
粮油,1,6.9,6.9,否
洗化,1,5.7,5.7,否
休闲,1,7.5,7.5,否
休闲,1,16.9,16.9,否
休闲,1,4.3,4.3,否
蔬果,0.122,0.68,5.56,否
粮油,1,4.8,4.8,否
洗化,1,4.9,4.9,否
蔬果,0.582,32.59,56,否
粮油,1,87.9,87.9,否
肉禽,0.274,9.81,35.8,否
洗化,1,43,43,否
休闲,1,1,1,否
酒饮,1,9.8,9.8,否
日配,1,17.9,17.9,否
蔬果,1.656,11.56,6.98,否
冲调,1,4.9,4.9,否
休闲,1,3.8,3.8,否
蔬果,0.596,13.71,23,否
日配,1,11.9,11.9,否
蔬果,2.542,4.98,1.96,否
蔬果,1.19,10.61,17.6,否
休闲,1,4.5,4.5,否
洗化,1,5.9,5.9,否
蔬果,0.776,1.37,1.76,否
日配,1,16.3,16.3,否
蔬果,0.635,3.81,6,否
洗化,1,5,6.9,是
粮油,1,7.3,7.3,否
文体,1,1.3,1.3,否
蔬果,1.088,3.46,3.18,否
蔬果,1,5.8,5.8,否
粮油,1,3.2,3.2,否
蔬果,0.272,2.71,9.96,否
日配,0.982,6.66,6.78,否
蔬果,-0.001,0,3.96,否
蔬果,0.001,0,3.96,否
蔬果,0.51,4.9,9.6,否
蔬果,0.716,1.43,2,否
日配,16,44.8,2.8,否
洗化,1,8.9,8.9,否
蔬果,0.601,2.4,4,否
粮油,0.282,5.5,37.8,是
蔬果,0.152,0.58,3.8,否
休闲,1,2,2,否
洗化,1,15.6,15.9,是
家居,1,8.9,10,是
酒饮,1,1.9,2.5,是
蔬果,1.821,5.79,3.18,否
粮油,12,38.4,3.2,否
休闲,1,3.5,3.5,否
粮油,1,7.9,7.9,否
蔬果,0.515,4.11,7.98,否
肉禽,1.41,58.94,41.8,否
酒饮,2,22.6,11.3,否
日配,12,63.6,5.3,否
蔬果,0.986,5.48,5.56,否
粮油,1,5.3,5.3,否
休闲,1,17.9,17.9,否
休闲,1,7.5,7.5,否
粮油,1,3,3,否
洗化,1,7.9,7.9,否
日配,16,24.9,2.1,是
粮油,1,2.3,2.3,否
蔬果,1.13,11.28,9.98,否
洗化,1,42.9,42.9,否
休闲,1,14.9,14.9,否
休闲,1,10.5,10.5,否
蔬果,0.296,1.65,5.56,否
日配,0.818,5.55,6.78,否
洗化,1,9.9,9.9,否
洗化,1,15.9,24.9,是
日配,1,7.9,10.3,是
冲调,1,20.9,20.9,否
酒饮,1,3.9,3.9,否
肉禽,0.558,15.51,27.8,否
蔬果,0.81,6.16,7.6,否
休闲,1,14.3,14.3,否
蔬果,1.025,2.62,2.56,否
蔬果,0.537,1.39,2.58,否
粮油,0.546,7.53,13.8,否
休闲,1,3.9,3.9,否
洗化,1,3.9,3.9,否
洗化,1,6.9,9.7,是
蔬果,0.292,2.68,7.8,否
蔬果,0.296,2.31,7.8,否
蔬果,1.997,7.91,3.96,否
蔬果,0.222,1.33,5.98,否
烘焙,0.328,5.25,16,否
休闲,1,4.3,4.3,否
蔬果,0.704,4.62,6.56,否
酒饮,1,1.9,2.5,是
蔬果,0.666,4.37,6.56,否
蔬果,0.973,6.21,23,否
蔬果,2,3,1.5,否
酒饮,1,4.5,4.5,否
粮油,1,11.3,11.3,否
洗化,1,8.9,8.9,否
蔬果,1,1.5,1.5,否
粮油,1,1.3,1.3,否
休闲,0.258,5.11,19.8,否
休闲,1,2,2,否
休闲,1,3.9,3.9,否
休闲,0.212,2.91,19.8,是
蔬果,4,8,2,否
休闲,1,10.9,10.9,否
洗化,3,29.7,9.9,否
蔬果,0.882,14.11,16,否
日配,16,44.8,2.8,否
冲调,1,3,3,否
休闲,0.128,6.91,54,否
蔬果,0.298,2.68,9,否
粮油,1,3,3,否
蔬果,0.116,1.04,9,否
文体,2,1,0.5,否
蔬果,0.82,1.48,1.8,否
蔬果,1,30,30,否
蔬果,1.748,31.11,17.8,否
休闲,0.33,3.87,13.8,是
休闲,0.13,9.23,71,否
洗化,1,18.9,18.9,否
日配,1,6.9,6.9,否
酒饮,1,4.3,4.3,否
粮油,1,19.9,19.9,否
肉禽,0.418,7.94,19,否
蔬果,0.166,0.83,5,否
休闲,0.262,15.46,59,否
日配,1,10.9,12.9,是
休闲,1,4.5,4.5,否
蔬果,1.082,2.77,2.56,否
蔬果,1.796,5.71,3.18,否
粮油,1,2.9,2.9,否
休闲,1,4,4.5,否
熟食,0.001,0.02,20,否
日配,1,9.9,15.9,是
酒饮,1,6,6,否
蔬果,0.334,1.32,3.96,否
蔬果,0.618,10.88,17.6,否
日配,12,49,5.5,是
蔬果,0.676,5.39,7.98,否
日配,1,11.9,11.9,否
休闲,1,5.7,5.7,否
日配,1,16.3,16.3,否
蔬果,0.39,0.77,1.98,否
粮油,1,15.9,15.9,否
休闲,1,4,4,否
休闲,1,10.4,10.4,否
日配,0.534,13.71,32.6,是
粮油,0.35,6.93,37.8,是
冲调,1,81.9,81.9,否
休闲,1,4.2,4.2,否
熟食,8,4,0.5,否
休闲,1,3.9,4.9,是
日配,0.94,6.37,6.78,否
蔬果,1.038,2.66,2.56,否
粮油,1,87.9,87.9,否
休闲,1,3.7,3.7,否
洗化,1,6.9,6.9,否
酒饮,1,5.5,7.5,是
酒饮,1,4.9,4.9,否
蔬果,0.352,0.9,2.56,否
休闲,1,3.9,3.9,否
休闲,1,7.9,11.9,是
休闲,1,4.9,4.9,否
日配,1,16.3,16.3,否
肉禽,0.42,11.68,27.8,否
蔬果,0.752,1.2,1.6,否
粮油,1,13.9,17.3,否
休闲,1,5.2,5.2,否
粮油,1,7.3,7.3,否
蔬果,0.892,8.9,9.98,否
粮油,1,8.9,8.9,否
休闲,1,14.9,14.9,否
酒饮,1,5,5,否
蔬果,0.23,1.33,5.8,否
蔬果,0.14,2.52,18,否
熟食,4,4,1,否
粮油,1,2.5,2.5,否
针织,1,8,8,否
蔬果,1,4.98,4.98,否
蔬果,1.27,15.21,11.98,否
粮油,1,3,3,否
粮油,1,19.9,19.9,否
粮油,2,13.8,6.9,否
休闲,1,8.9,8.9,否
蔬果,0.304,1.76,5.8,否
粮油,0.346,6.85,19.8,否
蔬果,0.304,1.99,6.56,否
休闲,1,1,1,否
冲调,1,3,3,否
粮油,1,3.9,3.9,否
蔬果,1.184,1.87,2.56,否
蔬果,0.418,0.83,1.98,否
日配,1.756,11.91,6.78,否
蔬果,2.266,13.51,5.96,否
日配,1,59,76,是
蔬果,0.781,2.01,2.58,否
粮油,1,5.9,5.9,否
蔬果,0.182,1.02,5.6,否
蔬果,0.454,1.73,3.8,否
粮油,1,5.9,5.9,否
休闲,1,3.7,3.7,否
酒饮,1,32,32,否
日配,12,49,5.5,是
休闲,0.172,6.5,37.8,否
休闲,1,5.5,5.5,否
日配,1,14.3,14.3,否
酒饮,1,4.9,4.9,否
洗化,1,10.9,10.9,否
休闲,1,19.9,19.9,否
休闲,1,8.5,8.5,否
粮油,1,6.9,6.9,否
洗化,1,7.9,7.9,否
蔬果,0.305,2.07,5.6,否
蔬果,0.718,1.84,2.56,否
蔬果,0.176,2.96,16.8,否
熟食,2,2,1,否
休闲,1,3.7,3.7,否
休闲,1,3.3,3.3,否
粮油,1,21.8,21.8,否
休闲,1,8.7,8.7,否
蔬果,0.22,2.11,9.6,否
酒饮,1,2.8,2.8,否
蔬果,1.066,2.75,2.58,否
休闲,1,3.3,3.3,否
日配,0.816,5.53,6.78,否
休闲,0.084,5.96,71,否
酒饮,1,4.7,4.7,否
蔬果,1,5.8,5.8,否
文体,1,3.3,3.3,否
蔬果,2.216,13.21,5.96,否
休闲,1,5.9,5.9,否
休闲,1,5.3,5.3,否
休闲,1,3.9,3.9,否
肉禽,0.682,18.96,27.8,否
休闲,1,3.3,3.3,否
休闲,1,4,4,否
酒饮,1,10.5,10.5,否
粮油,1,3.8,3.8,否
蔬果,0.446,7.85,17.6,否
蔬果,1.55,18.57,11.98,否
洗化,1,3,3,否
粮油,1,2.7,2.7,否
蔬果,0.984,9.82,9.98,否
日配,0.742,5.03,6.78,否
休闲,1,4.5,4.5,否
肉禽,0.254,9.09,35.8,否
休闲,1,8.3,8.3,否
休闲,3,59.7,19.9,否
洗化,1,7.9,9.9,是
洗化,1,12.9,14.5,是
休闲,1,3.7,3.7,否
日配,1,11.5,11.5,否
休闲,1,2.5,2.5,否
家居,1,4.5,4.5,否
休闲,0.178,2.45,19.8,是
蔬果,0.674,1.74,2.58,否
熟食,0.41,2.46,6,否
休闲,1,4.7,4.7,否
休闲,1,2.7,2.7,否
洗化,1,12.9,14.5,是
熟食,2,2,1,否
蔬果,0.908,4.54,5,否
粮油,1,8.5,8.5,否
蔬果,0.198,3.56,18,否
蔬果,1.074,7.5,6.98,否
粮油,1,3.7,3.7,否
蔬果,0.71,3.55,5,否
日配,1,7.9,10.3,是
日配,1,19.3,19.3,否
休闲,1,3.7,3.7,否
洗化,1,6.9,9.7,是
洗化,1,12.9,14.5,是
粮油,1,9.9,9.9,否
蔬果,2.962,7.58,2.56,否
酒饮,1,6.9,6.9,否
蔬果,0.658,1.68,2.56,否
蔬果,0.786,2.03,2.58,否
粮油,1,8.2,8.2,否
酒饮,1,5.7,5.7,否
休闲,1,3.7,3.7,否
洗化,1,1.9,1.9,否
日配,0.804,5.45,6.78,否
肉禽,0.368,6.48,17.6,否
粮油,1,3.7,3.7,否
肉禽,1.184,30.31,25.6,否
蔬果,1.696,5.39,3.18,否
休闲,1,4.5,4.5,否
粮油,1,41.9,49.9,是
粮油,1,7.9,7.9,否
休闲,1,2.5,2.5,否
粮油,1,5.9,5.9,否
洗化,1,2.9,2.9,否
蔬果,0.228,2.19,9.6,否
蔬果,0.34,3.06,9,否
休闲,1,20,20,否
休闲,1,12,12,否
洗化,1,6.7,6.7,否
酒饮,20,70,3.5,否
蔬果,0.372,2.16,5.8,否
蔬果,1.168,2.99,2.56,否
日配,1,11.5,16.5,是
蔬果,1.327,3.4,2.56,否
休闲,0.21,3.3,23.8,是
日配,1,7.3,7.3,否
蔬果,1.206,21.23,17.6,否
蔬果,1.732,4.43,2.56,否
洗化,1,5.6,6.3,是
休闲,1,1,1,否
日配,1,13.9,16.3,是
粮油,1,6.7,6.7,否
休闲,0.638,37.64,59,否
粮油,1,6.5,6.7,否
日配,1,13.9,16.3,是
日配,1.868,12.67,6.78,否
蔬果,0.538,3.01,5.6,否
蔬果,0.318,2.07,7.96,否
洗化,1,4.9,4.9,否
熟食,0.142,12.78,90,否
休闲,1,2.3,2.3,否
休闲,1,5.9,5.9,否
休闲,1,5.3,6,否
粮油,1,7.3,7.3,否
休闲,0.354,4.17,13.8,是
蔬果,0.408,2.68,6.56,否
休闲,0.062,5.44,87.8,否
粮油,0.544,3.7,6.8,否
粮油,1,3.9,3.9,否
肉禽,0.6,17.88,29.8,否
蔬果,2,7.96,3.98,否
蔬果,0.338,3.24,9.6,否
日配,1,66,66,否
肉禽,0.222,6.17,27.8,否
蔬果,0.98,5.84,5.96,否
休闲,1,10.9,10.9,否
洗化,1,7.7,7.7,否
粮油,1,5.3,5.3,否
日配,1,14.9,14.9,否
蔬果,1.098,30.52,27.8,否
粮油,1,7.3,7.3,否
蔬果,0.204,1.13,2,否
休闲,1,7.9,11.9,是
粮油,1,2.7,2.7,否
蔬果,0.17,1.53,9,否
蔬果,2,3,1.5,否
粮油,1,16.3,16.3,否
休闲,1,5.5,5.5,否
蔬果,1.56,15.6,10,否
休闲,1,10.9,10.9,否
休闲,0.058,6.79,117,否
休闲,1,3.5,3.5,否
粮油,1,3.7,3.7,否
蔬果,0.296,1.05,3.56,否
休闲,1,5.2,5.2,否
家电,1,38,38,否
休闲,1,10.5,16.9,是
休闲,1,7.9,7.9,否
日配,0.352,6.9,19.6,否
日配,1,10.9,12.9,是
休闲,1,9.3,9.3,否
蔬果,0.668,1.72,2.58,否
蔬果,0.258,1.02,3.96,否
休闲,1,3.7,3.7,否
休闲,0.202,2.38,11.8,否
日配,16,33.9,2.7,是
洗化,1,14.7,14.7,否
冲调,1,15.9,22.7,是
洗化,1,18.9,24.9,是
蔬果,0.196,1.18,6,否
休闲,1,2.9,2.9,否
蔬果,0.468,2.34,5,否
蔬果,0.367,2.04,5.56,否
蔬果,2,9.96,4.98,否
蔬果,1.035,2.67,2.58,否
洗化,1,7.9,9.5,是
洗化,1,2.9,4.7,是
蔬果,0.373,0.96,2.58,否
蔬果,0.396,1.02,2.58,否
蔬果,1.09,61.04,56,否
粮油,1,1.9,1.9,否
酒饮,1,1.9,1.9,否
蔬果,0.467,1.2,2.58,否
熟食,0.388,34.92,90,否
蔬果,1,1.5,1.5,否
休闲,1,7.9,7.9,否
休闲,1,2.5,2.5,否
肉禽,0.486,9.53,19.6,否
家居,1,4.5,4.5,否
日配,1,13.9,16.3,是
蔬果,0.964,5.75,5.96,否
粮油,1,6.9,6.9,否
蔬果,0.349,1.03,2.96,否
蔬果,1,1.5,1.5,否
蔬果,0.786,3.14,4,否
休闲,0.48,19.1,39.8,否
蔬果,0.9,16.02,17.8,否
洗化,1,14.9,14.9,否
蔬果,0.284,2.56,9,否
休闲,1,3.5,3.5,否
蔬果,2,3,1.5,否
肉禽,0.174,5.19,29.8,否
粮油,2.556,14.26,5.58,否
日配,0.36,6.41,17.8,否
休闲,1,9.9,9.9,否
冲调,1,3.8,3.8,否
蔬果,0.104,0.81,7.8,否
熟食,2,2,1,否
粮油,1,13.3,13.3,否
粮油,4.59,19.28,4.2,否
日配,1,13.9,13.9,否
文体,1,6.7,6.7,否
熟食,0.394,14.03,35.6,否
休闲,0.336,5.3,25.8,是
休闲,1,8.5,8.5,否
休闲,0.154,5.21,33.8,否
休闲,0.222,7.5,33.8,否
粮油,1,2.3,2.3,否
休闲,1,5.3,5.3,否
蔬果,0.432,7.76,15.9,否
休闲,0.314,7.47,23.8,否
休闲,0.128,8.19,64,否
蔬果,0.08,0.72,9,否
洗化,1,36.5,36.5,否
粮油,1,2.9,2.9,否
粮油,3,8.4,2.8,否
日配,0.828,5.61,6.78,否
休闲,1,1.3,1.3,否
休闲,0.968,17.23,17.8,否
粮油,2.26,14.87,6.58,否
粮油,1,4.9,4.9,否
日配,1,19.3,19.3,否
休闲,1,9.5,9.5,否
肉禽,0.384,11.44,29.8,否
日配,0.896,6.07,6.78,否
休闲,1,7,7,否
日配,1,11.5,16.5,是
粮油,1,3.7,3.7,否
粮油,1,1,1,否
肉禽,0.89,37.2,41.8,否
日配,1,3.9,5,是
粮油,4,9.2,2.3,否
粮油,1,2.8,2.8,否
蔬果,0.218,1.21,5.56,否
蔬果,1,1.5,1.5,否
蔬果,0.612,0.98,1.6,否
蔬果,1,5.5,5.5,否
酒饮,1,6,6,否
蔬果,1.646,19.72,11.98,否
蔬果,0.373,2.82,12,否
粮油,1,5.9,6.7,否
休闲,1,2.9,2.9,否
蔬果,0.941,1.84,1.96,否
蔬果,1,4.98,4.98,否
蔬果,2.46,29.47,11.98,否
休闲,1,3.7,3.7,否
蔬果,1.749,6.93,3.96,否
洗化,1,3.9,3.9,否
蔬果,0.334,2,5.98,否
蔬果,0.94,14.09,14.99,否
蔬果,0.478,2.77,5.8,否
休闲,0.162,2.2,19.8,是
冲调,1,15.9,22.7,是
粮油,1,74.9,74.9,否
日配,1,11.3,11.3,否
蔬果,0.106,0.38,3.56,否
粮油,1,3.9,5.9,是
日配,2,35,17.9,否
日配,12,42,3.5,否
蔬果,1,30,30,否
休闲,0.272,2.8,11.8,否
蔬果,0.576,3.34,5.8,否
日配,1,5.9,8.9,是
休闲,1,4.3,4.3,否
休闲,1,4.3,4.3,否
酒饮,1,10.7,10.7,否
休闲,1,10.9,10.9,否
休闲,1,3,3,否
休闲,1,5.2,5.2,否
熟食,0.434,39.06,90,否
休闲,1,3.4,3.4,否
休闲,1,5.7,5.7,否
洗化,1,12.9,14.5,是
洗化,4,6,1.5,否
休闲,1,3.3,3.3,否
蔬果,0.302,0.53,1.76,否
蔬果,0.158,1.52,9.6,否
休闲,1,10.9,10.9,否
粮油,6,7.8,1.3,否
蔬果,0.374,1.42,3.8,否
粮油,1,17.9,21.9,是
粮油,1,5.9,5.9,否
粮油,1,3.7,3.7,否
休闲,1,4,4,否
休闲,1,3.2,3.2,否
蔬果,0.446,5.35,12,否
粮油,1,6.7,6.7,否
休闲,0.214,10.66,49.8,否
休闲,1,4.5,4.5,否
休闲,0.274,3.71,19.6,是
冲调,1,14.3,14.3,否
日配,16,29.9,2.8,是
休闲,1,4.5,4.5,否
蔬果,2.022,24.22,11.98,否
蔬果,2.42,6.2,2.56,否
休闲,1,4.3,4.3,否
蔬果,0.598,16.49,30,否
蔬果,0.658,7.88,11.98,否
蔬果,0.374,3.37,9,否
蔬果,1.569,6.21,3.96,否
日配,0.948,6.43,6.78,否
熟食,0.404,8.08,20,否
休闲,1,6.9,6.9,否
熟食,2,2,1,否
粮油,1,3.8,3.8,否
蔬果,0.734,7.31,9.96,否
洗化,1,22.9,22.9,否
粮油,1,1.7,1.7,否
粮油,1,0.5,0.5,否
休闲,0.224,4.03,18,否
日配,1,13.3,13.3,否
粮油,1,4.3,4.3,否
粮油,1,8.5,8.5,否
休闲,0.164,7.18,51.6,是
蔬果,0.636,3.18,5,否
洗化,1,7.9,7.9,否
文体,1,2.3,2.3,否
蔬果,0.587,3.85,6.56,否
粮油,1,6.9,6.9,否
洗化,1,6.7,6.7,否
蔬果,0.232,3.9,16.8,否
洗化,1,17.9,17.9,否
休闲,1,6.5,6.5,否
蔬果,0.299,1.66,5.56,否
粮油,7.12,29.9,4.2,否
粮油,1,8.5,8.5,否
蔬果,0.78,2.01,2.58,否
洗化,1,15.6,15.9,是
蔬果,1,2,2,否
粮油,4,9.2,2.3,否
休闲,1,4.9,4.9,否
洗化,1,13.9,15.9,是
蔬果,1.54,2.77,1.8,否
休闲,1,2.9,2.9,否
蔬果,0.488,1.26,2.58,否
冲调,1,11.7,11.7,否
休闲,1,3.6,3.6,否
蔬果,0.308,4.9,15.9,否
粮油,1,0.5,0.5,否
休闲,0.292,3.45,11.8,否
日配,1,11.9,13.9,是
日配,1,13.9,16.3,是
蔬果,0.266,2.65,9.96,否
日配,1,66,66,否
洗化,1,9.9,9.9,否
日配,1,10.3,10.3,否
冲调,1,40.3,40.3,否
日配,1,13.9,16.3,是
休闲,0.38,13.6,35.8,否
洗化,1,9.9,10.9,是
蔬果,0.348,1.38,3.96,否
休闲,0.342,4.7,19.6,是
文体,1,2.3,2.3,否
休闲,1,6.9,9.5,是
蔬果,0.55,9.68,17.6,否
粮油,1,0.5,0.5,否
休闲,1,5.9,5.9,否
休闲,1,13.9,17.9,是
酒饮,1,3.5,3.5,否
粮油,1,13.3,13.3,否
蔬果,0.396,2.2,5.56,否
蔬果,2,3,1.5,否
休闲,1,14.3,14.3,否
熟食,0.001,0.02,20,否
粮油,1,5.9,5.9,否
休闲,1,4.3,4.3,否
休闲,1,2.5,2.5,否
蔬果,0.259,4.04,15.6,否
蔬果,0.268,1.34,5,否
休闲,1,3.9,3.9,否
粮油,1.006,9.96,9.9,否
酒饮,1,4,4,否
酒饮,1,5,5,否
休闲,1,4.9,4.9,否
粮油,1,8.2,8.2,否
蔬果,0.51,2.55,5,否
酒饮,1,3.8,3.8,否
蔬果,0.368,2.05,5.56,否
蔬果,0.82,3.25,3.96,否
蔬果,0.3,1.79,5.98,否
休闲,0.426,8.4,35.8,是
休闲,1,16.9,16.9,否
蔬果,0.14,0.89,2,否
肉禽,0.406,11.29,27.8,否
蔬果,0.298,0.6,2,否
粮油,1,1,1,否
蔬果,0.282,1.85,6.56,否
蔬果,0.731,2.16,2.96,否
蔬果,0.319,0.94,2.96,否
粮油,1,5.9,5.9,否
蔬果,1.162,17.42,14.99,否
日配,2,27.8,16.3,是
蔬果,1.472,17.6,11.98,否
休闲,1,9.9,9.9,否
蔬果,0.358,5.69,15.9,否
休闲,0.538,10.6,35.8,是
蔬果,0.534,6.41,12,否
蔬果,0.432,2.51,5.8,否
粮油,1,0.5,0.5,否
休闲,0.348,6.84,35.8,是
休闲,2,11.8,5.9,否
日配,1,10.9,12.9,是
休闲,1,4.5,4.5,否
蔬果,0.522,2.92,5.6,否
休闲,1,3.9,3.9,否
洗化,1,9.9,10.9,是
休闲,0.464,15.68,33.8,否
休闲,0.304,7.3,24,否
休闲,1,9.5,9.5,否
休闲,1,3.9,3.9,否
蔬果,2.534,15.1,5.96,否
日配,1,14.3,14.3,否
蔬果,0.288,1.61,5.6,否
蔬果,0.496,0.98,1.98,否
蔬果,0.153,0.61,3.96,否
冲调,1,3.2,3.2,否
酒饮,1,4.9,4.9,否
蔬果,0.328,1.3,3.96,否
粮油,0.881,4.92,5.58,否
肉禽,0.646,23.13,35.8,否
休闲,1,7.6,9,是
休闲,1,3.4,3.4,否
肉禽,0.222,6.17,27.8,否
蔬果,0.573,1.47,2.56,否
蔬果,4,8,2,否
酒饮,1,15,15,否
蔬果,0.894,2.29,2.56,否
蔬果,0.538,9.47,17.6,否
酒饮,1,4.9,4.9,否
休闲,0.188,6.73,35.8,否
休闲,1,10.9,10.9,否
蔬果,0.762,1.51,1.98,否
蔬果,-2.42,-6.2,2.56,否
日配,0.362,9.33,32.6,是
粮油,1,5.5,5.5,否
休闲,1,4.2,4.2,否
休闲,0.168,4.33,25.8,否
日配,1,9.9,9.9,否
粮油,1,3,3,否
蔬果,0.442,2.21,5,否
粮油,4.382,18.4,4.2,否
粮油,1,2.3,2.3,否
蔬果,0.236,0.47,2,否
休闲,0.296,17.76,60,否
粮油,1,5.9,5.9,否
休闲,1,2.7,2.7,否
酒饮,1,12.7,12.7,否
蔬果,1,5.5,5.5,否
粮油,1,12.9,14.3,是
酒饮,1,2.9,2.9,否
洗化,1,12.9,12.9,否
洗化,1,19.9,19.9,否
休闲,1,1.9,1.9,否
洗化,1,27.9,27.9,否
肉禽,0.396,11.8,29.8,否
粮油,0.398,2.7,6.8,否
蔬果,0.818,1.6,1.96,否
粮油,1,2.3,2.3,否
蔬果,0.058,0.52,9,否
酒饮,1,2.8,2.8,否
休闲,1,7.9,7.9,否
酒饮,1,3.8,3.8,否
蔬果,0.353,2.05,5.8,否
文体,1,7.9,7.9,否
蔬果,0.268,2.41,9,否
粮油,1,5.3,5.3,否
粮油,4.708,26.27,5.58,否
休闲,1,4.5,4.5,否
蔬果,1.494,2.99,2,否
休闲,1,6.9,6.9,否
休闲,1,6.9,6.9,否
蔬果,4,8,2,否
蔬果,0.278,3.34,12,否
蔬果,1.27,9.88,9.98,否
洗化,1,6.5,7.7,是
冲调,1,11.3,11.3,否
休闲,1,5.2,5.2,否
休闲,0.13,2.55,25,是
休闲,1,4.3,4.3,否
蔬果,0.886,3.5,2.96,否
休闲,1,3.2,3.2,否
休闲,1,3.5,4,否
洗化,1,7.5,8.7,是
粮油,5,6.5,1.3,否
粮油,1,7.9,7.9,否
休闲,1,9.9,9.9,否
粮油,1,35.9,35.9,否
休闲,1,18.9,18.9,否
日配,1,13.3,13.3,否
日配,1,3.9,3.9,否
蔬果,0.554,1.1,1.98,否
蔬果,0.616,6.14,9.96,否
酒饮,1,4.5,4.5,否
蔬果,0.818,2.09,2.56,否
蔬果,0.358,3.44,9.6,否
蔬果,1,2,2,否
粮油,1.694,9.45,5.58,否
蔬果,1.87,7.41,3.96,否
蔬果,0.336,1.68,5,否
休闲,1,4,4,否
休闲,1,4.9,4.9,否
日配,1,13.9,13.9,否
冲调,2,15.4,7.7,否
蔬果,0.37,1.32,3.56,否
冲调,1,3.2,3.2,否
休闲,1,4.3,4.3,否
蔬果,1.12,19.71,17.6,否
蔬果,0.624,10.98,17.6,否
休闲,1,2,2,否
家居,1,8,8,否
蔬果,0.294,2.29,7.8,否
休闲,1,5.3,5.3,否
蔬果,0.416,3.23,7.76,否
休闲,1,5.3,5.3,否
休闲,1,3.3,3.3,否
冲调,1,15.5,15.5,否
蔬果,1.075,4.28,3.98,否
蔬果,0.43,4.3,10,否
蔬果,0.424,1.51,3.56,否
休闲,1,10.9,10.9,否
休闲,1,4.3,4.3,否
酒饮,1,2,2,否
日配,1,9.9,14.3,是
粮油,0.906,14.31,15.8,否
粮油,1,7.9,7.9,否
日配,0.994,6.74,6.78,否
休闲,1,4.3,4.3,否
蔬果,0.246,1.61,6.56,否
蔬果,0.001,0.01,9,否
粮油,1,7.3,7.3,否
粮油,1,6.9,6.9,否
休闲,1,8.9,8.9,否
蔬果,0.204,3.18,15.6,否
粮油,0.274,3.77,19.8,是
日配,16,48,3,否
休闲,1,16.9,16.9,否
蔬果,0.432,2.83,6.56,否
休闲,1,9.7,9.7,否
酒饮,1,13.7,13.7,否
日配,1,5.5,5.5,否
蔬果,0.564,2.23,3.96,否
蔬果,0.216,1.42,6.56,否
蔬果,0.83,2.12,2.56,否
粮油,1.006,5.94,5.9,否
粮油,1,1.3,1.3,否
蔬果,1.24,4.91,3.96,否
蔬果,0.298,2.32,7.8,否
蔬果,0.324,2.46,7.6,否
休闲,2,9,4.5,否
粮油,1,3.9,3.9,否
休闲,0.212,3.35,15.8,否
休闲,1,6.5,6.5,否
蔬果,0.485,2.43,5,否
粮油,1,3.2,3.2,否
日配,12,58.8,5.3,是
蔬果,0.537,6.43,11.98,否
熟食,4,2,0.5,否
休闲,1,4.3,4.3,否
蔬果,8,16,2,否
粮油,1,5.9,5.9,否
粮油,0.268,3.69,19.8,是
酒饮,1,3.8,3.8,否
酒饮,1,4.5,4.5,否
蔬果,1.43,11.98,2,否
休闲,1,10.5,10.5,否
休闲,1,5.9,5.9,否
休闲,0.17,2.32,19.8,是
蔬果,0.862,8.59,9.96,否
蔬果,0.278,0.82,2.96,否
休闲,1,6.9,6.9,否
蔬果,0.748,4.19,5.6,否
休闲,1,3.2,3.2,否
粮油,1,1.9,1.9,否
休闲,1,5.3,5.3,否
休闲,1,5.7,5.7,否
休闲,0.32,3.75,13.8,是
粮油,1,2.9,2.9,否
休闲,1,6.9,6.9,否
蔬果,0.421,2.44,5.8,否
休闲,1,15.9,15.9,否
休闲,1,7.9,7.9,否
蔬果,0.426,2.39,5.6,否
粮油,4,12,3,否
粮油,1,8.2,8.2,否
休闲,1,15.8,15.8,否
休闲,1,38,38,否
粮油,1,4,4,否
肉禽,0.554,15.4,27.8,否
粮油,1,8.9,8.9,否
针织,1,14.5,14.5,否
蔬果,0.657,1.3,5,否
蔬果,0.559,1.1,1.96,否
蔬果,0.324,1.28,3.96,否
粮油,1,1.7,1.7,否
休闲,1,4,4,否
粮油,1,8.5,8.5,否
洗化,1,9.9,9.9,否
日配,1,13.9,13.9,否
蔬果,0.298,1.13,3.8,否
蔬果,0.29,2.61,9,否
洗化,1,18.9,18.9,否
洗化,1,1.7,1.7,否
休闲,0.186,7.4,39.8,否
休闲,0.366,4.3,13.8,是
休闲,1,7,7,否
洗化,1,11.9,15.5,是
粮油,1,3,3,否
文体,1,1.3,1.3,否
粮油,1.006,13.8,13.8,否
文体,1,4.7,4.7,否
粮油,4,7.6,1.9,否
洗化,1,24.9,24.9,否
蔬果,0.284,3.41,12,否
肉禽,0.972,19.05,19.6,否
蔬果,0.308,2.4,7.8,否
蔬果,1.478,8.81,5.96,否
蔬果,0.447,1.77,3.96,否
酒饮,1,5,5,否
粮油,1,6.7,6.7,否
休闲,1,4.9,4.9,否
肉禽,1.436,37.05,25.8,否
粮油,1,6.7,6.7,否
日配,1,13.9,16.3,是
蔬果,0.5,1.28,2.56,否
蔬果,0.392,1.96,5,否
洗化,1,9.9,10.9,是
酒饮,1,1.9,1.9,否
蔬果,0.444,1.14,2.56,否
日配,1,15.9,15.9,否
蔬果,0.432,5.18,12,否
蔬果,0.604,7.25,12,否
洗化,1,4.9,4.9,否
熟食,4,2,0.5,否
蔬果,1.109,2.17,1.96,否
粮油,1,10.7,10.7,否
日配,1,5.7,5.7,否
休闲,0.156,9.33,59.8,否
休闲,0.35,13.23,37.8,否
休闲,1,6.9,9.5,是
蔬果,0.35,2.03,5.8,否
蔬果,0.412,2.31,5.6,否
熟食,0.136,0.82,6,否
粮油,0.1,8.98,89.8,否
洗化,1,4.5,4.5,否
肉禽,0.258,7.69,29.8,否
日配,1,13.3,13.3,否
蔬果,0.839,1.51,1.8,否
蔬果,0.084,0.42,5,否
针织,1,10,10,否
蔬果,0.725,4.76,6.56,否
洗化,1,3.5,3.5,否
蔬果,0.21,1.26,6,否
休闲,0.12,4.2,35,否
蔬果,2,3,1.5,否
洗化,1,1.5,1.5,否
洗化,1,17.9,24.7,是
蔬果,1,4.98,4.98,否
蔬果,0.514,1.52,2.96,否
蔬果,0.21,1.17,5.56,否
蔬果,0.597,1.74,3.96,否
洗化,1,3.9,3.9,否
洗化,1,6.5,7.7,是
蔬果,0.388,2.95,7.6,否
粮油,1,49.9,59.9,是
粮油,1,11.3,11.3,否
日配,1,13.9,16.3,是
休闲,1,10.4,10.4,否
蔬果,0.184,1.43,7.76,否
蔬果,2,3,1.5,否
蔬果,0.332,1.32,1.48,否
熟食,0.464,9.28,20,否
粮油,1,3.7,3.7,否
粮油,1,6.7,6.7,否
蔬果,1.386,2.77,2,否
日配,1,3.9,4.9,是
粮油,1,3.9,5.9,是
蔬果,0.454,2.54,5.6,否
粮油,1,6.7,6.7,否
洗化,1,12.9,12.9,否
肉禽,0.674,13.21,19.6,否
蔬果,0.33,3.29,9.96,否
蔬果,0.524,0.92,1.76,否
蔬果,0.95,11.38,11.98,否
休闲,1,8.3,8.3,否
洗化,1,11.7,11.7,否
休闲,1,21.9,21.9,否
蔬果,0.27,2.59,9.6,否
粮油,1,39.9,49.9,是
蔬果,0.457,3.64,7.96,否
日配,1,12.3,12.3,否
日配,1,8.9,8.9,否
休闲,1,17,17,否
蔬果,0.236,0.47,1.98,否
粮油,1,9.9,9.9,否
蔬果,0.455,1.82,4,否
家居,1,4,4,否
粮油,1,3.9,3.9,否
洗化,1,33.7,33.7,否
洗化,1,13.8,16.9,是
蔬果,0.335,0.86,2.56,否
肉禽,0.414,9.52,23,否
日配,0.784,5.32,6.78,否
洗化,1,35.9,35.9,否
蔬果,1.172,4.69,4,否
粮油,0.996,5.56,5.58,否
蔬果,0.394,10.17,25.8,否
日配,1,3.5,3.5,否
蔬果,0.906,15.95,17.6,否
蔬果,0.45,7.2,16,否
蔬果,0.666,7.98,11.98,否
蔬果,0.379,1.44,3.8,否
洗化,1,5.6,6.3,是
休闲,1,2.2,2.2,否
洗化,1,25.9,25.9,否
洗化,1,26.9,26.9,否
蔬果,2,3,1.5,否
粮油,0.078,7,89.8,否
日配,1,55,55,否
洗化,1,9.9,15.5,是
蔬果,1.007,1.97,1.96,否
休闲,0.234,5.62,24,否
粮油,2.535,10.65,4.2,否
休闲,1,10.9,10.9,否
蔬果,0.778,13.69,17.6,否
针织,1,14,14,否
蔬果,0.234,1.83,7.8,否
蔬果,0.878,1.72,1.96,否
蔬果,0.438,3.4,7.76,否
蔬果,0.748,4.34,5.8,否
休闲,1,3.2,3.2,否
粮油,1,6.3,6.3,否
蔬果,0.91,2.88,3.16,否
日配,1,8.3,8.3,否
熟食,0.487,2.92,6,否
洗化,1,11.9,15.7,是
蔬果,0.196,1.95,9.96,否
洗化,1,24.9,24.9,否
蔬果,0.37,0.95,2.58,否
粮油,4,2,0.5,否
蔬果,0.22,2.2,9,否
蔬果,0.172,0.86,4.98,否
日配,1,13.9,13.9,否
蔬果,0.428,2.48,5.8,否
洗化,1,3.5,3.5,否
休闲,0.292,2.85,11.8,是
粮油,0.252,17.64,70,否
蔬果,0.35,6.3,18,否
粮油,0.22,15.4,70,否
日配,1,3.5,3.5,否
蔬果,1.438,17.23,11.98,否
日配,1,11.9,11.9,否
蔬果,0.774,2,2.58,否
蔬果,0.828,2.62,3.16,否
粮油,0.59,4.01,6.8,否
冲调,1,4.9,4.9,否
粮油,1,72,72,否
家居,1,4,4,否
休闲,1,3.5,3.5,否
蔬果,0.768,1.06,1.96,否
蔬果,0.359,1.42,3.96,否
蔬果,1.164,2.1,1.8,否
休闲,1,6.5,6.5,否
粮油,2.342,11.6,5.58,否
蔬果,0.84,8.37,9.96,否
粮油,1,2.9,2.9,否
日配,1,10.9,12.9,是
粮油,0.358,32.15,89.8,否
蔬果,0.778,1.24,1.6,否
蔬果,0.477,1.23,2.58,否
蔬果,0.732,8.78,12,否
蔬果,0.258,2.48,9.6,否
酒饮,1,4.3,4.3,否
蔬果,0.242,1.59,6.56,否
蔬果,0.348,0.61,1.76,否
蔬果,0.156,0.23,1.48,否
蔬果,0.38,9.8,25.8,否
粮油,1,14.7,14.7,否
蔬果,0.114,0.68,5.98,否
蔬果,1.194,14.3,11.98,否
粮油,1.006,9.96,9.9,否
蔬果,2,3,1.5,否
蔬果,0.527,1.36,2.58,否
蔬果,0.424,5.09,12,否
蔬果,1.322,23.27,17.6,否
休闲,1,9.7,9.7,否
蔬果,0.418,1.49,3.56,否
家居,1,8.9,10,是
肉禽,0.212,6.32,29.8,否
蔬果,0.162,1.06,6.56,否
粮油,1,4.2,4.2,否
日配,1,5.9,5.9,否
粮油,1,2.9,2.9,否
粮油,1,3.9,3.9,否
日配,1,65,65,否
蔬果,2,3,1.5,否
蔬果,1.082,6.28,5.8,否
休闲,0.454,8.98,19.8,否
洗化,1,13.9,13.9,否
日配,1,11,11,否
肉禽,1.338,31.84,23.8,否
蔬果,0.436,2.86,6.56,否
洗化,-1,-4.3,4.3,否
粮油,1,17.9,21.9,是
熟食,0.339,2.03,6,否
日配,1,7.5,7.5,否
蔬果,0.376,0.97,2.58,否
家居,1,10,10,否
粮油,1,20.3,20.3,否
熟食,0.31,6.2,20,否
蔬果,2.848,4.56,1.6,否
蔬果,0.385,2.93,7.6,否
粮油,1,8.5,8.5,否
蔬果,0.223,0.44,1.98,否
粮油,1,5.3,5.3,否
蔬果,1.182,2.54,1.8,否
休闲,1,21.9,21.9,否
洗化,1,11.9,11.9,否
蔬果,0.388,2.25,5.8,否
洗化,1,26.9,26.9,否
肉禽,0.232,6.91,29.8,否
冲调,1,4.2,4.2,否
家居,1,13,13,否
休闲,1,3.8,3.8,否
蔬果,0.812,6.31,9.98,否
蔬果,0.448,11.56,25.8,否
蔬果,0.726,1.45,2,否
粮油,1,2.3,2.3,否
休闲,1,11.9,11.9,否
日配,12,58.8,4.9,否
蔬果,0.671,1.87,2.78,否
日配,1,13.9,13.9,否
冲调,1,9.9,9.9,否
休闲,0.27,12.31,45.6,否
洗化,1,9.9,15.5,是
粮油,1,6.9,6.9,否
蔬果,0.224,1.78,7.96,否
蔬果,1.754,4.49,2.56,否
蔬果,1,5.8,5.8,否
肉禽,0.186,5.54,29.8,否
蔬果,0.404,1.6,3.96,否
蔬果,1.062,2.72,2.56,否
蔬果,0.61,3.42,5.6,否
蔬果,0.661,1.19,1.8,否
蔬果,1.179,3.75,3.18,否
粮油,1,2.9,2.9,否
蔬果,0.34,1.89,5.56,否
蔬果,0.495,2.87,5.8,否
粮油,1,7.5,7.5,否
蔬果,0.116,1.39,12,否
蔬果,0.266,2.55,9.6,否
蔬果,1.502,8.71,5.8,否
肉禽,0.562,15.62,27.8,否
洗化,1,7.5,8.7,是
蔬果,0.336,1.2,3.56,否
粮油,0.62,11.35,18.3,否
熟食,0.437,2.62,6,否
蔬果,1.01,4.02,3.98,否
粮油,1,40.9,49.9,是
蔬果,1.388,5.5,3.96,否
冲调,1,15.3,15.3,否
休闲,0.912,18.05,35.8,是
蔬果,0.369,2.8,7.6,否
粮油,1,1.9,1.9,否
日配,0.888,6.02,6.78,否
蔬果,0.254,0.45,1.76,否
冲调,1,28.7,28.7,否
蔬果,2,3,1.5,否
粮油,1,5.9,5.9,否
蔬果,0.534,3.5,6.56,否
粮油,1,4.3,4.3,否
粮油,0.374,7.4,37.8,是
蔬果,0.147,0.82,5.56,否
蔬果,0.806,1.61,2,否
粮油,1,8.2,8.2,否
洗化,1,7.9,7.9,否
蔬果,0.21,1.33,5.6,否
休闲,1,9.9,9.9,否
蔬果,1.008,6.01,5.96,否
蔬果,1.38,3.53,2.56,否
粮油,0.706,6.99,9.9,否
粮油,1,22.3,22.3,否
休闲,1,6,6,否
休闲,1,5.5,5.5,否
蔬果,0.496,1.27,2.56,否
粮油,0.124,15.37,124,否
酒饮,1,3.5,3.5,否
酒饮,1,3.7,3.7,否
文体,1,42,42,否
蔬果,0.312,3.11,9.96,否
休闲,0.322,5.08,27.8,是
蔬果,0.736,1.9,2.58,否
粮油,1,19.9,19.9,否
蔬果,0.398,2.23,5.6,否
蔬果,0.674,2,3.96,否
粮油,1,57.9,57.9,否
休闲,0.414,14.82,35.8,否
酒饮,1,2.8,2.8,否
蔬果,0.822,14.47,17.6,否
肉禽,0.166,4.95,29.8,否
蔬果,0.177,2.76,15.6,否
休闲,0.066,2.31,35,否
蔬果,0.968,1.74,1.8,否
冲调,1,18.3,18.3,否
洗化,1,4.3,4.3,否
粮油,1,2.3,2.3,否
洗化,1,1.9,1.9,否
蔬果,0.58,3.46,5.96,否
洗化,1,7.9,7.9,否
休闲,1,8.6,8.6,否
洗化,1,12.9,17.7,是
日配,1,3.9,4.9,是
蔬果,0.54,4.3,7.96,否
蔬果,0.93,5.54,5.96,否
蔬果,0.219,1.23,5.6,否
酒饮,2,2,2.2,是
家电,1,18.5,18.5,否
蔬果,1.758,30.94,17.6,否
洗化,1,5.9,5.9,否
肉禽,0.346,10.31,29.8,否
休闲,1,13.7,13.7,否
家居,1,20,20,否
蔬果,0.488,14.64,30,否
蔬果,0.456,2.99,6.56,否
洗化,1,18.9,18.9,否
蔬果,0.278,2.67,9.6,否
日配,16,33.9,2.7,是
蔬果,0.156,0.78,4.98,否
粮油,1,5.9,5.9,否
日配,1.126,22.29,19.8,否
蔬果,0.35,0.69,1.98,否
洗化,1,12.9,12.9,否
日配,1,10.9,12.9,是
休闲,1,5.7,5.7,否
日配,16,33.9,2.7,是
蔬果,0.906,2.34,2.58,否
粮油,1,1.3,1.3,否
肉禽,0.244,19.52,80,否
蔬果,0.368,4.42,12,否
蔬果,4,8,2,否
粮油,1,5.7,5.7,否
蔬果,1.384,3.54,2.56,否
日配,1,8.3,8.3,否
休闲,1,10.9,10.9,否
洗化,2,27.8,15.9,是
粮油,3,5.1,1.7,否
蔬果,0.486,2.82,5.8,否
日配,6,16.2,2.7,否
肉禽,1,1.6,1.6,否
蔬果,0.31,3.72,12,否
粮油,1,6.9,6.9,否
蔬果,0.765,1.96,2.56,否
日配,1,6.7,6.7,否
粮油,2.413,13.46,5.58,否
蔬果,0.166,1.49,9,否
蔬果,0.372,3.1,9.96,否
洗化,1,9.9,14.9,是
蔬果,0.25,1.25,5,否
蔬果,0.092,1.66,18,否
粮油,1,7.7,7.7,否
熟食,0.318,6.36,20,否
洗化,1,11.9,11.9,否
休闲,1,5.9,5.9,否
蔬果,0.806,3.19,3.96,否
蔬果,0.488,3.81,7.8,否
日配,1,13.3,13.3,否
粮油,1,1.7,1.7,否
洗化,1,7.9,7.9,否
蔬果,0.264,2.53,9.6,否
蔬果,1.096,13.13,11.98,否
日配,1,13.9,18.9,是
蔬果,0.37,2.76,7.47,否
日配,0.502,12.95,32.6,是
蔬果,0.648,6.48,10,否
蔬果,0.906,2.32,2.56,否
休闲,1,3.9,3.9,否
蔬果,0.31,2.98,9.6,否
蔬果,0.724,1.3,1.8,否
粮油,4,2,0.5,否
蔬果,0.19,1.82,9.6,否
粮油,1,3.9,3.9,否
肉禽,1.184,30.31,25.6,否
休闲,1,6.9,6.9,否
蔬果,0.286,1.76,5.8,否
洗化,1,5.7,5.7,否
粮油,1,4.9,4.9,否
冲调,1,4.9,4.9,否
洗化,1,3,3.7,是
蔬果,0.504,0.81,1.6,否
蔬果,1.036,23.83,23,否
休闲,1,4.5,4.5,否
日配,1,8.6,8.6,否
休闲,0.22,3.47,19.8,是
蔬果,0.781,2.31,2.96,否
休闲,1,4.5,4.5,否
蔬果,0.414,4.96,11.98,否
蔬果,0.746,13.28,17.8,否
粮油,1,7.7,7.7,否
休闲,1,14.3,14.3,否
粮油,1,10.9,14.7,是
休闲,3,11.7,3.9,否
蔬果,0.43,2.58,6,否
蔬果,0.32,2.1,6.56,否
家居,1,7.9,9,是
蔬果,0.192,0.38,2,否
蔬果,0.514,6.16,11.98,否
休闲,1,5.9,5.9,否
蔬果,0.39,8.97,23,否
蔬果,0.792,13.94,17.6,否
洗化,1,4.3,4.3,否
蔬果,0.208,1.61,7.76,否
蔬果,0.994,3.16,3.18,否
家居,1,6.9,9,是
家居,1,11,11,否
粮油,6,3,0.5,否
日配,1,13.9,16.3,是
冲调,1,14.9,24.3,是
蔬果,0.923,3.66,3.96,否
蔬果,1.13,2.26,2,否
粮油,1,1.9,1.9,否
蔬果,0.168,1.5,16.8,否
家居,1,4.9,4.9,否
蔬果,0.906,2.32,2.56,否
蔬果,0.546,30.58,56,否
洗化,1,4.9,4.9,否
针织,1,14.5,14.5,否
蔬果,0.506,2,3.96,否
蔬果,2.018,4.04,2,否
蔬果,0.46,13.8,30,否
休闲,1,4,4,否
蔬果,0.56,3.34,5.96,否
蔬果,0.61,3.64,5.96,否
粮油,1,1.5,1.5,否
粮油,1,14.3,14.3,否
休闲,1,2.9,2.9,否
日配,1,3.9,5.5,是
粮油,1,4.9,4.9,否
休闲,1,3.7,3.7,否
酒饮,1,1.9,2.5,是
日配,5,52,10.4,否
粮油,1,10.7,10.7,否
日配,0.888,6.02,6.78,否
洗化,1,3.9,3.9,否
蔬果,4,8,2,否
蔬果,0.628,2.51,4,否
休闲,1,3.3,3.3,否
休闲,1,10,10,否
蔬果,0.254,1.01,3.96,否
日配,0.898,6.09,6.78,否
熟食,0.56,11.2,20,否
蔬果,2.366,23.61,9.98,否
蔬果,0.204,1.62,7.96,否
日配,0.854,5.79,6.78,否
蔬果,0.414,7.37,17.8,否
粮油,2,5.8,2.9,否
休闲,1,4.5,4.5,否
日配,4,15.6,5,是
粮油,1,5.3,5.3,否
休闲,0.496,6.8,19.8,是
休闲,1,3.7,3.7,否
日配,1,5.5,5.5,否
粮油,0.052,1.35,26,否
蔬果,0.146,0.55,3.8,否
洗化,1,5.7,5.7,否
蔬果,0.67,4.4,6.56,否
蔬果,0.51,13.16,25.8,否
蔬果,0.438,3.42,7.8,否
蔬果,0.462,1.6,1.98,否
休闲,0.132,5.25,39.8,否
洗化,1,2.9,4.7,是
洗化,1,3.9,4.7,是
洗化,1,3.7,3.7,否
蔬果,0.277,1.66,6,否
蔬果,0.389,2.18,5.6,否
粮油,1,8.9,9.5,否
蔬果,0.64,7.68,12,否
针织,1,89,109,是
蔬果,0.716,12.6,17.6,否
蔬果,0.614,5.31,9.6,否
粮油,1,12.3,12.3,否
休闲,1,1,1,否
休闲,1,3,3,否
洗化,1,9.9,14.7,是
日配,1,5.9,8.3,是
粮油,1,3.9,3.9,否
蔬果,0.258,2.01,7.8,否
蔬果,1.446,8.39,5.8,否
蔬果,0.606,1.21,2,否
休闲,1,3.7,3.7,否
粮油,3,3.9,1.3,否
粮油,1,4.9,4.9,否
洗化,1,19.9,19.9,否
蔬果,0.254,1.52,6,否
蔬果,0.334,2.19,6.56,否
粮油,6,3,0.5,否
休闲,1,13,13,否
休闲,1,3.3,3.3,否
蔬果,0.74,1.91,2.58,否
日配,0.788,5.34,6.78,否
日配,2,4.2,2.1,否
休闲,0.162,7.03,51.6,是
蔬果,1.092,19.22,17.6,否
蔬果,0.121,1.89,15.6,否
蔬果,0.346,2.68,7.76,否
蔬果,1.282,22.56,17.6,否
水产,0.206,3.67,17.8,否
蔬果,1.068,2.09,1.96,否
蔬果,0.546,3.25,5.96,否
洗化,1,8.9,8.9,否
文体,1,12.9,12.9,否
蔬果,0.216,2.59,12,否
粮油,1,7.9,7.9,否
休闲,1,2.5,2.5,否
蔬果,0.504,1.4,2.78,否
洗化,1,4.9,4.9,否
蔬果,1.151,4.56,3.96,否
蔬果,0.116,1.39,12,否
粮油,1,4.3,4.3,否
粮油,1,22.5,22.5,否
洗化,1,16.9,16.9,否
蔬果,0.382,2.22,5.8,否
日配,0.306,7.89,32.6,是
蔬果,1.839,3.31,1.8,否
蔬果,0.504,2.92,5.8,否
蔬果,1.13,2.26,2,否
蔬果,1.121,4.44,3.96,否
日配,0.854,5.79,6.78,否
粮油,1,3,3,否
蔬果,0.194,0.39,2,否
粮油,1,7.9,7.9,否
蔬果,1.51,2.26,5,否
洗化,1,3,3.7,是
休闲,1,12.9,12.9,否
肉禽,0.458,13.65,29.8,否
休闲,1,4.3,4.3,否
蔬果,0.295,0.44,1.48,否
粮油,1,89.9,109,是
蔬果,1,4.98,4.98,否
熟食,0.22,16.72,76,否
蔬果,1.544,27.48,17.8,否
粮油,1,3,3,否
日配,4,8.4,2.1,否
休闲,1,6.5,6.5,否
休闲,1,6.9,6.9,否
蔬果,0.24,1.92,7.98,否
日配,0.886,6.01,6.78,否
家居,1,5,5,否
蔬果,0.64,7.68,12,否
洗化,1,29.9,29.9,否
蔬果,1.096,3.49,3.18,否
粮油,1,84.9,84.9,否
日配,24,58.8,3,是
休闲,1,14.5,15.9,否
蔬果,0.223,1.24,5.56,否
粮油,1,6.9,6.9,否
家居,1,6.5,6.5,否
休闲,1,3,3,否
休闲,0.188,2.97,27.8,是
蔬果,0.282,1.85,6.56,否
休闲,1,6.8,6.8,否
蔬果,0.244,1.55,5.8,否
熟食,0.56,11.2,20,否
酒饮,10,140,14,否
粮油,1,3,3,否
蔬果,0.594,3.45,5.8,否
洗化,1,3,3.7,是
蔬果,0.374,2.84,7.6,否
日配,12,39.9,5.5,是
粮油,1,32.9,32.9,否
粮油,3.788,15.91,4.2,否
蔬果,0.54,1.07,1.98,否
蔬果,0.144,2.25,15.6,否
休闲,1,13.5,13.5,否
休闲,1,8,8,否
洗化,1,43.9,43.9,否
洗化,1,5.9,9.9,是
休闲,1,2.9,2.9,否
休闲,1,3.5,3.5,否
蔬果,0.63,1.26,2,否
日配,0.6,15.48,32.6,是
粮油,1,3.9,3.9,否
蔬果,1,2,2,否
休闲,1,4.7,4.7,否
粮油,1,3,3,否
休闲,1,2.7,2.7,否
蔬果,0.34,2.65,7.8,否
休闲,1,6.9,6.9,否
蔬果,1.024,18.02,17.6,否
蔬果,0.646,7.74,11.98,否
休闲,1,4,4,否
蔬果,0.878,2.27,2.58,否
粮油,1,6.7,6.7,否
家电,2,9,4.5,否
蔬果,1.282,22.56,17.6,否
日配,1,1.8,2.3,是
蔬果,1,4.98,4.98,否
洗化,1,47,47,否
蔬果,0.74,13.02,17.6,否
休闲,1,8.6,8.6,否
蔬果,0.458,11.82,25.8,否
蔬果,0.882,2.26,2.56,否
洗化,1,5.9,5.9,否
日配,1,7.5,7.5,否
蔬果,2,3,1.5,否
蔬果,1.121,4.44,3.96,否
蔬果,0.258,2.01,7.8,否
蔬果,0.393,0.78,1.98,否
粮油,1.03,14.2,11.8,是
日配,1,10.9,12.9,是
日配,12,49,7.1,是
休闲,1,4.2,4.2,否
蔬果,1.888,16.9,9,否
休闲,1,4.5,4.5,否
洗化,1,18.9,18.9,否
蔬果,0.394,2.19,5.56,否
蔬果,0.375,2.09,5.56,否
蔬果,1.954,3.91,2,否
日配,1,5.9,8.3,是
蔬果,0.124,0.74,5.98,否
蔬果,0.694,1.36,1.96,否
休闲,1,6.9,6.9,否
粮油,1,3.2,3.2,否
日配,1,5.9,8.3,是
蔬果,0.42,2.44,5.8,否
洗化,1,12.9,17.7,是
洗化,1,15.9,24.9,是
日配,4,8.4,2.1,否
日配,1,2.7,2.7,否
洗化,1,9.9,11.7,是
家居,1,3.9,3.9,否
蔬果,0.356,2.34,6.56,否
休闲,1,9.7,9.7,否
蔬果,2.486,44.25,17.8,否
休闲,1,4.2,4.2,否
酒饮,6,6,2.2,是
洗化,1,9.9,9.9,否
洗化,9,360,40,否
粮油,1,6.9,7.5,是
休闲,1,8.3,8.3,否
休闲,1,2.5,2.5,否
蔬果,0.168,4.57,27.2,否
蔬果,0.612,0.91,1.48,否
蔬果,0.205,1.19,5.8,否
蔬果,1.972,5.05,2.56,否
粮油,1,0.5,0.5,否
蔬果,0.384,4.2,9,否
蔬果,0.688,1.35,1.96,否
蔬果,0.662,5.03,7.6,否
休闲,2,5.4,2.7,否
粮油,1,7.6,7.6,否
蔬果,0.306,2.94,9.6,否
蔬果,0.36,2.74,7.6,否
蔬果,2.398,47.48,19.8,否
蔬果,0.305,0.45,1.48,否
蔬果,0.274,2.47,9,否
蔬果,0.23,0.46,2,否
休闲,0.064,7.04,110,否
蔬果,2,3,1.5,否
冲调,1,36,36,否
粮油,0.958,13.2,11.8,是
日配,1.576,10.69,6.78,否
熟食,0.27,5.4,20,否
蔬果,0.332,3.31,9.96,否
休闲,1,4.2,4.2,否
休闲,1,4.2,4.2,否
蔬果,0.564,9,15.96,否
粮油,1,2.5,3,否
日配,1,10.9,12.9,是
休闲,1,8.7,8.7,否
蔬果,0.41,4.1,10,否
粮油,1,2.7,2.7,否
粮油,1,7.9,7.9,否
粮油,0.638,8.8,13.8,否
蔬果,0.32,2.5,7.8,否
蔬果,1.054,16.86,16,否
洗化,1,17.9,17.9,否
冲调,1,3.2,3.2,否
日配,1,2.3,2.3,否
休闲,1,5.9,5.9,否
洗化,1,25.9,32.9,是
蔬果,3.214,32.14,10,否
洗化,1,4,4,否
文体,1,8.3,8.3,否
文体,1,2.3,2.3,否
洗化,1,7.9,9.5,是
粮油,1,2.9,2.9,否
肉禽,0.342,6.7,19.6,否
粮油,1,3.9,5.5,是
肉禽,0.458,13.65,29.8,否
洗化,1,15.9,24.9,是
休闲,1,14.3,14.3,否
酒饮,1,7.9,7.9,否
粮油,1,15.3,15.3,否
休闲,1,10.9,10.9,否
洗化,1,15.6,15.9,是
粮油,1,7.9,7.9,否
冲调,1,28.7,28.7,否
家居,1,1.5,1.5,否
粮油,1,10.3,10.3,否
冲调,1,4.9,4.9,否
蔬果,0.452,4.52,10,否
蔬果,0.47,5.63,11.98,否
休闲,1,3.3,3.3,否
蔬果,0.916,1.99,6.56,否
蔬果,0.37,3.7,10,否
洗化,1,8.9,8.9,否
休闲,1,4.7,4.7,否
休闲,0.142,2.24,23.8,是
蔬果,0.304,0.6,1.98,否
肉禽,0.001,0.02,19.6,否
蔬果,0.413,1.64,3.96,否
休闲,0.24,6.14,25.6,否
蔬果,0.68,1.35,1.98,否
蔬果,0.176,4.79,27.2,否
休闲,0.154,2.43,27.8,是
洗化,2,25.8,19.9,是
蔬果,0.196,0.39,1.98,否
日配,0.904,6.13,6.78,否
蔬果,0.794,9.53,12,否
蔬果,0.29,2.89,9.98,否
蔬果,0.566,3.71,6.56,否
洗化,1,9.9,15.5,是
蔬果,0.732,7.29,9.96,否
蔬果,0.37,3.55,9.6,否
休闲,1,2.4,2.4,否
休闲,1,7.9,7.9,否
粮油,1,0.5,0.5,否
蔬果,0.316,2.4,7.6,否
洗化,1,5.7,5.7,否
休闲,0.178,2.45,19.6,是
休闲,5,2.5,0.5,否
洗化,1,1.7,1.7,否
休闲,0.126,2.42,27.8,是
蔬果,0.392,1.3,2.56,否
休闲,1,3,3,否
熟食,0.218,4.36,20,否
休闲,1,3.7,3.7,否
蔬果,0.43,3,6.98,否
冲调,1,15.5,21.9,是
洗化,1,15.6,15.9,是
日配,1,1.8,2.3,是
休闲,1,3.9,4.9,是
家居,1,10,10,否
粮油,1,7.9,7.9,否
粮油,1,11.3,11.3,否
休闲,1,41,41,否
粮油,0.622,4.23,6.8,否
蔬果,0.166,0.33,1.98,否
粮油,1,59.9,59.9,否
粮油,1,7.3,7.3,否
休闲,1,14.3,14.3,否
粮油,1,9.9,9.9,否
蔬果,0.434,2.85,6.56,否
洗化,1,4.9,4.9,否
酒饮,1,13.9,13.9,否
休闲,1,25,25,否
日配,0.904,6.13,6.78,否
日配,1,1.3,1.3,否
酒饮,4,8.8,2.2,否
粮油,1,3.9,5.5,是
蔬果,1.548,3.03,1.96,否
休闲,0.124,13.64,110,否
洗化,1,6.9,6.9,否
粮油,1,5.9,5.9,否
蔬果,0.378,0.97,2.56,否
蔬果,0.88,2.25,2.56,否
蔬果,0.632,3.79,6,否
文体,1,3,3,否
洗化,1,4.9,4.9,否
文体,1,62,62,否
休闲,1,29.9,29.9,否
蔬果,0.47,2.61,5.56,否
肉禽,1,1.6,1.6,否
蔬果,0.442,3.43,7.76,否
蔬果,1,1.5,1.5,否
粮油,1,3.3,3.3,否
针织,1,12.9,17,是
休闲,0.08,8.46,105.8,否
针织,1,60,60,否
蔬果,0.79,7.87,9.96,否
蔬果,0.372,2.9,7.8,否
冲调,1,22.7,22.7,否
粮油,0.104,2.39,23,否
日配,0.362,3.08,8.5,否
蔬果,0.134,1.21,9,否
粮油,1,9.9,9.9,否
蔬果,0.788,3.12,3.96,否
洗化,1,22.9,22.9,否
蔬果,0.764,3.03,3.96,否
粮油,1,2.3,2.3,否
洗化,1,9.9,15.5,是
休闲,1,1,1,否
休闲,1,2.5,2.5,否
日配,1,11.9,11.9,否
肉禽,0.494,9.78,19.8,否
蔬果,0.48,2.4,5,否
日配,1,24.7,24.7,否
蔬果,0.839,2.16,2.58,否
蔬果,1.836,5.84,3.18,否
冲调,1,16.9,24.3,是
蔬果,0.242,0.96,3.96,否
肉禽,0.18,5.36,29.8,否
粮油,1,4.7,4.7,否
粮油,4,5.2,1.3,否
休闲,0.55,5.37,11.8,是
休闲,0.402,7.23,18,否
休闲,1,6.9,9.5,是
蔬果,0.204,1.62,7.96,否
粮油,0.906,9.88,10.9,否
针织,1,14.5,14.5,否
休闲,1,4.9,6.7,是
粮油,1,11.3,12.5,是
休闲,1,10.9,10.9,否
家居,1,3,3,否
蔬果,0.606,6.04,9.96,否
蔬果,0.58,4.5,6.56,否
蔬果,0.312,7.18,23,否
休闲,0.128,14.08,110,否
酒饮,10,105,10.5,否
粮油,4,2,0.5,否
休闲,0.37,5.1,19.6,是
粮油,1,2.7,2.7,否
日配,1,13.9,16.3,是
粮油,1,10.9,14.7,是
粮油,1,1.9,1.9,否
蔬果,0.79,2.04,2.58,否
休闲,1,10.5,16.9,是
肉禽,0.95,39.71,41.8,否
文体,1,6.9,6.9,否
洗化,1,3.2,3.9,是
肉禽,0.42,8.32,19.8,否
休闲,0.306,4.22,19.8,是
蔬果,0.604,1.09,1.8,否
休闲,1,3.5,3.5,否
日配,0.778,5.27,6.78,否
粮油,1,1.3,1.3,否
家居,1,8.9,8.9,否
蔬果,0.36,2.81,7.8,否
休闲,1,4.3,4.3,否
酒饮,1,3,3,否
粮油,1,4.7,4.7,否
酒饮,1,10.7,10.7,否
蔬果,0.202,1.82,9,否
日配,1,13.3,13.3,否
洗化,1,19.9,19.9,否
休闲,0.282,2.7,11.8,是
文体,1,4.7,4.7,否
蔬果,0.291,1.15,3.96,否
休闲,1,7.9,7.9,否
粮油,1,10.9,14.7,是
蔬果,0.438,7.01,16,否
休闲,1,5.7,5.7,否
粮油,1,19.9,24.9,是
熟食,0.36,12.82,35.6,否
蔬果,0.402,2.24,5.56,否
洗化,1,9.9,14.7,是
蔬果,0.761,2.4,3.16,否
休闲,1,10.5,10.5,否
肉禽,0.778,21.63,27.8,否
蔬果,0.808,1.6,2.56,否
粮油,1,1,1,否
熟食,0.91,18.2,20,否
休闲,1,11.8,11.8,否
家居,1,9.9,12,是
日配,12,49,7.1,是
休闲,1,4.5,4.5,否
蔬果,0.904,10.83,11.98,否
熟食,0.51,3.06,6,否
粮油,1,2.3,2.3,否
肉禽,0.624,18.6,29.8,否
粮油,0.212,13.31,89.8,否
粮油,1,32.9,32.9,否
蔬果,0.177,1.06,5.98,否
蔬果,1.452,3.72,2.56,否
日配,12,49,5.5,是
粮油,1,6.7,6.7,否
针织,1,19,19,否
蔬果,0.56,8.9,15.9,否
休闲,1,4.5,4.5,否
日配,1.588,10.77,6.78,否
文体,1,5,5,否
蔬果,0.146,1.31,9,否
蔬果,1.482,2.9,1.96,否
家居,1,39,49,是
蔬果,0.144,1.08,7.47,否
粮油,1,49.9,59.9,是
熟食,0.34,30.6,90,否
休闲,1,3.9,4.7,是
休闲,1,6.2,6.2,否
家电,1,69,69,否
肉禽,0.412,11.45,27.8,否
休闲,1,9.7,9.7,否
肉禽,0.86,30.79,35.8,否
蔬果,0.258,1.96,7.6,否
蔬果,0.208,3.49,16.8,否
休闲,1,7.3,7.3,否
熟食,0.292,5.84,20,否
粮油,1,1.1,1.1,否
蔬果,0.218,1.26,5.8,否
粮油,1,3.3,3.3,否
蔬果,1,1.5,1.5,否
蔬果,0.436,0.86,1.98,否
熟食,0.947,5.68,6,否
肉禽,0.476,17.04,35.8,否
蔬果,2,3,1.5,否
日配,1,9.9,9.9,否
日配,0.458,11.8,32.6,是
日配,1,15.6,15.6,否
熟食,0.246,18.7,76,否
粮油,1,8.9,8.9,否
休闲,1,5.2,5.2,否
休闲,1,3.5,3.5,否
蔬果,0.266,2.55,9.6,否
酒饮,1,5,5,否
洗化,1,9.9,10.9,是
洗化,1,12.9,14.5,是
蔬果,0.214,1.4,6.56,否
蔬果,0.12,3.26,27.2,否
粮油,1,6.9,6.9,否
日配,1,11.5,16.5,是
休闲,1,8.5,8.5,否
蔬果,1.142,13.68,11.98,否
蔬果,1.164,13.97,12,否
家居,1,1.5,2,是
洗化,1,9.9,10.9,是
休闲,0.368,10.96,39.6,是
肉禽,1.122,22.22,19.8,否
休闲,0.214,3.3,23.8,是
洗化,1,2.9,4.7,是
粮油,1,59.9,85.9,是
休闲,1,4.5,4.5,否
洗化,1,12.9,17.7,是
休闲,1,2.9,2.9,否
休闲,1,10.9,10.9,否
蔬果,0.636,4.3,3.96,否
熟食,4,2,0.5,否
蔬果,0.15,1.44,9.6,否
文体,1,10,10,否
蔬果,1.084,4.29,3.96,否
日配,1.6,10.85,6.78,否
蔬果,0.72,4.18,5.8,否
日配,1.078,21.34,19.8,否
蔬果,0.674,8.07,11.98,否
日配,1,5.6,5.6,否
日配,4,8,2,否
粮油,1,21.8,21.8,否
休闲,0.322,3.15,15.8,是
粮油,1,8.9,8.9,否
蔬果,0.224,2.15,9.6,否
日配,0.888,6.02,6.78,否
粮油,2,35.8,21.9,是
蔬果,0.128,3.48,27.2,否
粮油,4.552,19.12,4.2,否
粮油,0.156,4.06,26,否
洗化,1,15.9,15.9,否
粮油,1,3.3,3.3,否
蔬果,0.618,18.54,30,否
肉禽,0.926,32.41,35,否
休闲,0.248,12.35,49.8,否
蔬果,1.208,7.2,5.96,否
日配,12,45.6,3.8,否
休闲,1,5.3,5.9,是
日配,0.822,5.57,6.78,否
洗化,1,12.9,14.5,是
粮油,1,3.9,3.9,否
日配,1,10.9,12.9,是
洗化,1,9.9,14.7,是
蔬果,0.462,5.54,12,否
日配,0.802,5.44,6.78,否
休闲,2,21,10.5,否
休闲,1,6.7,6.7,否
肉禽,1.106,46.23,41.8,否
蔬果,0.556,3.22,5.8,否
蔬果,0.208,1.87,9,否
蔬果,0.965,3.84,5.96,否
休闲,1,3.7,3.7,否
洗化,1,33.9,33.9,否
蔬果,1.14,1.69,1.48,否
洗化,1,9.9,9.9,否
粮油,1,2.3,2.3,否
日配,1,4.5,4.5,否
肉禽,0.668,19.91,29.8,否
蔬果,0.202,4.36,21.6,否
休闲,1,2.8,2.8,否
蔬果,0.86,2.22,2.58,否
粮油,3,1.5,0.5,否
熟食,0.13,10.4,80,否
蔬果,1.048,2.08,1.98,否
蔬果,0.49,5.88,12,否
蔬果,0.304,2.74,9,否
休闲,1,1.7,1.7,否
洗化,1,5.6,6.3,是
水产,0.754,22.62,30,否
蔬果,0.18,1.34,7.47,否
蔬果,0.176,1.75,9.96,否
日配,1,14.3,14.3,否
蔬果,0.849,1.53,1.8,否
蔬果,1,4.98,4.98,否
日配,1,13.3,13.3,否
休闲,1,4.9,6.7,是
休闲,1,4.3,4.3,否
酒饮,1,19.3,19.3,否
蔬果,2,48,24,否
粮油,1,5.7,5.7,否
洗化,1,5,6.9,是
日配,1.78,12.07,6.78,否
粮油,1,7.9,7.9,否
休闲,1,3.9,3.9,否
日配,1,7.9,12.8,是
粮油,1,7.9,7.9,否
休闲,1,4.5,4.5,否
休闲,1,3.5,3.5,否
肉禽,1.008,36.09,35.8,否
粮油,1,89.9,109,是
肉禽,1.156,48.32,41.8,否
家居,1,15,15,否
蔬果,0.43,5.16,12,否
酒饮,1,3,3,否
休闲,1,6.5,6.5,否
日配,1,14.9,19.3,是
蔬果,0.708,12.46,17.6,否
粮油,1,1,1,否
休闲,1,3.8,3.8,否
蔬果,0.388,2.17,5.6,否
蔬果,0.406,7.31,18,否
洗化,1,10.9,14.7,是
休闲,1,4.9,6.7,是
休闲,0.232,13.87,59.8,否
洗化,1,6.9,7.9,是
粮油,1,17.3,17.3,否
蔬果,0.382,6.42,16.8,否
日配,0.908,23.4,32.6,是
肉禽,0.772,32.27,41.8,否
休闲,1,2.9,2.9,否
日配,12,49,7.1,是
日配,0.87,5.9,6.78,否
粮油,1,2.9,2.9,否
蔬果,0.908,2.32,2.56,否
休闲,0.424,10.94,25.8,否
休闲,1,21.9,21.9,否
粮油,1,35.9,35.9,否
休闲,1,12.9,12.9,否
洗化,1,7.9,7.9,否
蔬果,1.032,10.3,9.98,否
休闲,0.294,17.58,59.8,否
蔬果,2.176,12.97,5.96,否
休闲,2,1,0.5,否
洗化,1,15.6,15.9,是
酒饮,1,9.3,9.3,否
日配,16,29,2.8,是
洗化,1,7.9,7.9,否
洗化,1,2.9,4.7,是
粮油,1,12.9,12.9,否
粮油,0.35,7.56,21.6,否
蔬果,0.193,1.07,5.56,否
肉禽,1.238,14.61,11.8,否
洗化,1,5.9,5.9,否
粮油,1,6.9,6.9,否
肉禽,0.776,15.36,19.8,否
粮油,1,2.7,2.7,否
日配,1,7.9,10.3,是
洗化,1,9.9,9.9,否
日配,1,7.9,12.8,是
洗化,1,12.9,14.5,是
日配,0.844,5.72,6.78,否
休闲,0.4,5.5,19.6,是
日配,1,1.8,1.8,否
日配,1,1.6,2,是
粮油,1,4.9,4.9,否
休闲,3,1.5,0.5,否
休闲,1,28.3,28.3,否
蔬果,0.364,1.44,3.96,否
休闲,1,3.5,3.5,否
休闲,0.222,3.5,27.8,是
洗化,1,10.9,10.9,否
蔬果,1,1.5,1.5,否
粮油,0.506,15.63,30.9,否
休闲,0.156,6.21,39.8,否
家居,1,16,16,否
蔬果,0.895,4.1,2.58,否
休闲,1,2.7,2.7,否
粮油,2,8.6,4.3,否
日配,12,49,7.1,是
蔬果,0.738,1.09,1.48,否
蔬果,0.284,0.79,2.78,否
日配,4,22.8,5.7,否
肉禽,0.392,7.76,19.8,否
蔬果,0.22,1.67,7.6,否
洗化,1,16.9,19.9,是
蔬果,0.124,1.19,9.6,否
粮油,1,2,2,否
肉禽,0.466,12.95,27.8,否
休闲,1,5.7,5.7,否
蔬果,1.402,3.59,2.56,否
蔬果,0.168,0.84,5,否
洗化,1,12.9,12.9,否
粮油,1,20.3,20.3,否
日配,0.838,5.68,6.78,否
休闲,0.264,2.58,11.8,是
粮油,0.312,6.1,37.8,是
洗化,1,10,10,否
粮油,1,7.9,7.9,否
休闲,1,39.8,39.8,否
日配,1.786,12.11,6.78,否
日配,5.036,34.14,6.78,否
粮油,1.903,10.62,5.58,否
洗化,1,9.9,9.9,否
肉禽,0.548,10.85,19.8,否
蔬果,0.706,39.54,56,否
日配,1,7.3,7.3,否
粮油,1,6.8,6.8,否
粮油,1,22.9,22.9,否
洗化,1,9.9,15.5,是
日配,1,7.9,12.8,是
蔬果,0.482,2.7,5.6,否
蔬果,0.318,2.09,6.56,否
肉禽,0.208,5.37,25.8,否
日配,1,16.5,16.9,否
肉禽,0.866,10.22,11.8,否
蔬果,4,2,2,否
蔬果,0.134,2.89,21.6,否
洗化,1,12.9,12.9,否
休闲,1,8.7,8.7,否
粮油,1,32.9,32.9,否
休闲,1,13.7,13.7,否
肉禽,1.288,53.84,41.8,否
休闲,1,3.5,3.5,否
蔬果,0.36,3.24,9,否
休闲,1,3.8,3.8,否
蔬果,0.564,3.94,6.98,否
蔬果,0.296,2.31,7.8,否
蔬果,0.632,5.69,9,否
肉禽,0.438,13.05,29.8,否
肉禽,0.21,9.24,44,否
蔬果,0.246,0.97,3.96,否
休闲,0.25,9.95,39.8,否
熟食,0.56,3.36,6,否
休闲,1,31,31,否
日配,16,29,2.8,是
粮油,1,7.7,7.7,否
酒饮,1,3,3,否
日配,1,8.5,8.5,否
日配,0.786,5.33,6.78,否
蔬果,0.392,3.92,10,否
肉禽,0.81,16.04,19.8,否
酒饮,1,11,11,否
蔬果,1.66,9.89,5.96,否
粮油,1,9.9,9.9,否
蔬果,1.937,11.54,5.96,否
粮油,1,1.7,1.7,否
蔬果,0.976,11.69,11.98,否
休闲,1,4.3,4.3,否
蔬果,0.438,1.74,3.98,否
肉禽,0.306,6,19.6,否
蔬果,1,4.98,4.98,否
休闲,0.184,8.8,47.8,否
休闲,1,1,1,否
蔬果,0.276,1.6,5.8,否
日配,1,8.9,14.9,是
休闲,1,3.7,5.9,是
休闲,1,4.3,4.3,否
日配,0.854,5.79,6.78,否
粮油,1,0.5,0.5,否
休闲,-1,-28.3,28.3,否
针织,1,5.9,5.9,否
粮油,1,5.3,5.3,否
蔬果,0.23,1.51,6.56,否
蔬果,0.268,3.22,12,否
休闲,1,10.8,10.8,否
粮油,1,11.3,11.3,否
蔬果,0.362,1.9,3.96,否
蔬果,0.404,1.03,2.56,否
休闲,0.352,4.85,19.6,是
蔬果,1.464,25.77,17.6,否
肉禽,0.3,8.94,29.8,否
休闲,1,3.3,3.3,否
休闲,4,10,2.5,否
针织,1,11,11,否
肉禽,0.348,9.67,27.8,否
蔬果,0.282,2.19,7.76,否
洗化,1,8.5,8.5,否
蔬果,0.292,2.18,7.47,否
肉禽,0.91,18.02,19.8,否
熟食,0.132,5.28,40,否
休闲,1,4.7,4.7,否
休闲,0.426,25.47,59.8,否
休闲,0.378,11.2,39.6,是
洗化,1,28.9,32.9,是
粮油,1,11.7,11.7,否
蔬果,0.604,3.02,5,否
蔬果,0.266,1.05,3.96,否
蔬果,0.492,3.23,6.56,否
洗化,1,15.9,15.9,否
蔬果,0.408,3.18,7.8,否
日配,1,8.9,8.9,否
日配,0.712,4.83,6.78,否
蔬果,0.548,2.17,3.96,否
蔬果,0.29,4.52,15.6,否
洗化,1,12.5,12.5,否
日配,5,9,2.3,是
蔬果,0.742,8.89,11.98,否
粮油,1,2.8,2.8,否
蔬果,0.268,1.76,6.56,否
蔬果,0.184,1.66,9,否
粮油,1,3.3,3.3,否
蔬果,0.395,0.58,1.48,否
日配,0.606,15.63,32.6,是
蔬果,1.044,6.22,5.96,否
洗化,1,7.5,8.7,是
酒饮,1,8.5,11.3,是
蔬果,0.458,1.54,3.96,否
蔬果,0.122,0.8,6.56,否
蔬果,0.708,7.07,9.98,否
蔬果,0.617,7.39,11.98,否
粮油,1,11.9,11.9,否
洗化,1,15.7,15.7,否
休闲,1,10.9,10.9,否
粮油,13,26,2,否
日配,0.82,5.56,6.78,否
蔬果,2,9.96,4.98,否
蔬果,1,2,2,否
蔬果,0.414,2.4,5.8,否
蔬果,0.228,2.05,9,否
水产,0.858,6.85,7.98,否
蔬果,0.57,2.28,4,否
粮油,0.3,6.3,21,否
熟食,0.522,10.44,20,否
蔬果,0.292,1.75,6,否
粮油,1,1.9,2,否
肉禽,0.498,9.76,19.6,否
蔬果,0.316,2.07,6.56,否
休闲,1,21.7,21.7,否
蔬果,1.172,20.63,17.6,否
粮油,1,7.3,7.3,否
粮油,0.74,10.21,11.8,是
休闲,1,27.9,27.9,否
酒饮,1,8.9,11,是
粮油,1,40.9,49.9,是
蔬果,0.518,29.01,56,否
蔬果,0.548,2.74,5,否
肉禽,0.186,5.54,29.8,否
蔬果,1,5.8,5.8,否
粮油,1,5.7,5.7,否
熟食,0.128,11.52,90,否
粮油,1,4.3,4.3,否
肉禽,0.534,6.3,11.8,否
洗化,1,26.9,26.9,否
蔬果,0.764,3.03,3.96,否
蔬果,0.194,0.97,5,否
蔬果,0.171,1.02,5.98,否
休闲,1,5.3,5.3,否
日配,1,13.3,13.3,否
粮油,1,6.7,6.7,否
日配,12,49,5.5,是
粮油,1,1.3,1.3,否
洗化,1,7.9,9.7,是
日配,0.958,6.5,6.78,否
蔬果,0.384,3.9,9.6,否
肉禽,1.01,36.16,35.8,否
日配,1,13.9,16.3,是
休闲,0.12,1.65,19.6,是
休闲,0.154,1.5,11.8,是
蔬果,0.248,1.73,6.96,否
肉禽,0.248,4.91,19.8,否
粮油,12,42,3.5,否
肉禽,2.572,50.93,19.8,否
日配,1.036,7.02,6.78,否
粮油,1,6.8,6.8,否
日配,4,8,2,否
肉禽,1.554,36.99,23.8,否
粮油,1,17.3,17.3,否
休闲,1,6.9,6.9,否
洗化,1,6.9,9.7,是
洗化,1,17.3,17.3,否
蔬果,0.693,1.37,1.98,否
休闲,1,3.6,3.6,否
洗化,1,10.9,10.9,否
粮油,1,9.9,9.9,否
日配,1,12.9,12.9,否
粮油,1,17.9,21.9,是
肉禽,1.368,27.09,19.8,否
水产,0.96,28.8,30,否
日配,1.684,11.42,6.78,否
蔬果,0.862,10.33,11.98,否
蔬果,0.334,3.01,9,否
蔬果,0.681,1.76,2.58,否
日配,1,11.9,11.9,否
日配,1,2.3,2.3,否
休闲,0.164,3.23,27.8,是
休闲,0.09,5.76,64,否
蔬果,0.824,3.26,3.96,否
粮油,1,5.9,5.9,否
蔬果,0.836,2.14,2.56,否
日配,1,6.78,6.78,否
粮油,1,2.7,2.7,否
蔬果,0.394,0.72,2.56,否
肉禽,3.108,129.91,41.8,否
粮油,1,1.1,1.1,否
休闲,1,4.3,4.3,否
蔬果,0.442,2.21,5,否
洗化,1,2.5,2.5,否
粮油,1,17.9,21.9,是
蔬果,0.55,4.95,9,否
蔬果,0.394,0.78,1.98,否
日配,1,2.1,2.1,否
蔬果,1,18,18,否
蔬果,1,4.98,4.98,否
酒饮,1,4,5.5,是
洗化,1,7.9,7.9,否
蔬果,0.4,6.36,15.9,否
家居,1,5.9,8,是
蔬果,0.578,2.29,3.96,否
粮油,1,3.9,3.9,否
粮油,1,7.5,7.5,否
日配,0.914,6.2,6.78,否
肉禽,0.834,16.51,19.8,否
蔬果,0.678,2.68,3.96,否
蔬果,1.884,5.99,3.18,否
蔬果,0.823,2.12,2.58,否
日配,1,9.9,9.9,否
休闲,1,3.4,3.4,否
蔬果,0.464,5.57,12,否
洗化,1,9.9,9.9,否
蔬果,0.544,3.57,6.56,否
蔬果,0.299,0.77,2.56,否
蔬果,1.054,10.5,2,否
蔬果,0.132,2.06,15.6,否
蔬果,0.246,1.43,5.8,否
休闲,1,8.3,8.3,否
蔬果,1.136,6.77,5.96,否
肉禽,0.208,16.64,80,否
休闲,1,4.9,4.9,否
粮油,1,2,2,否
粮油,1,6.9,6.9,否
日配,0.736,18.95,32.6,是
蔬果,1.538,18.43,11.98,否
粮油,1,1.9,1.9,否
粮油,1,24.9,24.9,否
熟食,4,2,0.5,否
洗化,1,7.9,7.9,否
粮油,2,3.4,1.7,否
日配,1,8.9,8.9,否
休闲,1,6.9,6.9,否
粮油,1,4.8,4.8,否
蔬果,0.899,4.5,5,否
蔬果,1.802,31.72,17.6,否
蔬果,0.18,1.4,7.76,否
洗化,1,26.9,26.9,否
熟食,0.396,14.1,35.6,否
粮油,1,49.9,49.9,否
粮油,1.006,9.96,9.9,否
蔬果,0.448,15.05,33.6,否
蔬果,0.516,2.89,5.6,否
洗化,1,30.9,30.9,否
休闲,1,19.5,19.5,否
日配,1,9.9,15.9,是
粮油,1,15.5,15.5,否
日配,12,58.8,5.3,是
日配,1.644,11.15,6.78,否
粮油,1,13.3,13.3,否
酒饮,1,19.3,19.3,否
日配,1,8.9,12.9,是
粮油,1,8.9,9.9,否
家居,1,16,16,否
蔬果,0.758,4.52,5.96,否
休闲,1,13.7,13.7,否
蔬果,0.224,0.89,3.96,否
蔬果,0.246,0.97,3.96,否
粮油,3,6.9,2.3,否
休闲,1,3,3,否
休闲,1,2.5,2.5,否
休闲,1,6.9,6.9,否
蔬果,0.32,1.27,3.96,否
休闲,0.214,2.95,19.8,是
蔬果,0.644,3.58,5.56,否
蔬果,2,3,1.5,否
日配,1.732,11.74,6.78,否
蔬果,1.494,83.66,56,否
休闲,1,3.5,3.5,否
粮油,1,1.5,1.5,否
休闲,0.24,8.59,35.8,否
蔬果,0.998,9.94,9.96,否
休闲,0.44,10.5,24,否
日配,1,7.5,7.5,否
休闲,1,3.9,3.9,否
休闲,0.208,9.94,47.8,否
蔬果,0.472,3.68,7.8,否
粮油,1,3.9,3.9,否
水产,0.282,0.28,1,否
蔬果,0.397,1.57,3.96,否
蔬果,4,8,2,否
粮油,1,5.9,5.9,否
酒饮,1,7.5,7.5,否
日配,1,7.7,7.7,否
日配,12,39.9,5.5,是
粮油,6,3,0.5,否
粮油,1,3.9,3.9,否
休闲,1,14.9,14.9,否
粮油,1,40.9,40.9,否
日配,1,6.7,6.7,否
粮油,1,6.7,6.7,否
休闲,1,3.5,3.5,否
休闲,1,12.9,12.9,否
洗化,1,2.9,2.9,否
蔬果,0.374,0.96,2.58,否
休闲,0.182,11.65,64,否
粮油,1,3.2,3.2,否
蔬果,0.99,9.9,10,否
日配,24,58.8,3,是
蔬果,1,2,4.98,否
肉禽,0.344,10.25,29.8,否
日配,1.598,10.83,6.78,否
蔬果,0.83,8.28,9.98,否
休闲,1,5.9,5.9,否
家居,1,6,9,是
日配,1,13.8,13.8,否
蔬果,0.746,8.94,11.98,否
休闲,1,7.3,7.3,否
日配,0.749,5.08,6.78,否
日配,1,10.9,13.5,是
粮油,-1,-7.9,7.9,否
粮油,1,7.9,7.9,否
冲调,1,36,36,否
冲调,1,14.9,24.3,是
蔬果,0.17,0.95,5.56,否
蔬果,0.254,1.01,3.96,否
粮油,1,6.9,6.9,否
蔬果,0.7,1.79,2.56,否
洗化,1,8.9,8.9,否
熟食,0.418,8.36,20,否
肉禽,0.222,6.62,29.8,否
蔬果,0.588,2.33,3.96,否
粮油,0.312,18.72,70,是
日配,1,4.2,4.2,否
休闲,1,6.7,6.7,否
蔬果,1.552,10.18,6.56,否
蔬果,0.213,0.42,1.98,否
蔬果,0.17,1.69,9.96,否
蔬果,0.512,4.8,3.96,否
休闲,0.332,4.58,13.8,否
洗化,1,9.9,9.9,否
粮油,0.18,22.32,124,否
粮油,1,1.3,1.3,否
休闲,0.136,5.9,51.6,是
蔬果,0.718,12.64,17.6,否
休闲,1,10.9,10.9,否
蔬果,0.914,10.95,11.98,否
蔬果,0.566,1.13,2,否
休闲,1,4.9,4.9,否
蔬果,0.502,0.99,1.98,否
休闲,1,8.7,8.7,否
熟食,4,2,0.5,否
蔬果,0.618,4.05,6.56,否
休闲,1,8.9,8.9,否
洗化,1,45,45,否
休闲,0.24,3.3,19.8,是
酒饮,1,5,5,否
蔬果,0.318,2.09,6.56,否
熟食,0.438,8.76,20,否
日配,1,13.9,16.3,是
粮油,0.21,12.6,70,是
蔬果,1,4.5,4.5,否
日配,0.792,5.37,6.78,否
日配,0.822,5.57,6.78,否
粮油,1,0.5,0.5,否
蔬果,0.724,21.72,30,否
休闲,1,1.8,1.8,否
休闲,1,3.9,3.9,否
蔬果,0.74,3.7,5,否
蔬果,1.49,5.9,3.96,否
蔬果,0.342,2.24,6.56,否
日配,1.722,11.68,6.78,否
蔬果,0.27,1.77,6.56,否
蔬果,0.42,5.03,11.98,否
粮油,1,2.8,2.8,否
休闲,1,6,6,否
蔬果,0.592,7.09,56,否
蔬果,0.26,1.71,6.56,否
蔬果,0.108,1.81,16.8,否
熟食,0.218,4.36,20,否
日配,0.822,5.57,6.78,否
洗化,1,4.5,4.5,否
蔬果,0.91,16.2,17.8,否
蔬果,1,4.98,4.98,否
蔬果,0.572,3.32,5.8,否
蔬果,0.776,9.3,11.98,否
蔬果,0.631,1.63,2.58,否
休闲,0.782,10.79,19.6,是
休闲,0.408,6.4,27.8,是
蔬果,0.512,2.56,5,否
蔬果,0.622,7.45,11.98,否
蔬果,0.312,1.81,5.8,否
蔬果,0.7,1.37,1.96,否
蔬果,0.395,1.01,2.56,否
日配,1,5.7,5.7,否
酒饮,1,3,3,否
粮油,1,19.9,24.9,是
蔬果,0.46,1.19,2.58,否
洗化,1,12.9,12.9,否
蔬果,0.719,1.84,2.56,否
休闲,1,5.3,5.3,否
蔬果,0.952,11.4,11.98,否
家居,1,35,35,否
休闲,0.294,3.4,19.8,是
粮油,1,8.5,8.5,否
蔬果,0.46,1.82,3.96,否
休闲,1,4.7,4.7,否
休闲,1,2.9,2.9,否
蔬果,1.358,23.9,17.6,否
洗化,1,9.9,9.9,否
蔬果,0.507,2.01,3.96,否
蔬果,0.285,1.13,3.96,否
粮油,6,3,0.5,否
肉禽,0.38,11.32,29.8,否
冲调,1,23.9,23.9,否
日配,1,19.3,19.3,否
蔬果,0.638,3.83,6,否
粮油,1,10.9,14.7,是
蔬果,0.296,5.33,18,否
酒饮,20,76,3.8,否
日配,1,13.9,16.3,是
蔬果,0.294,0.75,2.56,否
家居,1,14,14,否
肉禽,0.204,5.67,27.8,否
休闲,0.366,10.9,39.6,是
日配,1,8.9,8.9,否
休闲,1,9,9,否
蔬果,1.168,2.1,1.8,否
蔬果,2.724,47.94,17.6,否
蔬果,6,120,20,否
蔬果,0.796,3.48,5.8,否
烘焙,0.424,6.78,16,否
酒饮,1,4,4,否
日配,1.504,10.2,6.78,否
蔬果,0.256,1.37,3.96,否
蔬果,0.494,2.77,5.6,否
粮油,3,2.7,0.9,否
酒饮,1,4,4,否
蔬果,0.616,3.45,5.6,否
蔬果,0.622,7.45,11.98,否
粮油,1,11.9,11.9,否
蔬果,0.246,1.38,5.6,否
蔬果,0.356,1.78,5,否
日配,1,8.9,8.9,否
蔬果,0.272,2.61,9.6,否
休闲,0.068,1.34,27.8,是
蔬果,0.52,2.06,3.96,否
蔬果,0.426,0.84,1.98,否
休闲,0.26,4.11,15.8,否
粮油,1,6.8,6.8,否
蔬果,0.737,1.89,2.56,否
休闲,0.128,3.3,29.8,是
蔬果,0.256,4.3,16.8,否
蔬果,1.082,10.82,10,否
蔬果,0.816,3.25,3.98,否
蔬果,1.015,6.05,5.96,否
蔬果,0.644,3.58,5.56,否
蔬果,0.23,1.51,6.56,否
蔬果,0.568,3.29,5.8,否
日配,1.56,10.58,6.78,否
粮油,1,2.8,2.8,否
蔬果,0.758,7.28,9.6,否
休闲,1,3.9,3.9,否
粮油,1,5.7,5.7,否
蔬果,0.626,1.62,2.58,否
洗化,1,12.9,12.9,否
休闲,1,1.9,1.9,否
蔬果,0.308,1.85,6,否
蔬果,1.098,2.2,2,否
休闲,1,19,19,否
粮油,1,0.5,0.5,否
日配,5,32,6.4,否
肉禽,0.178,5.3,29.8,否
蔬果,0.894,1.95,1.8,否
粮油,1,41.9,41.9,否
日配,1,11.9,11.9,否
蔬果,0.75,4.92,6.56,否
粮油,1,17.9,17.9,否
蔬果,0.74,8.88,12,否
休闲,1,8.5,8.5,否
蔬果,0.672,37.63,56,否
酒饮,1,3.9,3.9,否
蔬果,0.179,1.36,7.6,否
蔬果,0.681,2.7,3.96,否
休闲,1,4.5,4.5,否
文体,1,3.3,3.3,否
蔬果,0.55,2.75,5,否
休闲,1,16.9,16.9,否
休闲,1,5.3,5.3,否
蔬果,1,1.5,1.5,否
蔬果,0.57,2.85,5,否
蔬果,1.216,18.23,14.99,否
粮油,1,0.5,0.5,否
洗化,1,25.9,25.9,否
休闲,1,3.7,3.7,否
休闲,0.162,2.2,15.8,是
休闲,1,24.6,24.6,否
酒饮,1,3.8,3.8,否
蔬果,0.202,1.51,7.47,否
蔬果,0.22,1.98,9,否
休闲,0.434,17.27,51.8,是
洗化,1,9.9,9.9,否
粮油,1,8.9,8.9,否
日配,2,21.8,13.3,是
蔬果,0.421,2.76,6.56,否
洗化,1,13.8,13.8,否
家居,1,5,5,否
蔬果,1.574,28.02,17.8,否
蔬果,0.136,0.89,6.56,否
肉禽,1,10.8,10.8,否
蔬果,1,4.5,4.5,否
蔬果,1.05,2.1,2,否
粮油,1,13.3,13.3,否
粮油,1,5.9,5.9,否
日配,1,8.9,8.9,否
肉禽,0.254,7.57,29.8,否
粮油,1,8.9,8.9,否
蔬果,1.162,2.3,3.8,否
蔬果,0.671,6.71,10,否
休闲,0.156,6.8,51.6,是
休闲,0.162,5.15,31.8,否
日配,1,5.5,5.5,否
粮油,1,8.5,8.5,否
肉禽,0.534,15.91,29.8,否
粮油,1,3.9,3.9,否
蔬果,0.222,1.33,6,否
日配,1,78,78,否
日配,1,8.9,12.9,是
日配,12,49,7.1,是
粮油,1,2.7,2.7,否
粮油,1,7.9,7.9,否
洗化,1,24.9,24.9,否
休闲,1,3.3,3.3,否
休闲,1,10.7,10.7,否
休闲,1,9.9,9.9,否
粮油,1,40.9,49.9,是
洗化,1,9.9,9.9,否
日配,1,7.7,7.7,否
蔬果,1.178,18.8,15.96,否
蔬果,1.778,3.2,1.8,否
休闲,0.27,11.82,51.6,是
蔬果,0.608,3.65,6,否
休闲,1,3.7,3.7,否
蔬果,0.596,0.95,1.6,否
蔬果,0.877,5.23,5.96,否
蔬果,1.704,30.33,17.8,否
蔬果,1.203,2.36,1.96,否
洗化,1,4.7,4.7,否
休闲,0.262,5.19,19.8,否
粮油,3,8.1,3.3,否
日配,1,8.5,8.5,否
洗化,1,24.9,24.9,否
蔬果,0.804,4.79,5.96,否
休闲,1,4.9,4.9,否
休闲,1,29.9,29.9,否
蔬果,0.756,5.75,7.6,否
粮油,0.12,10.78,89.8,否
蔬果,1.075,4.26,3.96,否
酒饮,1,1.7,2.5,是
日配,1,8.9,8.9,否
日配,1,8.9,12.9,是
粮油,1,5.7,5.7,否
熟食,0.477,2.86,6,否
蔬果,1.04,18.51,17.8,否
日配,1,8.3,8.3,否
洗化,1,18,18,否
粮油,1,0.5,0.5,否
日配,6,9,1.5,否
休闲,1,3.5,3.5,否
蔬果,1,4.98,4.98,否
休闲,1,4.3,4.3,否
蔬果,1.054,1.9,1.8,否
蔬果,1,4.98,4.98,否
蔬果,0.282,2.24,7.96,否
蔬果,0.513,4.09,7.98,否
粮油,1,6.8,6.8,否
蔬果,2,4,2,否
蔬果,0.494,2.47,5,否
日配,24,52.8,3,是
日配,0.97,6.58,6.78,否
休闲,0.17,2.34,13.8,否
家居,1,9.5,9.5,否
粮油,1,0.5,0.5,否
蔬果,0.95,4.15,2.58,否
粮油,1,76.9,76.9,否
蔬果,0.259,1.7,6.56,否
粮油,1,8.5,8.5,否
粮油,1,8.9,8.9,否
蔬果,0.772,23.16,30,否
酒饮,1,8.5,11.3,是
粮油,1,56.9,56.9,否
粮油,1,3.3,3.3,否
蔬果,0.33,0.65,1.98,否
熟食,0.784,15.68,20,否
休闲,1,2.9,2.9,否
休闲,1,2.5,2.5,否
蔬果,0.346,0.69,2,否
蔬果,4,8,2,否
酒饮,1,3.8,3.8,否
粮油,1,8.5,8.5,否
日配,1,11.9,14.9,是
粮油,1,12.9,12.9,否
蔬果,0.282,0.42,1.48,否
日配,1,11.5,16.5,是
休闲,0.672,6.58,11.8,是
粮油,0.104,2.39,23,否
蔬果,0.284,1.12,3.96,否
蔬果,1,1.5,1.5,否
蔬果,0.052,0.31,9,否
日配,1,4.2,4.2,否
休闲,2,8.4,4.2,否
休闲,1,4,4,否
休闲,1,1,1,否
粮油,1,1,1,否
日配,1,3.8,3.8,否
休闲,1,1.3,1.3,否
日配,1,8.9,8.9,否
酒饮,1,1.9,2.5,是
酒饮,1,5.7,5.7,否
休闲,1,5.5,5.5,否
蔬果,1.244,3.18,2.56,否
蔬果,0.298,3.58,12,否
蔬果,0.358,1.36,3.8,否
粮油,0.194,1.9,9.8,否
蔬果,0.544,0.87,1.6,否
休闲,1,2.9,2.9,否
蔬果,0.708,1.27,1.8,否
粮油,1,3.7,3.7,否
酒饮,1,5.7,5.7,否
肉禽,0.254,9.09,35.8,否
蔬果,2.252,44.59,19.8,否
休闲,1,5.7,5.7,否
休闲,1,1,1,否
蔬果,0.432,6.87,15.9,否
休闲,1,15.8,15.8,否
日配,1,11.9,14.9,是
日配,1,3.9,4.9,是
日配,1,1.8,1.8,否
粮油,0.18,1.76,9.8,否
日配,0.892,6.05,6.78,否
休闲,0.218,3.44,23.8,是
蔬果,0.352,0.56,1.6,否
休闲,0.098,1.54,19.8,是
蔬果,0.23,0.64,2.78,否
休闲,0.326,12.97,39.8,否
洗化,1,9.9,9.9,否
休闲,1,2.7,2.7,否
粮油,1,9.5,9.5,否
蔬果,0.448,1.78,3.98,否
蔬果,0.716,4.15,5.8,否
日配,1,13.9,13.9,否
粮油,1,10.9,14.7,是
酒饮,1,4,4,否
蔬果,0.342,1.01,2.96,否
水产,0.58,17.4,30,否
蔬果,2.733,16.29,5.96,否
休闲,1,5.2,5.2,否
休闲,1,1.3,1.3,否
酒饮,1,10.3,10.3,否
粮油,1,2.3,2.3,否
粮油,1,2.3,2.3,否
日配,1,1.8,1.8,否
日配,1,1.6,2,是
粮油,1,5.9,5.9,否
休闲,0.306,2.95,11.8,是
蔬果,0.578,3.44,5.96,否
蔬果,0.522,3.42,6.56,否
洗化,1,7.9,9.5,是
日配,1.856,12.58,6.78,否
蔬果,1.658,29.18,17.6,否
粮油,4.822,20.25,4.2,否
洗化,1,5.9,5.9,否
烘焙,0.39,6.24,16,否
休闲,0.382,6,27.8,是
蔬果,0.312,9.36,30,否
蔬果,0.34,0.87,2.56,否
家居,1,9,9,否
粮油,1,3.8,3.8,否
蔬果,0.308,1,1.96,否
休闲,0.276,10.98,39.8,否
粮油,1,14.9,14.9,否
蔬果,1.326,2.39,1.8,否
休闲,1,1,1,否
休闲,1,1,1,否
蔬果,1,2,2,否
蔬果,0.318,1.13,3.56,否
蔬果,0.926,16.3,17.6,否
蔬果,3.788,45.38,11.98,否
肉禽,0.198,5.9,29.8,否
蔬果,0.272,2.17,7.96,否
粮油,3,3.9,1.3,否
洗化,1,35.9,35.9,否
日配,1,75,75,否
蔬果,0.178,1.17,6.56,否
蔬果,0.197,1.29,6.56,否
洗化,1,9.9,14.7,是
家居,1,4,4,否
蔬果,0.564,3.27,5.8,否
休闲,1,1.3,1.3,否
熟食,0.756,4.54,6,否
休闲,1,3.3,3.3,否
蔬果,0.752,1.93,2.56,否
蔬果,0.572,4.2,23,否
蔬果,0.794,12.67,15.96,否
酒饮,1,3,3,否
粮油,1,8.5,8.5,否
酒饮,1,6.9,6.9,否
休闲,1,3.2,3.2,否
粮油,1,3.8,3.8,否
蔬果,0.538,2.15,4,否
蔬果,0.294,1.16,3.96,否
休闲,1,6.5,6.5,否
蔬果,0.546,1.4,2.56,否
休闲,1,5.7,5.7,否
休闲,1,2.5,2.5,否
洗化,1,12.9,14.5,是
肉禽,0.332,9.23,27.8,否
休闲,1,2,2,否
粮油,1,5.9,5.9,否
休闲,0.212,2.02,11.8,是
蔬果,0.412,2.7,6.56,否
蔬果,0.6,1.19,1.98,否
粮油,0.729,4.96,6.8,否
日配,1,8.9,8.9,否
休闲,1,4.3,4.3,否
蔬果,0.352,1.04,2.96,否
蔬果,1.446,17.32,11.98,否
蔬果,0.398,4.78,12,否
冲调,1,9.9,9.9,否
休闲,1,11.9,18.9,是
休闲,0.598,17.8,39.6,是
蔬果,0.374,3.59,9.6,否
蔬果,0.32,1.86,5.8,否
洗化,1,7.9,7.9,否
蔬果,0.558,1.43,2.56,否
日配,1.154,22.85,19.8,否
休闲,1,2.9,2.9,否
酒饮,1,4,4,否
休闲,1,14.9,14.9,否
文体,1,30.7,30.7,否
休闲,1,1,1,否
休闲,0.652,6.37,17.8,是
休闲,1,7.9,7.9,否
酒饮,1,4,4,否
家居,1,1.5,1.5,否
粮油,1,10.9,14.7,是
休闲,0.124,2.46,19.8,否
冲调,1,9.9,9.9,否
蔬果,1.402,2.8,2,否
蔬果,0.334,2.61,7.8,否
蔬果,0.684,4.49,6.56,否
日配,1,1.6,2,是
休闲,1,4.5,4.5,否
酒饮,4,47.6,11.9,否
蔬果,0.902,6.86,7.6,否
休闲,0.182,2.51,19.6,是
酒饮,1,4.5,4.5,否
蔬果,0.711,16.35,23,否
休闲,1,12.9,12.9,否
粮油,1,1.5,1.7,否
日配,1,8.9,8.9,否
休闲,1,5,5,否
蔬果,0.259,1.5,5.8,否
家居,1,5.5,5.5,否
家居,1,8,8,否
蔬果,0.558,1.43,2.56,否
蔬果,0.862,10.48,11.98,否
冲调,1,25.7,25.7,否
蔬果,0.318,1.9,5.98,否
日配,1,2.3,2.3,否
休闲,1,7.9,7.9,否
冲调,1,15.9,22.7,是
日配,1,8.9,10.7,是
休闲,1,10.9,10.9,否
洗化,1,2.9,4.3,是
蔬果,0.416,0.82,1.96,否
休闲,1,9.9,9.9,否
蔬果,0.456,2.28,5,否
粮油,0.176,1.72,9.8,否
冲调,1,15.3,15.3,否
酒饮,1,4,4,否
肉禽,0.482,14.36,29.8,否
粮油,0.156,4.06,26,否
粮油,0.734,10.13,13.8,否
休闲,1,3,3,否
蔬果,0.738,7.35,9.96,否
酒饮,1,4.7,4.7,否
蔬果,2,4,2,否
冲调,1,25.7,25.7,否
蔬果,0.31,5.58,18,否
日配,1,2.3,2.3,否
粮油,1,7.7,7.7,否
粮油,1,40.9,49.9,是
休闲,1,2.7,2.7,否
休闲,1,4.3,4.3,否
休闲,1,2.5,2.5,否
洗化,1,18.9,24.9,是
休闲,1,2.9,2.9,否
休闲,1,3.5,3.5,否
烘焙,0.702,11.23,16,否
蔬果,0.292,1.92,6.56,否
休闲,1,1.2,1.2,否
休闲,1,62.9,62.9,否
洗化,1,15.9,21.9,是
酒饮,1,3,3,否
蔬果,0.25,1.95,7.8,否
休闲,0.16,6.36,51.8,是
蔬果,1.201,4.76,3.96,否
粮油,1,4.3,4.3,否
粮油,1,4.3,4.3,否
蔬果,2,3,1.5,否
熟食,4,4,1,否
蔬果,1.072,3.39,3.16,否
休闲,1,3.9,3.9,否
休闲,1,3.5,3.5,否
休闲,1,8.9,8.9,否
蔬果,0.658,1.68,2.56,否
日配,1,5.9,8.3,是
休闲,1,3.5,3.5,否
日配,1,11.9,14.9,是
休闲,1,10.9,10.9,否
休闲,1,1.3,1.3,否
休闲,1,2.9,3,否
熟食,1.068,21.36,20,否
粮油,1,7.9,7.9,否
粮油,0.132,11.85,89.8,否
蔬果,2,3,1.5,否
粮油,2.332,13.01,5.58,否
休闲,1,3.9,3.9,否
酒饮,1,2,2,否
蔬果,0.744,1.34,1.8,否
蔬果,0.618,3.58,5.8,否
蔬果,0.304,2.36,7.76,否
日配,0.982,6.66,6.78,否
日配,1,5.9,5.9,否
蔬果,1.152,5.76,5,否
休闲,1,3.7,3.7,否
蔬果,0.19,1.89,9.96,否
蔬果,0.08,0.61,7.6,否
日配,1,13.9,16.3,是
休闲,1,1.3,1.3,否
酒饮,1,5.5,7.5,是
蔬果,1,3.6,30,否
休闲,1,41,41,否
日配,1,5.9,8.3,是
蔬果,1.164,4.66,4,否
酒饮,1,4.3,4.3,否
休闲,1,3.7,5.9,是
休闲,1,5.7,5.7,否
休闲,1,7.9,7.9,否
休闲,1,19.8,19.8,否
蔬果,1.634,29.09,17.8,否
蔬果,1.504,15.01,9.98,否
休闲,1,2.4,2.4,否
休闲,1,2.5,2.5,否
文体,1,3.3,3.3,否
蔬果,0.48,14.4,30,否
粮油,1,1.7,1.7,否
蔬果,0.604,7.24,11.98,否
休闲,1,11.8,11.8,否
日配,1,2.8,2.8,否
休闲,1,4.5,4.5,否
休闲,1,5.9,5.9,否
酒饮,1,19,19,否
蔬果,0.718,1.29,1.8,否
粮油,1,9.5,9.5,否
洗化,1,16.9,16.9,否
蔬果,0.47,3.57,7.6,否
熟食,0.218,8.72,40,否
粮油,1,17.3,17.3,否
粮油,1,14.7,14.7,否
洗化,1,12.9,14.5,是
粮油,1,12.9,12.9,否
蔬果,0.828,2.14,2.58,否
酒饮,1,2.3,2.3,否
休闲,1,4.5,4.5,否
休闲,1,19.9,19.9,否
休闲,1,3.5,3.5,否
酒饮,1,4.9,4.9,否
休闲,1,4.5,4.5,否
蔬果,0.26,4.68,18,否
酒饮,1,8.9,8.9,否
酒饮,4,8,2,否
休闲,2,2.6,1.3,否
粮油,2,13.8,6.9,否
粮油,1,7.3,7.3,否
蔬果,0.25,0.99,3.96,否
酒饮,1,1.9,2.5,是
蔬果,0.575,3.43,5.96,否
酒饮,24,132,5.5,否
蔬果,0.638,3.7,5.8,否
粮油,2,5.6,2.8,否
洗化,1,14.9,14.9,否
熟食,2,2,1,否
粮油,1,6.3,6.3,否
休闲,1,2.5,2.5,否
休闲,1,2.7,2.7,否
肉禽,0.372,10.34,27.8,否
休闲,1,4.9,4.9,否
蔬果,1,1.5,1.5,否
洗化,1,6.9,9.7,是
粮油,1,8.9,8.9,否
休闲,1,2,2,否
蔬果,0.274,2.78,7.76,否
家居,1,10,10,否
蔬果,0.522,2.92,5.6,否
蔬果,0.83,13.28,16,否
日配,1,2,2,否
蔬果,0.348,2.28,6.56,否
粮油,0.664,4.51,6.8,否
洗化,1,9.9,9.9,否
休闲,1,2.9,3.4,是
蔬果,1.69,26.97,15.96,否
粮油,1,4.9,4.9,否
休闲,1,1.3,1.3,否
休闲,1,4.9,4.9,否
休闲,1,5.2,5.2,否
休闲,0.124,1.95,27.8,是
蔬果,0.404,4.85,12,否
日配,1,65,65,否
日配,12,58.8,5.3,是
蔬果,1.831,5.82,3.18,否
粮油,1,0.5,0.5,否
粮油,1,14.7,14.7,否
日配,0.798,5.41,6.78,否
休闲,0.356,41.65,117,否
日配,0.966,6.55,6.78,否
粮油,1,0.5,0.5,否
蔬果,1.08,10.8,10,否
冲调,1,12.9,12.9,否
蔬果,0.764,42.78,56,否
日配,1.882,12.76,6.78,否
休闲,1,3.3,3.3,否
休闲,1,3.5,3.5,否
洗化,1,4.4,5.7,是
蔬果,0.402,0.72,1.8,否
酒饮,3,11.7,3.9,否
休闲,1,3.9,3.9,否
休闲,1,3.5,3.5,否
酒饮,1,2.9,2.9,否
粮油,1,12.9,12.9,否
洗化,1,5.9,5.9,否
粮油,1,7.9,7.9,否
粮油,1,0.5,0.5,否
日配,1,8.9,12.9,是
休闲,0.454,6.26,19.8,是
休闲,1,2.9,2.9,否
酒饮,1,4,5.5,是
休闲,1,7.9,7.9,否
粮油,1,12.9,12.9,否
蔬果,0.376,3.61,9.6,否
蔬果,0.355,1.41,3.96,否
蔬果,1.212,12.07,9.96,否
蔬果,0.596,2.72,5.8,否
洗化,1,8,8,否
蔬果,2,3,1.5,否
休闲,1,7.9,7.9,否
洗化,1,18.9,18.9,否
休闲,1,2.9,2.9,否
日配,1,12.9,18.5,是
冲调,1,22.7,22.7,否
冲调,1,20.3,20.3,否
粮油,1,3.5,4.5,是
休闲,1,3.3,3.3,否
日配,0.84,5.7,6.78,否
粮油,1,21.8,21.8,否
粮油,1,2.5,2.5,否
日配,12,55.2,4.6,否
蔬果,0.865,5.16,5.96,否
粮油,9,4.5,0.5,否
粮油,1,3.9,5.5,是
蔬果,0.692,1.37,1.98,否
蔬果,1.208,12.08,10,否
蔬果,2.4,14.3,5.96,否
洗化,1,9.9,9.9,否
休闲,1,3.7,3.7,否
粮油,0.77,5.31,6.9,否
家居,1,1,1,否
粮油,1,6.9,6.9,否
休闲,1,19.8,19.8,否
日配,12,49,5.5,是
休闲,1,8.7,8.7,否
休闲,1,3.9,3.9,否
蔬果,0.324,5.15,15.9,否
休闲,1,15.9,15.9,否
蔬果,0.39,2.56,6.56,否
粮油,1,5.9,5.9,否
休闲,0.278,6.95,25,否
休闲,1,4.7,4.7,否
熟食,2,2,1,否
粮油,1,12.9,12.9,否
洗化,1,16.5,16.5,否
休闲,1,7.9,7.9,否
酒饮,1,3.5,5,是
休闲,1,2.7,2.7,否
休闲,1,4,4,否
蔬果,0.508,0.89,1.76,否
粮油,1,25.3,25.3,否
日配,1.786,12.11,6.78,否
洗化,1,15.9,21.9,是
蔬果,0.704,2.79,3.96,否
蔬果,0.622,1.12,1.8,否
粮油,1,6.5,6.5,否
洗化,1,16.9,19.9,是
文体,1,4.3,4.3,否
蔬果,0.22,1.44,6.56,否
文体,1,3.3,3.3,否
蔬果,0.128,0.64,5,否
粮油,1,3,3,否
休闲,1,3,3,否
休闲,1,2.7,2.7,否
休闲,1,4.5,4.7,否
休闲,1,4.9,4.9,否
文体,1,8.3,8.3,否
粮油,1,3,3,否
蔬果,1.324,13.19,9.96,否
洗化,1,2.9,2.9,否
蔬果,0.282,3.38,12,否
熟食,0.274,15.34,56,否
蔬果,2,3,1.5,否
粮油,12,38.4,3.2,否
冲调,1,13.9,13.9,否
休闲,1,4.3,4.3,否
休闲,0.166,9.93,59.8,否
蔬果,0.272,0.54,2,否
粮油,1,1.7,1.7,否
休闲,0.152,6.05,39.8,否
粮油,1,2.8,2.8,否
粮油,4,2,0.5,否
粮油,1,1.5,1.5,否
粮油,0.781,4.61,5.9,否
蔬果,0.312,1.24,3.96,否
洗化,1,26.9,26.9,否
蔬果,1.233,7.35,5.96,否
蔬果,0.932,9.32,10,否
休闲,1,4.5,4.5,否
休闲,1,3.9,3.9,否
粮油,1,3,3,否
休闲,1,5.9,5.9,否
肉禽,0.174,5.19,29.8,否
蔬果,1.267,7.55,5.96,否
休闲,1,4.3,4.3,否
休闲,1,1,1,否
粮油,1,7.9,7.9,否
休闲,1,12.9,12.9,否
日配,24,58.8,3,是
粮油,1,7.7,7.7,否
洗化,1,9.9,9.9,否
日配,1.126,21.62,19.2,否
洗化,1,13.8,16.9,是
洗化,1,7.9,7.9,否
休闲,0.214,5.95,27.8,否
日配,0.404,2.74,6.78,否
蔬果,0.252,1.7,3.96,否
酒饮,1,3.5,3.5,否
蔬果,1.398,13.98,10,否
蔬果,1.285,7.66,5.96,否
蔬果,0.974,3.9,4,否
文体,1,29.9,29.9,否
粮油,1,1.1,1.1,否
蔬果,0.158,1.52,9.6,否
蔬果,0.888,1.6,1.8,否
蔬果,0.775,3.08,3.98,否
蔬果,0.475,1.88,3.96,否
洗化,1,12.9,14.5,是
洗化,1,19.9,19.9,否
蔬果,1.513,5.99,3.96,否
粮油,1,6.5,6.9,否
休闲,1,52,52,否
休闲,1,1.5,1.5,否
休闲,1,3.9,3.9,否
休闲,1,13.9,13.9,否
日配,1,3.5,3.9,是
蔬果,0.398,4.78,12,否
洗化,1,7.9,9.5,是
蔬果,0.614,1.08,1.76,否
文体,1,1,1,否
粮油,1,0.5,0.5,否
蔬果,1.288,2.58,2,否
粮油,1,3,3,否
粮油,1,7.3,7.3,否
蔬果,1,30,30,否
蔬果,0.97,3.88,4,否
洗化,1,15.9,15.9,否
肉禽,0.642,17.85,27.8,否
蔬果,0.64,1.15,1.8,否
休闲,1,10.9,10.9,否
休闲,1,3.3,3.3,否
蔬果,1.22,3.15,2.58,否
酒饮,8,20,2.5,否
休闲,1,7.5,7.5,否
休闲,1,11.9,11.9,否
酒饮,1,5.7,5.7,否
肉禽,1.262,52.75,41.8,否
粮油,1,1.9,1.9,否
熟食,4,2,0.5,否
日配,1.606,10.89,6.78,否
休闲,0.786,7.7,11.8,是
蔬果,0.728,7.25,9.96,否
休闲,1,3.5,3.5,否
蔬果,0.58,2.3,3.96,否
蔬果,1.353,3.2,2.56,否
洗化,1,15.9,15.9,否
休闲,0.41,5.65,19.8,是
粮油,0.322,19.3,70,是
蔬果,4,8,2,否
休闲,1,3.3,3.3,否
家居,1,5.9,8,是
日配,12,42,3.5,否
粮油,1,0.5,0.5,否
蔬果,0.35,2.79,7.96,否
粮油,1,44.9,44.9,否
洗化,1,9.9,9.9,否
蔬果,0.128,1.54,12,否
冲调,1,2.5,3,是
休闲,1,3.3,3.3,否
洗化,1,12.9,12.9,否
洗化,1,4.9,4.9,否
休闲,0.4,5.52,15.8,是
休闲,1,3.5,3.5,否
蔬果,0.393,1.56,3.96,否
休闲,0.292,12.78,51.6,是
休闲,4,14.8,3.7,否
家居,1,1.5,1.5,否
休闲,1,5.5,5.5,否
日配,1,8,8,否
酒饮,1,3.5,3.5,否
粮油,1,3,3,否
蔬果,0.872,8.72,10,否
蔬果,1.088,12.81,10,否
休闲,1,4.5,4.5,否
蔬果,0.454,1.82,4,否
粮油,1,40.9,40.9,否
蔬果,0.058,0.97,16.8,否
休闲,1,3.3,3.3,否
酒饮,1,3,3,否
休闲,1,4.9,4.9,否
日配,1,66,66,否
蔬果,0.302,1.51,5,否
休闲,1,33.9,33.9,否
日配,0.824,5.59,6.78,否
休闲,1,4.3,4.3,否
酒饮,1,4,4,否
休闲,1,14.3,14.3,否
蔬果,0.61,2.42,3.96,否
日配,1,10.9,13.3,是
粮油,1,3,3,否
蔬果,0.384,3.69,9.6,否
蔬果,0.59,5.88,9.96,否
日配,1,13.9,16.3,是
休闲,1,2.9,2.9,否
日配,0.27,4.81,17.8,否
休闲,1,20,20,否
洗化,1,22.9,22.9,否
洗化,1,11.9,11.9,否
休闲,1,7.9,7.9,否
蔬果,0.717,4.16,5.8,否
蔬果,1.102,4.39,3.98,否
休闲,1,5.2,5.2,否
蔬果,0.442,7.96,18,否
熟食,4,2,0.5,否
蔬果,1.366,2.73,2,否
蔬果,1,18,18,否
休闲,1,6.7,6.7,否
休闲,1,5.3,5.9,是
休闲,0.362,4.2,11.6,否
休闲,1,10.7,10.7,否
休闲,1,8.9,8.9,否
粮油,1,4.9,4.9,否
粮油,1,12.3,12.3,否
日配,1,10.9,13.3,是
肉禽,1,9.9,9.9,否
日配,0.814,5.52,6.78,否
休闲,1,16.9,16.9,否
蔬果,0.252,0.45,1.8,否
日配,12,58.8,5.3,是
酒饮,1,2.5,2.5,否
熟食,0.26,5.2,20,否
休闲,1,9.9,9.9,否
蔬果,0.232,1.3,5.6,否
蔬果,2.336,13.92,5.96,否
粮油,1,5.7,5.7,否
蔬果,0.168,1.3,7.76,否
蔬果,0.122,0.61,5,否
休闲,1,10.4,10.4,否
冲调,1,17.5,19.9,是
粮油,1,8.5,8.5,否
蔬果,1.644,19.7,11.98,否
粮油,1,3.9,3.9,否
蔬果,0.452,0.8,1.76,否
日配,1,65,65,否
粮油,5,11.5,2.3,否
粮油,1,6.7,6.7,否
家居,1,6,6,否
蔬果,0.456,2.64,5.8,否
休闲,1,6.9,6.9,否
蔬果,0.306,4.87,15.9,否
熟食,0.484,9.68,20,否
粮油,0.332,3.25,9.8,否
蔬果,0.294,1.65,5.6,否
蔬果,1.165,18.59,15.96,否
洗化,1,12.9,12.9,否
休闲,1,4.3,4.3,否
粮油,1.006,9.96,9.9,否
粮油,1,8.9,8.9,否
蔬果,1.072,18.87,17.6,否
酒饮,1,5.8,6.9,是
蔬果,0.536,6.43,12,否
洗化,1,7.9,9.9,是
休闲,1,13.6,13.6,否
蔬果,0.792,9.4,56,否
冲调,1,8.9,16.3,是
休闲,1,14.5,14.5,否
粮油,1.094,11.92,10.9,否
粮油,1,8.2,8.2,否
休闲,0.214,3.36,27.8,是
粮油,1,8.9,8.9,否
休闲,1,6.5,6.5,否
休闲,1,9.9,9.9,否
休闲,1,5.3,5.3,否
粮油,1,4,4,否
休闲,1,3.6,3.6,否
休闲,1,2.5,2.5,否
洗化,1,7.5,8.7,是
粮油,1,0.5,0.5,否
蔬果,0.702,1.8,2.56,否
冲调,1,21.9,21.9,否
粮油,1,6,6.8,否
休闲,1,6.5,6.5,否
文体,1,4.3,4.3,否
洗化,1,12.9,14.5,是
休闲,1,7.5,7.5,否
肉禽,0.792,22.02,27.8,否
休闲,1,5,5,否
蔬果,0.332,3.5,9.96,否
休闲,1,3.4,3.5,否
粮油,1,15.9,15.9,否
粮油,0.232,20.83,89.8,否
蔬果,0.458,1.81,3.96,否
粮油,1,0.5,0.5,否
粮油,1,6.7,6.7,否
日配,1,6.9,7.5,否
休闲,1,3.3,3.3,否
休闲,1,19.9,19.9,否
冲调,1,25.9,25.9,否
蔬果,0.74,1.91,2.58,否
洗化,1,4.7,4.7,否
粮油,1,56.9,56.9,否
休闲,1,11.3,11.3,否
蔬果,0.182,0.72,3.96,否
熟食,0.218,17.44,80,否
休闲,1,3.6,3.6,否
休闲,1,47,47,否
酒饮,1,3,3,否
休闲,1,21.9,21.9,否
休闲,1,8.9,8.9,否
休闲,1,8.5,8.5,否
日配,12,49,7.1,是
蔬果,0.498,1.97,3.96,否
水产,0.808,24.24,30,否
蔬果,0.801,4.77,5.96,否
蔬果,1.794,21.49,11.98,否
休闲,1,10.4,10.4,否
洗化,1,9.9,15.5,是
休闲,0.198,3.11,19.8,是
日配,1,11.9,11.9,否
休闲,1,4.2,4.2,否
休闲,0.594,8.17,19.8,是
休闲,1,27.9,27.9,否
蔬果,1.118,4.43,3.96,否
休闲,1,6.9,6.9,否
酒饮,1,3.5,5,是
蔬果,0.558,1.1,1.98,否
蔬果,0.912,2.33,2.56,否
休闲,0.35,4.83,13.8,否
蔬果,1.85,32.56,17.6,否
休闲,1,4.9,4.9,否
蔬果,0.322,5.15,16,否
粮油,3,3,1,否
蔬果,0.6,1.19,1.98,否
蔬果,2.082,5.33,2.56,否
蔬果,0.23,0.82,3.56,否
蔬果,1.054,2.7,2.56,否
蔬果,0.494,1.96,3.96,否
休闲,1,9.9,9.9,否
日配,1.168,23.13,19.8,否
粮油,1,6.8,6.8,否
粮油,1,3.8,3.8,否
粮油,1,4.3,4.3,否
洗化,1,17.9,17.9,否
蔬果,0.712,7.12,10,否
蔬果,0.364,2.9,7.96,否
休闲,1,8.7,8.7,否
休闲,0.22,3.48,15.8,否
日配,1.13,21.7,19.2,否
家居,1,6,6,否
休闲,1,8.5,8.5,否
日配,1,8.9,12.9,是
蔬果,2,3,1.5,否
日配,0.964,6.54,6.78,否
休闲,0.402,5.54,19.6,是
日配,1,13.9,16.3,是
日配,16,44.8,2.8,否
蔬果,0.636,4.17,6.56,否
粮油,1,7.9,7.9,否
休闲,1,8.9,8.9,否
粮油,1,3.7,3.7,否
休闲,1,4.3,4.3,否
日配,2,5.6,2.8,否
蔬果,0.542,2.71,5,否
休闲,1,13.9,17.9,是
休闲,0.218,13.08,60,否
家电,1,79,79,否
蔬果,0.294,2.28,7.76,否
蔬果,2,3,1.5,否
日配,1,4.2,4.2,否
蔬果,0.782,4.35,5.56,否
粮油,1,2.3,2.3,否
休闲,1,8.9,8.9,否
蔬果,0.366,4.39,12,否
日配,24,74.4,3.1,否
休闲,1,23,23,否
休闲,0.232,3.2,19.6,是
休闲,1,3.2,4.7,是
洗化,1,9.7,9.7,否
粮油,1,7.7,7.7,否
蔬果,1.748,30.76,17.6,否
休闲,1,7.9,7.9,否
日配,1,11,11,否
蔬果,0.434,7.81,18,否
蔬果,2.7,40.4,27.8,否
粮油,1,1.3,1.3,否
蔬果,1.536,8.91,5.8,否
休闲,1,3.9,3.9,否
休闲,1,10,10,否
肉禽,0.256,5.07,19.8,否
文体,1,1,1,否
蔬果,0.678,12.07,17.8,否
日配,1,7.9,10.3,是
文体,1,4.7,4.7,否
针织,86,0,0,否
蔬果,0.588,2.68,4.56,否
日配,16,33.6,2.1,否
蔬果,0.428,0.77,1.8,否
休闲,1,2.9,2.9,否
日配,1,9.8,9.8,否
蔬果,0.706,3.95,5.6,否
粮油,1,11.7,11.7,否
休闲,0.246,4.67,19,否
休闲,1,4.3,4.3,否
休闲,0.248,2.43,11.8,是
蔬果,0.305,1.21,3.96,否
蔬果,0.288,1.54,3.96,否
蔬果,4,8,2,否
蔬果,1.058,16.89,15.96,否
蔬果,0.588,1.52,2.58,否
蔬果,0.49,3.21,6.56,否
粮油,1,14.7,14.7,否
日配,1,8.9,12.9,是
蔬果,0.469,3.56,7.6,否
熟食,0.922,5.53,6,否
休闲,0.262,18.6,71,否
休闲,1,4.5,4.5,否
蔬果,0.766,3.83,5,否
文体,1,2,2,否
蔬果,0.696,4.57,6.56,否
蔬果,0.116,0.41,3.56,否
蔬果,1.349,5.34,3.96,否
蔬果,0.663,2.52,3.8,否
休闲,0.218,4.32,19.8,否
休闲,1,7,7,否
休闲,1,3.9,3.9,否
粮油,1,1.7,1.7,否
休闲,0.186,2.57,13.8,否
冲调,1,2.5,3,是
酒饮,1,3,3,否
休闲,1,10.9,10.9,否
休闲,1,11.9,18.9,是
日配,16,43.2,2.7,否
休闲,0.546,8.6,19.8,是
休闲,0.242,9.6,39.8,否
针织,1,14.9,20,是
肉禽,0.466,14.73,31.6,否
休闲,0.24,10.5,51.6,是
休闲,1,1.5,1.5,否
休闲,1,5.3,5.3,否
日配,1,9.9,15.5,是
蔬果,0.472,5.66,12,否
蔬果,0.404,1.54,3.8,否
休闲,1,0.5,0.5,否
蔬果,1.178,4.66,3.96,否
蔬果,2.954,4.66,1.96,否
休闲,0.284,3.91,19.8,是
蔬果,0.543,3.15,5.8,否
蔬果,2,20,10,否
休闲,1,5.3,5.3,否
休闲,0.426,12.6,39.6,是
肉禽,0.486,15.36,31.6,否
休闲,0.24,3.7,27.8,是
休闲,0.372,12.57,33.8,否
蔬果,1.151,2.95,2.56,否
蔬果,0.36,6.48,18,否
蔬果,0.849,2.7,3.18,否
粮油,1,0.5,0.5,否
粮油,1,20.3,20.3,否
蔬果,0.492,2.85,5.8,否
蔬果,1,30,30,否
蔬果,4,8,2,否
熟食,8,4,0.5,否
洗化,1,5.9,5.9,否
休闲,1,3.9,3.9,否
休闲,1,3.9,3.9,否
日配,1,3.9,5.9,是
日配,0.892,6.05,6.78,否
日配,1.678,11.38,6.78,否
粮油,1,29.5,29.5,否
粮油,1,7.7,7.7,否
肉禽,1.196,41.86,35,否
蔬果,0.364,3.49,9.6,否
蔬果,0.454,2.27,5,否
蔬果,0.333,1.85,5.56,否
日配,0.956,6.48,6.78,否
粮油,1,3.9,3.9,否
熟食,0.299,1.79,6,否
蔬果,0.78,7.02,9,否
蔬果,0.361,2.02,5.6,否
粮油,1,0.5,0.5,否
蔬果,0.234,2.25,9.6,否
蔬果,0.5,1.29,2.58,否
洗化,1,17.7,17.7,否
休闲,0.256,15.1,59,否
日配,1,23.7,23.7,否
日配,1,10.9,13.3,是
蔬果,0.454,4.36,9.6,否
蔬果,0.804,1.58,1.96,否
日配,0.442,8.4,19,否
蔬果,0.366,5.86,16,否
蔬果,0.534,3.1,5.8,否
蔬果,0.386,3.47,9,否
粮油,1,7.5,7.7,否
休闲,1,3.5,3.5,否
蔬果,0.18,4.9,27.2,否
休闲,0.2,2.7,19.6,是
冲调,1,3.5,3.5,否
蔬果,0.215,1.71,7.96,否
休闲,3,3,1,否
休闲,1,1,1,否
酒饮,1,11.3,11.3,否
蔬果,0.072,0.36,4.98,否
休闲,0.572,17,39.6,是
粮油,1,12.9,12.9,否
休闲,1,13.7,13.7,否
熟食,0.23,9.2,40,否
蔬果,1.012,5.03,5.96,否
日配,1,9.9,9.9,否
休闲,0.238,10.4,51.6,是
粮油,1,6.7,6.7,否
蔬果,1,4.98,4.98,否
蔬果,0.514,2.98,5.8,否
蔬果,0.098,1.18,12,否
粮油,1,6.8,6.8,否
蔬果,0.271,0.48,1.76,否
日配,0.884,5.99,6.78,否
粮油,1,3.8,3.8,否
休闲,1,3.9,3.9,否
休闲,1,19.9,19.9,否
休闲,0.742,25.08,33.8,否
蔬果,0.743,2.36,3.18,否
日配,10,21,2.1,否
日配,1.192,23.6,19.8,否
蔬果,0.25,1.4,5.6,否
蔬果,0.882,3.49,3.96,否
蔬果,1.676,16.7,2,否
日配,0.934,6.33,6.78,否
休闲,1,5.5,5.5,否
酒饮,1,9.9,9.9,否
日配,1,13.9,16.3,是
粮油,1,11.9,11.9,否
粮油,4,2,0.5,否
日配,1.756,11.91,6.78,否
蔬果,0.586,10.31,17.6,否
蔬果,0.296,1.77,5.98,否
蔬果,0.444,4,9,否
蔬果,1.216,7.25,5.96,否
蔬果,2,3,1.5,否
水产,0.252,7.56,30,否
洗化,1,7.5,8.7,是
休闲,1,2.7,2.7,否
休闲,1,3.3,3.3,否
休闲,1,4.3,4.3,否
休闲,1,32,32,否
熟食,0.138,12.42,90,否
蔬果,0.208,1.66,7.96,否
休闲,1,10.5,10.5,否
休闲,1,4.7,4.7,否
洗化,1,6,6.9,是
蔬果,0.248,0.88,3.56,否
粮油,0.298,11.26,37.8,否
蔬果,0.5,2,4,否
休闲,1,3.9,3.9,否
蔬果,0.37,1.48,4,否
休闲,1,3.9,3.9,否
蔬果,0.662,1.19,1.8,否
休闲,0.312,9.24,29.6,否
蔬果,0.308,1.79,5.8,否
日配,1,19.3,19.3,否
粮油,1,3.5,3.5,否
蔬果,0.64,5.09,7.96,否
蔬果,0.442,3.45,7.8,否
家居,1,10,10,否
冲调,1,11.7,11.7,否
蔬果,0.874,1.29,1.48,否
粮油,1,42.9,42.9,否
日配,1,11.8,11.8,否
粮油,1,8.5,8.5,否
休闲,1,3.5,3.5,否
蔬果,0.585,1.5,2.56,否
粮油,1,6.7,6.7,否
蔬果,0.678,5.4,7.96,否
粮油,1,5.9,5.9,否
粮油,1,3,3,否
粮油,1,7.5,7.5,否
蔬果,1,4.98,4.98,否
蔬果,0.334,1.67,5,否
休闲,0.334,3.26,11.8,是
蔬果,0.214,1.4,7.96,否
肉禽,0.504,9.88,19.6,否
休闲,0.708,17.7,25,否
休闲,1,10.9,10.9,否
粮油,1,14.7,14.7,否
日配,1,5.9,8.3,是
休闲,0.296,2.9,11.8,是
日配,12,49,5.5,是
肉禽,0.808,28.93,35.8,否
洗化,1,9.9,9.9,否
日配,0.886,6.01,6.78,否
蔬果,0.162,1.29,7.96,否
蔬果,1.246,7.43,5.96,否
粮油,1,0.5,0.5,否
冲调,1,29.9,29.9,否
肉禽,1,37.9,37.9,否
酒饮,1,23.7,23.7,否
蔬果,0.29,2.61,9,否
洗化,1,7.9,7.9,否
蔬果,0.286,2.85,9.96,否
蔬果,0.272,2.17,7.96,否
酒饮,1,1.9,2.5,是
蔬果,2,3,1.5,否
日配,1,5.3,5.3,否
洗化,1,9.9,15.5,是
粮油,1,2.7,2.7,否
日配,1,9.3,9.3,否
蔬果,0.865,5.67,6.56,否
蔬果,4,8,2,否
熟食,0.224,8.96,40,否
蔬果,0.278,4.34,15.6,否
日配,1,6.9,6.9,否
蔬果,0.72,1.15,1.6,否
家电,1,11.5,11.5,否
粮油,1,2.3,2.3,否
蔬果,1.054,10.54,10,否
休闲,1,8.5,8.5,否
休闲,1,8.7,8.7,否
休闲,0.048,4.21,87.8,否
日配,1,6.3,6.3,否
蔬果,1.27,22.61,17.8,否
酒饮,4,10,2.5,否
蔬果,0.855,5.1,5.96,否
冲调,1,2.5,3,是
休闲,1,13.5,13.5,否
休闲,1,1.5,1.5,否
蔬果,0.643,2.57,4,否
蔬果,0.574,5.17,9,否
蔬果,1.586,7.89,3.98,否
蔬果,0.318,5.72,18,否
粮油,0.15,14.85,99,否
洗化,1,18.9,18.9,否
休闲,1,3.9,3.9,否
洗化,1,15.9,15.9,否
粮油,7.545,31.69,4.2,否
蔬果,0.58,11.48,19.8,否
日配,1,8.9,10.7,是
休闲,1,3.3,3.3,否
酒饮,1,16,16,否
蔬果,0.444,1.76,3.96,否
休闲,1,29.9,29.9,否
蔬果,0.244,1.37,5.6,否
日配,2.672,18.12,6.78,否
酒饮,1,8.9,12.9,是
日配,24,58.8,3,是
肉禽,0.562,15.62,27.8,否
蔬果,0.29,2.25,7.76,否
蔬果,0.737,1.89,2.56,否
蔬果,0.565,1.46,2.58,否
蔬果,1,2,2,否
休闲,0.122,8.76,71.8,否
日配,1,13.9,16.3,是
休闲,1,18.9,18.9,否
文体,1,1.7,1.7,否
日配,5,13.5,2.7,否
洗化,1,5.3,5.3,否
蔬果,0.413,3.29,7.96,否
洗化,1,27.9,27.9,否
肉禽,0.384,13.75,35.8,否
文体,1,8.3,8.3,否
休闲,0.26,15.6,60,否
蔬果,0.536,1.06,1.98,否
蔬果,0.457,1.1,2.56,否
休闲,1,109.9,109.9,否
粮油,1,2.9,2.9,否
文体,1,6.5,6.5,否
蔬果,0.448,2.51,5.6,否
熟食,0.001,0.02,20,否
蔬果,0.74,4.85,6.56,否
蔬果,0.73,4.79,6.56,否
熟食,0.284,7.95,28,否
休闲,1,3.2,3.2,否
熟食,0.46,2.76,6,否
日配,0.92,6.24,6.78,否
蔬果,0.84,8.4,10,否
日配,0.89,6.03,6.78,否
粮油,1,7.9,7.9,否
蔬果,0.309,0.79,2.56,否
蔬果,0.28,2.13,7.6,否
蔬果,1,2,2,否
熟食,0.178,16.02,90,否
熟食,0.56,3.36,6,否
洗化,1,14.9,14.9,否
蔬果,0.314,3.01,9.6,否
熟食,0.652,13.04,20,否
蔬果,0.424,7.63,18,否
蔬果,1.07,2.74,2.56,否
粮油,1,1.7,1.7,否
蔬果,0.308,1.22,3.96,否
日配,4,11.2,2.8,否
蔬果,0.37,3.69,9.96,否
蔬果,0.57,5.7,10,否
粮油,1,9.5,9.5,否
蔬果,0.42,1.08,2.56,否
休闲,1,3.7,3.7,否
休闲,0.24,5.76,24,否
蔬果,0.706,7.06,10,否
蔬果,0.348,8,23,否
日配,1,13.9,16.3,是
蔬果,0.432,6.91,16,否
蔬果,1,5.5,5.5,否
日配,0.288,2.45,8.5,否
蔬果,0.466,4.19,9,否
蔬果,1,4.98,4.98,否
粮油,1,2.3,2.3,否
粮油,1,12.3,14.7,否
休闲,1,4.9,6.7,是
粮油,1,2.7,2.7,否
针织,1,12.9,12.9,否
日配,1,4.9,5.7,是
蔬果,4,8,2,否
日配,1,5.9,8.3,是
日配,0.776,5.26,6.78,否
日配,0.432,3.67,8.5,否
蔬果,0.969,3.84,3.96,否
熟食,2,2,1,否
肉禽,1.124,29,25.8,否
蔬果,0.206,1.85,9,否
日配,16,26.9,2.1,是
粮油,1,14.7,14.7,否
休闲,1,4.9,5.3,是
休闲,1,6.6,6.7,否
粮油,1,36.9,36.9,否
日配,12,58.8,4.9,否
家居,1,10,10,否
洗化,1,24.9,24.9,否
日配,0.834,5.65,6.78,否
蔬果,0.56,4.48,12,否
蔬果,0.211,1.68,7.96,否
酒饮,1,1.9,2.5,是
洗化,1,9.9,9.9,否
蔬果,0.488,5.86,12,否
休闲,0.21,2.9,13.8,否
日配,16,26.9,2.1,是
蔬果,1,4.98,4.98,否
蔬果,0.538,0.97,1.8,否
蔬果,0.728,4.78,6.56,否
蔬果,0.454,2.98,6.56,否
日配,1,7.7,7.7,否
冲调,1,25.7,25.7,否
冲调,1,76,76,否
蔬果,0.432,2.7,6,否
针织,1,3.9,5.9,是
蔬果,0.206,1.85,9,否
粮油,1,4.8,4.8,否
日配,24,58.8,3,是
蔬果,0.759,1.94,2.56,否
蔬果,0.938,6.15,6.56,否
蔬果,0.326,1.29,3.96,否
酒饮,1,11.3,11.3,否
蔬果,0.792,9.49,11.98,否
蔬果,0.148,0.82,5.56,否
蔬果,0.83,1.49,1.8,否
洗化,1,35.9,35.9,否
蔬果,0.907,1.8,1.98,否
休闲,1,16.9,16.9,否
肉禽,0.396,11.8,29.8,否
肉禽,0.204,6.08,29.8,否
蔬果,0.424,7.63,18,否
冲调,1,2.5,3,是
蔬果,1.092,2.8,2.56,否
日配,1,8.9,12.9,是
蔬果,0.431,2.58,5.98,否
粮油,1,6.9,7.9,是
蔬果,1.028,2.65,2.58,否
洗化,1,16.5,16.5,否
粮油,1,9.9,9.9,否
蔬果,0.392,2.18,5.56,否
休闲,1,11.8,11.8,否
蔬果,0.266,4.79,18,否
洗化,1,15.9,15.9,否
肉禽,0.45,8.91,19.8,否
粮油,1.006,10.86,10.8,否
粮油,20,34,1.7,否
针织,1,11.5,11.5,否
蔬果,0.478,3.63,7.6,否
日配,24,52.8,3,是
蔬果,0.424,4.22,9.96,否
粮油,4,2,0.5,否
粮油,1,4.9,4.9,否
蔬果,0.075,0.45,5.98,否
蔬果,-0.001,0,2.78,否
蔬果,0.001,0,2.78,否
粮油,1,2.3,2.3,否
粮油,1,2.3,2.3,否
粮油,2.157,12.04,5.58,否
休闲,1,7.9,7.9,否
熟食,4,2,0.5,否
粮油,1,21.9,21.9,否
蔬果,0.506,3.32,6.56,否
蔬果,0.37,2.81,7.6,否
休闲,0.178,6.02,33.8,否
肉禽,1.074,27.71,25.8,否
日配,1,3.9,5.5,是
蔬果,0.278,1.66,5.98,否
肉禽,0.274,5.43,19.8,否
蔬果,0.264,1.2,7.6,否
蔬果,0.238,0.85,3.56,否
蔬果,1,2,2,否
蔬果,0.484,1.94,4,否
日配,1,8.9,12.9,是
蔬果,0.374,2.17,5.8,否
洗化,1,47,47,否
粮油,1,7.9,7.9,否
日配,1,3.9,5.9,是
肉禽,0.23,6.85,29.8,否
粮油,0.864,5.1,5.9,否
酒饮,5,399.5,79.9,否
蔬果,0.294,2.82,9.6,否
休闲,1,4.7,4.7,否
蔬果,0.22,0.44,2,否
蔬果,1.088,6.48,5.96,否
蔬果,0.198,0.59,2.78,否
休闲,0.21,5.42,25.8,否
熟食,0.001,0.02,20,否
休闲,1,3.4,3.4,否
日配,1,1.6,2,是
粮油,1,2.3,2.3,否
熟食,0.13,11.7,90,否
休闲,1,9.7,9.7,否
休闲,1,8.3,8.3,否
休闲,1,14.9,14.9,否
熟食,4,2,0.5,否
休闲,1,29.9,29.9,否
洗化,1,18.9,18.9,否
蔬果,0.276,2.65,9.6,否
粮油,1,76.9,76.9,否
肉禽,1.304,45.64,35,否
蔬果,0.616,3.57,5.8,否
蔬果,2.884,51.34,17.8,否
粮油,1,2.3,2.3,否
休闲,1,10,10,否
蔬果,0.597,1.53,2.56,否
蔬果,0.208,4.49,21.6,否
蔬果,0.212,0.84,3.96,否
日配,1,3.3,3.3,否
蔬果,1.428,25.13,17.6,否
蔬果,1.197,21.31,17.8,否
蔬果,0.388,0.57,1.48,否
日配,1,7.3,7.3,否
针织,1,6.9,6.9,否
针织,1,5,5,否
酒饮,1,16.9,16.9,否
休闲,1,12.9,12.9,否
粮油,1.202,11.9,9.9,否
粮油,4.186,23.36,5.58,否
洗化,1,11.7,11.7,否
熟食,0.001,0.02,20,否
蔬果,0.654,3.66,5.6,否
蔬果,0.442,2.9,6.56,否
蔬果,0.328,0.65,1.98,否
熟食,0.268,1.61,6,否
肉禽,1.124,29,25.8,否
蔬果,0.222,2.13,9.6,否
蔬果,0.458,13.74,30,否
蔬果,0.204,1.22,6,否
熟食,0.397,2.38,6,否
蔬果,0.444,1.69,3.8,否
休闲,0.19,3.42,18,否
蔬果,2,9.96,4.98,否
蔬果,0.511,2.02,3.96,否
粮油,1,8.5,8.5,否
日配,1,8.9,12.9,是
蔬果,0.768,1.97,2.56,否
熟食,4,4,1,否
粮油,1,3.2,3.2,否
日配,1,8.9,10.7,是
蔬果,1.329,5.26,3.96,否
蔬果,0.546,3.17,5.8,否
粮油,1,4.8,4.8,否
粮油,1,7.7,7.7,否
粮油,1,2.2,2.3,否
蔬果,0.488,4.68,9.6,否
粮油,1,3.7,3.7,否
蔬果,0.428,7.53,17.6,否
酒饮,2,96,48,否
蔬果,0.98,5.81,17.8,否
蔬果,0.438,1.12,2.56,否
日配,1,16.9,16.9,否
粮油,1,3.9,3.9,否
洗化,1,2.9,2.9,否
蔬果,0.68,10.87,15.98,否
蔬果,0.526,3.45,6.56,否
蔬果,1.434,17.18,11.98,否
蔬果,1.218,21.44,17.6,否
洗化,1,9.9,10.9,是
日配,1,12.5,12.5,否
粮油,1,1.3,1.3,否
粮油,0.186,2.57,13.8,否
蔬果,0.863,5.01,5.8,否
粮油,1,11.3,11.3,否
蔬果,0.386,2.53,6.56,否
洗化,1,4.7,4.7,否
日配,1,13.9,16.3,是
蔬果,0.176,1.34,7.6,否
蔬果,0.084,1.41,16.8,否
日配,0.862,5.84,6.78,否
休闲,1,9.9,9.9,否
休闲,1,2.3,2.3,否
日配,1,8,8,否
休闲,1,4.9,5.3,是
日配,12,49,7.1,是
熟食,4,4,1,否
粮油,1,2.9,2.9,否
粮油,1,1.3,1.3,否
日配,12,39.9,5.5,是
休闲,1,2.3,2.3,否
休闲,1,3.7,3.7,否
粮油,1,2.3,2.3,否
蔬果,1.382,2.74,1.98,否
蔬果,0.11,1.31,3.56,否
蔬果,0.202,1.94,9.6,否
蔬果,0.418,4.16,9.96,否
日配,1.286,8.72,6.78,否
蔬果,2.154,38.34,17.8,否
酒饮,1,69.7,69.7,否
文体,1,2.3,2.3,否
粮油,1,5.9,5.9,否
休闲,1,10.9,10.9,否
洗化,1,5.7,5.7,否
粮油,1,3.7,3.7,否
蔬果,0.465,1.86,4,否
蔬果,0.592,1.75,2.96,否
熟食,4,2,0.5,否
蔬果,0.326,1.63,5,否
蔬果,0.176,1.69,9.6,否
休闲,0.572,5.6,11.8,是
蔬果,0.51,1.94,3.8,否
粮油,1,4.7,4.7,否
蔬果,0.814,5.68,6.98,否
蔬果,0.24,2.3,9.6,否
蔬果,1.034,4.7,7.6,否
冲调,1,4.2,4.2,否
休闲,1,2.7,2.7,否
日配,1,10.9,13.3,是
蔬果,0.349,2.02,5.8,否
蔬果,0.49,2.45,5,否
休闲,0.338,6.01,27.8,是
休闲,0.174,3.45,19.8,否
蔬果,0.224,2.02,9,否
蔬果,0.367,0.94,2.56,否
休闲,1,4.7,4.7,否
蔬果,0.568,4.43,7.8,否
蔬果,0.52,3.41,6.56,否
酒饮,6,24,4,否
粮油,1,13.3,13.3,否
日配,1,3.9,3.9,否
蔬果,0.36,3.46,9.6,否
蔬果,0.292,2.03,6.96,否
休闲,0.152,5.17,34,否
蔬果,1,7,7,否
日配,24,58.8,3,是
粮油,1,1.3,1.3,否
休闲,1,3.9,3.9,否
肉禽,0.448,8.87,19.8,否
粮油,12,39.6,3.3,否
粮油,1,19.9,19.9,否
日配,0.896,6.07,6.78,否
日配,1,18.5,18.5,否
蔬果,0.404,2.34,5.8,否
蔬果,0.534,6.41,12,否
蔬果,1.124,2.02,1.8,否
洗化,1,7.9,7.9,否
蔬果,0.406,1.62,3.98,否
日配,1,11.9,11.9,否
休闲,1,11.8,11.8,否
粮油,1,13.3,13.3,否
休闲,1,2.7,2.7,否
家居,1,2.5,2.5,否
日配,0.43,3.66,8.5,否
日配,0.846,5.74,6.78,否
粮油,1,5.5,5.5,否
日配,2.122,14.39,6.78,否
洗化,1,7.9,7.9,否
蔬果,0.511,1.31,2.56,否
蔬果,1,4.98,4.98,否
蔬果,0.446,3.2,5,否
蔬果,0.234,0.47,2,否
蔬果,0.3,4.8,16,否
蔬果,0.452,2.62,5.8,否
蔬果,0.672,6.71,9.98,否
休闲,1,11.9,11.9,否
洗化,1,3.9,3.9,否
洗化,1,158,158,否
肉禽,0.534,19.12,35.8,否
粮油,1,6.9,6.9,否
休闲,1,9.9,9.9,否
休闲,1,8.7,8.7,否
日配,1,8.9,12.9,是
肉禽,0.636,26.58,41.8,否
蔬果,0.78,12.48,16,否
粮油,1,7.3,7.3,否
酒饮,1,3.5,3.5,否
冲调,1,8.9,8.9,否
休闲,0.428,5.9,19.6,是
粮油,1,3.3,3.3,否
蔬果,0.426,7.5,17.6,否
蔬果,1,2,2,否
日配,1,9.9,15.9,是
蔬果,0.25,0.99,3.96,否
蔬果,0.378,0.67,1.76,否
蔬果,0.4,0.72,1.8,否
休闲,1,8.7,8.7,否
日配,1.012,6.86,6.78,否
蔬果,0.582,1.72,2.96,否
日配,1,7.9,10.3,是
日配,0.412,3.5,8.5,否
肉禽,0.482,13.4,27.8,否
洗化,1,6.7,6.7,否
日配,2.284,43.85,19.2,否
粮油,1,4.3,4.3,否
粮油,0.864,5.1,5.9,否
蔬果,1,1.5,1.5,否
洗化,1,5.8,6.9,是
蔬果,0.284,1.59,5.6,否
蔬果,0.31,2.42,7.8,否
蔬果,0.786,7.83,9.96,否
日配,0.252,4.2,17.8,否
休闲,1,8.3,8.7,否
蔬果,0.338,1.96,5.8,否
蔬果,2.714,27.14,10,否
日配,24,52.8,3,是
蔬果,0.396,2.22,5.6,否
蔬果,0.548,4.59,16,否
粮油,1,14.5,14.9,否
蔬果,0.244,1.6,6.56,否
蔬果,0.294,1.93,6.56,否
蔬果,0.602,1.78,2.96,否
家居,1,8,8,否
日配,0.83,5.63,6.78,否
蔬果,0.624,3.62,5.8,否
蔬果,0.756,4.96,6.56,否
蔬果,0.124,0.62,5,否
家居,1,4,4,否
休闲,1,7.9,7.9,否
蔬果,1.42,2.84,2,否
蔬果,0.182,1.09,6,否
蔬果,0.27,1.07,3.96,否
日配,0.288,2.45,8.5,否
蔬果,0.464,2.32,5,否
蔬果,0.838,2.16,2.58,否
粮油,1,12.3,12.3,否
休闲,1,89,98,是
蔬果,0.79,6,7.6,否
休闲,1,5.9,5.9,否
日配,1,5.9,8.3,是
蔬果,0.342,3.08,9,否
日配,16,33.9,2.7,是
粮油,1,1.5,1.5,否
粮油,2.98,16.63,5.58,否
粮油,1,1.5,1.5,否
蔬果,0.686,12.07,17.6,否
蔬果,0.366,2.33,5.8,否
蔬果,1.324,7.36,5.56,否
洗化,1,42.9,42.9,否
蔬果,0.195,1.48,7.6,否
蔬果,0.326,2.14,6.56,否
粮油,1,8.2,8.2,否
休闲,1,16,16,否
洗化,1,15.9,15.9,否
蔬果,1.044,10.42,9.98,否
蔬果,1.012,12.14,12,否
蔬果,1,18,18,否
日配,1,8.9,12.9,是
休闲,1,13.9,13.9,否
蔬果,0.824,8.21,9.96,否
粮油,1,0.5,0.5,否
粮油,0.208,14.56,70,否
粮油,1,14.7,14.7,否
蔬果,1.214,4.86,4,否
日配,0.424,3.6,8.5,否
粮油,1,14.7,14.7,否
休闲,1,1,1,否
休闲,1,9.5,9.5,否
休闲,1,3.7,3.7,否
蔬果,0.426,2.39,5.6,否
蔬果,0.58,3.48,6,否
洗化,1,18.9,18.9,否
蔬果,1.389,8.28,5.96,否
蔬果,0.344,3.3,9.6,否
洗化,1,6.9,6.9,否
洗化,1,6,6,否
粮油,1,6.7,6.7,否
粮油,1,1.5,1.5,否
蔬果,0.728,5.04,9.96,否
蔬果,0.472,1.87,3.96,否
家居,1,3.5,3.5,否
日配,1,7.9,12.8,是
蔬果,0.221,0.88,3.96,否
日配,1,2.7,2.7,否
洗化,1,5,6.9,是
休闲,1,20,20,否
洗化,1,23.9,23.9,否
粮油,1,1.7,1.7,否
休闲,1,4.5,4.5,否
家居,1,13,13,否
酒饮,1,3,3,是
洗化,1,2.9,2.9,否
粮油,1,5.9,5.9,否
蔬果,0.342,5.75,16.8,否
蔬果,0.188,1.05,5.6,否
休闲,0.312,4.3,19.8,是
蔬果,0.642,1.16,1.8,否
休闲,0.33,3.8,13.8,是
肉禽,0.23,6.85,29.8,否
日配,0.424,3.6,8.5,否
洗化,1,4.7,4.7,否
休闲,1,12.5,12.5,否
洗化,1,8.9,8.9,否
蔬果,1.218,14.59,11.98,否
蔬果,0.392,1.16,2.96,否
粮油,1,6.9,6.9,否
洗化,1,11.9,11.9,否
日配,1,58,66,是
肉禽,0.15,3.87,25.8,否
日配,1,7.5,7.5,否
酒饮,1,4.7,4.7,否
洗化,1,28.7,28.7,否
日配,0.998,6.77,6.78,否
休闲,0.418,4.03,11.8,是
蔬果,4,8,2,否
蔬果,0.656,6.56,10,否
粮油,1,5.9,5.9,否
洗化,1,4.7,4.7,否
蔬果,0.164,1.63,9.96,否
休闲,0.27,3.18,13.8,是
文体,1,1.5,1.5,否
粮油,0.056,5.03,89.8,否
粮油,1,8.9,8.9,否
粮油,0.244,17.08,70,否
休闲,1,4.3,4.3,否
蔬果,0.432,1.71,3.96,否
休闲,1,9.9,9.9,否
蔬果,0.3,1.67,5.56,否
蔬果,0.638,3.7,5.8,否
休闲,0.19,1.86,11.8,是
粮油,0.842,9.93,13.8,是
粮油,1,6.8,6.8,否
蔬果,0.128,3.48,27.2,否
粮油,5,2.5,0.5,否
酒饮,1,1.9,2.5,是
日配,0.534,13.7,32.6,是
熟食,0.396,7.92,20,否
家居,1,14,14,否
蔬果,0.511,1.32,2.58,否
粮油,1,1.7,1.7,否
休闲,1,4.9,4.9,否
休闲,1,3.3,3.3,否
洗化,1,13.9,13.9,否
蔬果,0.162,2.72,16.8,否
日配,1,59,76,是
日配,1.132,22.41,19.8,否
蔬果,0.378,3.63,9.6,否
洗化,1,15.6,15.9,是
熟食,2,1,0.5,否
洗化,1,9.9,10.9,是
粮油,1,3.7,3.7,否
日配,1,3,3,否
酒饮,1,1.9,2.5,是
酒饮,1,3.9,3.9,否
蔬果,0.386,0.95,1.76,否
蔬果,0.26,2.34,9,否
蔬果,0.522,0.84,1.6,否
蔬果,0.542,3.14,5.8,否
日配,0.894,6.06,6.78,否
日配,1,11.9,11.9,否
针织,1,7.5,7.5,否
蔬果,0.496,2.48,5,否
文体,1,2.3,2.3,否
粮油,2,8.4,4.3,否
休闲,0.526,7.25,19.6,是
日配,15,30,2.4,是
蔬果,0.632,1.87,2.96,否
粮油,1,4.7,4.7,否
蔬果,0.512,1.52,2.96,否
蔬果,0.659,1.7,2.58,否
蔬果,0.294,4.7,16,否
日配,1,17.9,17.9,否
冲调,3,7.5,3,是
蔬果,0.546,3.58,6.56,否
休闲,1,1,1,否
日配,0.898,6.09,6.78,否
休闲,1,2.9,2.9,否
休闲,1,9.5,9.5,否
粮油,1,6.9,6.9,否
日配,1,13.9,16.3,是
蔬果,0.117,0.65,5.56,否
粮油,0.104,7.07,68,否
粮油,1,11.7,11.7,否
熟食,4,2,0.5,否
蔬果,0.558,1.43,2.56,否
洗化,1,12.9,12.9,否
洗化,1,2.9,3.9,是
粮油,1,7.9,7.9,否
粮油,1,6.7,6.7,否
休闲,0.072,4.75,66,否
休闲,1,3.9,3.9,否
蔬果,0.482,5.78,12,否
休闲,1,31.9,31.9,否
蔬果,0.232,1.3,5.6,否
粮油,0.466,17.61,37.8,否
蔬果,0.457,1.81,3.96,否
蔬果,2.143,6.81,3.18,否
蔬果,1.398,8.33,5.96,否
蔬果,0.63,3.65,5.8,否
蔬果,0.339,1,2.96,否
粮油,1,2.3,2.3,否
家居,1,9,9,否
休闲,0.246,2.9,13.8,是
洗化,1,2.4,2.9,是
粮油,1,5.7,5.7,否
蔬果,0.312,3.11,9.96,否
蔬果,0.732,10.23,9.96,否
家居,1,18,18,否
粮油,1,0.5,0.5,否
粮油,1,11.7,11.7,否
肉禽,0.388,11.56,29.8,否
粮油,1,0.5,0.5,否
蔬果,0.956,9.54,9.98,否
日配,1,13.9,16.3,是
洗化,1,7.7,7.7,否
家居,1,16,16,否
日配,1,8.9,12.9,是
休闲,1,13.9,13.9,否
蔬果,1.202,12.02,10,否
蔬果,0.158,1.23,7.76,否
蔬果,0.364,7.27,30,否
蔬果,1.086,2.13,1.96,否
蔬果,0.556,3.22,5.8,否
洗化,1,4.5,5.9,是
粮油,1,2.8,2.8,否
休闲,0.196,2.3,13.8,是
粮油,1,2.8,2.8,否
粮油,1,7.9,7.9,否
粮油,1,2.3,2.3,否
日配,0.864,5.86,6.78,否
粮油,1,35.9,35.9,否
蔬果,0.421,3.2,7.6,否
蔬果,0.618,2.35,3.8,否
粮油,10,13,1.3,否
家居,-1,-18,18,否
粮油,1,5.5,5.5,否
休闲,0.25,2.45,11.8,是
文体,1,10.3,10.3,否
洗化,1,11.9,15.7,是
粮油,1,6.9,6.9,否
酒饮,1,15,15,否
蔬果,1,4.98,4.98,否
休闲,1,7.9,7.9,否
休闲,1,5.2,5.2,否
休闲,0.078,4.52,58,否
休闲,1,5.9,5.9,否
休闲,1,10.8,10.8,否
蔬果,0.238,1.19,5,否
粮油,0.17,10.2,70,是
日配,24,58.8,3,是
蔬果,0.318,0.47,1.48,否
蔬果,0.269,1.61,5.98,否
蔬果,0.244,1.89,7.76,否
日配,0.466,12.02,32.6,是
粮油,1,4.2,4.3,否
熟食,0.23,6.44,28,否
酒饮,3,22.5,7.5,否
休闲,1,6.9,6.9,否
休闲,1,9.8,9.8,否
蔬果,0.45,1.16,2.58,否
粮油,1,5.3,5.3,否
日配,6,12,2,否
日配,1,6.3,6.3,否
日配,1,78,78,否
熟食,2,2,1,否
休闲,1,9.3,9.3,否
休闲,1,15,15,否
洗化,1,13.9,13.9,否
蔬果,0.302,4.71,15.6,否
粮油,1,1,1,否
粮油,1,17.3,17.3,否
粮油,0.214,2.1,9.8,否
蔬果,1.57,3.11,1.98,否
粮油,1,18.9,18.9,否
蔬果,1.402,14.02,10,否
粮油,1,11.3,11.3,否
休闲,1,4.9,6.7,是
日配,1,9.9,15.5,是
蔬果,1.036,2.05,1.98,否
蔬果,0.344,1.93,5.6,否
休闲,0.61,7.18,13.8,是
蔬果,1.796,5.71,3.18,否
蔬果,0.5,3.28,6.56,否
粮油,1,1.9,1.9,否
蔬果,1,4.98,4.98,否
粮油,1,2.7,2.7,否
休闲,1,3.9,3.9,否
休闲,0.368,5.02,19.6,是
家居,1,5,5,否
蔬果,0.2,0.3,1.48,否
蔬果,0.652,4.28,6.56,否
蔬果,1.372,5.46,3.18,否
休闲,1,8,8,否
蔬果,0.254,2.02,7.96,否
洗化,2,7,3.5,否
日配,1,13.9,16.3,是
针织,1,6,6,否
粮油,3,1.5,0.5,否
休闲,0.108,7.13,66,否
休闲,0.122,4.86,39.8,否
休闲,1,3.9,3.9,否
蔬果,0.19,1.25,6.56,否
蔬果,0.418,0.83,1.98,否
休闲,1,10.8,10.8,否
蔬果,0.164,3.54,21.6,否
蔬果,1,2,2,否
肉禽,0.194,5.78,29.8,否
蔬果,0.412,9.48,23,否
酒饮,1,7.8,7.8,否
蔬果,4,6,1.5,否
洗化,1,5.8,6.9,是
粮油,0.156,4.06,26,否
酒饮,1,2,2,否
蔬果,1.676,4.32,2.58,否
休闲,1,11.3,11.3,否
蔬果,0.262,1.57,5.98,否
烘焙,0.236,3.78,16,否
粮油,1,7.7,7.7,否
蔬果,0.15,1.35,9,否
蔬果,1,1.5,1.5,否
休闲,1,3.5,3.5,否
休闲,1,4.9,4.9,否
休闲,1,3.5,3.5,否
蔬果,0.542,1.39,2.56,否
休闲,1,13.7,13.7,否
蔬果,0.262,2.36,9,否
蔬果,2,3,1.5,否
蔬果,0.19,1.06,5.56,否
休闲,1,28.8,28.8,否
熟食,4,2,0.5,否
蔬果,0.618,18.54,30,否
蔬果,1.334,7.95,5.96,否
蔬果,0.676,1.74,2.58,否
日配,0.946,6.41,6.78,否
蔬果,0.6,1.19,1.98,否
洗化,1,22.9,22.9,否
蔬果,1.084,9,17.6,否
蔬果,2,3,1.5,否
蔬果,1,2,2,否
休闲,1,7.5,7.5,否
粮油,1.006,18.01,17.9,否
休闲,1,17,17,否
粮油,1,8.9,8.9,否
休闲,0.11,4.81,51.6,是
粮油,1.006,11.97,11.9,否
粮油,1,8.9,8.9,否
洗化,1,4.9,4.9,否
蔬果,1,7,7,否
日配,15,30,2.4,是
蔬果,0.274,0.48,1.76,否
蔬果,0.492,2.46,5,否
蔬果,1,2,2,否
日配,0.944,6.4,6.78,否
日配,1,5.3,5.3,否
蔬果,0.496,1.27,2.56,否
蔬果,0.259,1.5,5.8,否
休闲,1,8.5,8.7,否
蔬果,0.36,1.43,3.96,否
休闲,1,6.9,6.9,否
蔬果,0.548,3.49,6,否
蔬果,1.116,2.86,2.56,否
粮油,1,14.3,14.3,否
家居,1,8,8,否
蔬果,0.148,1.33,9,否
休闲,0.134,3.18,33.8,是
休闲,1,7.3,7.3,否
休闲,1,3.9,3.9,否
蔬果,0.548,3.18,5.8,否
水产,0.408,12.24,30,否
休闲,1,1,1,否
蔬果,0.288,1.14,3.96,否
休闲,1,4.3,4.3,否
蔬果,0.443,1.14,2.58,否
蔬果,0.235,0.65,2.78,否
蔬果,0.282,2.19,7.76,否
休闲,0.366,10.9,39.6,是
蔬果,1.686,4.35,2.58,否
日配,1,3.1,3.1,否
洗化,1,15.9,19.9,是
蔬果,0.488,2.44,5,否
粮油,1,2.3,2.3,否
粮油,1,1.9,1.9,否
蔬果,0.332,1.86,5.6,否
洗化,1,5.8,6.9,是
粮油,1.006,7.85,7.8,否
熟食,0.412,8.24,20,否
蔬果,1.758,31.29,17.8,否
蔬果,0.768,7.68,10,否
蔬果,1.736,10.35,5.96,否
粮油,1,6.7,6.7,否
日配,1,9.9,15.5,是
蔬果,0.698,1.79,2.56,否
肉禽,0.252,7.51,29.8,否
肉禽,0.168,5.01,29.8,否
蔬果,1.015,2.62,2.58,否
粮油,1,5.9,5.9,否
熟食,4,2,0.5,否
休闲,1,3.9,3.9,否
酒饮,1,4,4,否
休闲,0.118,5.38,45.6,否
休闲,1,4.9,5.3,是
日配,1,11.9,14.9,是
蔬果,0.302,1.68,5.56,否
蔬果,0.56,4.46,7.96,否
休闲,4,4,1,否
日配,1,14.9,14.9,否
粮油,1,24.9,25.3,否
粮油,1,19.3,19.3,否
日配,0.242,4.6,19,否
冲调,1,2.5,3,是
蔬果,0.893,5.86,6.56,否
蔬果,0.748,4.46,5.96,否
肉禽,0.794,50.82,64,否
水产,0.456,13.68,30,否
日配,12,58.8,5.3,是
休闲,0.482,5.63,13.8,是
粮油,2,5.6,2.8,否
粮油,1,3.3,3.3,否
粮油,1,9.5,9.5,否
粮油,1,14.7,14.7,否
日配,1,14.9,19.3,是
蔬果,0.224,0.39,1.76,否
休闲,1,2.7,2.7,否
蔬果,1.354,13.54,10,否
粮油,1,21.9,21.9,否
休闲,1,3.3,3.3,否
蔬果,0.874,8.74,10,否
肉禽,0.682,13.5,19.8,否
蔬果,0.582,3.24,5.56,否
蔬果,0.368,3.53,9.6,否
蔬果,0.606,1.55,2.56,否
日配,3,8.1,2.7,否
蔬果,0.653,1.93,2.96,否
粮油,1,39.9,49.9,是
蔬果,0.596,2.26,3.8,否
蔬果,0.93,4.44,5,否
蔬果,0.535,2.1,2.96,否
日配,0.651,4.41,6.78,否
休闲,1,15.3,15.3,否
粮油,1,2.9,2.9,否
粮油,1,2,2,否
休闲,0.704,8.3,13.8,是
蔬果,0.452,8.14,18,否
家居,1,2.9,5,是
肉禽,0.952,18.85,19.8,否
熟食,0.472,2.83,6,否
日配,12,58.8,5.3,是
蔬果,0.232,1.8,7.76,否
蔬果,0.389,2.18,5.6,否
休闲,0.538,12.91,24,否
蔬果,0.44,2.55,5.8,否
蔬果,0.472,1.89,4,否
蔬果,1.322,7.88,5.96,否
蔬果,1,4.98,4.98,否
洗化,1,9.9,15.3,是
蔬果,0.868,2.24,2.58,否
蔬果,0.86,28.9,33.6,否
烘焙,0.366,5.86,16,否
休闲,1,10,10,否
蔬果,0.844,8.44,10,否
家居,1,12.5,12.5,否
日配,1,17.9,17.9,否
蔬果,1.24,3.17,2.56,否
休闲,1,12,12,否
粮油,3,1.5,0.5,否
粮油,1,6.9,6.9,否
蔬果,1.198,14.38,12,否
日配,24,49.9,3,是
粮油,1,2.3,2.3,否
蔬果,1.164,8.85,7.6,否
蔬果,0.624,4.09,6.56,否
蔬果,0.42,7.56,18,否
粮油,1,4.3,4.3,否
休闲,1,6.9,6.9,否
蔬果,0.91,1.8,1.98,否
蔬果,2.276,9.06,3.98,否
日配,1,6.9,6.9,否
粮油,1,8.9,8.9,否
蔬果,0.252,2.42,9.6,否
洗化,1,29.9,59,是
日配,1,13.9,16.3,是
家居,1,5,5,否
洗化,1,6.9,6.9,否
洗化,4,18,4.5,否
洗化,1,6.9,6.9,否
蔬果,1.46,8.7,5.96,否
休闲,0.23,4.01,25.8,是
蔬果,1.151,3.66,3.18,否
粮油,1,5.9,5.9,否
休闲,1,3.9,3.9,否
蔬果,0.216,1.68,7.8,否
蔬果,0.556,2.78,5,否
休闲,1,12.9,17.9,是
休闲,1,12.9,12.9,否
蔬果,0.713,1.28,1.8,否
日配,1,2.4,2.4,否
蔬果,0.694,1.36,1.96,否
粮油,1,2.9,2.9,否
蔬果,0.944,9.44,10,否
蔬果,1.248,4.96,5.96,否
粮油,0.706,6.28,8.9,否
休闲,0.134,14.74,110,否
洗化,1,8.9,8.9,否
休闲,0.274,12,51.6,是
日配,16,33.9,2.7,是
蔬果,4,8,2,否
粮油,1.38,6.59,5.58,是
家居,1,4,4,否
蔬果,4,8,2,否
日配,1,8.9,10.7,是
粮油,1,4.9,4.9,否
粮油,1,12.9,12.9,否
蔬果,1.3,13,10,否
蔬果,0.48,0.86,1.8,否
针织,1,3.9,5.9,是
休闲,0.27,4.8,27.8,是
蔬果,1.143,6.81,5.96,否
休闲,0.168,2.6,19.8,是
洗化,1,9.9,15.3,是
日配,24,79.8,5.5,是
休闲,1,5.9,5.9,否
休闲,1,7.5,7.5,否
粮油,1,8.5,8.5,否
休闲,1,2.5,2.5,否
休闲,0.268,4.2,19.8,是
粮油,1,3.9,3.9,否
蔬果,0.948,9.48,10,否
日配,1,10.9,13.3,是
蔬果,0.249,1.73,6.96,否
蔬果,1.389,8.28,5.96,否
粮油,1,6.9,7.9,是
蔬果,0.644,1.03,1.6,否
洗化,1,6.9,6.9,否
蔬果,0.648,1.41,1.6,否
休闲,0.404,7.15,27.8,是
洗化,1,9.9,12.9,是
休闲,0.222,6.6,39.6,是
休闲,0.258,6.1,33.8,是
粮油,1,0.5,0.5,否
蔬果,0.374,3.59,9.6,否
蔬果,1.132,6.75,5.96,否
日配,-1,-9.3,9.3,否
休闲,1,2.7,2.7,否
洗化,1,3.2,3.2,否
蔬果,0.532,9.36,17.6,否
休闲,1,5.3,5.3,否
肉禽,0.55,10.89,19.8,否
肉禽,1.13,47.23,41.8,否
蔬果,1,4.98,4.98,否
日配,1,9.9,9.9,否
蔬果,0.234,4.21,18,否
蔬果,0.198,1.11,5.6,否
肉禽,1.48,94.72,64,否
粮油,1,87.9,87.9,否
日配,1,15.9,15.9,否
粮油,1,7.7,7.7,否
休闲,0.45,5.3,13.8,是
日配,1,9.3,9.3,否
洗化,1,1.5,1.5,否
蔬果,0.41,7.38,18,否
日配,2,118,76,是
日配,12,49,5.5,是
休闲,0.142,3.55,25,否
蔬果,0.226,4.07,18,否
蔬果,0.492,7.82,15.9,否
蔬果,0.232,1.39,6,否
蔬果,0.752,5.25,6.98,否
粮油,12,38.4,3.2,否
洗化,1,19.9,29.9,是
蔬果,2,4,4.98,否
蔬果,0.9,9,10,否
日配,0.81,5.49,6.78,否
蔬果,0.367,1.47,4,否
蔬果,0.49,1.86,3.8,否
酒饮,4,8.8,2.2,否
蔬果,0.868,3.44,3.96,否
蔬果,1.288,7.68,5.96,否
冲调,1,13.5,20.3,是
洗化,1,3.9,4.7,是
蔬果,0.282,1.85,6.56,否
日配,0.754,5.11,6.78,否
休闲,0.352,4.15,13.8,是
休闲,0.302,5.3,27.8,是
熟食,0.444,2.66,6,否
蔬果,1.886,11.24,5.96,否
蔬果,0.96,1.92,2,否
蔬果,0.198,1.15,5.8,否
日配,1,9.9,9.9,否
日配,1,3.9,5.5,是
休闲,1,2.5,2.5,否
洗化,1,9.9,9.9,否
洗化,1,12.9,17.7,是
日配,0.88,5.97,6.78,否
蔬果,0.879,5.1,5.8,否
针织,1,39.9,69,是
休闲,1,2.9,2.9,否
蔬果,0.418,0.84,2,否
蔬果,2,3,1.5,否
洗化,1,18.9,18.9,否
日配,1,20.3,20.3,否
粮油,1,18.9,18.9,否
冲调,2,28.6,14.3,否
洗化,1,9.9,10.9,是
粮油,1,6.9,7.9,是
日配,24,49.9,3,是
洗化,1,16.9,16.9,否
蔬果,1.378,6.86,4.98,否
蔬果,0.673,1.99,2.96,否
酒饮,1,4,5.5,是
粮油,1,49.9,49.9,否
蔬果,0.344,2.39,6.96,否
休闲,0.396,15.74,43.8,是
酒饮,48,72,1.5,否
休闲,0.474,9.3,35.8,是
蔬果,0.428,0.85,1.98,否
休闲,1,6.9,9.9,是
粮油,0.728,8.58,13.8,是
休闲,0.24,14.4,60,否
休闲,1,4.2,4.2,否
洗化,1,3.9,4.7,是
蔬果,0.555,1.64,2.96,否
蔬果,0.941,2.41,2.56,否
蔬果,0.346,0.89,2.58,否
家居,1,10,10,否
粮油,1,11.9,14.7,否
休闲,0.182,3.23,27.8,是
肉禽,0.778,15.4,19.8,否
蔬果,0.224,2.68,3.56,否
熟食,0.477,2.86,6,否
粮油,1,12.9,12.9,否
蔬果,2.046,12.24,5.98,否
蔬果,0.324,1.28,3.96,否
粮油,1,8.5,8.5,否
日配,1,13.9,16.3,是
休闲,0.188,5.6,39.6,是
粮油,1,4.3,4.3,否
肉禽,1.058,44.22,41.8,否
家居,1,10,10,否
粮油,1,9.9,19.3,是
粮油,1,8.5,8.5,否
日配,0.796,5.4,6.78,否
洗化,1,12.9,14.9,是
粮油,1,4.7,4.7,否
日配,0.3,5.34,17.8,否
蔬果,2.073,12.36,5.96,否
休闲,1,4.7,4.7,否
蔬果,1,4.98,4.98,否
休闲,0.376,16.46,51.6,是
肉禽,0.444,12.34,27.8,否
蔬果,0.307,0.61,1.98,否
粮油,1,14.7,14.7,否
日配,1.64,11.12,6.78,否
水产,0.464,13.92,30,否
蔬果,0.5,1.98,3.96,否
粮油,1,12.3,12.3,否
蔬果,0.916,5.46,5.96,否
粮油,1,25.9,25.9,否
蔬果,0.23,1.29,5.6,否
粮油,1,7.9,7.9,否
蔬果,0.226,4.07,18,否
洗化,1,2.9,2.9,否
针织,2,9.8,4.9,否
蔬果,0.204,3.18,15.6,否
洗化,1,8,8,否
蔬果,0.534,2.11,3.96,否
蔬果,0.528,0.78,1.48,否
洗化,1,7.5,8.7,是
蔬果,0.5,2.8,5.6,否
日配,1,9.9,15.9,是
粮油,1.358,5.7,4.2,否
粮油,4.11,19.64,5.58,是
洗化,1,6.9,6.9,否
蔬果,2.05,6.52,3.18,否
粮油,1,3.9,3.9,否
日配,1.754,11.89,6.78,否
休闲,1,2,2,否
休闲,1,4.5,4.5,否
休闲,0.28,4.42,15.8,否
熟食,0.104,8.32,80,否
日配,1,11.9,11.9,否
粮油,1,2.3,2.3,否
休闲,0.078,1.54,25,是
日配,12,29.9,3.5,是
日配,1.138,21.85,19.2,否
蔬果,0.517,2.9,5.6,否
休闲,1,3.3,3.3,否
蔬果,0.408,4.06,9.96,否
日配,0.234,4.17,17.8,否
蔬果,0.464,3.04,6.56,否
蔬果,0.603,2.4,5.96,否
熟食,0.426,2.56,6,否
蔬果,0.466,1.86,4,否
休闲,1,2.7,2.7,否
日配,1.648,11.17,6.78,否
肉禽,1.238,51.75,41.8,否
日配,12,39.9,5.5,是
洗化,1,26.9,26.9,否
日配,1,13.9,16.3,是
粮油,4.234,17.78,4.2,否
休闲,1,5.5,5.5,否
冲调,1,6.7,6.7,否
冲调,3,9,3,否
日配,1,3.9,5.5,是
日配,1,90,90,否
蔬果,1.416,14.16,10,否
蔬果,1.602,9.55,5.96,否
酒饮,1,2.8,2.8,否
休闲,0.212,4.2,19.8,否
酒饮,1,43,43,否
洗化,1,14.9,14.9,否
休闲,0.184,12.5,68,否
洗化,1,7.5,7.5,否
洗化,1,9.5,9.5,否
蔬果,0.517,1.32,2.56,否
针织,2,39.8,40,是
粮油,1,2.9,2.9,否
肉禽,0.166,4.95,29.8,否
日配,1,11.9,14.9,是
粮油,0.202,14.14,70,否
蔬果,0.776,1.99,2.56,否
蔬果,1.575,18.87,11.98,否
日配,1,7.9,12.8,是
蔬果,0.38,0.98,2.58,否
蔬果,0.546,1.09,2,否
休闲,1,2.7,2.7,否
肉禽,1.332,55.68,41.8,否
蔬果,0.534,3.2,6,否
蔬果,0.458,2.66,5.8,否
日配,1,11.5,16.5,是
日配,1,8.9,12.9,是
蔬果,1.578,15.7,2,否
休闲,1,5.7,5.7,否
蔬果,0.209,1.17,5.6,否
蔬果,0.49,8.62,17.6,否
粮油,1,22.5,22.5,否
蔬果,0.612,3.55,5.8,否
洗化,1,1,1,否
酒饮,1,23.7,23.7,否
洗化,4,27.6,9.7,是
蔬果,0.602,2.75,4.56,否
粮油,2,5.8,2.9,否
文体,1,3.3,3.3,否
熟食,4,2,0.5,否
休闲,1,2.7,2.7,否
蔬果,0.402,2.64,6.56,否
日配,1,8.9,14.9,是
日配,1,8.9,12.9,是
蔬果,0.52,2.06,3.96,否
休闲,0.248,3.41,19.8,是
肉禽,0.53,10.49,19.8,否
日配,12,39.9,5.5,是
休闲,1,3.9,3.9,否
家居,1,2.5,2.5,否
蔬果,0.632,1.11,1.76,否
粮油,2,9.8,4.9,否
粮油,1,4.3,4.3,否
粮油,1,5.7,5.7,否
粮油,1,14.7,14.7,否
洗化,1,3,3.7,是
家居,1,5,5,否
蔬果,0.834,6.51,7.8,否
蔬果,0.542,5.42,10,否
熟食,0.276,5.52,20,否
肉禽,1.132,39.62,35,否
日配,1,58,66,是
蔬果,0.398,2.31,5.8,否
洗化,1,15.9,21.9,是
洗化,1,5.6,6.3,是
休闲,0.384,9.13,33.8,是
洗化,4,47.6,15.5,是
休闲,0.162,2.23,19,是
粮油,1,7.9,8.9,否
休闲,0.314,3.7,13.8,是
蔬果,1.307,3.35,2.56,否
休闲,0.228,4,25.8,是
洗化,1,8.5,9.9,是
粮油,1,8.9,8.9,否
粮油,1,1.9,1.9,否
粮油,1,20.3,20.3,否
日配,24,49.9,3,是
肉禽,2,21.6,10.8,否
酒饮,1,4,4,否
蔬果,1,7,7,否
蔬果,0.79,3.13,3.96,否
家居,1,4.5,4.5,否
洗化,1,7.7,7.7,否
休闲,1,2.7,2.7,否
蔬果,1.224,12.22,9.98,否
蔬果,0.224,2.15,9.6,否
家居,1,30,30,否
肉禽,0.254,5.03,19.8,否
日配,1,9.9,9.9,否
蔬果,0.18,1.62,9,否
蔬果,1.329,7.94,17.8,否
休闲,1,4.9,5.3,是
酒饮,1,10.5,11.9,是
蔬果,1.364,8.13,5.96,否
休闲,0.5,5.9,19.8,是
肉禽,1.006,36.01,35.8,否
洗化,1,4.9,4.9,否
日配,24,49.9,3,是
蔬果,0.558,1.09,1.96,否
粮油,1,4.3,4.3,否
休闲,1,1,1,否
蔬果,0.192,1.53,7.96,否
日配,24,49.9,3,是
蔬果,1.444,14.44,10,否
蔬果,0.594,2.11,3.56,否
蔬果,0.362,4.34,12,否
休闲,1,5.7,5.7,否
肉禽,1.318,55.09,41.8,否
日配,1,7.5,7.5,否
洗化,1,3,3,否
粮油,0.74,8.73,13.8,是
休闲,1,2.5,2.5,否
蔬果,0.226,2.71,12,否
日配,24,49.9,3,是
洗化,1,19.9,19.9,否
洗化,1,12.9,15.9,是
蔬果,0.394,1.01,2.56,否
蔬果,0.978,9.78,10,否
冲调,1,17.3,17.3,否
酒饮,1,3,3,否
休闲,0.16,1.5,11.8,是
针织,2,79.8,69,是
粮油,1,6.9,7.9,是
冲调,1,8.9,16.3,是
洗化,1,6.9,9.7,是
休闲,0.45,15.21,33.8,否
粮油,0.474,5.59,11.8,否
蔬果,1.56,9.3,5.96,否
日配,1,4.9,7.7,是
酒饮,1,4.9,4.9,否
日配,2,3,1.5,否
蔬果,0.312,5.62,18,否
粮油,1,8.9,8.9,否
肉禽,1,10.8,10.8,否
日配,32,58,2.8,是
蔬果,1.362,13.62,10,否
冲调,1,9.9,9.9,否
粮油,25,119.5,5.58,是
休闲,0.238,7.09,39.6,是
蔬果,0.694,1.79,2.58,否
肉禽,0.292,8.7,29.8,否
熟食,0.282,7.9,28,否
休闲,0.624,6.1,11.8,是
洗化,1,8.9,8.9,否
洗化,1,10.7,10.7,否
休闲,1,4.7,4.7,否
休闲,1,10.9,13.7,是
蔬果,0.374,3.37,9,否
日配,0.836,5.67,6.78,否
休闲,0.16,1.88,13.8,是
休闲,1,5.9,5.9,否
蔬果,0.47,2.73,5.8,否
蔬果,1.495,3.83,2.56,否
肉禽,0.272,5.39,19.8,否
休闲,0.18,8.6,47.8,否
日配,2.446,16.58,6.78,否
蔬果,0.001,7.38,5.98,否
蔬果,0.33,2.63,7.96,否
肉禽,0.266,9.52,35.8,否
洗化,1,12.9,14.9,是
酒饮,1,8.9,8.9,否
休闲,1,6.9,9.9,是
蔬果,0.292,4.91,16.8,否
蔬果,0.098,1.18,12,否
蔬果,0.25,0.5,2,否
蔬果,0.532,2.11,3.96,否
粮油,1,2,2,否
蔬果,0.32,6.58,21.6,否
休闲,1,2.7,2.7,否
日配,1,2.3,2.3,否
休闲,1,8.7,8.7,否
休闲,1,10,10,否
日配,1,2,2,否
蔬果,0.7,1.79,2.56,否
家居,1,10,10,否
休闲,1,4.3,4.3,否
休闲,1,2.7,2.7,否
日配,1,9.9,15.5,是
洗化,1,9.9,9.9,否
休闲,0.502,4.9,11.8,是
休闲,1,3.9,3.9,否
休闲,1,2.9,2.9,否
蔬果,0.6,4.79,7.98,否
烘焙,0.556,8.9,16,否
肉禽,0.568,16.93,29.8,否
休闲,1,3.4,3.4,否
蔬果,1.092,2.18,2,否
熟食,4,2,0.5,否
粮油,1,5.7,5.7,否
粮油,1,20.3,20.3,否
粮油,1,39.9,39.9,否
日配,1,8.9,12.9,是
粮油,1,0.5,0.5,否
蔬果,-1.182,-23.4,19.8,否
蔬果,1.182,23.4,19.8,否
蔬果,4,8,2,否
洗化,1,1.9,1.9,否
肉禽,0.316,9.42,29.8,否
蔬果,0.136,0.68,5,否
休闲,1,4.5,4.5,否
休闲,1,3.8,3.8,否
休闲,0.258,2.52,11.8,是
蔬果,1.304,2.56,1.96,否
休闲,0.372,5.87,27.8,是
休闲,0.218,9.54,51.6,是
洗化,1,2.9,2.9,否
家居,1,4.5,4.5,否
蔬果,0.42,0.83,1.98,否
日配,1,8.9,12.9,是
日配,5,10,2,否
蔬果,1.479,2.96,2,否
粮油,1,17.3,17.3,否
休闲,0.334,5.94,27.8,是
休闲,0.188,4.44,33.8,是
休闲,1,2.7,2.7,否
酒饮,1,13.9,13.9,否
休闲,1,3.7,3.7,否
肉禽,0.814,24.26,29.8,否
蔬果,1.048,2.1,2,否
休闲,1,4.9,5.3,是
日配,3,5.7,2.3,否
粮油,1,5.3,5.3,否
蔬果,0.694,13.88,20,否
粮油,1,6.9,6.9,否
日配,12,39.9,5.5,是
蔬果,0.434,0.64,1.48,否
蔬果,0.212,3.82,18,否
日配,0.772,5.23,6.78,否
蔬果,1.686,29.67,17.6,否
蔬果,0.45,1.78,3.96,否
日配,0.99,6.71,6.78,否
蔬果,0.268,2.08,7.76,否
洗化,1,9.9,9.9,否
洗化,1,11.9,11.9,否
日配,1,9.9,15.5,是
休闲,1,14.9,14.9,否
粮油,1,28.9,28.9,否
蔬果,0.488,8.59,17.6,否
休闲,1,3.5,3.5,否
粮油,0.905,3.62,4,否
蔬果,1.437,3.68,2.56,否
蔬果,1.55,3.04,1.96,否
休闲,1,7.3,7.3,否
蔬果,0.502,2.91,5.8,否
酒饮,1,1.8,3.3,是
蔬果,0.29,2.31,7.96,否
粮油,1,1.5,1.5,否
休闲,1,7.9,7.9,否
酒饮,1,5,5,否
休闲,0.218,3.44,27.8,是
休闲,0.25,3.95,27.8,是
蔬果,0.338,2.22,6.56,否
休闲,0.338,5.3,27.8,是
休闲,1,4.3,4.3,否
蔬果,0.27,1.35,5,否
粮油,1,57.9,57.9,否
粮油,1,6.7,6.7,否
休闲,0.284,8.46,39.6,是
蔬果,0.426,4.24,9.96,否
洗化,1,5.6,6.3,是
粮油,1,8.9,8.9,否
蔬果,0.52,1.34,2.58,否
洗化,1,14.9,14.9,否
日配,1,5.9,7.7,是
蔬果,0.188,1.98,9.6,否
蔬果,0.518,2.59,5,否
酒饮,1,12.3,12.3,否
蔬果,0.482,3.66,7.6,否
蔬果,1.102,3.26,2.96,否
洗化,1,4.7,4.7,否
粮油,1,6.7,6.7,否
休闲,0.186,2.9,27.8,是
蔬果,0.434,0.86,1.98,否
粮油,6,7.2,1.3,否
休闲,0.202,22.22,110,否
休闲,1,3.7,3.7,否
酒饮,1,1.8,2.9,是
休闲,0.254,14.99,59,否
粮油,1,22.5,22.5,否
蔬果,0.37,2.28,9.96,否
日配,1,8.9,12.9,是
粮油,1,1.5,1.5,否
粮油,1,39.7,39.7,否
休闲,0.184,13.21,71.8,否
休闲,1,5.9,7.5,是
休闲,1,5.5,5.5,否
蔬果,3.286,91.35,27.8,否
休闲,1,9.3,9.3,否
蔬果,0.472,2.74,5.8,否
蔬果,0.53,3.18,6,否
蔬果,2,20,10,否
蔬果,1.182,9.43,7.98,否
粮油,1.004,3.56,4.58,是
蔬果,0.378,1.51,4,否
熟食,4,2,0.5,否
粮油,1,5.9,5.9,否
日配,0.822,5.57,6.78,否
肉禽,0.288,8.01,27.8,否
洗化,1,12.9,16.9,是
酒饮,1,8.9,11,是
休闲,0.21,7.52,35.8,否
休闲,1,2.7,2.7,否
休闲,0.516,8.15,27.8,是
粮油,1,1.7,1.7,否
蔬果,0.14,2.35,16.8,否
日配,1,2.1,2.1,否
休闲,1,10,10,否
蔬果,0.442,2.9,6.56,否
休闲,1,4.9,4.9,否
蔬果,0.538,1.07,1.98,否
蔬果,0.456,4.1,9,否
休闲,1,4.7,4.7,否
洗化,1,1.5,1.5,否
蔬果,1.18,14.14,11.98,否
蔬果,4,8,2,否
洗化,1,12.9,12.9,否
熟食,0.001,0.02,20,否
蔬果,1.273,7.59,5.96,否
粮油,0.054,1.4,26,否
粮油,2,5.6,2.8,否
酒饮,1,5.5,5.5,否
洗化,1,6.7,6.7,否
蔬果,0.948,3.77,3.98,否
休闲,1,17.5,17.5,否
酒饮,1,28.7,28.7,否
休闲,1,9.5,9.9,否
粮油,1,2.3,2.3,否
休闲,0.836,36.6,51.6,是
蔬果,0.358,4.3,12,否
日配,1,5.9,5.9,否
休闲,1,3.9,3.9,否
蔬果,0.486,1.24,2.56,否
粮油,1,6.9,6.9,否
蔬果,0.49,8.82,18,否
蔬果,0.2,1.31,6.56,否
蔬果,0.212,1.39,6.56,否
蔬果,1.004,2.57,2.56,否
蔬果,1.16,5.78,4.98,否
肉禽,0.394,11.74,29.8,否
日配,1,11.8,11.8,否
休闲,1,4.9,5.3,是
日配,24,72,3,否
休闲,1,9.9,9.9,否
粮油,1,0.5,0.5,否
蔬果,1.513,9.02,5.96,否
洗化,1,1.7,1.7,否
休闲,0.158,11.34,71.8,否
熟食,2,1,0.5,否
日配,1.554,10.54,6.78,否
洗化,1,29.9,35.9,是
蔬果,0.478,0.94,1.96,否
蔬果,0.654,1.05,1.6,否
粮油,1,2,2,否
粮油,1,5.5,5.5,否
休闲,1,1.9,1.9,否
蔬果,1.33,2.39,1.8,否
蔬果,0.613,3.71,9.96,否
熟食,4,2,0.5,否
蔬果,0.495,2.11,2.58,否
休闲,1,4.3,4.3,否
休闲,1,4.3,4.3,否
冲调,1,23.7,23.7,否
粮油,1,2.8,2.8,否
蔬果,0.434,2.17,5,否
休闲,1,8.7,8.7,否
休闲,1,8.9,8.9,否
休闲,1,2.9,2.9,否
休闲,0.212,9.28,51.6,是
粮油,1,2,2,否
蔬果,1.332,3.41,2.56,否
日配,12,48,4,否
酒饮,1,10.7,10.7,否
日配,0.754,5.11,6.78,否
休闲,0.342,8.14,23.8,否
酒饮,1,15.9,15.9,否
日配,0.276,4.91,17.8,否
洗化,1,10.9,10.9,否
蔬果,1,5.8,5.8,否
休闲,0.81,32.2,43.8,是
洗化,1,3.9,3.9,否
休闲,0.188,2.97,27.8,是
蔬果,0.644,2.56,3.98,否
休闲,1,10.5,10.5,否
休闲,1,9.7,9.7,否
洗化,1,7.5,8.7,是
蔬果,0.364,0.72,1.98,否
蔬果,0.229,1.74,7.6,否
蔬果,0.434,1.12,2.58,否
冲调,1,3,3,否
蔬果,1,1.5,1.5,否
酒饮,1,4.5,4.5,否
蔬果,1.006,2.58,2.56,否
蔬果,1.416,3.65,2.58,否
酒饮,1,5.5,5.5,否
酒饮,1,6,6,否
洗化,5,7.5,1.5,否
蔬果,1,2,2,否
日配,1,11.8,11.8,否
蔬果,0.426,2.79,6.56,否
蔬果,0.488,1.26,2.58,否
蔬果,0.232,1.52,6.56,否
蔬果,4,8,2,否
蔬果,0.676,1.34,1.98,否
酒饮,1,4,4,否
肉禽,0.396,7.76,19.6,否
蔬果,0.458,1.74,3.8,否
粮油,1,1.7,1.7,否
酒饮,12,26.4,2.2,否
休闲,1,16.9,16.9,否
蔬果,1.227,3.14,2.56,否
粮油,1,37.9,37.9,否
粮油,1,6.9,6.9,否
休闲,1,2.9,2.9,否
蔬果,0.974,14.6,14.99,否
蔬果,1.012,4.01,3.96,否
休闲,1,3.9,3.9,否
酒饮,1,24.7,24.7,否
洗化,1,3.5,3.5,否
粮油,1,0.5,1.9,是
蔬果,0.176,2.96,16.8,否
熟食,0.132,3.7,28,否
粮油,2.014,7.2,4.58,是
粮油,1,5.7,5.7,否
蔬果,1.07,2.76,2.58,否
蔬果,1.1,2.2,2,否
日配,1,13.9,16.3,是
蔬果,0.246,0.97,3.96,否
蔬果,0.72,2.87,3.98,否
粮油,1,5.9,5.9,否
粮油,1,5.7,5.7,否
蔬果,0.424,4.23,5.6,否
蔬果,0.732,1.89,2.58,否
蔬果,0.394,1.56,3.96,否
粮油,1,3.7,3.7,否
粮油,0.448,4.44,9.9,否
日配,1,8,8,否
粮油,0.178,2.46,13.8,否
蔬果,1.05,18.48,17.6,否
粮油,1,8.5,9.9,否
日配,1,49,65,是
酒饮,1,4.9,4.9,否
休闲,0.254,2.99,19.8,是
蔬果,0.798,7.95,9.96,否
蔬果,1,30,30,否
休闲,1,3.3,3.3,否
家居,1,4,4,否
蔬果,0.988,15.81,16,否
粮油,1,22.5,22.5,否
休闲,1,2.2,2.2,否
休闲,1,8,8,否
蔬果,0.278,2.17,7.8,否
熟食,0.001,0.02,20,否
休闲,1,4.5,4.5,否
蔬果,0.322,1.29,4,否
粮油,0.352,7.6,21.6,否
家居,1,14,14,否
蔬果,0.538,0.92,6.56,否
洗化,1,9.9,9.9,否
休闲,0.49,17.54,35.8,否
熟食,0.284,7.95,28,否
日配,0.734,4.98,6.78,否
休闲,1,6.2,6.2,否
蔬果,0.776,7.73,9.96,否
休闲,1,6.5,6.5,否
休闲,1,3.3,3.3,否
肉禽,0.402,7.96,19.8,否
休闲,0.19,3,27.8,是
休闲,3,8.1,2.7,否
蔬果,0.14,0.53,3.8,否
粮油,1,3.3,3.3,否
休闲,1,3.5,3.5,否
休闲,1,2.7,2.7,否
蔬果,1,2,2,否
粮油,0.666,12.19,18.3,否
蔬果,0.458,4.56,9.96,否
休闲,1,4.7,4.7,否
蔬果,0.362,1.07,2.96,否
粮油,1,0.5,0.5,否
粮油,1,9.5,9.5,否
粮油,1,8.9,8.9,否
休闲,1,4.9,6.7,是
休闲,1,4.3,4.3,否
休闲,1,9.9,14,是
洗化,1,11.9,15.5,是
蔬果,0.616,9.86,16,否
蔬果,0.882,4.39,4.98,否
蔬果,0.242,1.36,5.6,否
休闲,0.306,7.28,23.8,否
洗化,1,11.9,15.5,是
蔬果,0.412,1.06,2.58,否
冲调,1,62,62,否
蔬果,0.148,0.82,5.56,否
熟食,0.794,15.88,20,否
休闲,1,8.5,13.9,是
蔬果,0.709,3.97,5.6,否
休闲,1,4.9,4.9,否
洗化,2,13,7.7,是
肉禽,0.706,13.84,19.6,否
休闲,1,5.3,5.3,否
蔬果,0.746,1.92,2.58,否
休闲,0.148,4.41,39.6,是
蔬果,2.344,6,2.56,否
洗化,1,33.9,33.9,否
肉禽,0.59,11.68,19.8,否
熟食,4,2,0.5,否
休闲,1,3.3,3.3,否
休闲,1,3.9,3.9,否
日配,1,8,8,否
粮油,1,20.3,20.3,否
休闲,1,4,4,否
烘焙,0.332,5.31,16,否
针织,1,19,19,否
蔬果,0.58,1.72,2.96,否
蔬果,0.343,1.3,3.8,否
休闲,1,3.7,3.7,否
蔬果,2.542,5.08,2,否
粮油,5.57,26.62,5.58,是
休闲,0.246,3.39,19,是
休闲,1,19.9,19.9,否
粮油,1,8.9,8.9,否
休闲,1,5.9,5.9,否
粮油,1,10.7,10.7,否
家居,1,4.9,6,是
肉禽,0.498,13.84,27.8,否
蔬果,1.367,2.68,1.96,否
针织,1,8.9,8.9,否
粮油,6,13.8,2.3,否
休闲,0.308,3.01,11.8,是
粮油,1,9.9,9.9,否
蔬果,0.536,2.98,5.56,否
蔬果,1.42,24.99,17.6,否
粮油,1,3.7,3.7,否
休闲,1,10.9,10.9,否
蔬果,4,6,1.5,否
蔬果,0.3,4.79,15.98,否
家居,1,25,25,否
家居,1,10,10,否
粮油,1,7.3,7.3,否
蔬果,0.45,2.5,5,否
休闲,1,10.5,10.5,否
日配,1,10.9,13.3,是
粮油,1,1.9,1.9,否
蔬果,1.294,7.71,5.96,否
休闲,0.072,2.13,29.6,否
日配,1.57,10.64,6.78,否
休闲,0.252,3.9,27.8,是
肉禽,0.202,6.02,29.8,否
休闲,0.256,3.02,19.8,是
日配,1,14.3,14.3,否
家居,1,7,7,否
粮油,1,24.9,24.9,否
休闲,0.148,6.72,45.6,否
针织,1,11.5,11.5,否
蔬果,1.138,4.51,3.96,否
蔬果,0.674,5.12,7.6,否
粮油,1,3.7,3.7,否
熟食,0.392,2.35,6,否
休闲,1,7.9,7.9,否
酒饮,1,1.7,2.5,是
酒饮,1,4.9,4.9,否
日配,1,4.9,5.7,是
日配,0.748,5.07,6.78,否
休闲,1,9.9,9.9,否
日配,1,59,76,是
粮油,1,6.3,8.9,是
日配,1,65,65,否
休闲,0.25,9.95,39.8,否
蔬果,0.634,4.82,7.6,否
蔬果,1.678,4.33,2.58,否
蔬果,0.652,11.48,17.6,否
休闲,1,10.9,10.9,否
休闲,0.18,6.3,35,否
休闲,1,1.3,1.3,否
粮油,1,9.9,9.9,否
休闲,0.202,11.92,59,否
洗化,1,9.9,14.7,是
粮油,1,3.9,3.9,否
冲调,1,3.2,3.2,否
洗化,1,9.9,9.9,否
酒饮,1,3.9,3.9,否
蔬果,0.524,1.05,2,否
日配,1.44,9.76,6.78,否
洗化,1,4.9,4.9,否
熟食,4,2,0.5,否
洗化,1,1.7,1.7,否
蔬果,0.755,4.5,5.96,否
冲调,1,50.9,50.9,否
蔬果,0.2,0.4,2,否
蔬果,0.296,3.55,12,否
蔬果,0.312,1.42,5.8,否
蔬果,0.172,1.33,7.76,否
蔬果,0.518,1.84,3.56,否
蔬果,0.318,1.77,5.56,否
蔬果,0.57,3.74,6.56,否
蔬果,0.438,7.71,17.6,否
粮油,1,5.5,5.5,否
蔬果,0.186,0.93,4.98,否
粮油,4,2,0.5,否
蔬果,0.718,8.62,12,否
蔬果,0.688,6.88,10,否
酒饮,1,5.5,5.5,否
日配,0.77,5.22,6.78,否
酒饮,1,6,6,否
蔬果,1,4.98,4.98,否
蔬果,0.696,6.96,10,否
针织,1,11.5,11.5,否
休闲,0.152,7.57,49.8,否
酒饮,4,8.8,2.2,否
休闲,0.314,4.92,27.8,是
休闲,0.282,2.76,11.8,是
日配,1,40.9,40.9,否
蔬果,1.184,2.32,1.96,否
蔬果,1.843,10.98,5.96,否
休闲,0.148,5.86,39.6,否
蔬果,0.596,5.96,10,否
休闲,0.042,1.5,35.8,否
蔬果,1.576,9.14,5.8,否
蔬果,0.542,6.5,12,否
蔬果,0.44,1.76,4,否
蔬果,0.532,1.57,2.96,否
蔬果,0.362,3.61,9.96,否
休闲,1,4.9,5.3,是
休闲,1,6,6,否
酒饮,1,6,6,否
酒饮,1,2,2,否
蔬果,0.528,1.06,2,否
日配,1,2,2,否
洗化,1,11.7,11.7,否
洗化,1,8.9,8.9,否
洗化,1,44.9,44.9,否
文体,1,0.5,0.5,否
休闲,1,17.9,17.9,否
蔬果,0.37,3.33,9,否
蔬果,0.378,0.9,1.8,否
文体,1,88,88,否
蔬果,0.488,2.83,5.8,否
蔬果,0.118,1.42,12,否
熟食,2,2,1,否
蔬果,0.258,4.64,18,否
日配,1,4.9,5.5,是
粮油,1,6.7,6.7,否
肉禽,1.03,28.63,27.8,否
蔬果,0.525,1.99,3.8,否
休闲,1,2.9,2.9,否
粮油,1,17.3,17.3,否
日配,1,4.9,5.5,是
粮油,0.878,8.61,9.9,否
酒饮,1,2.3,2.3,否
休闲,0.224,2.64,13.8,是
蔬果,0.917,2.35,2.56,否
酒饮,1,5,5,否
蔬果,0.24,1.96,12,否
肉禽,0.32,6.27,19.6,否
蔬果,0.78,2,2.56,否
休闲,1,2.7,2.7,否
肉禽,0.66,23.1,35,否
休闲,1,2,2,否
休闲,1,7.9,7.9,否
休闲,1,2.5,2.5,否
休闲,1,6.5,6.5,否
蔬果,1.088,4.31,3.96,否
蔬果,0.45,0.79,1.76,否
蔬果,0.616,2.44,3.96,否
休闲,1,6.3,6.3,否
休闲,1,5.7,5.7,否
蔬果,0.468,0.92,1.96,否
休闲,1,5.5,5.5,否
日配,1,4.9,4.9,否
蔬果,1.342,2.63,1.96,否
粮油,1,5.3,5.3,否
肉禽,0.17,4.73,27.8,否
蔬果,0.334,5.61,16.8,否
蔬果,0.696,8.34,11.98,否
蔬果,0.29,1.15,3.96,否
针织,1,12,12,否
洗化,1,9.9,9.9,否
休闲,0.202,6.83,33.8,否
日配,1.778,12.05,6.78,否
洗化,1,9.7,9.7,否
酒饮,1,5.5,5.5,否
休闲,0.318,3.75,13.8,是
熟食,0.278,21.13,76,否
粮油,0.102,2.35,23,否
粮油,1,4.7,4.7,否
休闲,1,2.7,2.7,否
蔬果,0.185,1.04,5.6,否
蔬果,0.33,0.92,2.78,否
休闲,1,3.9,3.9,否
休闲,0.306,3.6,13.8,是
洗化,1,4.9,4.9,否
蔬果,0.57,31.92,56,否
蔬果,2.613,6.69,2.56,否
蔬果,2,3,1.5,否
洗化,1,7.9,7.9,否
蔬果,1.386,24.67,17.8,否
熟食,0.622,17.42,28,否
蔬果,1.47,3.76,2.56,否
蔬果,2,3,1.5,否
蔬果,0.258,1.02,3.96,否
蔬果,0.256,1.68,6.56,否
粮油,1,21.8,21.8,否
休闲,1,5.5,5.5,否
蔬果,0.234,1.63,6.96,否
蔬果,0.683,1.34,1.96,否
酒饮,1,15.9,15.9,否
休闲,0.218,12.86,59,否
蔬果,0.852,4.74,5.56,否
冲调,1,86,86,否
蔬果,0.632,6.07,9.6,否
熟食,0.464,2.78,6,否
粮油,1,8.9,8.9,否
酒饮,1,2,2,否
酒饮,1,2,2,否
洗化,1,14.9,16.9,是
休闲,1,13.5,13.5,否
粮油,1,8.5,8.5,否
蔬果,0.362,3.82,9.6,否
粮油,1,1.7,1.7,否
休闲,1,4.9,5.3,是
洗化,1,4.7,4.7,否
日配,1,3.7,3.7,否
蔬果,0.214,1.4,6.56,否
休闲,1,6.5,6.5,否
蔬果,0.442,1.75,3.96,否
蔬果,0.337,2.21,6.56,否
粮油,1,22.3,22.3,否
蔬果,1.09,4.34,3.98,否
休闲,0.546,6.4,13.8,是
蔬果,0.098,1.18,12,否
熟食,0.198,5.54,28,否
粮油,1,21.9,21.9,否
蔬果,0.25,2.25,9,否
粮油,0.718,8.44,13.8,是
洗化,1,12.9,19.9,是
针织,1,3.9,5.9,是
蔬果,0.332,5.58,16.8,否
休闲,1,1.3,1.3,否
蔬果,0.138,1.32,9.6,否
休闲,1,3.6,3.6,否
日配,12,36,3,否
日配,4,6,1.5,否
粮油,1,8.9,8.9,否
蔬果,0.218,3.4,15.6,否
日配,1,8.9,12.9,是
休闲,1,3,3,否
粮油,1,4.9,4.9,否
休闲,0.94,9.2,11.8,是
休闲,0.264,3.94,17,是
蔬果,0.492,3.74,7.6,否
蔬果,0.511,1.31,2.56,否
休闲,1,4.5,4.5,否
蔬果,0.586,1.5,2.56,否
日配,0.992,6.73,6.78,否
日配,1,10.9,13.3,是
蔬果,1.722,3.38,1.96,否
休闲,1,5.3,5.3,否
粮油,1,3.9,3.9,否
蔬果,1.966,7.86,17.8,否
蔬果,2.564,8.15,3.18,否
蔬果,0.478,1.89,3.96,否
粮油,1,4.3,4.3,否
蔬果,0.572,6.86,12,否
蔬果,0.49,3.21,6.56,否
洗化,1,35.9,35.9,否
粮油,1,5.9,5.9,否
休闲,1,37.9,37.9,否
蔬果,2,11.6,5.8,否
粮油,1,3.9,3.9,否
蔬果,0.462,2.77,6,否
蔬果,0.426,7.16,16.8,否
蔬果,0.734,4.11,5.6,否
蔬果,0.508,2.03,4,否
休闲,1,4.9,5.3,是
蔬果,0.594,1.18,1.98,否
休闲,1,3.5,3.5,否
蔬果,0.52,0.77,1.48,否
蔬果,0.58,3.36,5.8,否
粮油,1,4.3,4.3,否
酒饮,1,6.7,6.7,否
蔬果,1.487,2.91,1.96,否
蔬果,0.334,1.32,3.96,否
针织,1,5.9,7,是
蔬果,0.386,3.84,9.96,否
休闲,0.566,8.49,17,是
洗化,1,9.9,9.9,否
日配,1,16.3,16.3,否
蔬果,0.366,1.46,4,否
休闲,1,5.6,6.9,是
蔬果,0.816,1.63,2,否
冲调,1,39.9,39.9,否
洗化,1,16.9,16.9,否
洗化,1,9.7,9.7,否
蔬果,0.494,0.98,1.98,否
家居,1,5.9,8,是
休闲,0.372,12.57,33.8,否
蔬果,0.468,4.66,9.96,否
蔬果,0.548,3.27,3.98,否
洗化,1,9.5,9.5,否
休闲,1,6.9,6.9,否
蔬果,1.24,12.35,9.96,否
粮油,4.774,22.81,5.58,是
休闲,4,27.6,6.9,否
休闲,1,5.6,6.9,是
蔬果,0.244,1.6,6.56,否
蔬果,0.508,2.03,4,否
蔬果,0.26,1.51,5.8,否
蔬果,0.56,1.1,6.56,否
洗化,1,4.9,4.9,否
洗化,1,25.9,25.9,否
粮油,1,2.7,2.7,否
休闲,1,7.9,7.9,否
休闲,1,1,1,否
洗化,1,17.7,17.7,否
蔬果,0.278,1.1,3.96,否
蔬果,0.326,2.59,7.96,否
蔬果,0.536,6.43,12,否
休闲,1,3.9,3.9,否
蔬果,0.884,1.59,1.8,否
蔬果,0.53,2.12,4,否
休闲,1,6.9,6.9,否
酒饮,1,6.9,6.9,否
粮油,5,8.5,1.7,否
酒饮,1,7.9,7.9,否
休闲,0.32,35.2,110,否
休闲,1,3.5,4,否
洗化,1,19.7,19.7,否
蔬果,0.67,2.65,3.96,否
粮油,0.736,3.24,4.4,否
粮油,1,9.9,9.9,否
休闲,1,4.3,4.3,否
冲调,1,93,93,否
冲调,1,25.7,25.7,否
日配,1,8.9,12.9,是
蔬果,1.124,3.57,3.18,否
酒饮,1,15.9,15.9,否
粮油,1,6.8,6.8,否
肉禽,0.226,4.47,19.8,否
休闲,1,5.9,5.9,否
肉禽,0.456,12.68,27.8,否
肉禽,0.376,10.53,28,否
休闲,0.302,12.32,40.8,否
粮油,1,6.7,6.7,否
粮油,1,26.9,27.7,否
洗化,1,4.9,4.9,否
蔬果,0.521,2.08,4,否
蔬果,1.636,29.12,17.8,否
洗化,1,4.9,4.9,否
蔬果,0.908,14.49,15.96,否
休闲,0.216,3.2,17,是
蔬果,0.17,0.95,5.56,否
休闲,1,3.5,3.5,否
蔬果,1.726,3.38,1.96,否
熟食,0.001,0.02,20,否
蔬果,0.234,0.6,2.58,否
蔬果,4,8,2,否
洗化,1,6.9,6.9,否
蔬果,0.382,0.69,1.8,否
粮油,0.284,19.88,70,否
洗化,1,11.5,15.9,是
休闲,1,7.5,7.5,否
休闲,1,16.9,16.9,否
休闲,0.174,18.41,105.8,否
肉禽,0.444,12.34,27.8,否
文体,1,62,62,否
蔬果,1.042,2.67,2.56,否
冲调,1,3,3,否
休闲,1,2.5,2.5,否
休闲,1,2.9,2.9,否
粮油,0.156,4.06,26,否
洗化,1,12.9,12.9,否
休闲,1,11.9,11.9,否
休闲,1,1,1,否
蔬果,0.188,1.8,9.6,否
蔬果,0.384,6.14,16,否
休闲,1,6.9,6.9,否
蔬果,0.584,2.31,3.96,否
休闲,1,21.9,21.9,否
休闲,1,6.9,9.9,是
家电,1,12,12,否
肉禽,0.194,5.78,29.8,否
休闲,1,5.9,5.9,否
蔬果,0.922,9.22,10,否
日配,0.382,9.8,32.6,是
蔬果,0.555,2.2,3.96,否
休闲,1,9.9,9.9,否
蔬果,1.359,5.38,3.96,否
蔬果,1.437,5.7,3.96,否
蔬果,0.632,3.16,5,否
蔬果,1,2,2,否
蔬果,0.122,1.17,9.6,否
蔬果,1.333,4.21,3.16,否
日配,0.354,9.13,32.6,是
粮油,1,14.9,14.9,否
蔬果,1.73,20.73,11.98,否
日配,1,3.9,3.9,否
针织,1,39.9,69,是
蔬果,2.545,8.09,3.18,否
休闲,1,11.9,11.9,否
休闲,1,1.5,1.5,否
蔬果,1.922,6.11,3.18,否
蔬果,0.282,5.08,18,否
蔬果,0.382,3.67,9.6,否
休闲,1,1.3,1.3,否
休闲,0.356,4.2,13.8,是
蔬果,0.366,4.39,12,否
蔬果,0.379,2.49,6.56,否
日配,2.494,16.91,6.78,否
蔬果,0.358,1.27,3.56,否
蔬果,0.306,2.01,6.56,否
蔬果,0.51,7.83,56,否
粮油,1,3.6,3.6,否
粮油,1,5.7,5.7,否
日配,0.924,6.26,6.78,否
洗化,1,9.9,15.3,是
粮油,4.03,16.93,4.2,否
粮油,4.338,18.22,4.2,否
冲调,1,18.3,18.3,否
休闲,0.784,32.7,39.8,是
蔬果,1.45,25.52,17.6,否
家电,1,35.5,35.5,否
针织,1,19.9,35,是
日配,1,16.3,16.3,否
蔬果,0.49,1.26,2.58,否
休闲,0.252,10.02,51.8,是
休闲,1,3.7,3.7,否
休闲,0.226,2.21,11.8,是
蔬果,0.294,4.7,15.98,否
粮油,4,5.2,1.3,否
蔬果,0.517,3.1,6,否
蔬果,0.53,29.68,56,否
粮油,1,4.7,4.7,否
休闲,1,39.8,39.8,否
蔬果,0.412,1.22,2.96,否
熟食,0.35,7,20,否
粮油,1,17.3,17.3,否
洗化,1,12.9,16.9,是
蔬果,0.632,2.5,3.96,否
日配,12,39.6,3.3,否
粮油,1,7.9,7.9,否
蔬果,1.362,23.97,17.6,否
蔬果,1.158,11.56,9.98,否
家居,1,17,17,否
粮油,1,7.7,7.7,否
肉禽,0.446,7.85,17.6,否
粮油,1,5.5,5.5,否
粮油,1,5.3,5.3,否
粮油,1,4.9,4.9,否
蔬果,0.69,4.53,6.56,否
蔬果,0.48,1.52,3.16,否
针织,1,19,19,否
蔬果,1,2,2,否
休闲,1,10.9,13.7,是
日配,0.83,5.63,6.78,否
酒饮,1,3.9,3.9,否
熟食,2,2,1,否
蔬果,1.416,2.83,2,否
蔬果,0.298,3.58,12,否
粮油,1,1.9,1.9,否
休闲,1,13.9,13.9,否
洗化,1,24.9,24.9,否
休闲,1,9.9,9.9,否
休闲,1,6.9,6.9,否
休闲,1,27.9,27.9,否
蔬果,0.592,5.9,9.96,否
休闲,1,2.9,2.9,否
洗化,1,39.9,39.9,否
粮油,1,2.7,2.7,否
粮油,1,17.3,17.3,否
蔬果,0.228,3.83,16.8,否
粮油,1,2.8,2.8,否
粮油,1,31.8,31.9,否
粮油,1,3.8,3.8,否
熟食,0.389,2.33,6,否
粮油,0.748,3.43,4.58,否
蔬果,0.931,2.96,3.18,否
蔬果,0.48,8.45,17.6,否
蔬果,0.67,4.4,5.56,否
酒饮,1,10.3,10.3,否
蔬果,0.56,2.23,3.98,否
蔬果,0.916,3.63,3.96,否
家电,1,32,32,否
蔬果,0.354,2.76,7.8,否
休闲,1,7.5,7.5,否
蔬果,0.374,6.73,18,否
蔬果,0.571,3.75,6.56,否
蔬果,0.376,0.66,1.76,否
日配,1,1.9,1.9,否
蔬果,0.33,2.16,6.56,否
蔬果,2,4,4.98,否
休闲,0.786,9.26,19.6,是
休闲,1,3.5,3.5,否
酒饮,1,10.5,11.9,是
洗化,1,6.7,6.7,否
蔬果,0.274,1.09,3.96,否
洗化,1,11.9,15.5,是
休闲,1,14.5,14.5,否
蔬果,0.331,3.3,9.96,否
日配,0.876,5.94,6.78,否
蔬果,0.146,0.82,5.6,否
冲调,1,3,3,否
酒饮,1,7.9,7.9,否
蔬果,0.734,8.81,12,否
休闲,1,10.9,10.9,否
蔬果,0.118,0.17,1.48,否
日配,1,8.9,8.9,否
蔬果,0.776,1.4,1.8,否
熟食,0.422,2.53,6,否
洗化,1,16.9,24.9,是
粮油,1,3.3,3.3,否
粮油,5,8.5,1.7,否
休闲,1,18.9,18.9,否
蔬果,1.029,6.13,5.96,否
休闲,1,5.2,5.2,否
酒饮,1,8.3,8.3,否
粮油,1,7.7,7.7,否
蔬果,1.408,2.82,2,否
粮油,1,3.8,3.8,否
熟食,0.442,8.84,20,否
休闲,1,6.9,6.9,否
日配,0.85,5.76,6.78,否
休闲,1,10.8,10.8,否
粮油,1,7.9,7.9,否
休闲,1,2.5,2.5,否
肉禽,0.624,17.35,27.8,否
蔬果,1.029,2.63,2.56,否
酒饮,1,4,4,否
日配,2.606,17.67,6.78,否
蔬果,0.284,1.86,6.56,否
蔬果,0.418,1.67,4,否
蔬果,0.254,0.51,2,否
冲调,1,3,3,否
休闲,1,12.5,17,是
休闲,1,4.3,4.3,否
休闲,1,3.3,3.3,否
蔬果,0.447,1.77,3.96,否
粮油,0.118,11.68,99,否
粮油,1,3,3,否
洗化,1,24.9,24.9,否
蔬果,0.532,8.46,15.9,否
休闲,1,13.9,13.9,否
休闲,1,3.9,3.9,否
酒饮,5,45,9,否
粮油,1,2.3,2.3,否
蔬果,0.34,1.9,5.6,否
蔬果,0.298,1.14,1.48,否
粮油,0.246,4.87,19.8,否
蔬果,0.314,1.75,5.56,否
蔬果,0.222,2,9,否
日配,0.936,6.35,6.78,否
粮油,1,4.3,4.3,否
蔬果,0.572,9.09,15.9,否
酒饮,1,5,5,否
蔬果,0.922,11.05,11.98,否
休闲,1,10.5,10.5,否
蔬果,0.412,1.05,2.56,否
日配,1.182,23.4,19.8,否
洗化,1,9.9,15.3,是
洗化,1,35.9,35.9,否
洗化,1,17.7,17.7,否
蔬果,1.076,2.75,2.56,否
休闲,1,5.2,5.2,否
蔬果,0.216,0.43,1.98,否
休闲,1,8.7,8.7,否
蔬果,0.102,0.67,6.56,否
休闲,1,4.5,4.5,否
日配,12,58.8,5.3,是
粮油,1,8.9,8.9,否
粮油,1,2.7,2.7,否
蔬果,0.95,2.43,2.56,否
日配,2,23.8,14.9,是
日配,1,11,11,否
蔬果,1.44,25.63,17.8,否
熟食,0.272,5.44,20,否
粮油,1,3,3,否
酒饮,1,4,4,否
休闲,1,5.3,5.3,否
粮油,1,6.9,6.9,否
冲调,1,18.9,18.9,否
粮油,1,28.9,28.9,否
酒饮,1,5,5,否
粮油,1,4.5,4.5,否
休闲,1,3.5,3.5,否
休闲,1,3.7,3.7,否
粮油,1,6.5,7.3,否
蔬果,0.152,7.6,50,否
针织,1,11,11,否
蔬果,0.382,0.69,1.8,否
日配,1,7.3,7.3,否
蔬果,1.432,2.86,2,否
粮油,1,17.9,21.9,是
酒饮,1,6,6,否
粮油,3.944,16.56,4.2,否
蔬果,1.131,6.74,5.96,否
休闲,1.126,17.7,19.8,是
休闲,0.246,8.81,35.8,否
洗化,1,12.9,16.9,是
蔬果,0.262,4.19,15.98,否
蔬果,1.266,4.03,3.18,否
蔬果,0.668,1.72,2.58,否
日配,1,3.3,3.3,否
蔬果,0.686,3.98,5.8,否
粮油,1,5.7,5.7,否
蔬果,1.07,4.24,3.96,否
日配,1,59,76,是
休闲,1,4,4,否
蔬果,0.34,3.26,9.6,否
蔬果,0.72,2.87,3.98,否
粮油,1,5.7,5.7,否
蔬果,1,2,4.98,否
蔬果,0.216,1.94,9,否
蔬果,0.707,2.69,3.8,否
蔬果,0.186,1.22,6.56,否
休闲,1,10.9,10.9,否
日配,12,58.8,5.3,是
蔬果,0.486,8.55,17.6,否
休闲,0.188,7.48,39.8,否
粮油,1,3.3,3.3,否
休闲,1,2.9,2.9,否
洗化,1,9.9,9.9,否
家居,1,5,5,否
洗化,1,8.9,8.9,否
洗化,1,7.8,8.9,是
洗化,1,29.8,35.9,是
洗化,1,12.9,16.9,是
休闲,6,6.6,1.1,否
蔬果,0.066,0.63,9.6,否
蔬果,2,4,2,否
粮油,1,59.9,71.9,是
熟食,0.726,14.52,20,否
休闲,1,1,1,否
酒饮,1,4,4,否
蔬果,0.28,2.17,7.76,否
洗化,1,9.9,9.9,否
洗化,1,9.5,9.5,否
蔬果,0.452,1.1,2,否
日配,1,9.9,9.9,否
粮油,1,7.9,7.9,否
粮油,1,1.7,1.7,否
日配,1,9.8,14.9,是
休闲,0.312,7.8,25,否
休闲,1,9.9,9.9,否
日配,1,6.9,6.9,否
粮油,1,17.3,17.3,否
蔬果,0.416,1.06,2.56,否
蔬果,1,7,7,否
蔬果,0.332,0.86,2.58,否
粮油,1.19,5.68,5.58,是
蔬果,1.826,8.33,4.56,否
蔬果,1.686,10.05,5.96,否
蔬果,2.23,13.29,5.96,否
蔬果,1.376,8.2,5.96,否
休闲,1,3.9,3.9,否
休闲,1,5.8,5.8,否
日配,0.206,3.67,17.8,否
酒饮,1,10.7,10.7,否
蔬果,0.63,3.65,5.8,否
蔬果,0.324,2.51,7.76,否
日配,0.182,3.24,17.8,否
休闲,0.278,6.67,24,否
洗化,1,11.7,11.7,否
针织,1,34.9,34.9,否
蔬果,0.563,3.27,5.8,否
日配,1,13.8,13.8,否
洗化,1,37.9,37.9,否
蔬果,0.41,2.28,5.56,否
蔬果,0.775,2,2.58,否
酒饮,1,6,6,否
休闲,1,5.9,5.9,否
休闲,1,6.9,6.9,否
蔬果,0.44,0.87,1.98,否
休闲,1,3.9,3.9,否
洗化,1,4.5,4.5,否
酒饮,1,12.3,12.3,否
蔬果,1.016,6.66,6.56,否
蔬果,0.359,0.92,2.56,否
休闲,0.262,6.23,33.8,是
蔬果,0.092,0.18,2,否
日配,1,8.9,8.9,否
粮油,1,3.8,3.8,否
熟食,0.367,2.2,6,否
日配,1,11,11,否
休闲,1,1,1,否
酒饮,1,4,4,否
蔬果,0.806,2.06,2.56,否
蔬果,0.922,6.05,6.56,否
蔬果,0.528,4.01,7.6,否
肉禽,0.538,9.47,17.6,否
蔬果,0.282,1.12,3.96,否
蔬果,0.208,1.87,9,否
粮油,1,4.3,4.3,否
冲调,1,15.3,15.3,否
粮油,1,6.7,6.7,否
粮油,1,14.9,14.9,否
蔬果,0.548,0.88,1.6,否
日配,0.862,5.84,6.78,否
粮油,1,4.5,4.5,否
蔬果,0.472,2.64,5.6,否
肉禽,0.306,9.12,29.8,否
蔬果,1.06,9.5,17.6,否
粮油,1,15.3,15.3,否
蔬果,0.726,7.23,9.96,否
粮油,1,5.9,5.9,否
蔬果,2,3,1.5,否
日配,0.822,5.57,6.78,否
日配,1,10.9,13.3,是
酒饮,1,3.7,3.7,否
蔬果,1.03,1.85,1.8,否
蔬果,0.678,3.37,1.98,否
粮油,1,4.3,4.3,否
肉禽,0.154,4.59,29.8,否
休闲,1,3.5,3.5,否
洗化,1,7.5,7.9,是
蔬果,0.204,1.84,9,否
蔬果,1.15,4.55,3.96,否
休闲,0.116,1.83,19.8,是
日配,1,2.9,4.5,是
蔬果,0.3,1.07,3.56,否
蔬果,0.328,0.97,2.96,否
蔬果,0.408,9.38,23,否
蔬果,0.226,1.36,6,否
粮油,0.318,6.3,37.8,是
休闲,1,1.2,1.2,否
休闲,1,3.9,3.9,否
粮油,1,8.5,8.5,否
休闲,1,4.9,6.7,是
粮油,0.78,9.2,13.8,是
熟食,0.556,19.79,35.6,否
冲调,1,18.3,18.3,否
休闲,1,5.7,5.7,否
休闲,1,13.9,13.9,否
粮油,1,6.9,6.9,否
文体,1,0.5,0.5,否
蔬果,0.368,5.89,16,否
蔬果,0.674,20.22,30,否
粮油,1,3.9,3.9,否
酒饮,1,1.9,2.5,是
粮油,1,2.3,2.3,否
粮油,1,5.7,5.7,否
休闲,1,10.5,10.5,否
粮油,1,2.3,2.3,否
日配,0.894,6.06,6.78,否
休闲,1,11.9,11.9,否
蔬果,0.451,3.59,7.96,否
蔬果,0.397,1.57,3.96,否
日配,12,49,5.5,是
休闲,0.334,15.97,47.8,否
休闲,1,6,6,否
蔬果,0.676,1.73,2.56,否
休闲,1,11.9,11.9,否
蔬果,0.392,1.09,2.78,否
休闲,1,3.7,3.7,否
水产,0.22,6.6,30,否
蔬果,0.234,2.81,12,否
日配,1,8.9,8.9,否
休闲,1,3.3,3.3,否
酒饮,1,15,15,否
蔬果,0.596,0.95,1.6,否
蔬果,0.274,1.8,6.56,否
蔬果,1.013,12.14,11.98,否
粮油,0.408,7.18,17.6,否
休闲,1,2.5,2.5,否
洗化,1,6.9,9.7,是
粮油,1,1.7,1.7,否
粮油,12,38.4,3.2,否
休闲,1,4.9,6.7,是
休闲,1,3.3,3.3,否
蔬果,0.384,0.99,2.58,否
蔬果,0.362,2.37,6.56,否
冲调,1,36.5,36.5,否
粮油,1,6.7,6.7,否
蔬果,0.448,2.51,5.6,否
蔬果,0.172,1,5.8,否
休闲,1,4.3,4.3,否
蔬果,1,24,24,否
蔬果,0.54,5.18,9.6,否
酒饮,1,6.9,6.9,否
蔬果,1,4.98,4.98,否
日配,1,15.3,15.3,否
蔬果,2.884,28.78,9.98,否
粮油,1,4.5,4.5,否
蔬果,0.676,20.28,30,否
粮油,1,7.9,7.9,否
粮油,1,7.9,7.9,否
休闲,0.132,5.25,39.8,否
休闲,0.238,2.8,19.8,是
日配,1,78,78,否
肉禽,1,1.6,1.6,否
文体,1,2,2,否
休闲,2,4.4,2.2,否
家电,1,18.5,18.5,否
日配,0.606,4.11,6.78,否
家居,1,6,6,否
休闲,0.21,14.66,69.8,否
蔬果,0.408,1.55,3.8,否
针织,1,5.9,7,是
粮油,1,8.9,8.9,否
蔬果,1.146,2.27,1.98,否
粮油,1,6.9,6.9,否
洗化,1,39.9,39.9,否
粮油,1,3.8,3.8,否
休闲,1,1.3,1.3,否
休闲,1,3.5,3.5,否
休闲,1,3.6,3.6,否
酒饮,1,7.7,7.7,否
蔬果,0.286,1.57,5.8,否
酒饮,1,2.8,2.8,否
蔬果,0.51,1.02,1.76,否
家居,1,5.5,5.5,否
蔬果,0.584,3.5,6,否
休闲,0.102,4.06,39.8,否
蔬果,1.318,10.52,7.98,否
蔬果,0.588,3.86,6.56,否
蔬果,0.396,1.58,4,否
日配,1.304,8.84,6.78,否
休闲,10,12,1.2,否
粮油,1,11.7,11.7,否
粮油,1.006,13.88,13.8,否
蔬果,0.676,2.68,3.96,否
蔬果,0.384,2.23,5.8,否
休闲,1,5.3,5.3,否
休闲,1,4.3,4.3,否
蔬果,0.512,3.07,6,否
蔬果,0.06,0.21,3.56,否
日配,0.848,5.75,6.78,否
蔬果,0.766,5.97,7.8,否
粮油,0.16,14.37,89.8,否
蔬果,3.072,54.07,17.6,否
蔬果,0.69,6.62,9.6,否
粮油,1,2.3,2.3,否
蔬果,1.024,12.27,11.98,否
蔬果,0.58,1.72,2.96,否
酒饮,1,69,139,是
粮油,1,6.7,6.7,否
日配,6,16.8,2.8,否
蔬果,0.12,0.91,7.6,否
粮油,1,9.5,9.5,否
蔬果,0.443,2.57,5.8,否
休闲,1,2.7,2.7,否
家居,1,9,9,否
休闲,1,4.9,6.7,是
休闲,1,7.5,7.5,否
粮油,1,6.7,6.7,否
洗化,2,31.8,15.9,否
蔬果,0.327,0.84,2.58,否
粮油,4,5.2,1.3,否
休闲,1,26.9,26.9,否
蔬果,0.522,2.08,3.98,否
粮油,1,0.5,0.5,否
肉禽,0.55,15.29,27.8,否
蔬果,0.45,2.61,5.8,否
蔬果,1.05,3.34,3.18,否
粮油,1,9.9,9.9,否
蔬果,0.118,1.42,12,否
粮油,4,10,2.5,否
熟食,0.184,13.98,76,否
粮油,1,3,3,否
蔬果,0.166,0.92,5.56,否
熟食,0.516,10.32,20,否
日配,1,3.9,4.9,是
蔬果,0.54,3.13,5.8,否
蔬果,2.822,5.53,1.96,否
蔬果,1.38,16.56,12,否
日配,1,11,11,否
休闲,1,4,4,否
蔬果,1.42,22.66,15.96,否
粮油,1,15.5,15.5,否
洗化,1,8,8,否
蔬果,0.794,7.94,10,否
肉禽,2.54,70.61,27.8,否
粮油,1,6.9,6.9,否
蔬果,0.265,1.44,5.8,否
蔬果,0.722,4.74,6.56,否
粮油,2,6.4,3.2,否
粮油,1,3,3.5,否
蔬果,1.198,7.14,5.96,否
酒饮,1,4.5,4.5,否
休闲,1,5.5,5.5,否
蔬果,1.668,29.69,17.8,否
酒饮,1,6,6,否
日配,0.9,6.1,6.78,否
蔬果,0.612,6.1,9.96,否
蔬果,0.596,5.72,9.6,否
蔬果,0.35,1.39,3.96,否
针织,1,16,16,否
酒饮,1,11.9,11.9,否
洗化,1,4.7,4.7,否
洗化,1,18.9,18.9,否
酒饮,1,12.3,12.3,否
粮油,1,2.3,2.3,否
粮油,1.384,9.66,6.98,否
蔬果,0.74,4.41,5.96,否
蔬果,0.58,1.16,2,否
熟食,4,2,0.5,否
休闲,1,4,4,否
休闲,1,7.7,7.7,否
蔬果,0.35,3.84,9,否
洗化,1,8.5,8.9,是
蔬果,2.006,3.93,1.96,否
蔬果,0.526,6.31,12,否
蔬果,0.376,0.74,1.98,否
蔬果,0.518,2.59,5,否
酒饮,1,5,5,否
粮油,1,4.2,4.2,否
蔬果,0.45,2.61,5.8,否
蔬果,0.416,0.82,1.98,否
休闲,1,3.9,3.9,否
肉禽,0.306,9.12,29.8,否
熟食,0.554,11.08,20,否
粮油,1,6.7,6.7,否
休闲,0.336,5.3,19.8,是
蔬果,0.42,3.28,7.8,否
蔬果,0.618,1.22,1.98,否
休闲,1,12.9,12.9,否
洗化,1,8,8,否
日配,1,11,11,否
休闲,1,3.7,3.7,否
休闲,0.26,6.1,33.8,是
日配,1,6.7,6.7,否
蔬果,0.766,7.66,10,否
酒饮,1,7.9,7.9,否
酒饮,1,25.3,25.3,否
蔬果,0.616,1.58,2.56,否
粮油,1,3.9,3.9,否
休闲,1,10,10,否
休闲,1,6.9,9.9,是
休闲,1,5.5,7.3,是
休闲,1,5.9,5.9,否
蔬果,1.585,4.06,2.56,否
蔬果,0.648,7.78,12,否
蔬果,1,2,2,否
日配,0.742,5.03,6.78,否
休闲,1,1.3,1.3,否
休闲,1,8.3,8.3,否
休闲,0.342,17.78,60,否
洗化,1,12,12,否
粮油,1,9.9,9.9,否
熟食,0.65,3.9,6,否
蔬果,0.636,3.82,6,否
蔬果,0.748,2.96,3.96,否
粮油,1,6.3,6.3,否
日配,1,10.9,13.3,是
蔬果,0.244,2.2,9,否
蔬果,1.322,2.64,2,否
休闲,1,2,2,否
粮油,1,0.5,0.5,否
休闲,1,4,4,否
休闲,1,5.9,5.9,否
蔬果,0.304,2.92,9.6,否
蔬果,3.233,8.28,2.56,否
休闲,1,3.7,3.7,否
洗化,1,9.9,15.3,是
蔬果,0.188,1.23,6.56,否
日配,24,58.8,3,是
蔬果,0.866,2.23,2.58,否
文体,1,6,6,否
蔬果,0.7,1.12,1.6,否
蔬果,7.77,21.6,2.56,否
粮油,1,6.7,6.7,否
蔬果,2.52,5.04,2,否
蔬果,2.702,32.37,11.98,否
休闲,0.248,2.42,11.8,是
蔬果,0.67,2.65,3.96,否
洗化,1,8.5,8.9,是
粮油,1,9.5,9.5,否
日配,1,13.9,16.3,是
酒饮,1,3,3,否
洗化,1,6.9,9.7,是
休闲,1,5.3,5.3,否
蔬果,0.604,1.2,1.98,否
蔬果,1.176,11.7,11.98,否
蔬果,0.13,1.17,9,否
日配,0.27,6.96,32.6,是
蔬果,0.748,1.91,2.56,否
洗化,1,8.9,8.9,否
肉禽,0.35,10.43,29.8,否
家电,1,4.5,4.5,否
洗化,1,8.9,8.9,否
休闲,1,3.3,3.3,否
蔬果,2,3,1.5,否
日配,8,22.4,2.8,否
日配,0.912,6.18,6.78,否
休闲,1,4,4,否
洗化,1,8.9,8.9,否
洗化,1,11.9,11.9,否
粮油,5,34,6.8,否
蔬果,0.286,2.22,7.76,否
粮油,1,6.8,6.8,否
粮油,1,4.8,4.8,否
蔬果,0.474,4.55,9.6,否
休闲,1,6.9,6.9,否
休闲,1,5.9,5.9,否
蔬果,3.068,7.85,2.56,否
蔬果,5.058,10.01,1.98,否
蔬果,0.318,0.56,1.76,否
粮油,1,3.5,3.5,否
粮油,1,5.3,5.3,否
粮油,1,41.9,41.9,否
粮油,1,25.9,25.9,否
日配,1,9.9,9.9,否
洗化,2,13.8,9.7,是
洗化,1,16.9,24.9,是
蔬果,1.166,5.83,5,否
休闲,1,2.9,2.9,否
蔬果,1.064,2.72,2.56,否
粮油,1,14.9,14.9,否
蔬果,0.202,1.94,9.6,否
日配,12,39.9,5.5,是
粮油,1,0.5,1.9,是
休闲,1,4,4,否
日配,1,13.9,14.3,否
蔬果,0.736,2.91,3.96,否
粮油,3.655,15.35,4.2,否
日配,1,11.9,11.9,否
粮油,1,20.3,20.3,否
蔬果,1.302,2.6,2,否
粮油,1,3.9,6.7,是
粮油,1,3.9,5.9,是
日配,1,7.9,7.9,否
蔬果,1.18,4.67,3.96,否
蔬果,1,4.98,4.98,否
蔬果,1.03,2.02,1.96,否
蔬果,1.146,4.3,3.18,否
熟食,4,2,0.5,否
粮油,1,3,3,否
粮油,1,2.5,3,否
粮油,1,2,2,否
蔬果,0.604,10.63,17.6,否
蔬果,0.616,3.57,5.8,否
蔬果,0.256,2.46,9.6,否
蔬果,0.566,11.21,19.8,否
熟食,0.001,0.02,20,否
蔬果,1,1.5,1.5,否
熟食,0.308,6.16,20,否
蔬果,5.29,7.83,1.48,否
蔬果,11.209,20.18,1.8,否
蔬果,0.302,1.69,5.6,否
蔬果,0.538,2.13,3.96,否
蔬果,0.453,3.44,7.6,否
粮油,0.122,12.08,99,否
洗化,1,12.9,16.9,是
休闲,0.216,22.85,105.8,否
日配,1,9.9,9.9,否
休闲,1,13.5,13.5,否
日配,1,11.9,11.9,否
酒饮,1,60,60,否
蔬果,0.365,2.39,6.56,否
蔬果,5.434,13.91,2.56,否
蔬果,0.252,0.9,3.56,否
休闲,0.268,3.1,19.8,是
粮油,1,7.3,7.3,否
蔬果,0.27,2.69,9.96,否
日配,0.428,11.04,32.6,是
熟食,0.802,16.04,20,否
蔬果,0.78,9.34,11.98,否
蔬果,0.206,1.15,5.6,否
休闲,1,2.9,2.9,否
粮油,1,13.9,13.9,否
休闲,1,6.9,6.9,否
洗化,1,7.9,7.9,否
休闲,0.32,4.4,19,是
洗化,1,20.9,20.9,否
粮油,1,36.9,36.9,否
休闲,1,5.9,5.9,否
粮油,4.41,18.52,4.2,否
休闲,1,21.9,21.9,否
洗化,1,8.9,8.9,否
蔬果,0.57,3.17,5.56,否
日配,1,7.9,12.8,是
蔬果,1.784,8.88,4.98,否
洗化,1,16,16,否
酒饮,1,4.8,4.8,否
蔬果,1.734,8.64,4.98,否
蔬果,0.794,23.82,30,否
蔬果,0.88,3.48,3.96,否
休闲,1,3.5,3.5,否
日配,1,3.5,3.9,是
休闲,1,2.7,2.7,否
休闲,0.24,9.55,39.8,否
休闲,1,2.9,2.9,否
肉禽,0.796,24.68,31,否
日配,1,4.3,4.3,否
家居,1,26,26,否
休闲,1,4.5,4.5,否
粮油,1,4.3,4.3,否
蔬果,1.722,20.63,11.98,否
蔬果,0.476,3.62,7.6,否
日配,1,10.9,10.9,否
洗化,1,6.9,6.9,否
蔬果,1.778,15.96,17.6,否
家居,1,6,6,否
休闲,0.18,7.16,39.8,否
蔬果,1.214,14.54,11.98,否
洗化,1,7.5,7.9,是
粮油,0.628,12.43,19.8,否
粮油,10,13,1.3,否
休闲,1,4.7,4.7,否
蔬果,9.905,64.98,6.56,否
蔬果,-5.434,-13.91,2.56,否
蔬果,5.434,13.91,2.56,否
蔬果,10.01,50.05,5,否
粮油,1,8.2,8.2,否
蔬果,0.512,8.18,15.98,否
日配,1,5.3,5.3,否
粮油,1,6.9,6.9,否
酒饮,1,4.5,4.5,否
蔬果,1.202,4.57,3.8,否
蔬果,0.61,3.65,5.98,否
粮油,1,2.7,2.7,否
休闲,1,7.9,7.9,否
粮油,1,5.5,5.5,否
蔬果,1.138,2.23,1.96,否
熟食,0.61,3.66,6,否
休闲,1,2.7,2.7,否
蔬果,1.44,12.93,4,否
酒饮,1,4.9,4.9,否
粮油,1,3,3,否
粮油,1,6.8,6.8,否
休闲,1,13.9,13.9,否
蔬果,0.58,1.04,1.8,否
蔬果,0.48,2.78,5.8,否
蔬果,0.392,1.57,4,否
蔬果,1.176,3.01,2.56,否
蔬果,1.534,6.07,3.96,否
粮油,2,7.6,3.8,否
粮油,1,12.9,12.9,否
蔬果,0.326,1.96,6,否
休闲,0.188,12.03,64,否
洗化,1,6.9,9.7,是
文体,1,1.7,1.7,否
粮油,1,3.7,3.7,否
蔬果,4,8,2,否
蔬果,1,2,2,否
洗化,1,31.9,45.9,是
蔬果,0.556,5.54,9.96,否
蔬果,0.934,1.68,1.8,否
休闲,0.13,3.35,25.8,否
蔬果,0.45,0.67,1.48,否
蔬果,0.118,1.42,12,否
日配,1,9.9,15.9,是
洗化,1,12.9,14.5,是
洗化,1,9.9,9.9,否
蔬果,2.264,27.12,11.98,否
蔬果,1.829,2.89,1.96,否
蔬果,1.755,10.46,5.96,否
蔬果,1.286,4.06,3.16,否
蔬果,0.252,1.51,5.98,否
日配,2,13,6.5,否
粮油,0.134,12.03,89.8,否
熟食,0.428,38.52,90,否
熟食,0.952,19.04,20,否
蔬果,0.58,3.36,5.8,否
蔬果,0.68,6.8,10,否
酒饮,1,3.5,3.5,否
蔬果,0.954,1.41,1.48,否
洗化,1,13.9,15.9,是
休闲,0.342,17.03,49.8,否
休闲,1,2.9,2.9,否
洗化,1,9.9,9.9,否
休闲,0.074,1.76,23.8,否
家居,1,5,5,否
洗化,1,1.7,1.7,否
蔬果,1.05,4.16,3.96,否
洗化,1,5,6.9,是
粮油,1,3.9,3.9,否
日配,1,2.8,2.8,否
文体,1,2,2,否
日配,0.682,17.5,32.6,是
蔬果,0.986,1.93,1.96,否
粮油,3.84,15.36,4.2,否
粮油,1,5.7,5.7,否
休闲,1,33.9,33.9,否
蔬果,1.398,3.58,2.56,否
蔬果,0.467,1.38,2.96,否
休闲,1,3.7,3.7,否
休闲,1,12.5,16.5,是
休闲,1,29.8,49.8,是
休闲,0.402,15.99,43.8,是
日配,1,11.9,11.9,否
日配,1,14.3,14.3,否
休闲,1,4.3,4.3,否
休闲,1,6,6,否
蔬果,0.403,1.61,4,否
针织,1,34.9,34.9,否
日配,4,8,2,否
蔬果,0.525,1.55,2.96,否
蔬果,0.387,1.53,3.96,否
蔬果,1.224,21.54,17.6,否
蔬果,14.995,59.38,3.96,否
日配,16,33.9,2.7,是
蔬果,4,8,2,否
肉禽,0.224,6.68,29.8,否
休闲,1,8.5,8.7,否
蔬果,0.192,2.3,12,否
洗化,1,11.9,11.9,否
冲调,1,9.9,9.9,否
蔬果,0.516,2.87,3.96,否
日配,1,13.9,16.3,是
蔬果,2.108,12.56,5.96,否
日配,1.098,21.08,19.2,否
粮油,1,21.8,21.8,否
冲调,1,118.9,118.9,否
家居,1,5,5,否
蔬果,7.654,42.86,5.6,否
蔬果,7.9,31.28,3.96,否
蔬果,2,3,1.5,否
蔬果,0.336,2.01,5.98,否
蔬果,0.59,3.42,5.8,否
蔬果,0.142,7.1,50,否
冲调,1,3.2,3.2,否
洗化,1,1.5,1.5,否
蔬果,0.67,8.03,11.98,否
休闲,0.296,17.7,59.8,否
休闲,1,9.5,9.5,否
粮油,1,1,1,否
蔬果,0.406,2.03,5,否
洗化,1,4.9,4.9,否
蔬果,0.18,0.9,4.98,否
蔬果,0.132,2.85,21.6,否
蔬果,0.389,1.1,4,否
蔬果,0.234,1.63,6.96,否
蔬果,0.504,2.82,5.6,否
蔬果,0.282,1.12,3.96,否
休闲,1,3.5,3.5,否
日配,1,18.9,18.9,否
粮油,1,2.9,2.9,否
蔬果,0.328,0.97,2.96,否
日配,1,10.9,13.5,是
粮油,1.624,22.41,13.8,否
蔬果,1.504,8.96,5.96,否
冲调,1,9.9,9.9,否
休闲,1,7.5,7.5,否
休闲,0.196,2.3,13.8,是
酒饮,1,12.3,12.3,否
日配,0.89,6.03,6.78,否
蔬果,1.326,3.39,2.56,否
粮油,1,6.9,6.9,否
蔬果,0.362,1.07,2.96,否
日配,1,11,11,否
蔬果,0.85,8.5,10,否
蔬果,0.998,17.76,17.8,否
粮油,1,3.2,3.2,否
休闲,1,10.9,10.9,否
休闲,1,7.5,7.5,否
粮油,2,8.6,4.3,否
休闲,0.2,3.56,25.8,是
休闲,1,17.9,17.9,否
洗化,1,108,108,否
蔬果,0.748,8.96,11.98,否
日配,12,49,5.5,是
蔬果,0.392,7.06,18,否
蔬果,0.592,10.42,17.6,否
蔬果,0.258,2,7.76,否
蔬果,1.005,3.98,3.96,否
蔬果,0.269,1.56,5.8,否
粮油,-1,-4.9,4.9,否
休闲,1,5.3,5.3,否
日配,0.29,5.16,17.8,否
蔬果,0.098,1.18,12,否
蔬果,0.189,0.34,1.8,否
休闲,1,3.5,3.5,否
粮油,1,49.9,59.9,是
日配,1.651,11.19,6.78,否
蔬果,0.334,2.67,5.98,否
日配,0.84,5.7,6.78,否
休闲,1,5.3,5.3,否
蔬果,0.966,3.67,3.8,否
粮油,1,5.7,5.7,否
蔬果,0.182,1.02,5.6,否
休闲,1,1,1,否
洗化,1,31.9,45.9,是
洗化,1,1.3,1.3,否
休闲,1,2.7,2.7,否
蔬果,0.638,2.53,3.96,否
蔬果,0.294,1.63,5.56,否
蔬果,0.362,1.81,5,否
粮油,0.11,13.64,124,否
蔬果,1.338,7.97,5.96,否
粮油,1,7.9,7.9,否
蔬果,1.198,7.14,5.96,否
蔬果,0.345,2,5.8,否
日配,1,59,76,是
洗化,1,13.8,16.9,是
蔬果,0.576,3.34,5.8,否
蔬果,0.214,0.42,1.98,否
蔬果,0.284,1.86,6.56,否
蔬果,0.182,0.39,5,否
蔬果,0.29,0.58,2,否
粮油,1,7.7,7.7,否
休闲,1,2.7,2.7,否
蔬果,0.442,2.56,5.8,否
蔬果,0.706,2.09,2.96,否
日配,1,59,76,是
肉禽,0.086,3.42,39.8,否
蔬果,0.299,1.79,5.98,否
日配,1,5.6,5.6,否
洗化,1,15.7,15.7,否
蔬果,0.188,1.69,9,否
蔬果,1.314,23.13,17.6,否
洗化,1,15.9,15.9,否
粮油,1,5.7,5.7,否
日配,0.842,5.71,6.78,否
蔬果,2.986,9.5,3.18,否
蔬果,0.16,8,50,否
休闲,1,5,5,否
蔬果,2.218,4.44,2,否
休闲,0.378,3.7,11.8,是
洗化,5,10,2,否
休闲,1,3.9,3.9,否
蔬果,0.572,1.03,1.8,否
粮油,-1,-24.9,24.9,否
蔬果,2.63,5.26,2,否
蔬果,1.854,3.63,1.96,否
肉禽,0.494,17.69,35.8,否
蔬果,0.306,1.71,5.6,否
休闲,1,5.3,5.3,否
蔬果,0.22,0.44,2,否
蔬果,0.302,2.41,5.98,否
蔬果,3,60,20,否
蔬果,0.298,1.78,5.98,否
蔬果,0.26,1.45,5.56,否
蔬果,0.43,3.87,9,否
粮油,1,9.5,9.5,否
日配,0.812,5.51,6.78,否
洗化,1,8.9,8.9,否
肉禽,5.868,163.13,27.8,否
粮油,2.012,27.77,13.8,否
粮油,1.008,15.02,14.9,否
洗化,1,12.9,19.9,是
蔬果,0.954,3.78,3.96,否
粮油,1,8.2,8.2,否
粮油,1,7.9,7.9,否
粮油,0.912,4.01,4.4,否
粮油,1,2.7,2.7,否
蔬果,1.494,4.75,3.18,否
蔬果,0.67,6.7,10,否
休闲,1,3.2,3.2,否
洗化,1,13.8,16.9,是
冲调,1,4.9,4.9,否
粮油,1,6.9,6.9,否
粮油,1,17.9,17.9,否
日配,4,10.8,2.7,否
粮油,1,5.9,5.9,否
休闲,1,2.9,2.9,否
蔬果,0.319,1.28,4,否
粮油,1,7.7,7.7,否
蔬果,0.268,0.79,2.96,否
蔬果,0.922,2.38,2.58,否
蔬果,0.535,4.26,7.96,否
蔬果,0.394,2.21,5.6,否
粮油,1,2.9,2.9,否
洗化,1,13.8,16.9,是
肉禽,1.046,43.72,41.8,否
蔬果,0.647,3.24,5,否
粮油,1,2.3,2.3,否
蔬果,0.354,4.25,12,否
蔬果,0.454,1.16,2.56,否
蔬果,0.086,0.56,6.56,否
粮油,1,3.9,6.7,是
洗化,1,2.9,3.9,是
休闲,1,28.9,47,是
蔬果,0.466,5.59,12,否
蔬果,0.748,4.34,5.8,否
洗化,1,11.9,15.5,是
蔬果,0.886,3.54,4,否
蔬果,0.173,0.97,5.6,否
蔬果,0.626,1.13,1.8,否
休闲,0.232,6.91,29.8,否
休闲,1,7.2,7.2,否
日配,1,10.8,10.8,否
休闲,1,2.7,2.7,否
日配,1,5.7,5.7,否
蔬果,0.268,4.5,16.8,否
蔬果,0.726,5.52,7.6,否
粮油,1,10.9,14.9,是
日配,1,7.9,12.8,是
蔬果,0.554,1,1.8,否
蔬果,0.631,1.25,6.56,否
洗化,1,13.9,16.9,是
洗化,1,10.9,10.9,否
休闲,1,0.5,0.5,否
日配,1,10.9,13.3,是
休闲,0.322,6.31,25,是
日配,16,33.9,2.7,是
蔬果,0.364,3.94,9.6,否
蔬果,0.484,3.18,6.56,否
粮油,1,11.9,14.7,否
蔬果,0.66,13.07,19.8,否
粮油,1,4.2,4.2,否
休闲,1,4.5,4.5,否
日配,1,8.9,8.9,否
日配,1,8.9,8.9,否
粮油,1,5.7,5.7,否
蔬果,0.524,8.33,15.9,否
日配,1,65,65,否
粮油,0.114,7.98,70,否
洗化,1,8.9,8.9,否
休闲,1,9.5,9.5,否
蔬果,0.842,1.68,2,否
蔬果,0.462,1.18,2.56,否
休闲,0.11,4.8,51.6,是
冲调,1,13.9,17.3,是
粮油,1,75.9,75.9,否
日配,12,58.8,4.9,否
洗化,1,6.9,9.7,是
冲调,1,9.9,9.9,否
日配,0.398,3.38,8.5,否
蔬果,0.404,0.8,1.98,否
蔬果,0.382,3.44,9,否
蔬果,0.438,2.19,5,否
蔬果,0.214,4.62,21.6,否
洗化,1,6.9,8.9,是
洗化,1,3,3.7,是
粮油,1,11.9,11.9,否
粮油,1,3.2,3.2,否
粮油,1,6.9,6.9,否
蔬果,0.806,3.21,3.98,否
蔬果,1.1,19.36,17.6,否
蔬果,0.298,3.58,12,否
蔬果,1.414,8.43,5.96,否
蔬果,1.886,3.7,1.96,否
日配,1,6.7,6.7,否
洗化,1,9.9,9.9,否
家居,1,9,9,否
休闲,0.154,7.36,47.8,否
蔬果,1.93,23.12,11.98,否
文体,1,2.7,2.7,否
肉禽,0.682,18.96,27.8,否
蔬果,0.604,3.5,5.8,否
洗化,1,2.9,2.9,否
粮油,1,6.9,6.9,否
酒饮,10,73,7.3,否
粮油,1,3.9,3.9,否
蔬果,-0.324,-2.46,7.6,否
蔬果,0.324,2.46,7.6,否
蔬果,1,2,2,否
粮油,1,12.9,12.9,否
蔬果,0.244,1.94,7.96,否
熟食,4,2,0.5,否
休闲,1,4.7,4.7,否
蔬果,1.356,5.37,3.96,否
蔬果,1.12,4.44,3.96,否
休闲,1,7.9,7.9,否
休闲,1,11,11,否
休闲,0.354,4.17,13.8,是
休闲,0.264,10.51,39.8,否
冲调,1,20.3,20.3,否
蔬果,0.344,2.06,6,否
蔬果,0.416,1.07,2.58,否
蔬果,0.346,2.83,12,否
蔬果,0.222,4,18,否
日配,1,2.3,2.3,否
休闲,0.18,6.44,35.8,否
酒饮,20,76,3.8,否
休闲,1,4,4,否
家居,1,5.5,5.5,否
休闲,0.336,14.7,51.6,是
休闲,1,8.7,8.7,否
休闲,1,6.9,6.9,否
蔬果,0.312,1.87,5.98,否
粮油,0.634,3.73,6.8,是
粮油,1,3.9,3.9,否
日配,4,31.6,12.8,是
洗化,1,4.3,4.3,否
粮油,5,5,1,否
休闲,1,2.9,2.9,否
蔬果,1.054,12.63,11.98,否
蔬果,0.302,3.62,12,否
日配,0.744,5.04,6.78,否
蔬果,0.152,0.91,6,否
蔬果,0.337,0.87,2.58,否
蔬果,0.65,2.47,3.8,否
日配,2,4,2,否
日配,1,8,8,否
洗化,1,4.7,4.7,否
蔬果,2.29,20.61,9,否
粮油,2.106,33.27,15.8,否
休闲,1,19.7,19.7,否
日配,2,4.6,2.3,否
蔬果,0.686,12.07,17.6,否
日配,1,13.3,13.3,否
日配,1,10.3,10.3,否
日配,1,4.3,4.3,否
粮油,2.014,23.97,11.9,否
休闲,1,5.9,5.9,否
休闲,1,3.9,3.9,否
蔬果,0.27,2.69,9.96,否
休闲,1,12.9,12.9,否
日配,1,9.9,9.9,否
粮油,1,5.5,5.5,否
蔬果,2.434,29.16,11.98,否
洗化,1,4.9,4.9,否
针织,1,15.9,33,是
蔬果,0.7,4.06,5.8,否
蔬果,0.42,3.78,9,否
日配,0.968,6.56,6.78,否
休闲,1,8.5,8.7,否
粮油,0.298,20.86,70,否
日配,0.864,5.86,6.78,否
蔬果,0.598,5.38,9,否
休闲,0.302,7.25,24,否
粮油,1,4.3,4.3,否
蔬果,0.114,5.7,50,否
洗化,1,15.7,15.7,否
洗化,1,32.9,32.9,否
蔬果,1.128,10.15,9,否
粮油,1,4.9,4.9,否
蔬果,1,2,2,否
酒饮,1,20.7,20.7,否
蔬果,0.413,1.65,4,否
洗化,1,16.9,24.9,是
洗化,1,23.9,23.9,否
日配,1,13.9,16.3,是
日配,1,24.7,24.7,否
蔬果,1.33,2.66,2,否
日配,1,4.3,4.3,否
粮油,1.624,11.21,6.9,否
蔬果,0.944,4.7,1.98,否
洗化,1,6.9,6.9,否
洗化,1,3.9,3.9,否
粮油,1,3.5,4.3,是
粮油,1,19.9,25.9,是
蔬果,0.818,2.09,2.56,否
休闲,0.352,4.1,19.6,是
休闲,1,3.3,3.3,否
针织,1,19.9,27,是
蔬果,1,4.98,4.98,否
蔬果,0.69,6.87,17.6,否
文体,1,19,19,否
日配,0.956,6.48,6.78,否
洗化,1,16.9,16.9,否
粮油,2.118,18.85,8.9,否
日配,1,2,2,否
休闲,1,1,1,否
日配,1,8.9,12.9,是
蔬果,0.374,3.59,9.6,否
日配,12,58.8,5.3,是
蔬果,0.272,2.45,9,否
休闲,0.202,5.2,29.8,是
蔬果,1,2,2,否
蔬果,0.386,2.16,5.6,否
休闲,1,2.9,2.9,否
蔬果,0.333,0.66,1.98,否
粮油,1,1.7,1.7,否
洗化,1,13.9,13.9,否
蔬果,0.654,3.79,5.8,否
蔬果,0.517,3.39,6.56,否
家居,1,8,8,否
日配,1,4.5,4.5,否
粮油,1,6.9,6.9,否
蔬果,9.224,71.95,7.8,否
洗化,1,8.5,8.9,是
蔬果,1.215,7.24,5.96,否
蔬果,1.146,18.31,15.98,否
蔬果,0.63,4.79,7.6,否
蔬果,0.55,1.41,2.56,否
熟食,0.212,5.94,28,否
蔬果,1.964,58.92,30,否
休闲,1,8.5,10.9,是
休闲,1,12.5,17,是
蔬果,0.612,2.33,3.8,否
酒饮,1,6.9,6.9,否
蔬果,0.652,4.28,6.56,否
粮油,1,1.9,1.9,否
日配,1,8.9,8.9,否
蔬果,0.374,11.22,30,否
蔬果,0.154,0.23,1.48,否
蔬果,2.153,6.85,3.18,否
休闲,1,4.9,4.9,否
蔬果,0.222,1.55,6.96,否
文体,1,3.3,3.3,否
蔬果,0.305,0.85,2.78,否
休闲,0.16,7.97,49.8,否
休闲,0.438,6.04,13.8,否
蔬果,0.076,0.91,12,否
洗化,1,11.9,15.5,是
洗化,1,15.9,15.9,否
粮油,1,4.5,4.7,否
熟食,0.432,2.59,6,否
休闲,1,12.9,12.9,否
洗化,1,6.7,6.7,否
日配,5,5,1,否
蔬果,0.3,2.7,9,否
日配,2,7.8,4.3,否
休闲,1,3.7,3.7,否
针织,1,60,60,否
蔬果,0.802,4.81,6,否
日配,16,33.9,2.7,是
休闲,1,7.5,8.6,是
休闲,0.534,8.01,17,是
粮油,1,18.9,18.9,否
粮油,1,2.3,2.3,否
粮油,1,1,1,否
洗化,1,12.9,14.5,是
洗化,4,7.6,1.9,否
蔬果,1.318,7.86,5.96,否
蔬果,0.386,0.99,2.56,否
蔬果,0.334,1.32,3.96,否
日配,1,4.2,4.2,否
休闲,1,2.2,2.2,否
洗化,1,12.9,12.9,否
休闲,1,8.9,8.9,否
蔬果,1.003,6,12,否
休闲,1,3,3,否
蔬果,1.686,29.67,17.6,否
洗化,1,3.9,3.9,否
蔬果,0.793,1.57,1.98,否
日配,1,2.7,2.7,否
洗化,10,17,1.7,否
蔬果,0.53,0.95,1.8,否
蔬果,1.332,5.3,3.96,否
蔬果,2,9.96,4.98,否
水产,0.45,13.5,30,否
蔬果,0.328,0.84,2.56,否
蔬果,8.36,33.11,3.96,否
粮油,1.812,27,14.9,否
蔬果,0.28,2.17,7.76,否
针织,1,19.9,35,是
粮油,1,7.7,7.7,否
蔬果,0.324,19.44,60,否
洗化,1,8.5,8.9,是
日配,24,58.8,3,是
洗化,1,6.9,6.9,否
蔬果,0.701,2.78,3.96,否
粮油,1,8.5,8.5,否
蔬果,1.18,7.03,5.96,否
休闲,0.176,7.7,51.6,是
粮油,0.532,3.1,6.8,是
蔬果,0.894,2.84,3.18,否
粮油,1,24.9,24.9,否
粮油,1,7.5,7.5,否
日配,1,6.9,6.9,否
蔬果,2,3,1.5,否
蔬果,0.252,7.56,30,否
蔬果,0.504,1.01,2,否
蔬果,1,4.98,4.98,否
蔬果,0.518,6.22,12,否
蔬果,0.468,1.86,3.98,否
日配,1,2.3,2.3,否
酒饮,1,11.3,11.3,否
蔬果,0.661,1.69,2.56,否
蔬果,0.396,2.22,5.6,否
休闲,1,3.5,3.5,否
蔬果,0.258,2,7.76,否
蔬果,0.496,3.95,7.96,否
洗化,1,23.9,23.9,否
冲调,1,3,3,否
休闲,1,12.5,17,是
酒饮,1,7.5,7.5,否
粮油,1,13.3,13.3,否
蔬果,0.591,1.51,2.56,否
休闲,1,8.5,10.9,是
休闲,1,10.9,10.9,否
粮油,1,13.9,13.9,否
粮油,0.798,11.01,13.8,否
蔬果,1.936,7.67,3.96,否
日配,1.684,11.42,6.78,否
熟食,0.001,0.02,20,否
蔬果,0.492,2.85,5.8,否
蔬果,1.042,10.42,10,否
文体,1,3.7,3.7,否
休闲,1,1,1,否
蔬果,0.242,1.36,5.6,否
蔬果,0.372,2.44,6.56,否
蔬果,0.9,4.4,1.98,否
蔬果,0.638,19.14,30,否
日配,1,2.3,2.3,否
蔬果,0.716,8.59,12,否
休闲,0.144,10.22,71,否
蔬果,4,8,2,否
休闲,1,8.9,8.9,否
洗化,1,10.7,10.7,否
休闲,1,3.5,3.5,否
熟食,0.218,6.1,28,否
休闲,0.228,5.42,33.8,是
粮油,1,8.9,8.9,否
蔬果,0.538,1.39,2.58,否
蔬果,0.45,3.58,7.96,否
酒饮,1,19.9,19.9,否
蔬果,0.824,1.48,1.8,否
酒饮,1,8.9,8.9,否
蔬果,0.744,8.93,12,否
蔬果,0.442,2.56,5.8,否
日配,1,5,5,否
休闲,1,1,1,否
蔬果,0.618,3.57,7.6,否
熟食,0.324,6.48,20,否
熟食,0.457,2.74,6,否
粮油,1,2.3,2.3,否
蔬果,1.276,2.5,1.96,否
休闲,1,3.6,3.6,否
粮油,1,49.9,59.9,是
蔬果,1,2,2,否
蔬果,0.514,4.09,7.96,否
蔬果,1.105,13.24,11.98,否
蔬果,0.898,3.59,4,否
蔬果,0.464,1.2,2.58,否
蔬果,0.148,0.74,4.98,否
肉禽,0.918,27.36,29.8,否
蔬果,0.076,0.91,12,否
蔬果,0.512,2.87,5.6,否
蔬果,0.17,0.95,5.6,否
蔬果,0.262,2.52,9.6,否
日配,1,7.7,7.7,否
熟食,0.001,0.02,20,否
休闲,1,28.9,47,是
蔬果,0.318,2.86,9,否
蔬果,0.978,1.96,2,否
针织,1,34.9,34.9,否
针织,1,129,129,否
日配,1,40.9,40.9,否
蔬果,0.277,1.82,6.56,否
酒饮,1,2.7,2.7,否
粮油,1,6.7,6.7,否
粮油,1,3,3,否
蔬果,0.604,18.12,30,否
蔬果,0.414,4.12,9.96,否
蔬果,0.252,1.41,5.6,否
洗化,1,33.7,33.7,否
日配,0.702,4.76,6.78,否
蔬果,0.688,4.51,6.56,否
粮油,1,5.7,5.7,否
日配,1.212,8.22,6.78,否
冲调,1,23.3,23.3,否
蔬果,0.718,1.41,1.96,否
蔬果,0.944,3.78,4,否
蔬果,1.502,13.52,9,否
蔬果,0.428,7.62,17.8,否
蔬果,0.65,1.3,1.76,否
休闲,1,14.9,14.9,否
日配,1,5.9,5.9,否
蔬果,0.988,1.98,2,否
粮油,1,4.3,4.3,否
蔬果,4,8,2,否
蔬果,0.56,6.72,12,否
蔬果,0.412,1.05,2.56,否
蔬果,0.299,1.66,5.56,否
粮油,3,5.1,1.7,否
粮油,1,6.3,6.3,否
蔬果,0.592,4.5,7.6,否
洗化,1,8.5,9.9,是
蔬果,0.606,3.64,6,否
休闲,0.068,2.01,29.6,否
熟食,0.308,6.16,20,否
熟食,0.466,16.59,35.6,否
蔬果,0.49,3.72,7.6,否
粮油,0.27,3.19,11.8,否
蔬果,0.482,0.77,1.6,否
休闲,1,9,9,否
蔬果,0.378,1.73,5,否
休闲,1,8.9,8.9,否
针织,1,31.9,31.9,否
粮油,1,7.9,7.9,否
粮油,1,2.2,2.3,否
蔬果,0.788,1.42,1.8,否
粮油,4,5.2,1.3,否
蔬果,0.494,29.64,60,否
休闲,1,4.3,4.3,否
蔬果,0.217,1.26,5.8,否
酒饮,1,25,25,否
休闲,0.328,13,51.8,是
休闲,1,3.9,3.9,否
洗化,1,12.9,17.9,是
休闲,0.428,7.6,25.8,是
洗化,1,15.9,15.9,否
休闲,1,10.9,10.9,否
洗化,1,9.9,9.9,否
蔬果,0.586,1.15,1.96,否
蔬果,0.448,3.4,7.6,否
粮油,1,7.7,7.7,否
粮油,1,6.9,6.9,否
蔬果,1.876,14.97,7.98,否
肉禽,0.398,15.84,39.8,否
休闲,0.482,11.47,23.8,否
粮油,0.78,7.72,9.9,否
休闲,1,8.9,8.9,否
休闲,1,3.5,3.5,否
蔬果,0.798,9.56,11.98,否
蔬果,0.41,2.3,5.6,否
蔬果,0.692,4.15,6,否
日配,1,3.5,3.5,否
蔬果,0.742,1.91,2.58,否
蔬果,0.194,0.69,3.56,否
粮油,1,8.2,8.2,否
休闲,1,12.9,12.9,否
休闲,0.042,1.5,35.8,否
洗化,1,6.5,7.7,是
洗化,1,9.9,15.3,是
蔬果,0.41,4.1,10,否
粮油,2.652,11.14,4.2,否
熟食,0.336,2.02,6,否
蔬果,0.632,2.5,3.96,否
熟食,0.596,11.92,20,否
蔬果,1.487,5.6,3.18,否
蔬果,0.268,2.41,9,否
蔬果,0.378,2.25,5.96,否
蔬果,0.34,2.03,5.98,否
蔬果,0.376,2.92,7.76,否
蔬果,1,2,2,否
蔬果,4,8,2,否
休闲,1,8.7,8.7,否
粮油,1,31.7,31.7,否
蔬果,1.084,2.15,1.98,否
洗化,1,11.9,15.7,是
休闲,0.41,12.21,39.6,是
蔬果,0.433,1.71,3.96,否
休闲,0.23,3.63,19.8,是
熟食,0.001,0.02,20,否
蔬果,2.083,8.25,3.96,否
蔬果,0.672,5.11,7.6,否
粮油,5.218,24.9,5.58,是
蔬果,1.1,4.36,3.96,否
蔬果,0.54,3.54,6.56,否
日配,0.918,23.68,32.6,是
蔬果,0.238,1.89,7.96,否
粮油,1,4.3,4.3,否
洗化,1,8.5,8.9,是
休闲,0.274,8.14,39.6,是
休闲,0.244,3.36,19,是
粮油,1,2.5,2.5,否
粮油,1,1.1,1.1,否
蔬果,2.28,7.25,3.18,否
蔬果,0.35,2.72,7.76,否
蔬果,1.593,4.08,2.56,否
蔬果,0.194,3.1,15.98,否
休闲,1,14.9,14.9,否
休闲,1,3.9,3.9,否
蔬果,0.946,3.75,3.96,否
蔬果,2.536,10.09,3.98,否
粮油,1,17.9,17.9,否
蔬果,0.694,1.39,2,否
蔬果,2,3,1.5,否
日配,1,13.3,13.3,否
蔬果,0.358,2,5.6,否
蔬果,0.788,1.56,2.56,否
家居,1,12,12,否
粮油,5.004,23.9,5.58,是
洗化,1,6.9,9.7,是
日配,-1,-90,90,否
蔬果,0.254,1.67,6.56,否
洗化,1,26.9,26.9,否
肉禽,0.91,38.04,41.8,否
粮油,1,2.3,2.3,否
粮油,1,2.8,2.8,否
粮油,0.22,2.16,9.8,否
休闲,5,6.5,1.3,否
肉禽,0.172,5.13,29.8,否
蔬果,0.334,1.86,5.56,否
蔬果,0.682,3.96,5.8,否
日配,0.436,3.71,8.5,否
粮油,1,3.3,3.3,否
休闲,1,5.9,5.9,否
粮油,0.29,5.74,37.8,是
休闲,0.552,8.7,19.6,是
粮油,1,2.3,2.3,否
蔬果,0.664,1.2,1.8,否
蔬果,2.134,5.46,2.56,否
冲调,1,6.7,6.7,否
家居,1,14,14,否
休闲,1,12,12,否
日配,1,75,75,否
蔬果,0.556,3.11,5.6,否
休闲,0.15,5.97,39.8,否
休闲,0.218,6.5,29.8,否
蔬果,0.418,5.01,11.98,否
蔬果,0.242,1.3,3.96,否
休闲,1,1.3,1.3,否
蔬果,0.186,1.22,6.56,否
蔬果,0.186,1.79,9.6,否
蔬果,0.336,2.61,7.76,否
日配,1,8.9,12.9,是
粮油,0.74,3.26,4.4,否
休闲,0.556,6.51,19.6,是
水产,0.97,29.1,30,否
粮油,1,3.9,3.9,否
休闲,1,4.3,4.3,否
蔬果,0.472,3.68,7.8,否
蔬果,0.335,0.86,2.58,否
粮油,0.228,4.5,37.8,是
粮油,1,71.9,71.9,否
蔬果,0.404,2.26,5.6,否
熟食,0.186,5.21,28,否
蔬果,0.434,1.72,3.96,否
蔬果,1.722,30.31,17.6,否
蔬果,2,20,10,否
酒饮,4,13.2,3.3,否
蔬果,2,3,1.5,否
蔬果,0.826,1.62,1.96,否
蔬果,0.37,0.95,2.58,否
蔬果,0.938,2.98,3.18,否
洗化,1,5.8,6.9,是
日配,1,9.9,9.9,否
日配,1,24.9,24.9,否
洗化,1,1,1,否
蔬果,0.244,0.97,3.96,否
蔬果,1.013,2.59,2.56,否
蔬果,0.941,5.46,5.8,否
日配,0.812,5.51,6.78,否
蔬果,0.454,1.8,3.96,否
肉禽,0.784,21.8,27.8,否
日配,1,6.9,8.3,是
熟食,0.298,5.96,20,否
日配,0.862,5.84,6.78,否
蔬果,0.538,1.39,2.58,否
熟食,0.234,21.06,90,否
蔬果,0.73,1.88,2.58,否
蔬果,0.38,3.42,9,否
蔬果,0.658,1.18,1.8,否
蔬果,0.621,4.07,6.56,否
蔬果,0.492,1.9,2.96,否
粮油,1,1.9,1.9,否
蔬果,0.238,1.56,6.56,否
蔬果,0.536,4.07,7.6,否
粮油,0.384,47.62,124,否
蔬果,0.358,2.08,5.8,否
酒饮,1,7.5,7.5,否
蔬果,0.336,2.61,7.76,否
蔬果,0.146,1.4,9.6,否
休闲,0.498,4.88,11.8,是
粮油,1,1.9,1.9,否
蔬果,0.228,0.9,3.96,否
酒饮,1,4.9,4.9,否
肉禽,0.57,15.85,27.8,否
粮油,1,3.2,3.2,否
休闲,1,9.9,9.9,否
休闲,0.236,3.2,19,是
蔬果,0.244,1.37,5.6,否
洗化,1,9.9,12.7,是
休闲,1,2.9,2.9,否
日配,1,10.8,10.8,否
洗化,1,7.5,7.5,否
蔬果,0.54,3.13,5.8,否
蔬果,0.385,3.23,12,否
粮油,0.524,9.59,18.3,否
蔬果,0.691,2.74,3.96,否
粮油,1,18.9,18.9,否
蔬果,0.776,1.55,2,否
粮油,1.962,9.33,5.58,是
家居,1,17,17,否
休闲,0.18,10.76,59.8,否
蔬果,0.553,1.64,2.96,否
休闲,0.382,12.91,33.8,否
酒饮,1,11.3,11.3,否
蔬果,0.47,4.51,9.6,否
蔬果,1.754,31.22,17.8,否
粮油,0.506,15.6,30.9,否
粮油,1,9.9,9.9,否
蔬果,0.312,1.56,5,否
休闲,1,9.5,9.5,否
蔬果,0.55,2.09,3.8,否
酒饮,2,31.8,15.9,否
粮油,1,0.5,0.5,否
蔬果,0.382,1.51,3.96,否
蔬果,0.214,4.62,21.6,否
蔬果,1.337,3.42,2.56,否
蔬果,0.514,2.88,5.6,否
蔬果,1.595,5.07,3.18,否
日配,1,9.9,9.9,否
蔬果,0.576,1.49,2.58,否
蔬果,0.94,3.74,3.96,否
蔬果,0.411,2.38,5.8,否
休闲,1,9.5,9.5,否
蔬果,0.515,2.04,3.96,否
肉禽,0.74,30.93,41.8,否
日配,1.514,10.26,6.78,否
蔬果,0.644,10.24,15.9,否
日配,1,3.9,4.5,是
酒饮,1,10.3,10.3,否
家居,1,16,16,否
休闲,1,5.9,5.9,否
休闲,1,8.9,8.9,否
洗化,1,3.9,3.9,否
蔬果,0.42,3.19,7.6,否
蔬果,0.286,4.8,16.8,否
蔬果,0.968,1.94,2,否
休闲,0.17,5.95,35,否
休闲,2,3,1.5,否
日配,12,49,5.5,是
蔬果,0.322,1.28,3.96,否
休闲,0.212,8.44,39.8,否
蔬果,0.82,3.25,3.96,否
休闲,0.37,22.13,59.8,否
休闲,0.138,5.49,39.8,否
休闲,0.148,5.89,39.8,否
粮油,1,5.9,5.9,否
休闲,1,4.7,4.7,否
洗化,1,6.7,6.7,否
粮油,1,15.9,15.9,否
洗化,1,3.9,3.9,否
日配,1,90,90,否
蔬果,0.654,10.46,16,否
洗化,1,6.5,6.9,是
洗化,1,5.6,6.3,是
日配,1,3.5,3.5,否
粮油,1,1.5,1.5,否
蔬果,1.14,6.79,5.96,否
蔬果,0.718,21.54,30,否
粮油,0.274,2.69,9.8,否
粮油,1,0.5,0.5,否
蔬果,1.092,2.82,2.58,否
蔬果,0.388,6.98,18,否
蔬果,0.39,3.9,10,否
蔬果,0.588,0.94,1.6,否
粮油,1,2.8,2.8,否
休闲,1,3.7,3.7,否
冲调,1,39,39,否
蔬果,0.458,3,6.56,否
蔬果,0.596,1.76,2.96,否
蔬果,0.87,2.24,2.58,否
粮油,1,5.9,5.9,否
肉禽,0.818,24.38,29.8,否
蔬果,3.096,27.86,9,否
蔬果,0.736,2.91,3.96,否
蔬果,0.238,1.19,5,否
蔬果,0.368,1.46,3.96,否
蔬果,0.779,2.31,2.96,否
休闲,1,15.9,15.9,否
日配,1,3.3,3.3,否
蔬果,0.39,3.88,9.96,否
酒饮,1,16.3,16.3,否
蔬果,0.402,2.01,7.8,否
蔬果,0.462,1.83,3.96,否
蔬果,0.392,5.14,12,否
蔬果,1.222,14.64,11.98,否
肉禽,0.47,9.21,19.6,否
休闲,0.538,6.3,13.8,是
蔬果,0.284,2.56,9,否
日配,4,8,2,否
粮油,0.286,2.8,9.8,否
日配,1,4.2,4.2,否
蔬果,0.274,1.59,5.8,否
家居,1,15,15,否
蔬果,0.84,2.34,2.78,否
蔬果,0.194,0.39,2,否
蔬果,0.426,2.47,5.8,否
蔬果,0.25,2.5,10,否
针织,1,69,69,否
粮油,1,3.9,3.9,否
蔬果,1.076,2.75,2.56,否
蔬果,0.372,0.95,2.56,否
蔬果,0.344,2.67,7.76,否
休闲,1,4.9,4.9,否
休闲,1.488,59.22,43.8,是
日配,15,57,3.8,否
蔬果,0.736,1.46,1.98,否
蔬果,0.562,4.38,7.8,否
洗化,1,6.9,7.9,是
休闲,1,2.9,2.9,否
日配,1,2,2,否
蔬果,0.526,1.05,2,否
洗化,1,19.7,19.7,否
蔬果,0.818,5.37,6.56,否
休闲,1,8.7,8.7,否
日配,1,3.1,3.1,否
蔬果,0.502,1.3,2.58,否
日配,1,5.5,7.5,是
日配,0.766,5.19,6.78,否
休闲,1,5.5,5.9,是
洗化,1,9.9,9.9,否
蔬果,0.628,7.52,11.98,否
蔬果,1.088,19.15,17.6,否
蔬果,1,3.8,3.8,否
日配,1,11,11,否
洗化,1,1.7,1.7,否
休闲,1,3.9,3.9,否
洗化,1,11.9,11.9,否
肉禽,0.418,11.62,27.8,否
蔬果,0.274,1.59,5.8,否
洗化,1,4.5,5.9,是
粮油,1,3.8,3.8,否
水产,0.29,22.97,79.2,否
休闲,1,1.9,1.9,否
蔬果,0.786,2.48,3.16,否
粮油,1,4.9,4.9,否
日配,0.74,5.02,6.78,否
蔬果,0.168,1.61,9.6,否
肉禽,1.28,35.58,27.8,否
蔬果,0.982,3.89,3.96,否
蔬果,0.842,3.33,3.96,否
休闲,1,5.9,5.9,否
休闲,1,7.5,8.6,是
蔬果,0.458,2.56,5.6,否
蔬果,0.068,0.34,4.98,否
蔬果,1.186,7.07,5.96,否
蔬果,1,4.5,4.5,否
蔬果,0.31,1.66,3.96,否
蔬果,0.626,1.13,1.8,否
针织,1,4.9,4.9,否
蔬果,0.744,4.17,5.6,否
休闲,0.444,7.01,19.8,是
粮油,1,3.8,3.8,否
洗化,1,15.9,15.9,否
日配,1,10.9,13.3,是
蔬果,0.492,7.82,15.9,否
蔬果,4,15.92,20,否
粮油,1,7.3,7.3,否
日配,1,3.9,3.9,否
文体,1,10.3,10.3,否
粮油,3.66,20.42,5.58,否
蔬果,0.722,1.85,2.56,否
蔬果,0.542,2.15,3.96,否
粮油,1,3.8,3.8,否
蔬果,0.878,1.76,2,否
蔬果,1.752,3.43,1.96,否
粮油,1,3.5,4.3,是
粮油,5,8.5,1.7,否
日配,1,13.9,18.3,是
蔬果,0.996,9.96,10,否
日配,1,3.9,4.5,是
休闲,1,5.9,5.9,否
蔬果,0.942,11.29,11.98,否
休闲,1,7.9,7.9,否
蔬果,1.72,8.6,5,否
熟食,0.438,8.76,20,否
休闲,1,7.3,7.3,否
休闲,1,6.5,6.5,否
洗化,1,11.9,11.9,否
蔬果,1.286,22.63,17.6,否
蔬果,0.384,0.76,1.98,否
休闲,0.518,5.01,11.8,是
蔬果,0.828,4.8,5.8,否
洗化,1,5.9,5.9,否
蔬果,0.366,0.94,2.58,否
蔬果,1,5.5,5.5,否
日配,1,9.8,14.9,是
休闲,1,9.9,9.9,否
蔬果,0.728,3.32,4.56,否
肉禽,1.268,53,41.8,否
蔬果,0.288,1.72,5.98,否
蔬果,1,30,30,否
日配,1,2.8,2.8,否
休闲,0.264,3.64,19.8,是
休闲,1,8.9,8.9,否
蔬果,0.506,3.32,6.56,否
蔬果,0.54,9.07,16.8,否
蔬果,0.21,1.89,9,否
肉禽,0.436,8.63,19.8,否
日配,0.712,4.83,6.78,否
粮油,1,17.9,21.9,是
蔬果,0.631,3.16,5,否
肉禽,0.582,20.84,35.8,否
休闲,2,2,1,否
休闲,1,1,1,否
蔬果,0.426,4.24,9.96,否
粮油,1,4.7,4.7,否
酒饮,1,4.9,4.9,否
蔬果,1,7.2,4.8,否
粮油,1,3.5,4.3,是
蔬果,0.274,3.29,12,否
粮油,1,4.9,6.9,是
洗化,1,9.9,15.9,是
蔬果,0.588,1.16,1.98,否
粮油,1,8.9,8.9,否
日配,1,9.9,15.5,是
休闲,1,3.5,3.5,否
休闲,1,2.9,2.9,否
蔬果,0.172,1,5.8,否
粮油,1,2.3,2.3,否
粮油,1,4.9,4.9,否
日配,0.746,5.06,6.78,否
休闲,1,3,3,否
蔬果,0.241,0.48,2,否
肉禽,0.77,32.19,41.8,否
熟食,0.298,26.82,90,否
洗化,1,5.6,6.3,是
洗化,1,4,4,否
蔬果,0.789,3.14,3.98,否
蔬果,1,5.8,5.8,否
蔬果,1.336,5.29,3.96,否
酒饮,12,30,2.5,否
休闲,0.276,3.8,17.8,是
休闲,0.266,3.1,19.8,是
蔬果,1,30,30,否
休闲,1,6.5,6.5,否
休闲,1,19.9,19.9,否
日配,1,9.8,14.9,是
熟食,4,2,0.5,否
酒饮,1,4.7,4.7,否
休闲,0.238,2.8,19.8,是
休闲,0.272,3.5,17,是
洗化,1,5.7,5.7,否
蔬果,1.092,2.18,2,否
针织,1,5.5,5.5,否
蔬果,0.646,10.27,15.9,否
肉禽,3.178,125.85,39.6,否
日配,1,9.9,9.9,否
洗化,1,15.9,15.9,否
蔬果,0.068,1.85,27.2,否
蔬果,0.795,4.61,5.8,否
蔬果,0.482,2.8,5.8,否
蔬果,0.6,1.55,2.58,否
洗化,1,9.9,15.9,是
蔬果,0.194,1.23,6.56,否
粮油,0.834,9.8,13.8,是
蔬果,1.212,2.18,1.8,否
蔬果,0.48,3.74,7.8,否
蔬果,0.871,5.19,5.96,否
蔬果,0.368,1.46,3.96,否
家居,1,6,6,否
休闲,0.182,10.88,59.8,否
休闲,1,10.9,10.9,否
肉禽,1.008,36.09,35.8,否
休闲,0.338,3.98,19.6,是
休闲,1,2.7,2.7,否
休闲,0.168,13.37,79.6,否
日配,1,4.3,4.3,否
日配,4,12,3,否
蔬果,0.512,9.01,17.6,否
蔬果,0.502,3.82,7.6,否
冲调,1,59,59,否
肉禽,3.69,73.06,19.8,否
休闲,1,6.5,6.9,否
蔬果,0.74,8.87,11.98,否
蔬果,0.506,2.93,5.8,否
蔬果,0.362,2.88,7.96,否
蔬果,0.496,0.99,2,否
蔬果,2.124,37.38,17.6,否
洗化,1,1.9,1.9,否
蔬果,0.326,7.1,2,否
粮油,1,79.9,87.9,是
蔬果,0.657,3.92,5.96,否
蔬果,0.644,1.66,2.58,否
休闲,1,10.4,10.4,否
酒饮,2,8,4,否
蔬果,0.34,2.23,6.56,否
粮油,1,2.3,2.3,否
粮油,1,2.7,2.7,否
粮油,1,2.8,2.8,否
蔬果,1.368,13.68,10,否
休闲,1,6.9,6.9,否
休闲,1,1.9,1.9,否
休闲,0.224,9.8,51.6,是
洗化,1,6.9,9.7,是
粮油,1,17.9,21.9,是
日配,1,3.7,3.7,否
酒饮,1,2.5,4.5,是
肉禽,1.122,46.9,41.8,否
蔬果,0.722,1.16,1.6,否
蔬果,0.318,3.05,9.6,否
蔬果,1.172,20.86,17.8,否
蔬果,2.066,36.77,17.8,否
蔬果,1.208,2.37,1.96,否
蔬果,0.172,0.34,2,否
熟食,0.36,10.08,28,否
蔬果,0.468,1.2,2.56,否
粮油,1,32.9,32.9,否
蔬果,0.414,0.73,1.76,否
蔬果,0.894,8.94,10,否
粮油,1,7.9,7.9,否
家居,1,5.5,5.5,否
休闲,0.302,3.9,17,是
休闲,1,2.9,2.9,否
休闲,1,13.9,13.9,否
洗化,1,14.9,14.9,否
休闲,1,10.9,10.9,否
蔬果,20,40,2,否
酒饮,1,3,3,否
肉禽,2.02,72.32,35.8,否
休闲,0.362,4.99,17.8,是
粮油,1,3.6,3.9,是
洗化,1,1.7,1.7,否
休闲,1,8.3,8.3,否
蔬果,0.474,1.88,3.96,否
蔬果,0.444,1.76,3.96,否
蔬果,2.63,26.25,9.98,否
冲调,1,17.5,19.9,是
日配,1.508,10.22,6.78,否
休闲,1,2.5,2.5,否
肉禽,0.804,15.92,19.8,否
休闲,1,4.3,4.3,否
蔬果,4,8,2,否
休闲,1,1,1,否
肉禽,1.932,38.25,19.8,否
蔬果,1.39,2.72,1.96,否
蔬果,0.256,4.61,18,否
休闲,1,1,1,否
洗化,1,4.4,5.7,是
粮油,1,14.7,14.7,否
蔬果,0.326,2.93,9,否
粮油,1,3.5,4.3,是
粮油,1,5.7,5.7,否
肉禽,1.026,20.31,19.8,否
针织,1,9.5,15,是
日配,1,8.9,12.9,是
肉禽,0.884,17.5,19.8,否
冲调,1,9.9,9.9,否
蔬果,0.221,0.88,3.96,否
洗化,1,4.7,4.7,否
休闲,1,5.3,5.3,否
休闲,1,8.9,8.9,否
日配,1,11.9,11.9,否
日配,1,2.8,2.8,否
休闲,0.224,5.78,25.8,否
蔬果,0.318,1.45,5,否
粮油,0.626,2.75,4.4,否
休闲,1,4.5,4.5,否
日配,0.414,3.52,8.5,否
针织,2,19,15,是
蔬果,0.413,2.71,6.56,否
休闲,1,1.2,1.2,否
休闲,2,2,1,否
蔬果,1.23,21.65,17.6,否
肉禽,0.498,9.86,19.8,否
粮油,1,3.7,3.7,否
休闲,1,8.9,8.9,否
蔬果,0.902,1.77,1.96,否
蔬果,2,3,1.5,否
洗化,1,8.9,8.9,否
休闲,1,1,1,否
洗化,1,9.9,15.9,是
蔬果,0.2,1.31,6.56,否
蔬果,0.284,3.1,9.6,否
蔬果,2,3,1.5,否
洗化,1,8.9,8.9,否
休闲,0.374,4.4,13.8,是
休闲,1,10.9,10.9,否
粮油,4.752,26.52,5.58,否
蔬果,0.326,0.65,1.98,否
蔬果,4,8,2,否
冲调,1,29.9,29.9,否
蔬果,0.556,9.34,16.8,否
蔬果,0.464,1.84,3.96,否
休闲,1,4.7,5.9,是
针织,1,29.9,37,是
蔬果,0.546,16.38,30,否
日配,1.482,10.05,6.78,否
蔬果,1,3.5,3.5,否
蔬果,0.43,1.72,4,否
粮油,1,6.7,6.7,否
休闲,1,5.7,5.7,否
蔬果,0.238,4,16.8,否
粮油,1,2.7,2.7,否
粮油,1,14.7,14.7,否
酒饮,6,59.4,19.9,是
蔬果,0.72,1.41,1.96,否
日配,1,10.9,13.3,是
休闲,0.242,2.85,19.6,是
粮油,1,11.9,14.7,否
蔬果,0.704,4.22,6,否
蔬果,0.618,1.97,3.18,否
蔬果,0.576,1.47,2.56,否
休闲,2,2,1,否
蔬果,1.17,3,2.56,否
蔬果,1.735,20.82,12,否
蔬果,1.933,3.87,2,否
粮油,1,3.5,5.9,是
肉禽,0.268,7.5,28,否
休闲,5,6.5,1.3,否
休闲,1,2,2,否
日配,1,59,76,是
粮油,1,8.9,8.9,否
洗化,1,12.9,17.9,是
粮油,1,5.3,5.3,否
酒饮,1,24.9,24.9,否
休闲,0.332,6.57,19.8,否
蔬果,0.63,2.52,4,否
蔬果,0.434,7.29,16.8,否
粮油,2.19,12.22,5.58,否
熟食,0.656,23.35,35.6,否
针织,1,24,24,否
休闲,1,4.3,4.3,否
休闲,1,3,3,否
熟食,4,2,0.5,否
蔬果,0.61,6.1,10,否
蔬果,0.406,6.46,15.9,否
粮油,1,1.7,1.7,否
粮油,1,17.9,21.9,是
粮油,1,3.8,3.8,否
日配,0.458,3.11,6.78,否
洗化,1,7.5,7.9,是
休闲,0.086,1.7,27.8,是
蔬果,1.552,18.59,11.98,否
洗化,1,8.9,8.9,否
蔬果,0.398,3.17,16.8,否
休闲,1,5.2,5.2,否
肉禽,0.6,11.88,19.8,否
休闲,2,2.4,1.2,否
蔬果,0.184,1.77,9.6,否
蔬果,1,4.98,4.98,否
日配,0.718,4.87,6.78,否
日配,1,19.3,19.3,否
蔬果,0.208,1.16,5.6,否
蔬果,0.662,6.61,9.98,否
休闲,1,4.3,4.3,否
蔬果,0.234,1.54,6.56,否
日配,1,7.7,7.7,否
蔬果,0.306,3.67,12,否
粮油,1,6.9,6.9,否
日配,1,6.9,8.3,是
休闲,1,3.5,3.5,否
蔬果,1.256,4.97,3.96,否
蔬果,0.416,6.99,16.8,否
蔬果,2.022,24.22,11.98,否
蔬果,0.568,1.68,2.96,否
休闲,4,18.8,4.7,否
日配,1,11.8,11.8,否
日配,1,2.8,2.8,否
休闲,1,8.5,10.9,是
蔬果,0.94,3.74,3.98,否
蔬果,0.334,5.34,16,否
蔬果,0.554,5.54,10,否
肉禽,0.332,6.51,19.6,否
休闲,1,2.7,2.7,否
蔬果,0.246,4.43,18,否
粮油,1,7.9,7.9,否
肉禽,0.958,18.97,19.8,否
蔬果,0.458,2.31,1.98,否
粮油,1,6.7,6.7,否
蔬果,0.36,10.8,30,否
粮油,1,2.3,2.3,否
粮油,1,3.8,3.8,否
休闲,1,4,4,否
蔬果,0.228,2.05,9,否
肉禽,1.016,36.37,35.8,否
肉禽,0.192,3.8,19.8,否
蔬果,1,5.5,5.5,否
蔬果,0.456,3.56,7.8,否
蔬果,1.552,27.32,17.6,否
蔬果,0.374,0.74,1.98,否
冲调,1,13.9,17.3,是
日配,1,5.5,6.5,是
蔬果,2.078,36.99,17.8,否
粮油,1,0.5,0.5,否
休闲,1,2.9,2.9,否
蔬果,0.808,4.04,5,否
粮油,1,36.9,36.9,否
蔬果,0.5,3.99,19.8,否
粮油,1,3,3,否
粮油,1,3.5,3.5,否
粮油,0.714,13.07,18.3,否
粮油,0.174,10.57,70,是
洗化,1,6.9,7.9,是
粮油,1,1.3,1.3,否
休闲,0.378,7.48,19.8,否
休闲,1,5.9,8.7,是
休闲,1,11.9,11.9,否
休闲,1,13.5,13.5,否
蔬果,1.534,4.88,3.18,否
粮油,1,79.9,87.9,是
休闲,1,8.3,8.3,否
休闲,1,10.8,18.9,是
日配,1.542,10.45,6.78,否
蔬果,0.412,2.7,6.56,否
蔬果,0.798,9.58,12,否
蔬果,1.018,17.92,17.6,否
休闲,4,4,1,否
休闲,1,2.7,2.7,否
肉禽,0.564,14.44,25.6,否
粮油,0.704,4.1,6.8,是
粮油,1,2.7,2.7,否
蔬果,1.516,3.03,2,否
蔬果,1,5.8,5.8,否
粮油,1,1.1,1.1,否
休闲,0.152,3,27.8,是
肉禽,1.16,27.61,23.8,否
蔬果,0.397,1.99,5,否
休闲,0.298,7.68,35.8,是
休闲,1,7.5,7.5,否
休闲,1,12.8,12.8,否
日配,1,9.3,9.3,否
蔬果,2.192,21.88,9.98,否
肉禽,0.318,9.48,29.8,否
蔬果,0.634,4.16,6.56,否
粮油,3.834,16.1,4.2,否
粮油,1,2.8,2.8,否
粮油,1,35.9,35.9,否
洗化,1,11.9,15.5,是
蔬果,0.256,1.42,5.56,否
日配,0.892,23.01,32.6,是
休闲,1,12.5,12.5,否
蔬果,0.364,0.72,1.98,否
粮油,1,3.3,3.3,否
蔬果,1.518,2.98,1.96,否
粮油,1,1.5,1.5,否
休闲,1,2.8,2.8,否
休闲,1,12,12,否
日配,10,20,2,否
肉禽,1.688,33.42,19.8,否
粮油,0.874,10.3,13.8,是
熟食,0.322,18.03,56,否
休闲,0.202,3.19,15.8,否
日配,1.032,19.81,19.2,否
粮油,1,26.9,27.7,否
蔬果,0.632,1.63,2.58,否
蔬果,1,4.98,4.98,否
蔬果,0.26,1.45,5.56,否
蔬果,0.17,3.06,18,否
休闲,1,4.2,4.9,是
日配,1,11,11,否
休闲,1,6.9,9.5,是
蔬果,0.968,9.68,10,否
休闲,1,3,3,否
蔬果,0.29,1.15,3.96,否
肉禽,0.442,13.17,29.8,否
粮油,1,7.9,7.9,否
蔬果,0.591,1.51,2.56,否
蔬果,0.256,1.01,3.96,否
粮油,1,3,3,否
日配,1,6.6,8.3,是
粮油,1,10.9,14.9,是
粮油,1,1.7,1.7,否
蔬果,0.44,7.39,16.8,否
肉禽,1,25.6,25.6,否
日配,1,2.8,2.8,否
粮油,1,0.5,0.5,否
蔬果,0.612,2.19,1.96,否
蔬果,0.666,1.2,1.8,否
休闲,1,3.7,3.7,否
日配,1,5.5,7.5,是
休闲,0.374,5.9,19.6,是
休闲,1,3.8,3.9,否
蔬果,0.27,1.08,4,否
蔬果,0.614,4.03,6.56,否
蔬果,1.106,4.4,3.98,否
休闲,0.308,13.49,51.6,是
洗化,1,6.9,6.9,否
蔬果,0.938,5.44,5.8,否
蔬果,2,3,1.5,否
休闲,3,3.6,1.2,否
蔬果,1.014,56.78,56,否
蔬果,1.298,3.32,2.56,否
蔬果,0.387,1.15,2.96,否
肉禽,1.9,49.02,25.8,否
蔬果,0.544,3.16,5.8,否
蔬果,1.09,2.79,2.56,否
休闲,1,13.9,17.9,是
粮油,4,5.2,1.3,否
日配,1,6.6,8.3,是
蔬果,0.728,2.88,3.96,否
蔬果,0.296,2.95,9.96,否
休闲,1,7.9,7.9,否
肉禽,1.004,41.97,41.8,否
蔬果,0.288,1.14,3.96,否
日配,1.106,21.24,19.2,否
休闲,1,17.9,17.9,否
日配,24,36,1.8,是
休闲,0.104,6.24,60,否
蔬果,0.294,2.82,9.6,否
休闲,1,2.7,2.7,否
日配,0.774,5.25,6.78,否
日配,0.692,4.69,6.78,否
粮油,1,7.9,7.9,否
休闲,0.248,3.9,27.8,是
蔬果,0.43,0.85,1.98,否
洗化,1,9.9,15.9,是
肉禽,0.384,7.6,19.8,否
休闲,0.376,6.69,25.8,是
蔬果,0.262,1.04,3.96,否
粮油,1,4.2,4.2,否
休闲,0.254,11.1,51.6,是
肉禽,3.1,122.76,39.6,否
肉禽,1.346,56.26,41.8,否
冲调,1,3,3,否
休闲,0.386,4.53,19.8,是
洗化,1,5.9,5.9,否
冲调,1,23.3,23.3,否
日配,1,11.9,14.9,是
粮油,0.704,6.27,8.9,否
蔬果,0.656,1.69,2.58,否
粮油,1,79.9,87.9,是
蔬果,1.272,15.24,11.98,否
休闲,1,7.3,7.3,否
休闲,1,11.9,11.9,否
休闲,1,22.5,28.9,是
蔬果,0.222,1.41,6.56,否
蔬果,0.4,4.23,9,否
休闲,1,7.9,7.9,否
蔬果,0.774,1.55,2,否
日配,1,13.9,16.3,是
蔬果,1.032,2.02,1.96,否
蔬果,0.332,1.33,4,否
蔬果,0.554,2.2,3.98,否
粮油,1,25.9,25.9,否
休闲,1,7.3,7.5,是
洗化,1,11.9,11.9,否
蔬果,1.014,10.14,10,否
肉禽,1.204,50.33,41.8,否
休闲,0.308,13.44,51.6,是
蔬果,0.728,1.31,1.8,否
蔬果,0.304,3.65,12,否
粮油,1,1.7,1.7,否
洗化,1,11.9,11.9,否
粮油,1,1.1,1.1,否
粮油,1,1.3,1.3,否
休闲,0.206,6.14,29.8,否
日配,1,2.1,2.1,否
粮油,1,1.1,1.1,否
蔬果,0.496,2.78,5.6,否
肉禽,0.916,28.4,31,否
蔬果,0.264,1.32,5,否
粮油,1,1.3,1.3,否
粮油,1,2.5,2.5,否
粮油,1,5.3,5.3,否
粮油,1,7.9,7.9,否
熟食,0.388,7.76,20,否
休闲,0.148,1.73,19.8,是
休闲,1,5.7,5.7,否
日配,18,27.9,2.1,是
蔬果,0.594,3.45,5.8,否
蔬果,1.574,9.38,5.96,否
日配,12,36,3,否
蔬果,1.136,13.61,11.98,否
休闲,1,3.9,3.9,否
蔬果,0.688,2.17,3.16,否
肉禽,0.96,19.01,19.8,否
蔬果,0.284,2.2,7.76,否
蔬果,0.736,4.39,5.96,否
蔬果,0.408,2.28,5.6,否
粮油,1,8.5,8.5,否
蔬果,0.666,3.86,5.8,否
蔬果,0.616,1.11,1.8,否
蔬果,0.489,5.87,12,否
休闲,0.168,2.31,17.8,是
洗化,1,4.9,4.9,否
休闲,1,3.5,3.5,否
休闲,1,9.5,9.5,否
蔬果,0.145,0.87,5.98,否
日配,1,10.3,10.3,否
酒饮,12,30,2.5,否
蔬果,0.734,1.32,1.8,否
蔬果,0.51,1.32,2.58,否
蔬果,0.33,2.57,7.8,否
蔬果,0.128,0.64,5,否
休闲,0.194,3.84,19.8,否
粮油,1,89,109,是
蔬果,0.516,4.7,2,否
蔬果,1.292,7.7,5.96,否
休闲,1,1,1,否
休闲,1,1,1,否
粮油,1,17.9,21.9,是
肉禽,0.824,16.32,19.8,否
酒饮,-12,-30,2.5,否
针织,1,24.9,24.9,否
休闲,1,10,10,否
洗化,1,14.9,14.9,否
蔬果,0.377,1.49,3.96,否
蔬果,0.5,1.28,2.56,否
休闲,1,14.9,14.9,否
粮油,0.342,3.69,10.8,否
蔬果,0.296,0.76,2.56,否
蔬果,0.44,7.39,16.8,否
蔬果,0.998,17.56,17.6,否
粮油,0.276,16.2,89.8,是
冲调,1,3.5,3.5,否
日配,1.108,21.02,19.2,否
休闲,1,6.9,6.9,否
家居,1,5.9,8,是
蔬果,0.192,0.4,5,否
蔬果,0.394,0.78,1.98,否
蔬果,0.426,12.78,30,否
洗化,1,6.9,7.9,是
蔬果,0.937,3.71,3.96,否
蔬果,1.346,13.46,10,否
休闲,1,13.7,13.7,否
休闲,1,9.9,9.9,否
日配,12,58.8,5.3,是
日配,1.592,10.79,6.78,否
蔬果,0.546,9.61,17.6,否
日配,1,7.7,7.7,否
粮油,1,4.7,4.7,否
休闲,0.24,2.8,19.8,是
蔬果,0.328,1.31,3.98,否
粮油,1,1.7,1.7,否
粮油,1,7.9,7.9,否
蔬果,0.349,1.4,4,否
休闲,1,1.3,1.3,否
蔬果,0.504,3.31,6.56,否
休闲,0.276,6.62,24,否
日配,4,10.8,2.7,否
蔬果,2,3,1.5,否
休闲,0.198,8.67,51.6,是
休闲,0.242,12.05,49.8,否
蔬果,1.16,13.9,11.98,否
蔬果,1.755,10.49,5.98,否
蔬果,1.251,7.46,5.96,否
酒饮,1,8.9,13.7,是
蔬果,0.572,10.07,17.6,否
粮油,0.504,2.97,6.8,是
蔬果,0.842,1.67,1.98,否
日配,0.684,4.64,6.78,否
冲调,,1,9.9,9.9
休闲,1,6.3,6.3,否
休闲,1,7.9,7.9,否
酒饮,1,4.9,4.9,否
粮油,1,7.9,7.9,否
休闲,1,5.2,5.2,否
休闲,0.432,5.96,15.8,是
熟食,0.001,0.02,20,否
蔬果,0.534,1.06,1.98,否
蔬果,0.598,5.96,9.96,否
日配,1,8.9,14.9,是
家居,1,3,3,否
肉禽,0.398,16.64,41.8,否
熟食,0.379,2.27,6,否
洗化,1,5.5,5.5,否
洗化,1,7.9,7.9,否
休闲,1,6.9,9.5,是
蔬果,0.82,4.76,5.8,否
蔬果,0.56,2.24,4,否
蔬果,2,3,1.5,否
针织,1,4.9,6.9,是
针织,1,5,5,否
蔬果,0.628,3.64,5.8,否
蔬果,0.434,3.91,9,否
家居,1,3.5,3.5,否
蔬果,0.776,1.4,1.8,否
蔬果,2,3,1.5,否
洗化,1,3.9,3.9,否
蔬果,0.221,0.57,2.56,否
日配,1,3.7,3.7,否
蔬果,0.434,3.3,7.6,否
日配,0.61,10.86,17.8,否
粮油,1,17.9,21.9,是
熟食,0.346,9.69,28,否
家居,1,8,8,否
粮油,1,6,6.8,否
粮油,1,6.7,6.7,否
蔬果,0.815,1.61,1.98,否
蔬果,0.864,4.12,2,否
粮油,1,79.9,87.9,是
蔬果,0.352,5.91,16.8,否
蔬果,0.81,24.3,30,否
休闲,1,1,1,否
蔬果,0.886,15.77,17.8,否
蔬果,0.486,4.16,17.6,否
日配,1,7.3,7.3,否
蔬果,0.526,1.35,2.56,否
文体,1,1.5,1.5,否
熟食,4,2,0.5,否
蔬果,0.198,1.3,6.56,否
休闲,1,6.9,11.3,是
日配,1,49.9,66,是
蔬果,0.484,8.52,17.6,否
洗化,1,9.9,15.9,是
粮油,0.406,2.8,6.9,否
蔬果,0.456,1.18,2.58,否
蔬果,1.638,29.45,17.98,否
休闲,2,7,3.5,否
酒饮,1,7.5,7.5,否
休闲,10,12,1.2,否
休闲,1,8.5,8.5,否
蔬果,0.574,3.44,6,否
粮油,0.802,9.46,13.8,是
休闲,0.236,5.66,24,否
粮油,1,3.5,4.3,是
休闲,2,29.8,14.9,否
洗化,1,18.9,18.9,否
蔬果,1,6,6,否
休闲,1,11.9,11.9,否
休闲,1,2.9,2.9,否
休闲,1,5.9,5.9,否
蔬果,0.232,1.16,5,否
肉禽,1,1.6,1.6,否
蔬果,1.837,7.27,3.96,否
蔬果,0.401,0.79,1.98,否
蔬果,0.799,5.24,6.56,否
蔬果,0.942,2.41,2.56,否
粮油,1,5.7,5.7,否
针织,2,19,15,是
洗化,1,4.9,4.9,否
蔬果,1.982,3.57,1.8,否
蔬果,1.68,5.34,3.18,否
粮油,2,2.6,1.3,否
蔬果,4,8,2,否
日配,1,10.9,13.5,是
蔬果,1.256,3.99,3.18,否
粮油,1,79.9,87.9,是
蔬果,0.99,11.86,11.98,否
粮油,1,14.7,14.7,否
日配,1,6.9,6.9,否
家居,1,5,5,否
休闲,1,4.3,4.3,否
蔬果,0.556,2.2,3.96,否
休闲,1,3.7,3.7,否
蔬果,0.585,1.5,2.56,否
蔬果,0.46,1.19,2.58,否
休闲,0.148,2.93,19.8,否
休闲,1,14.9,14.9,否
熟食,0.286,8.01,28,否
蔬果,0.554,3.08,5.56,否
蔬果,0.48,4.61,9.6,否
蔬果,0.221,0.39,1.76,否
水产,0.336,10.08,30,否
蔬果,0.244,1.37,5.6,否
日配,1,8.7,8.7,否
文体,1,1.7,1.7,否
蔬果,0.358,1.43,4,否
粮油,1,28.9,28.9,否
休闲,2,1,0.5,否
休闲,0.55,5.39,11.8,是
蔬果,0.26,1.81,6.96,否
洗化,1,17.9,17.9,否
日配,1,10.3,10.3,否
洗化,1,6.9,7.9,是
日配,1,4.5,4.5,否
粮油,1,6.7,6.7,否
休闲,1,5.3,5.3,否
蔬果,0.515,2.04,3.96,否
蔬果,0.49,1.55,2.56,否
日配,1,9.9,9.9,否
粮油,0.346,20.41,89.8,是
蔬果,0.364,3.28,9,否
休闲,1,27.9,27.9,否
蔬果,1.238,7.4,11.98,否
蔬果,0.62,1.09,1.76,否
蔬果,0.472,1.22,2.58,否
休闲,1,1.2,1.2,否
粮油,0.842,4.97,5.9,否
休闲,0.16,7.97,49.8,否
文体,1,1.7,1.7,否
粮油,1,7.9,7.9,否
蔬果,0.634,4.16,6.56,否
休闲,0.14,8.37,59.8,否
蔬果,0.592,4.71,7.96,否
蔬果,0.283,1.69,5.98,否
日配,1,21.5,21.5,否
日配,16,44.8,2.8,否
蔬果,0.268,3.22,12,否
家居,1,13,13,否
蔬果,0.218,4.71,21.6,否
洗化,1,15.9,15.9,否
洗化,1,24.9,24.9,否
蔬果,0.332,1.66,5,否
蔬果,0.506,0.89,1.76,否
蔬果,0.962,16.16,16.8,否
蔬果,0.332,1.93,5.8,否
休闲,1,4.9,4.9,否
蔬果,0.564,2.23,3.96,否
粮油,0.73,8.6,13.8,是
休闲,1,3.9,3.9,否
休闲,0.118,4.7,39.8,否
蔬果,1.014,56.78,56,否
日配,12,58.8,5.3,是
日配,1,5.3,5.3,否
蔬果,0.494,2.47,5,否
休闲,1,2.7,2.7,否
休闲,1,28.3,39.8,是
日配,1,3.9,3.9,否
粮油,1,5.9,5.9,否
蔬果,0.756,7.53,9.96,否
蔬果,0.274,0.55,2,否
肉禽,0.4,11.2,28,否
蔬果,1.207,4.78,3.96,否
休闲,1,4.2,4.2,否
粮油,0.284,3.35,11.8,否
日配,1,9.9,15.5,是
洗化,1,6.9,9.7,是
蔬果,0.974,11.69,12,否
粮油,1,13.3,13.3,否
蔬果,1.016,3.23,3.18,否
粮油,1,2.3,2.3,否
冲调,1,8.9,16.3,是
冲调,1,22.7,22.7,否
蔬果,0.728,11.63,15.98,否
日配,1,6.6,8.3,是
休闲,1,8,8,否
酒饮,1,5.7,5.7,否
蔬果,1,6,6,否
蔬果,0.333,0.66,2.56,否
日配,0.824,5.59,6.78,否
肉禽,1.668,49.71,29.8,否
洗化,1,3.9,3.9,否
蔬果,0.142,2.22,15.6,否
蔬果,0.346,5.5,15.9,否
蔬果,1,30,30,否
日配,0.82,5.56,6.78,否
休闲,1,0.5,0.8,否
文体,1,14,14,否
洗化,1,9.9,15.9,是
文体,1,2.3,2.3,否
蔬果,0.278,1.1,3.96,否
蔬果,0.152,2.37,15.6,否
蔬果,0.19,1.82,9.6,否
粮油,0.742,8.7,13.8,是
日配,2.096,14.21,6.78,否
粮油,0.226,15.82,70,否
粮油,1,1.7,1.7,否
蔬果,0.296,1.72,5.8,否
粮油,0.966,17.29,17.9,否
粮油,1,8.2,8.2,否
日配,1,2.8,2.8,否
日配,1,13.9,13.9,否
休闲,1,3,3,否
蔬果,1.12,7.35,6.56,否
粮油,1,2.3,2.3,否
蔬果,0.93,5.54,5.96,否
酒饮,1,4,4,否
休闲,1,7.9,9.3,是
水产,0.354,10.62,30,否
休闲,1,5.3,5.3,否
休闲,1,6.9,6.9,否
日配,0.27,4.81,17.8,否
蔬果,0.55,1.1,2,否
文体,1,4.3,4.3,否
蔬果,0.341,1.98,5.8,否
日配,1.156,7.84,6.78,否
蔬果,0.368,1.46,3.96,否
洗化,1,7.9,7.9,否
蔬果,0.394,7.09,18,否
休闲,1,2.9,2.9,否
蔬果,0.571,3.31,5.8,否
洗化,1,2.9,2.9,否
蔬果,1.04,18.3,17.6,否
酒饮,1,9.3,9.3,否
蔬果,0.732,1.87,2.56,否
蔬果,0.995,1.95,1.96,否
蔬果,0.158,1.26,5.8,否
肉禽,0.49,9.31,19,否
休闲,0.18,8.96,49.8,否
粮油,1,5.9,6.9,否
休闲,0.512,9.22,18,否
酒饮,1,3.9,3.9,否
粮油,4,23.6,5.9,否
粮油,1.142,6.82,10.8,是
洗化,1,10.9,10.9,否
休闲,1,11.3,11.3,否
洗化,1,5,6.9,是
粮油,1,56.9,56.9,否
冲调,1,8.9,16.3,是
蔬果,0.707,2.8,3.96,否
蔬果,0.336,2.2,6.56,否
粮油,1,0.9,0.9,否
休闲,1,5.3,5.3,否
酒饮,1,7.7,7.7,否
日配,1,16.9,16.9,否
冲调,1,19.9,25.7,是
日配,1,13.9,18.9,是
肉禽,0.284,5.57,19.6,否
蔬果,0.373,0.67,1.8,否
肉禽,0.334,9.95,29.8,否
休闲,0.118,3.49,29.6,否
蔬果,0.359,2,5.56,否
洗化,1,6.9,6.9,否
蔬果,1.518,18.19,11.98,否
日配,1,5.3,5.3,否
日配,1.002,6.79,6.78,否
酒饮,1,4.9,4.9,否
日配,0.93,6.31,6.78,否
肉禽,0.228,6.79,29.8,否
蔬果,0.428,7.7,18,否
蔬果,0.95,4.3,5,否
粮油,1,3.9,3.9,否
蔬果,0.388,1.08,2.78,否
日配,0.232,4.13,17.8,否
蔬果,0.684,3.83,5.6,否
蔬果,2,3,1.5,否
休闲,1,7.9,7.9,否
洗化,1,9.9,14.9,是
蔬果,1,5.5,5.5,否
蔬果,0.401,3.05,7.6,否
粮油,1,7.9,7.9,否
酒饮,1,9.9,28.9,是
蔬果,1.326,7.9,5.96,否
蔬果,0.604,1.18,1.96,否
洗化,1,9.9,15.9,是
休闲,1,2.3,2.3,否
蔬果,0.294,6.35,21.6,否
日配,0.386,6.87,17.8,否
日配,2.226,15.09,6.78,否
粮油,1,2.3,2.3,否
粮油,2,6.6,3.3,否
蔬果,0.36,1.43,3.96,否
蔬果,0.824,24.72,30,否
蔬果,0.816,4.9,6,否
蔬果,0.448,2.24,5,否
日配,0.964,6.54,6.78,否
粮油,1,7.7,7.7,否
粮油,1,6.7,6.7,否
休闲,1,28.9,47,是
蔬果,1.074,2.77,2.58,否
蔬果,0.19,1.82,9.6,否
粮油,1,2.3,2.3,否
粮油,1,1.7,1.7,否
蔬果,0.772,9.25,11.98,否
粮油,1,3,3,否
冲调,1,23.7,23.7,否
休闲,1,12.9,12.9,否
粮油,1,17.9,21.9,是
文体,1,1.7,1.7,否
休闲,1,3.3,3.3,否
日配,1,4,4,否
肉禽,0.6,21.48,35.8,否
粮油,1,11.3,11.3,否
洗化,1,31.9,31.9,否
熟食,0.358,10.02,28,否
蔬果,0.24,1.34,5.6,否
粮油,1,11.3,11.3,否
蔬果,0.33,2.16,6.56,否
蔬果,0.792,1.58,2,否
蔬果,0.634,11.16,17.6,否
蔬果,0.282,2.54,9,否
蔬果,1.437,4.54,3.16,否
日配,0.806,20.75,32.6,是
粮油,1,3.5,4.3,是
粮油,1,5.5,5.5,否
日配,24,58.8,3,是
日配,1.046,7.09,6.78,否
粮油,0.154,4,26,否
蔬果,1.306,7.78,5.96,否
洗化,1,9.5,9.5,否
蔬果,0.272,1.78,6.56,否
蔬果,0.444,2.47,5.56,否
日配,1,2.7,2.7,否
休闲,0.932,12.86,13.8,否
蔬果,1.51,2.96,1.96,否
粮油,1,11.9,11.9,否
酒饮,1,13.3,13.3,否
洗化,1,5.9,5.9,否
蔬果,0.835,1.31,1.8,否
肉禽,0.398,7.8,19.6,否
蔬果,0.14,0.78,5.56,否
日配,1.21,23.96,19.8,否
日配,1,8.9,8.9,否
冲调,1,25.9,30.9,是
粮油,1,2.9,2.9,否
蔬果,2,3,1.5,否
家居,1,10,10,否
粮油,1,6.5,6.7,否
蔬果,0.656,1.94,2.96,否
熟食,2,2,1,否
洗化,1,5.9,5.9,否
日配,1,13.9,16.3,是
蔬果,0.9,10.78,10,否
蔬果,0.46,4.14,9,否
日配,1,9.9,9.9,否
蔬果,1.114,8.87,7.96,否
文体,1,5,5,否
酒饮,1,3,3,否
蔬果,0.58,6.96,12,否
肉禽,0.358,10.67,29.8,否
休闲,0.408,13.87,34,否
洗化,1,22.9,22.9,否
家居,1,9,9,否
休闲,0.15,2.37,27.8,是
蔬果,0.324,1.88,5.8,否
蔬果,0.767,1.98,2.58,否
休闲,0.21,6.26,29.8,否
蔬果,1.486,26.15,17.6,否
日配,1,13.9,16.3,是
蔬果,0.878,1.74,1.98,否
休闲,1,3.9,3.9,否
酒饮,1,5.5,5.5,否
洗化,1,12.9,16.9,是
休闲,1,4.2,4.2,否
日配,24,56,3,是
休闲,1,10.8,18.9,是
休闲,1,7.9,9.3,是
休闲,1,10.8,18.9,是
蔬果,2.955,9.34,3.16,否
蔬果,0.238,2.14,9,否
粮油,1,14.7,14.7,否
粮油,1,6.7,6.7,否
粮油,1,0.5,0.5,否
粮油,2,7.8,6.7,是
蔬果,1.057,1.9,1.8,否
蔬果,0.51,3.98,7.8,否
酒饮,1,4.3,4.3,否
蔬果,1.209,2.42,2,否
蔬果,1.158,4.59,3.96,否
蔬果,0.472,7.93,16.8,否
蔬果,2,3,1.5,否
休闲,0.408,17.8,51.6,是
粮油,1,1.1,1.1,否
家居,1,17,17,否
粮油,1,1,1,否
蔬果,0.196,1.76,9,否
蔬果,1.258,5.01,3.98,否
休闲,1,4.3,4.3,否
蔬果,0.408,3.67,9,否
休闲,0.214,4.2,27.8,是
蔬果,1.018,12.2,11.98,否
粮油,-1,-7.7,7.7,否
粮油,1,7.7,7.7,否
休闲,1,4.2,4.9,是
蔬果,0.341,0.88,2.58,否
肉禽,0.446,15.97,35.8,否
日配,1,2.8,2.8,否
蔬果,1.205,3.08,2.56,否
肉禽,0.25,4.9,19.6,否
休闲,0.376,4.4,19.8,是
肉禽,0.978,40.88,41.8,否
休闲,0.19,7.56,39.8,否
粮油,1,5.7,5.7,否
粮油,1,5.9,5.9,否
蔬果,0.968,3.83,3.96,否
粮油,8,10.4,1.3,否
蔬果,0.438,1.12,2.56,否
休闲,1,3.8,3.8,否
蔬果,0.686,3.43,5,否
日配,1,5,5.3,否
休闲,1,4.5,4.5,否
休闲,1,4.7,4.7,否
日配,0.692,4.69,6.78,否
休闲,0.332,9.8,39.6,是
肉禽,0.244,5.61,23,否
粮油,1,3.9,6.7,是
粮油,1,0.5,0.5,否
粮油,1,0.5,0.5,否
粮油,1,39.7,39.7,否
日配,0.856,5.8,6.78,否
休闲,0.422,6.6,19.6,是
休闲,1,12.5,12.5,否
日配,0.832,5.64,6.78,否
酒饮,2,248,138,是
蔬果,1.984,3.97,2,否
粮油,1,3.7,3.7,否
蔬果,1.38,8.22,5.96,否
肉禽,0.278,8.28,29.8,否
蔬果,0.244,0.63,2.58,否
蔬果,0.634,3.15,2.58,否
休闲,1,3.3,3.3,否
粮油,1,3.6,3.9,是
粮油,0.198,13.86,70,否
蔬果,0.238,2.28,9.6,否
休闲,1,0.5,0.5,否
蔬果,0.824,46.14,56,否
休闲,1,5,5,否
休闲,1,2.8,2.8,否
粮油,1,9.9,9.9,否
粮油,1,5.9,5.9,否
蔬果,1.154,2.08,1.8,否
休闲,1,1.3,1.3,否
休闲,1,1.3,1.3,否
蔬果,0.647,1.29,2,否
粮油,1,6.7,6.7,否
蔬果,0.538,3.22,5.98,否
蔬果,6.38,16.33,2.56,否
酒饮,1,13.9,13.9,否
粮油,1,13.3,13.3,否
蔬果,1.04,12.46,11.98,否
休闲,1,14.9,14.9,否
熟食,0.136,3.81,28,否
蔬果,0.976,5.83,11.98,否
粮油,1,4.3,4.3,否
粮油,1,19.9,19.9,否
蔬果,1.658,19.86,11.98,否
蔬果,1.01,2.61,2.58,否
酒饮,1,2.9,3.9,是
蔬果,0.47,7.51,15.98,否
休闲,1,1,1,否
冲调,1,3.9,5.3,是
蔬果,0.628,1.61,2.56,否
日配,1,2.3,2.3,否
蔬果,0.462,4.44,9.6,否
蔬果,0.754,9.03,11.98,否
蔬果,0.87,2.75,3.16,否
蔬果,1.608,16.08,10,否
日配,1,2.3,2.3,否
休闲,0.566,5.54,17.8,是
粮油,1,8.9,8.9,否
休闲,1,4.5,4.5,否
休闲,1,3,3,否
蔬果,0.622,18.66,30,否
粮油,0.3,1.79,10.8,是
休闲,0.346,13.77,39.8,否
休闲,1,1.9,3.5,是
蔬果,0.388,2.32,5.98,否
休闲,1,12.9,12.9,否
休闲,1,3.7,3.7,否
休闲,1,7.9,7.9,否
洗化,1,5.9,5.9,否
蔬果,0.056,0.28,4.98,否
粮油,1,7.7,7.7,否
日配,0.236,4.48,19,否
粮油,1,3.9,3.9,否
蔬果,0.528,8.45,16,否
蔬果,2.056,36.19,17.6,否
休闲,0.272,3.75,13.8,否
粮油,1,3.5,5.9,是
粮油,1,1.9,1.9,否
粮油,1.008,13.91,13.8,否
日配,1,9.8,14.9,是
日配,1,13.9,16.3,是
日配,1,7.9,12.8,是
蔬果,0.312,3.11,9.96,否
蔬果,1.342,23.89,17.8,否
文体,1,2.3,2.3,否
休闲,1,4.5,4.7,否
日配,1,3.9,5.5,是
冲调,1,3,3,否
蔬果,1.047,2.91,2.78,否
蔬果,0.531,3.08,5.8,否
日配,1,11.5,16.5,是
蔬果,1,6,6,否
蔬果,1.34,2.68,2,否
休闲,0.342,8.82,37.8,是
日配,1,7.9,12.8,是
蔬果,0.453,1.16,2.56,否
蔬果,0.294,2.81,9,否
文体,1,3.3,3.3,否
洗化,1,6.9,8.9,是
日配,1,3.5,3.9,是
休闲,0.068,2.71,39.8,否
休闲,0.412,9.89,24,否
蔬果,0.636,3.54,5.56,否
粮油,1,1.9,1.9,否
蔬果,0.118,1.42,12,否
熟食,1,1,1,否
日配,1,9.8,14.9,是
日配,1,5.5,7.5,是
蔬果,0.563,1.44,2.56,否
休闲,1.052,25.04,23.8,否
日配,1,13.9,16.3,是
日配,1.594,10.81,6.78,否
休闲,1,6.7,6.7,否
肉禽,0.434,12.07,27.8,否
休闲,1,5.9,5.9,否
蔬果,0.236,1.55,6.56,否
日配,1,6.3,6.3,否
蔬果,0.722,4.04,5.6,否
休闲,0.26,9.1,35,否
蔬果,0.436,2.44,5.6,否
洗化,1,7.9,7.9,否
休闲,1,3.5,3.5,否
休闲,0.264,3.4,17,是
休闲,1,6.9,9.5,是
蔬果,1.244,22.14,17.8,否
日配,2.128,14.43,6.78,否
肉禽,0.634,18.89,29.8,否
蔬果,0.282,1.64,5.8,否
休闲,0.59,23.48,51.8,是
蔬果,0.458,3.57,7.8,否
洗化,1,4.7,4.7,否
熟食,0.27,5.4,20,否
冲调,1,3.9,5.3,是
蔬果,0.337,2.22,7.96,否
日配,1,7.7,7.7,否
日配,1,3.9,5.5,是
洗化,1,8.5,8.5,否
休闲,1,2.7,2.7,否
休闲,1,10.8,18.9,是
蔬果,2.216,4.34,1.96,否
日配,1,13.9,16.3,是
休闲,0.604,5.9,15.8,是
肉禽,0.476,19.9,41.8,否
粮油,1,0.5,0.5,否
休闲,1,5.3,5.3,否
日配,1,5.5,5.5,否
日配,9,18.9,2.1,否
休闲,1,4,4,否
休闲,1,2.5,2.5,否
蔬果,0.205,0.41,2,否
蔬果,0.738,4.13,5.6,否
休闲,1,4.5,4.5,否
蔬果,1.124,13.47,11.98,否
日配,1,9.8,14.9,是
洗化,1,9.9,15.9,是
日配,1,9.9,15.9,是
蔬果,0.462,3.51,7.6,否
蔬果,0.296,1.72,5.8,否
蔬果,0.522,1.04,2,否
蔬果,0.606,3.51,5.8,否
洗化,1,7.8,8.9,是
冲调,1,3.9,5.3,是
蔬果,0.452,1.81,4,否
蔬果,1.284,4.06,3.16,否
休闲,0.248,9.87,39.8,否
蔬果,0.638,1.28,2,否
蔬果,0.608,3.64,5.98,否
粮油,1,3.5,5.9,是
休闲,1,3.7,3.7,否
休闲,1,4,4,否
蔬果,0.762,1.51,1.98,否
休闲,1,6.9,6.9,否
粮油,1,59.9,71.9,是
粮油,1,1,1,否
休闲,1,4.9,4.9,否
蔬果,0.255,1.02,1.48,否
蔬果,-0.001,0,2.96,否
蔬果,0.001,0,2.96,否
日配,3,8.1,2.7,否
粮油,1,2.5,3,否
休闲,1,10.8,18.9,是
蔬果,0.288,2.76,9.6,否
蔬果,0.22,0.87,3.96,否
休闲,1,1,1,否
蔬果,0.368,4.42,12,否
休闲,0.356,6.33,25.8,是
家电,1,19,19,否
酒饮,1,6,6,否
休闲,1,11.3,11.3,否
蔬果,0.408,4.9,12,否
粮油,3,6.9,2.3,否
水产,1,22,22,否
蔬果,4,8,2,否
熟食,0.56,11.2,20,否
蔬果,0.67,1.73,2.58,否
熟食,0.428,8.56,20,否
日配,1,31.7,31.7,否
蔬果,0.73,2.89,3.96,否
家居,1,13,13,否
日配,1.048,20.75,19.8,否
肉禽,0.534,10.57,19.8,否
蔬果,0.791,1.39,1.76,否
蔬果,0.444,0.88,1.98,否
休闲,0.094,3.7,51.8,是
休闲,1,4,4,否
蔬果,0.394,1.17,2.96,否
粮油,1,4.9,4.9,否
蔬果,1.092,10.92,10,否
洗化,1,14.9,14.9,否
粮油,1,9.5,9.5,否
肉禽,8.21,211.82,25.8,否
肉禽,6.02,481.6,80,否
粮油,50,279,5.58,否
日配,1,75,75,否
家居,1,10,10,否
粮油,1,5.7,5.7,否
文体,1,2.3,2.3,否
冲调,1,8.9,16.3,是
粮油,1,4.3,4.3,否
蔬果,1.008,2.58,2.56,否
蔬果,0.666,6.63,9.96,否
蔬果,0.714,4.14,5.8,否
粮油,1.008,31.15,30.9,否
蔬果,0.236,2.27,9.6,否
日配,1,24.7,24.7,否
日配,2,7.8,4.5,是
蔬果,1.382,6.88,4.98,否
休闲,1,4.7,4.7,否
休闲,1,3.5,3.5,否
休闲,1,2.2,2.2,否
粮油,1,11.3,11.3,否
洗化,1,15.9,19.9,是
休闲,1,3,3,否
蔬果,0.846,5.55,6.56,否
日配,1,9.8,14.9,是
酒饮,1,20.3,20.3,否
蔬果,0.478,4.78,10,否
休闲,1,4.2,4.2,否
粮油,1,3,3,否
粮油,3.364,18.77,5.58,否
蔬果,0.306,3.05,9.96,否
休闲,0.444,4.35,11.8,是
蔬果,0.636,8.25,30,否
蔬果,0.616,1.82,2.96,否
蔬果,0.378,0.68,1.8,否
粮油,0.876,4.89,5.58,否
蔬果,0.48,3,6,否
休闲,1,3.9,3.9,否
休闲,1,4.7,5.9,是
蔬果,4,8,2,否
蔬果,2.052,36.53,17.8,否
蔬果,0.623,3.61,5.8,否
蔬果,0.274,1.64,5.98,否
酒饮,1,10.3,10.3,否
粮油,1,22.5,22.5,否
休闲,0.662,16.95,25.6,否
日配,1,4.9,4.9,否
蔬果,0.885,15.75,17.8,否
粮油,0.86,3.94,4.58,否
休闲,1,17.9,17.9,否
日配,1,5.5,5.5,否
日配,1,9.8,14.9,是
休闲,1,6.5,6.5,否
洗化,1,14.9,14.9,否
针织,1,8.5,8.5,否
蔬果,0.28,2.17,7.76,否
熟食,0.352,7.04,20,否
蔬果,1,1.5,1.5,否
休闲,1,3.7,3.7,否
休闲,0.17,1.62,11.8,是
蔬果,1.068,2.14,2,否
酒饮,1,7.5,7.5,否
粮油,1,5.7,5.7,否
日配,1,9.9,15.9,是
粮油,1,36.9,36.9,否
休闲,1,3,3,否
休闲,1,3,3,否
休闲,1,2.2,2.2,否
蔬果,1.492,2.69,1.8,否
休闲,0.254,12.65,49.8,否
酒饮,1,2.5,4.5,是
蔬果,1.034,2.65,2.56,否
休闲,0.226,2.21,11.8,是
蔬果,0.601,1.2,2,否
休闲,1,4,4,否
蔬果,0.466,2.8,6,否
蔬果,0.591,2.36,4,否
蔬果,0.872,8.37,9.6,否
粮油,1,2.3,2.3,否
粮油,1,2.2,2.3,否
蔬果,1.12,4.48,4,否
文体,1,3.5,3.5,否
蔬果,0.611,4.01,6.56,否
蔬果,0.43,5.15,11.98,否
洗化,1,13.9,13.9,否
休闲,1,3.5,3.5,否
休闲,1,4,4,否
日配,16,32.9,2.7,是
蔬果,0.827,2.12,2.56,否
蔬果,0.557,1.11,2,否
洗化,1,5.9,5.9,否
洗化,1,4.9,4.9,否
酒饮,1,60.3,60.3,否
洗化,1,3.5,3.9,是
蔬果,1.902,12.48,6.56,否
酒饮,1,38,38,否
蔬果,0.754,7.54,10,否
蔬果,0.611,4.01,6.56,否
蔬果,0.866,8.31,9.6,否
粮油,1,7.9,16.3,是
蔬果,4.622,11.92,2.58,否
蔬果,7.996,31.8,1.98,否
日配,1,65,65,否
日配,4,11.2,2.8,否
休闲,0.636,17.68,27.8,否
粮油,1.395,5.86,4.2,否
休闲,0.36,15.76,51.6,是
洗化,1,8.9,8.9,否
酒饮,1,4.9,4.9,否
休闲,0.324,5.1,19,是
洗化,1,17.9,17.9,否
粮油,1,5.7,5.7,否
休闲,0.246,3.81,19,是
粮油,1,41.9,41.9,否
粮油,1,2.3,2.3,否
蔬果,0.562,8.98,15.98,否
酒饮,1,13.8,13.8,否
蔬果,0.198,5.39,27.2,否
蔬果,1.22,14.62,11.98,否
酒饮,1,8.9,11.9,是
蔬果,0.234,0.47,2,否
休闲,1,3.9,3.9,否
休闲,1,29.8,29.8,否
休闲,1,9,9,否
蔬果,0.548,1.41,2.58,否
休闲,1,18.9,19,否
粮油,1,3,3,否
休闲,1,29.9,29.9,否
休闲,0.198,8.67,51.6,是
家居,1,10,10,否
蔬果,0.22,1.23,5.6,否
粮油,1,10.9,14.7,是
肉禽,1,1.6,1.6,否
蔬果,0.344,2.74,7.96,否
蔬果,0.475,1.41,2.96,否
日配,1,49.9,66,是
蔬果,0.316,0.4,1.76,否
粮油,1,5.9,5.9,否
粮油,1,2.3,2.3,否
日配,1,9.8,14.9,是
洗化,1,7.9,8.9,是
蔬果,1.269,5.03,3.96,否
洗化,1,13.9,13.9,否
休闲,1,2.7,2.7,否
休闲,1,1.2,1.2,否
蔬果,6.796,120.97,17.8,否
蔬果,2.893,17.24,5.96,否
酒饮,1,5.5,5.5,否
休闲,0.818,19.47,23.8,否
肉禽,0.43,8.51,19.8,否
蔬果,0.183,1.1,6,否
日配,1,1,1,否
粮油,1,2.3,2.3,否
蔬果,0.395,1.98,5,否
粮油,1,3.9,3.9,否
洗化,1,6.5,7.7,是
蔬果,0.448,25.09,56,否
休闲,0.17,2.35,13.8,否
蔬果,0.227,1.49,6.56,否
蔬果,0.544,3.05,5.6,否
洗化,1,19.9,19.9,否
休闲,1,7.9,7.9,否
蔬果,0.51,6.12,12,否
蔬果,0.68,5.3,7.8,否
蔬果,0.44,1.76,4,否
蔬果,0.49,1.94,3.96,否
粮油,1,5.9,5.9,否
酒饮,1,12.9,12.9,否
休闲,1,9.9,9.9,否
酒饮,1,25,25,否
粮油,1,7.3,7.3,否
文体,1,2.3,2.3,否
休闲,4,18.8,4.7,否
蔬果,0.338,2.02,5.98,否
蔬果,0.59,1.52,2.58,否
粮油,4,8,2,否
休闲,1,24.9,29.9,是
休闲,1,7.5,7.5,否
蔬果,1.299,5.14,3.96,否
酒饮,1,13.8,13.8,否
日配,0.898,6.09,6.78,否
休闲,1,10.9,10.9,否
休闲,0.276,12.03,51.6,是
蔬果,0.504,2.92,5.8,否
针织,1,4.9,6,是
日配,0.846,5.74,6.78,否
日配,1,2.3,2.3,否
粮油,1,4.3,4.3,否
蔬果,1.592,28.34,17.8,否
休闲,0.084,6.69,79.6,否
蔬果,1.646,13.1,7.96,否
粮油,1,79.9,87.9,是
洗化,1,8.9,8.9,否
粮油,1,5.3,5.3,否
文体,1,6.3,6.3,否
日配,1,3.5,3.9,是
蔬果,1.064,2.13,2,否
冲调,1,8.9,8.9,否
蔬果,0.39,1,2.56,否
蔬果,0.373,6.71,18,否
粮油,1,3,3,否
休闲,1,4,4,否
洗化,1,11.9,15.5,是
蔬果,0.398,2.38,9.96,否
粮油,4.062,22.67,5.58,否
家居,2,12,6,否
酒饮,1,2.5,2.5,否
日配,1,1.6,2,是
洗化,1,9.9,9.9,否
日配,1,22.9,22.9,否
蔬果,4,8,2,否
日配,1,9.9,15.9,是
休闲,1,3.5,3.5,否
蔬果,0.844,25.32,30,否
蔬果,0.252,1.65,6.56,否
粮油,1,6.7,6.7,否
洗化,1,51.8,56.9,是
文体,1,8.5,8.5,否
休闲,1,7.9,7.9,否
洗化,1,8.5,8.9,是
粮油,1,5.9,5.9,否
蔬果,0.536,2.44,4.56,否
蔬果,1.708,20.46,11.98,否
蔬果,0.534,2.11,3.96,否
熟食,2,2,1,否
蔬果,1.216,24.32,20,否
粮油,1,27.9,27.9,否
粮油,1,2.5,3,否
蔬果,0.526,6.31,12,否
蔬果,0.974,1.91,1.96,否
蔬果,0.11,1.06,9.6,否
蔬果,2.072,24.82,11.98,否
休闲,0.246,4.87,25,是
休闲,1,5.9,8.7,是
粮油,1,3.5,4.3,是
日配,1,9.9,9.9,否
蔬果,1.738,22.55,7.98,否
酒饮,1,8.9,11,是
休闲,4,34,13.9,是
家居,1,7,7,否
休闲,0.48,14.3,39.6,是
蔬果,1.171,4.64,3.96,否
休闲,1,5.3,5.3,否
洗化,1,8.9,10.9,是
蔬果,0.478,1.89,3.96,否
粮油,1,29.9,29.9,否
洗化,1,3,3,否
蔬果,0.284,4.77,16.8,否
家居,1,6.9,6.9,否
针织,1,25,25,否
粮油,1,4.7,4.7,否
日配,1,1.6,2,是
家居,1,1.5,2,是
休闲,1,14.5,14.5,否
蔬果,1.326,2.65,2,否
蔬果,0.578,1.14,1.98,否
日配,1,35.7,35.7,否
日配,1,9.9,15.9,是
蔬果,1,1.5,1.5,否
蔬果,0.563,2.25,4,否
酒饮,1,11.3,11.3,否
日配,1,8.9,8.9,否
洗化,1,6.5,6.5,否
酒饮,6,10.8,2,是
蔬果,0.272,3.26,12,否
粮油,1,2.3,2.3,否
休闲,2,59.6,49.8,是
休闲,1,13.9,13.9,否
蔬果,1.581,2.85,1.8,否
蔬果,0.532,1.06,2,否
蔬果,0.666,5.3,7.96,否
休闲,0.63,8.69,13.8,否
蔬果,0.452,4.34,9.6,否
休闲,1,11.8,11.8,否
蔬果,1.318,4.19,3.18,否
家居,1,6.9,10,是
蔬果,0.538,2.13,3.96,否
休闲,1,7.3,7.5,是
日配,12,58.8,4.9,否
休闲,1,18.9,18.9,否
蔬果,0.402,6.42,15.98,否
休闲,1,4.9,4.9,否
家居,1,16,16,否
家居,1,26,26,否
粮油,1,3.7,3.7,否
蔬果,0.724,5.5,7.6,否
蔬果,0.724,4.75,6.56,否
日配,1,8.6,8.6,否
蔬果,0.144,1.12,7.76,否
蔬果,0.61,9.7,15.9,否
休闲,1,9.9,9.9,否
洗化,4,31.6,7.9,否
家居,1,9,9,否
日配,1,13.9,16.3,是
蔬果,1.71,20.49,11.98,否
蔬果,1.002,13,30,否
蔬果,0.274,2.13,7.76,否
蔬果,1.77,10.55,5.96,否
蔬果,1.424,5.67,3.98,否
蔬果,0.754,1.93,2.56,否
粮油,1,3.9,3.9,否
酒饮,2,6,3,否
休闲,1,16.9,16.9,否
洗化,1,1.9,2.7,是
粮油,1,14.7,14.7,否
休闲,1,4,4,否
休闲,0.456,19.9,51.6,是
洗化,1,8,8,否
家居,1,8,8,否
粮油,1,2.3,2.3,否
休闲,1,108,108,否
蔬果,0.318,3.82,12,否
针织,1,10,10,否
蔬果,0.184,0.8,2,否
蔬果,2.058,12.31,5.98,否
蔬果,0.904,50.62,56,否
蔬果,0.365,6.57,18,否
日配,1,5,5,否
蔬果,0.866,15.24,17.6,否
休闲,0.186,5.54,39.6,是
日配,1.548,10.5,6.78,否
粮油,1,2.3,2.3,否
休闲,1,4.3,4.3,否
日配,1,11.9,11.9,否
蔬果,0.6,4.68,7.8,否
文体,1,0.5,0.5,否
蔬果,0.442,13.26,30,否
休闲,1,4.9,4.9,否
休闲,1,14.5,14.5,否
家居,1,11,11,否
蔬果,0.212,1.19,5.6,否
日配,1,7.5,7.5,否
粮油,1,3.9,3.9,否
洗化,1,14.9,14.9,否
肉禽,0.77,22.95,29.8,否
粮油,1,2.3,2.3,否
粮油,1,6.7,6.7,否
日配,15,27.9,2.4,是
粮油,1,44.9,44.9,否
蔬果,0.516,3.59,6.96,否
休闲,0.466,13.79,29.6,否
休闲,1,10.4,10.4,否
日配,12,58.8,5.3,是
蔬果,1.088,19.15,17.6,否
洗化,1,11.9,14.5,是
休闲,1,3.9,3.9,否
蔬果,0.5,3.48,6.96,否
蔬果,0.238,1.81,7.6,否
粮油,1,12,12,否
洗化,1,3.9,3.9,否
家居,1,20,20,否
蔬果,0.254,2.53,9.96,否
蔬果,0.932,27.96,30,否
蔬果,0.504,3.93,7.8,否
粮油,1,84.9,84.9,否
洗化,1,9.7,9.7,否
休闲,0.124,8.66,69.8,否
粮油,1,0.5,0.5,否
蔬果,1.726,30.38,17.6,否
蔬果,0.358,3.57,9.96,否
蔬果,0.906,2.86,3.16,否
休闲,0.254,16.76,66,否
蔬果,0.398,3.49,16.8,否
蔬果,0.614,1.11,1.8,否
酒饮,3,22.5,7.5,否
日配,1,49.9,66,是
粮油,1,8.9,8.9,否
酒饮,2,51.8,25.9,否
蔬果,0.725,1.45,2,否
粮油,1,6.5,7.7,是
蔬果,0.498,5.97,11.98,否
洗化,1,21.9,21.9,否
文体,1,2.3,2.3,否
蔬果,1.406,5.57,3.96,否
粮油,1,12.5,12.5,否
日配,16,44.8,2.8,否
粮油,1,14.3,14.3,否
蔬果,0.102,0.61,5.98,否
蔬果,0.377,1.49,3.96,否
休闲,1,1,1,否
日配,1,49.9,66,是
休闲,1,7.5,7.5,否
蔬果,1,4.98,4.98,否
蔬果,0.298,2.68,9,否
休闲,1,6.9,11.3,是
蔬果,0.372,0.96,2.58,否
洗化,1,14.9,14.9,否
蔬果,0.336,6.05,18,否
洗化,1,9.9,9.9,否
蔬果,0.334,3.21,9.6,否
粮油,1,1.5,1.5,否
蔬果,2,20,10,否
日配,1,2.8,2.8,否
蔬果,0.464,3.04,6.56,否
蔬果,0.418,2.42,5.8,否
粮油,2,13.6,6.8,否
蔬果,0.546,3.28,6,否
洗化,1,5.6,6.3,是
文体,1,20.5,20.5,否
蔬果,0.216,1.5,6.56,否
蔬果,0.269,1.07,3.96,否
休闲,1,5.5,5.5,否
休闲,1,5.9,8.7,是
冲调,1,40.9,40.9,否
蔬果,2.737,5.36,1.96,否
休闲,1,8.5,8.5,否
蔬果,0.564,5.64,10,否
日配,1,3.5,3.5,否
日配,1.626,11.02,6.78,否
休闲,0.326,19.56,60,否
蔬果,0.756,1.5,1.98,否
粮油,1,4.9,4.9,否
蔬果,0.174,1.57,9,否
蔬果,0.368,3.68,10,否
酒饮,1,2.5,2.5,否
粮油,1,6.7,6.7,否
蔬果,0.266,1.06,3.98,否
蔬果,1.092,1.97,1.8,否
洗化,1,5.7,5.7,否
蔬果,0.507,1.5,2.96,否
日配,1,6.3,6.3,否
蔬果,0.546,2.07,3.8,否
蔬果,3.985,23.75,5.96,否
熟食,0.212,5.94,28,否
日配,0.828,5.61,6.78,否
粮油,1,3.9,6.7,是
洗化,1,2,2,否
洗化,4,39.6,15.9,是
蔬果,0.392,3.76,9.6,否
家居,1,6.9,8,是
蔬果,1.632,6.53,4,否
日配,24,58.8,3,是
蔬果,0.96,3.8,3.96,否
蔬果,0.202,1.33,6.56,否
日配,6,16.8,2.8,否
日配,1,8.3,8.3,否
蔬果,0.31,15.5,50,否
蔬果,1.326,13.21,9.96,否
日配,0.314,5.3,17.8,否
蔬果,1.62,6.42,3.96,否
蔬果,0.69,13.78,15.9,否
休闲,2,67.8,33.9,否
肉禽,0.968,30.01,31,否
洗化,1,26.9,26.9,否
粮油,1,0.5,0.5,否
针织,1,7.9,12,是
洗化,1,35.9,35.9,否
日配,5,11.5,2.3,否
洗化,1,18.9,18.9,否
家居,6,60,10,否
针织,1,37.5,37.5,否
粮油,1,8.9,8.9,否
蔬果,1.322,7.88,5.96,否
休闲,1,28.8,28.8,否
休闲,0.368,17.59,47.8,否
日配,1,6.6,8.3,是
粮油,1,0.5,0.5,否
日配,1.864,12.64,6.78,否
蔬果,0.793,2.05,2.58,否
蔬果,1,4.98,4.98,否
蔬果,0.5,0.88,1.76,否
日配,1,3.9,5.5,是
休闲,0.134,3.18,33.8,是
蔬果,0.609,1.21,1.98,否
洗化,1,16.9,16.9,否
蔬果,0.238,2.28,9.6,否
休闲,1,4,4,否
日配,1,1.6,2,是
酒饮,1,4,4,否
水产,0.22,6.6,30,否
日配,1,10.9,13.3,是
洗化,1,4,4,否
休闲,1,10.8,10.8,否
休闲,1,4.3,4.3,否
洗化,1,14.7,14.7,否
洗化,1,20.9,20.9,否
休闲,1,17.5,17.5,否
蔬果,2,3,1.5,否
休闲,1,3.3,3.3,否
酒饮,1,13.8,13.8,否
蔬果,0.07,0.84,12,否
蔬果,0.598,0.96,1.6,否
休闲,1,10.8,10.8,否
蔬果,0.679,3.4,5,否
蔬果,0.6,3.3,5.98,否
酒饮,2,6,3,否
蔬果,0.512,6.14,12,否
洗化,1,10.9,10.9,否
洗化,4,27.6,8.9,是
家居,1,15,15,否
蔬果,1.055,4.01,3.8,否
日配,1.062,7.2,6.78,否
洗化,1,2.8,3.5,是
蔬果,1,2,2,否
粮油,1,7.2,7.3,否
粮油,1,7.7,7.7,否
蔬果,1.096,6.53,5.96,否
洗化,1,7.9,7.9,否
蔬果,0.204,1.18,5.8,否
粮油,1,8.9,8.9,否
酒饮,1,11,11,否
蔬果,1.092,17.36,15.9,否
日配,1,22.9,22.9,否
粮油,1,7.9,7.9,否
洗化,1,6.9,9.7,是
粮油,1,6.7,6.7,否
蔬果,0.663,2.63,3.96,否
休闲,1,10.9,10.9,否
蔬果,0.573,1.7,2.96,否
休闲,0.248,3.9,27.8,是
休闲,0.226,9.85,51.6,是
洗化,1,36.9,36.9,否
蔬果,0.289,1.62,5.6,否
蔬果,0.67,1.72,2.56,否
休闲,1,6.9,9.5,是
日配,0.966,6.55,6.78,否
粮油,1,7.9,7.9,否
休闲,1,3.5,3.5,否
蔬果,0.756,13.31,17.6,否
粮油,1,89,109,是
日配,1,9.9,9.9,否
粮油,1.006,14.99,14.9,否
蔬果,0.769,1.98,2.58,否
蔬果,0.154,1.48,9.6,否
熟食,0.578,20.58,35.6,否
休闲,1,19.9,19.9,否
蔬果,0.34,2.71,7.96,否
蔬果,0.7,1.79,2.56,否
蔬果,0.69,4.14,6,否
日配,1.564,10.6,6.78,否
休闲,1,4,4,否
粮油,1,14.7,14.7,否
粮油,1,0.5,0.5,否
酒饮,1,24.9,24.9,否
蔬果,2.48,68.94,27.8,否
日配,1,65,65,否
休闲,1,6.9,6.9,否
休闲,1,13.5,13.5,否
蔬果,0.422,12.66,30,否
粮油,1,11.3,11.3,否
肉禽,0.686,24.56,35.8,否
粮油,1,3.8,3.8,否
日配,16,29,2.8,是
休闲,1,16.9,16.9,否
休闲,1,12.9,12.9,否
粮油,1,9.5,9.5,否
针织,1,8.5,8.5,否
休闲,1,52,53,否
休闲,1,4.3,4.3,否
粮油,0.134,7.9,89.8,是
冲调,1,17.5,19.9,是
蔬果,0.222,0.62,2.78,否
粮油,1,11.7,11.7,否
蔬果,0.626,1.62,2.58,否
蔬果,1.164,6.94,5.96,否
休闲,1,3.3,3.3,否
蔬果,0.112,1.01,9,否
蔬果,0.582,9.78,16.8,否
日配,1,10.3,10.3,否
休闲,1,6.9,6.9,否
粮油,1,4.5,4.5,否
蔬果,0.232,0.46,2.56,否
蔬果,1.452,3.73,2.56,否
日配,1,7.3,7.3,否
粮油,1,5.3,5.3,否
休闲,1,5.2,5.2,否
日配,24,58.8,3,是
洗化,1,8.9,8.9,否
蔬果,0.101,0.51,5,否
日配,0.35,9.03,32.6,是
蔬果,0.384,6.91,18,否
蔬果,0.918,2.35,2.56,否
酒饮,1,4.5,4.5,否
蔬果,1.146,31.86,27.8,否
冲调,1,32.7,32.7,否
蔬果,1,18,18,否
蔬果,0.991,2.54,2.56,否
蔬果,0.736,4.42,6,否
休闲,0.658,41.98,63.8,否
肉禽,0.344,6.74,19.6,否
熟食,1.1,22,20,否
休闲,0.608,5.95,17.8,是
蔬果,1.41,24.82,17.6,否
粮油,1,3.9,3.9,否
休闲,0.162,9.69,59.8,否
蔬果,0.404,1.03,2.56,否
蔬果,0.402,4.82,11.98,否
洗化,1,9.5,9.5,否
蔬果,0.174,0.97,5.56,否
日配,1,9.9,9.9,否
日配,1,5.3,5.3,否
休闲,3,13.5,4.5,否
日配,1,3.9,5,是
蔬果,1.26,7.51,5.96,否
粮油,1,7.9,7.9,否
粮油,1,3.9,3.9,否
洗化,-1,-35.9,35.9,否
粮油,1,8.5,8.5,否
休闲,0.168,2.65,27.8,是
休闲,1,5.7,5.7,否
洗化,1,4.3,4.3,否
日配,12,49,5.5,是
蔬果,0.4,0.79,1.98,否
蔬果,0.502,1.49,2.96,否
粮油,1,15.5,15.9,否
冲调,1,18.9,18.9,否
粮油,1,7.3,7.3,否
熟食,0.388,7.76,20,否
蔬果,0.63,6.27,9.96,否
休闲,0.11,3.2,39.6,是
日配,1,13.9,13.9,否
肉禽,0.256,5.02,19.6,否
冲调,1,39,39,否
洗化,1,15.9,21.9,是
蔬果,0.678,1.36,2,否
蔬果,0.835,2.15,2.58,否
蔬果,1.059,2.71,2.56,否
日配,3,3,1,否
休闲,1,3.3,3.3,否
休闲,1,2.7,2.7,否
休闲,1,3.3,3.3,否
粮油,1,9.9,9.9,否
休闲,1,13.7,13.7,否
洗化,1,1.7,1.7,否
日配,1,8.9,12.9,是
休闲,1,14.9,14.9,否
日配,1,13.9,13.9,否
蔬果,0.454,2.54,5.6,否
粮油,1,8.9,8.9,否
蔬果,0.954,11.43,11.98,否
蔬果,1.616,3.17,1.96,否
蔬果,0.546,10.81,19.8,否
酒饮,1,59,59,否
蔬果,0.672,3.9,5.8,否
蔬果,0.072,0.69,9.6,否
休闲,0.406,44.66,110,否
洗化,1,6.9,8.9,是
日配,0.606,15.63,32.6,是
休闲,0.32,5.05,19,是
蔬果,0.824,2.11,2.56,否
休闲,1,3.7,3.7,否
休闲,0.618,8.01,17,是
粮油,1,3.9,3.9,否
洗化,1,8.5,8.9,是
蔬果,0.178,0.81,5.8,否
日配,1,8.9,12.9,是
日配,1,14.3,14.3,否
休闲,1,4.2,4.2,否
蔬果,1.012,4.01,3.96,否
蔬果,0.428,5.14,12,否
粮油,1,56.9,56.9,否
休闲,1,2.9,2.9,否
肉禽,0.31,8.62,27.8,否
蔬果,0.286,2.22,7.76,否
蔬果,0.08,2.18,27.2,否
蔬果,0.349,0.9,2.58,否
酒饮,4,56,15,是
粮油,1,3.6,3.9,是
蔬果,0.488,3.2,6.56,否
蔬果,0.17,1.16,6.56,否
蔬果,0.454,1.73,3.8,否
蔬果,0.586,5.27,9,否
粮油,1,8.9,8.9,否
粮油,1,22.5,22.5,否
蔬果,0.367,1.45,3.96,否
休闲,1,4.3,4.3,否
蔬果,1.002,3.99,3.98,否
酒饮,1,2.5,2.5,否
蔬果,0.226,1.27,5.6,否
日配,0.128,1.09,8.5,否
休闲,1,1,1,否
日配,0.668,4.53,6.78,否
蔬果,1.071,3.41,3.18,否
针织,1,11,11,否
休闲,1,3.3,3.3,否
蔬果,1.508,4.8,3.18,否
休闲,0.222,9.7,51.6,是
粮油,12,39.6,3.3,否
粮油,1,2.8,2.8,否
肉禽,0.19,5.66,29.8,否
酒饮,6,12,2,否
日配,0.288,1.95,6.78,否
休闲,1,24.9,24.9,否
休闲,0.632,25.15,39.8,否
蔬果,0.26,0.99,3.8,否
洗化,1,3,3.7,是
蔬果,0.53,2.1,3.96,否
洗化,1,10.9,12.9,是
粮油,1,0.5,0.5,否
休闲,1,3.9,3.9,否
休闲,1,3.9,3.9,否
蔬果,0.528,1.36,2.58,否
蔬果,1.076,2.11,1.96,否
休闲,1,6,6,否
休闲,1,2.5,2.5,否
洗化,1,9.9,15.9,是
蔬果,1.134,19.96,17.6,否
日配,1,49,65,是
休闲,1,13.9,13.9,否
蔬果,1,6,6,否
蔬果,0.16,3.46,21.6,否
蔬果,0.402,6.39,15.9,否
日配,6,12,2,否
休闲,0.856,30.64,35.8,否
蔬果,0.558,2.21,3.96,否
休闲,1,2.9,2.9,否
蔬果,2,60,30,否
蔬果,0.286,2.85,9.96,否
蔬果,0.374,2.17,5.8,否
蔬果,0.484,1.92,3.96,否
洗化,1,3.9,3.9,否
休闲,1,3.4,3.4,否
蔬果,0.438,5.26,12,否
休闲,0.12,1.63,19.8,是
针织,1,8.9,8.9,否
针织,1,5.5,5.5,否
粮油,1,7.3,7.3,否
日配,1,14.9,14.9,否
粮油,4,9.2,2.3,否
休闲,1,3.9,3.9,否
蔬果,1.109,2,1.8,否
蔬果,0.614,6.12,9.96,否
蔬果,0.564,9.93,17.6,否
蔬果,0.32,0.64,2,否
休闲,1,3.7,3.7,否
蔬果,0.442,0.88,3.96,否
蔬果,0.482,3.16,6.56,否
休闲,1,1.9,1.9,否
休闲,0.24,2.8,19.8,是
酒饮,1,24.9,24.9,否
休闲,1,10.8,18.9,是
蔬果,2.048,18.8,2,否
休闲,1,11.9,11.9,否
洗化,1,24.9,24.9,否
肉禽,0.434,8.59,19.8,否
蔬果,0.417,1.23,2.96,否
日配,1,49.9,66,是
蔬果,0.874,1.57,1.8,否
蔬果,0.602,1.78,2.96,否
熟食,0.572,11.44,20,否
酒饮,1,8.9,13.7,是
休闲,1,3.5,3.5,否
蔬果,0.374,0.74,1.98,否
粮油,12,38.4,3.2,否
冲调,1,25.9,25.9,否
蔬果,0.136,1.31,9.6,否
蔬果,0.188,3.38,18,否
蔬果,0.2,3.6,18,否
蔬果,0.179,3.22,18,否
蔬果,0.27,1.57,5.8,否
休闲,1,3.9,3.9,否
粮油,1,14.7,14.7,否
酒饮,1,1,1,否
粮油,5,14.5,2.9,否
蔬果,0.402,2.24,5.56,否
休闲,0.222,4.3,27.8,是
蔬果,0.214,1.4,6.56,否
洗化,1,11.7,11.7,否
蔬果,0.934,1.68,1.8,否
休闲,0.236,4.67,19.8,否
休闲,1,5.3,5.5,否
蔬果,0.902,2.33,2.58,否
洗化,1,4.7,4.7,否
粮油,1,3.9,3.9,否
休闲,0.342,17.03,49.8,否
熟食,0.352,7.04,20,否
蔬果,0.594,1.07,1.8,否
蔬果,1.07,10.7,10,否
日配,0.704,4.77,6.78,否
日配,1,76,76,否
蔬果,0.936,28.08,30,否
熟食,8,4,0.5,否
粮油,4,19.6,4.9,否
蔬果,0.536,2.68,5,否
粮油,1,4,4,否
休闲,1,5.5,5.9,是
日配,1,3.9,3.9,否
蔬果,0.336,1.33,3.96,否
日配,1,49.9,66,是
休闲,0.392,5.41,13.8,否
蔬果,0.528,4.01,7.6,否
休闲,0.306,4.22,13.8,否
洗化,1,2.9,4.7,是
蔬果,0.4,2.62,6.56,否
针织,1,9.5,9.5,否
休闲,1,4.3,4.3,否
休闲,0.304,21.83,71.8,否
蔬果,0.692,1.37,1.98,否
日配,1,5.5,7.5,是
洗化,1,14.9,14.9,否
蔬果,0.447,1.32,2.96,否
休闲,1,5.7,5.7,否
洗化,1,8.9,8.9,否
蔬果,0.284,3.11,9.6,否
粮油,1,10.9,14.7,是
休闲,1,3.9,3.9,否
蔬果,0.74,7.39,9.98,否
洗化,1,15.9,15.9,否
洗化,1,7.9,7.9,否
家居,1,8,8,否
粮油,1,14.7,14.7,否
蔬果,0.324,5.05,15.6,否
蔬果,0.991,17.64,17.8,否
蔬果,0.484,3.78,7.8,否
洗化,1,12.9,17.7,是
蔬果,0.186,1.79,9.6,否
休闲,1,4.9,4.9,否
粮油,0.826,11.4,13.8,否
蔬果,0.51,1.31,2.56,否
日配,1,14.3,14.3,否
休闲,1,3.3,3.3,否
蔬果,0.266,1.05,3.96,否
蔬果,1.198,14.35,11.98,否
休闲,0.244,3.85,19,是
蔬果,0.194,3.94,21.6,否
蔬果,1.97,54.77,27.8,否
洗化,1,11.9,11.9,否
蔬果,0.941,3.73,3.96,否
蔬果,0.092,1.1,12,否
休闲,1,4.3,4.3,否
酒饮,1,5.7,5.7,否
蔬果,2.514,69.89,27.8,否
休闲,1,6.7,6.7,否
粮油,1,9.5,9.9,否
肉禽,0.15,12,80,否
针织,1,34.9,45,是
休闲,1,5.9,5.9,否
粮油,1,4.7,4.7,否
蔬果,1.859,4.76,2.56,否
蔬果,0.432,2.51,5.8,否
粮油,0.242,1.65,6.8,否
休闲,0.378,15.42,40.8,否
日配,0.74,5.02,6.78,否
休闲,1,3.5,3.5,否
肉禽,0.478,14.24,29.8,否
蔬果,1,2,2,否
日配,16,32.9,2.7,是
蔬果,0.12,3.26,27.2,否
水产,0.306,9.18,30,否
蔬果,0.844,1.49,1.76,否
粮油,1,6.7,6.7,否
蔬果,0.506,3.95,7.8,否
日配,24,58.8,3,是
休闲,1,5.5,5.9,是
休闲,1,2.7,2.7,否
日配,1,4.9,4.9,否
蔬果,0.424,1.68,3.96,否
蔬果,0.624,6.24,10,否
洗化,1,11.9,11.9,否
洗化,1,35.9,35.9,否
家居,1,9,9,否
粮油,1,6.3,6.3,否
蔬果,0.402,3.14,7.8,否
休闲,1,6.9,6.9,否
蔬果,0.39,2.18,5.6,否
洗化,1,3.9,3.9,否
休闲,1,4.3,4.3,否
日配,15,27.9,2.4,是
蔬果,0.978,17.21,17.6,否
蔬果,0.67,1.98,2.96,否
蔬果,0.86,48.16,56,否
家居,1,10,10,否
日配,1,7.3,7.3,否
蔬果,0.408,0.6,1.48,否
蔬果,0.466,4.47,9.6,否
休闲,1,5.9,5.9,否
蔬果,0.21,2.02,9.6,否
蔬果,0.196,0.34,1.76,否
蔬果,0.738,1.9,2.58,否
蔬果,0.83,9.94,11.98,否
肉禽,0.29,8.06,27.8,否
日配,1,15.9,21.9,是
蔬果,0.614,7.36,11.98,否
休闲,1,3.9,3.9,否
蔬果,1.196,14.33,11.98,否
蔬果,0.395,0.58,1.48,否
粮油,5,19.5,6.7,是
蔬果,1.496,4.44,2.56,否
日配,1.566,10.62,6.78,否
蔬果,0.424,0.8,6.56,否
日配,1,9.8,14.9,是
休闲,0.29,3.42,11.8,否
蔬果,0.554,9.75,17.6,否
酒饮,1,11.3,11.3,否
休闲,1,9.7,9.7,否
粮油,0.168,11.76,70,否
日配,0.808,5.48,6.78,否
蔬果,0.751,2.97,3.96,否
蔬果,0.608,1.22,2,否
日配,1,5.5,7.5,是
蔬果,0.632,1.63,2.58,否
蔬果,0.446,1.77,3.96,否
蔬果,0.132,1.05,7.96,否
蔬果,0.684,3.97,5.8,否
休闲,1,4.5,4.5,否
日配,1.496,10.14,6.78,否
休闲,5,5,1,否
休闲,1,5.9,5.9,否
蔬果,0.476,0.93,1.96,否
粮油,1,8.9,8.9,否
粮油,1,1.9,1.9,否
文体,1,1.7,1.7,否
休闲,1,3.9,3.9,否
蔬果,0.87,5.19,5.96,否
洗化,1,6.9,6.9,否
粮油,1,15.9,15.9,否
休闲,1,3.9,3.9,否
蔬果,0.734,1.47,2,否
文体,1,11.3,11.3,否
酒饮,1,9.9,9.9,否
针织,1,30,30,否
休闲,0.504,30.14,59.8,否
蔬果,0.26,1.98,7.6,否
日配,1.3,8.81,6.78,否
日配,1,13.9,16.3,是
蔬果,0.544,3.57,6.56,否
休闲,1,8.9,8.9,否
休闲,1,5.5,5.5,否
洗化,1,11.7,11.7,否
日配,2.058,13.95,6.78,否
粮油,1.238,8.42,6.8,否
蔬果,0.894,8.9,9.96,否
日配,1,3.9,5,是
酒饮,1,6.5,6.5,否
洗化,1,4.7,4.7,否
日配,1.212,24,19.8,否
粮油,1,4.3,4.3,否
粮油,0.49,2.9,10.8,是
粮油,1,4.9,4.9,否
冲调,1,4.9,4.9,否
休闲,0.358,5.66,15.8,否
酒饮,1,6.9,6.9,否
蔬果,0.532,6.38,12,否
肉禽,0.316,8.78,27.8,否
日配,1,3.3,3.3,否
休闲,1,12,12,否
休闲,1,3.5,3.5,否
休闲,0.298,5.36,18,否
日配,1,9.3,9.3,否
粮油,1,10.9,10.9,否
日配,1.676,11.36,6.78,否
日配,0.73,4.95,6.78,否
蔬果,0.264,2.1,7.96,否
肉禽,2.096,49.88,23.8,否
蔬果,0.508,1.01,1.98,否
蔬果,4,8,2,否
洗化,1,12.9,15.9,是
日配,1,9.9,9.9,否
休闲,1,5.8,5.8,否
蔬果,0.36,2.09,5.8,否
家电,6,6,1,否
蔬果,0.787,2.01,2.56,否
蔬果,0.903,4.52,5,否
休闲,0.53,15.79,39.6,是
休闲,1,8.7,8.7,否
休闲,6,23.4,3.9,否
休闲,1,5.9,5.9,否
粮油,4.66,26,5.58,否
蔬果,0.708,1.27,1.8,否
蔬果,0.278,1.82,6.56,否
蔬果,2,3,1.5,否
休闲,0.17,4.33,35.8,是
蔬果,0.74,7.38,9.96,否
肉禽,1.992,51.39,25.8,否
蔬果,4.108,24.48,5.96,否
蔬果,0.417,2.34,5.6,否
蔬果,0.592,2.96,5,否
日配,0.32,2.72,8.5,否
洗化,1,12.9,17.9,是
日配,1,6.9,8.3,是
蔬果,0.381,3.66,9.6,否
蔬果,1.366,5.46,4,否
蔬果,1.008,17.74,17.6,否
蔬果,0.534,1.37,2.56,否
蔬果,0.388,1.94,5,否
日配,1,7.3,7.3,否
蔬果,0.604,3.6,9.96,否
蔬果,0.482,8.1,16.8,否
粮油,1,3.9,3.9,否
肉禽,0.272,7.62,28,否
蔬果,0.654,10.4,15.9,否
蔬果,0.132,3.59,27.2,否
洗化,1,17.9,24.9,是
冲调,1,4.9,4.9,否
蔬果,0.89,1.76,1.98,否
粮油,6,53.4,8.9,否
酒饮,3,198,66,否
休闲,1,10.3,11.3,否
休闲,1,4,4,否
粮油,1,14.7,14.7,否
休闲,1,6.9,6.9,否
肉禽,0.246,7.33,29.8,否
蔬果,0.27,1.61,5.98,否
蔬果,0.667,2.67,4,否
日配,1,7.3,7.3,否
粮油,1,2.3,2.3,否
蔬果,0.752,1.5,2,否
蔬果,0.746,20.74,27.8,否
蔬果,0.648,3.86,5.96,否
酒饮,1,25,25,否
休闲,0.104,3.08,29.6,否
蔬果,7.705,42.84,5.56,否
洗化,1,9.9,9.9,否
洗化,1,3.9,3.9,否
洗化,1,16.9,16.9,否
蔬果,0.556,1,1.8,否
日配,1,8,8,否
蔬果,0.406,6.46,15.9,否
酒饮,1,6.5,6.5,否
蔬果,0.778,4.67,6,否
蔬果,1.064,4.21,3.96,否
粮油,1,6.8,6.8,否
酒饮,1,58,89.9,是
粮油,1,6.8,7.9,否
蔬果,0.176,1.05,5.98,否
酒饮,1,3.5,3.5,否
休闲,0.256,5,27.8,是
休闲,0.194,5,35.8,是
蔬果,0.422,4.05,9.6,否
粮油,1,2.3,2.3,否
蔬果,1.462,4.65,3.18,否
休闲,1,34.5,34.5,否
粮油,1.006,11.97,11.9,否
蔬果,6.945,17.78,2.56,否
蔬果,0.376,1.49,3.96,否
日配,1,3.9,4.5,是
休闲,1,2.6,2.6,否
蔬果,2,4,2,否
蔬果,4,8,2,否
粮油,1,4.9,4.9,否
粮油,0.178,3.52,19.8,否
蔬果,0.891,10.67,11.98,否
文体,1,2.7,2.7,否
文体,1,1.7,1.7,否
蔬果,0.494,8.69,17.6,否
粮油,1,8.3,8.3,否
蔬果,5.514,9.93,1.8,否
蔬果,1,4.98,4.98,否
蔬果,0.728,1.43,1.96,否
蔬果,0.636,4.17,6.56,否
洗化,1,9.9,9.9,否
休闲,1,5.5,5.5,否
日配,1,8,11.5,是
休闲,0.288,3.4,11.8,否
洗化,1,9.9,15.9,是
休闲,1,1.2,1.2,否
蔬果,0.256,2.7,9,否
蔬果,0.562,2.23,3.96,否
蔬果,0.578,6.1,17.6,否
日配,1,6.3,6.3,否
休闲,1,5.5,5.5,否
日配,1,2.9,4.5,是
蔬果,0.538,0.97,1.8,否
蔬果,2.092,6.65,3.18,否
蔬果,0.092,0.88,9.6,否
日配,1,18.3,18.3,否
洗化,1,5.9,5.9,否
蔬果,0.266,2.12,7.96,否
蔬果,1.522,6.09,4,否
休闲,1,4.7,4.7,否
蔬果,0.178,1.17,6.56,否
粮油,0.226,15.82,70,否
休闲,1,1.5,1.5,否
休闲,0.52,5.03,17.8,是
休闲,0.302,5.37,25.8,是
蔬果,0.176,0.98,5.56,否
蔬果,3.188,8.16,2.56,否
蔬果,1,4.98,4.98,否
日配,1,9.9,10.9,否
文体,1,2.3,2.3,否
酒饮,1,32.7,32.7,否
粮油,0.104,6.13,89.8,是
粮油,1,5.5,5.5,否
蔬果,0.796,7.16,9,否
洗化,1,9.9,15.9,是
日配,1,13.9,18.3,是
休闲,0.302,4.15,19.8,是
熟食,0.456,9.12,20,否
肉禽,0.3,8.94,29.8,否
日配,5,10.5,2.1,否
粮油,1,6.9,6.9,否
蔬果,0.586,32.82,56,否
日配,0.714,4.84,6.78,否
蔬果,0.61,2.42,3.96,否
蔬果,0.454,2.63,5.8,否
酒饮,1,14.3,14.3,否
酒饮,1,4,4,否
酒饮,1,5.5,5.5,否
休闲,1,8.5,8.5,否
蔬果,0.764,3.03,3.96,否
蔬果,0.364,1.82,5,否
粮油,5.054,28.2,5.58,否
休闲,0.29,7.44,29.8,是
日配,1,13.9,16.3,是
蔬果,1,24,24,否
休闲,1,2.5,2.5,否
蔬果,0.798,9.56,11.98,否
休闲,1,4,4,否
洗化,1,18.7,18.7,否
粮油,1,3.6,3.9,是
文体,1,3.3,3.3,否
蔬果,0.602,10.6,17.6,否
休闲,1,8.3,8.3,否
休闲,1,13.9,13.9,否
蔬果,0.368,2.21,6,否
洗化,1,8.9,8.9,否
蔬果,1,24,24,否
蔬果,4,8,2,否
蔬果,0.994,3.94,3.96,否
粮油,1,41.9,49.9,是
粮油,1,4.3,4.3,否
蔬果,0.5,1.48,2.96,否
蔬果,0.376,2.11,5.6,否
蔬果,0.278,1.11,1.48,否
休闲,0.462,7.2,19.6,是
蔬果,0.408,7.34,18,否
休闲,0.262,7.8,39.6,是
粮油,0.24,9.07,37.8,否
粮油,1,8.5,8.5,否
休闲,1,19.9,19.9,否
蔬果,0.908,5.96,6.56,否
粮油,0.36,21.22,89.8,是
粮油,1,2.3,2.3,否
蔬果,0.634,2.51,3.96,否
粮油,1,5.3,5.3,否
蔬果,0.354,2.12,5.98,否
蔬果,0.964,3.82,3.96,否
蔬果,0.258,1.96,7.6,否
日配,1,1.7,1.7,否
蔬果,7.745,24.47,3.16,否
日配,16,44.8,2.8,否
蔬果,0.568,1.11,1.96,否
洗化,1,2,2,否
蔬果,0.16,1.54,9.6,否
粮油,1,4.9,4.9,否
酒饮,1,4.5,4.5,否
洗化,1,7.9,8.9,是
蔬果,0.256,2.3,9,否
蔬果,0.914,3.62,3.96,否
蔬果,0.522,3.12,6.56,否
蔬果,1.024,2.01,1.96,否
休闲,1,1.9,3.5,是
粮油,1,6.9,6.9,否
休闲,1,3.5,3.5,否
洗化,1,20.9,20.9,否
粮油,0.878,12.12,13.8,否
蔬果,0.508,1.01,1.98,否
蔬果,0.22,3.43,15.6,否
蔬果,0.892,8.56,9.6,否
酒饮,1,3.3,3.3,否
蔬果,0.202,1.17,5.8,否
洗化,1,9.5,9.5,否
休闲,0.414,8.2,19.8,否
蔬果,4,8,2,否
蔬果,1.658,5.27,3.18,否
日配,4,41.2,10.3,否
休闲,0.514,20.46,39.8,否
粮油,1,2.7,2.7,否
日配,1,8.9,12.9,是
洗化,1,18.9,24.9,是
洗化,1,7.8,8.9,是
熟食,0.204,18.36,90,否
蔬果,1,4.98,4.98,否
粮油,2,15.8,8.9,否
洗化,1,18.9,24.9,是
洗化,1,6.7,6.7,否
日配,1,2.3,2.3,否
日配,0.824,14.67,17.8,否
蔬果,0.384,0.69,1.8,否
休闲,0.312,4.3,19.8,是
粮油,1,3.9,3.9,否
洗化,1,9.9,15.9,是
休闲,0.338,5.34,27.8,是
蔬果,0.362,3.48,9.6,否
蔬果,0.212,1.23,5.8,否
休闲,16,17.6,1.1,否
洗化,1,13.9,13.9,否
洗化,1,15.6,15.9,是
蔬果,0.852,5.7,6.56,否
酒饮,1,11.9,11.9,否
休闲,1,2.9,2.9,否
休闲,0.236,4.67,25,是
粮油,4.66,26,5.58,否
蔬果,0.288,1.67,5.8,否
粮油,1,42.9,42.9,否
蔬果,0.49,3.21,6.56,否
蔬果,1.781,4.59,2.58,否
蔬果,0.28,2.79,9.96,否
熟食,0.506,10.12,20,否
家居,1,10,10,否
日配,0.524,3.55,6.78,否
蔬果,1.037,6.18,5.96,否
粮油,1,14.7,14.7,否
粮油,1,9.5,9.5,否
日配,24,58.8,3,是
肉禽,0.366,10.17,27.8,否
肉禽,0.304,8.45,27.8,否
休闲,1,3.3,3.3,否
休闲,1,3.3,3.3,否
肉禽,1.994,51.45,25.8,否
蔬果,0.416,4.15,9.98,否
熟食,4,2,0.5,否
熟食,2,2,1,否
肉禽,0.184,5.48,29.8,否
粮油,5.054,28.2,5.58,否
蔬果,0.084,1.31,15.6,否
休闲,0.376,11.2,39.6,是
日配,12,39.9,5.5,是
蔬果,0.309,1.73,5.6,否
蔬果,0.116,0.76,6.56,否
蔬果,0.18,2.86,15.9,否
日配,0.936,6.35,6.78,否
酒饮,1,2,2,否
粮油,1,5.7,5.7,否
蔬果,0.431,0.85,1.98,否
蔬果,0.326,0.59,1.8,否
休闲,10,10,1,否
日配,24,58.8,3,是
粮油,0.766,5.21,6.8,否
肉禽,1.926,49.69,25.8,否
蔬果,0.798,6.06,7.6,否
粮油,0.706,6.28,8.9,否
文体,1,2.3,2.3,否
洗化,1,29.9,41.9,是
粮油,1,2,2,否
粮油,1,6.9,6.9,否
洗化,1,8.9,8.9,否
洗化,1,9.9,9.9,否
蔬果,0.643,2.55,3.96,否
粮油,1,4.9,4.9,否
蔬果,0.74,1.89,2.56,否
粮油,0.512,30.2,89.8,是
蔬果,0.49,1.94,3.96,否
蔬果,1.268,2.28,1.8,否
蔬果,0.442,3.88,16.8,否
蔬果,0.914,3.62,3.96,否
蔬果,0.667,2.67,4,否
粮油,1.006,12.98,12.9,否
蔬果,1.304,23.21,17.8,否
蔬果,0.382,0.76,2,否
洗化,1,5,6.9,是
休闲,0.662,6.48,15.8,是
粮油,1,5.9,5.9,否
洗化,1,5.9,6.9,是
休闲,1,10,10,否
蔬果,1.18,21,17.8,否
蔬果,0.576,1.13,1.96,否
蔬果,0.552,5.52,10,否
日配,16,43.2,2.7,否
休闲,1,3.9,3.9,否
肉禽,0.272,7.62,28,否
粮油,1,6.7,6.7,否
肉禽,0.184,5.48,29.8,否
蔬果,0.257,1.49,5.8,否
粮油,3.928,16.5,4.2,否
蔬果,0.662,1.31,1.98,否
肉禽,2.236,57.69,25.8,否
蔬果,4.904,27.46,5.6,否
文体,1,2.3,2.3,否
粮油,1,2.7,2.7,否
蔬果,0.349,1.74,5,否
蔬果,0.349,1.74,5,否
粮油,1,6.7,6.7,否
蔬果,0.53,1.37,2.58,否
粮油,1,1.9,1.9,否
蔬果,1.394,24.81,17.8,否
蔬果,2,20,10,否
蔬果,0.355,1.27,2.56,否
粮油,1,3.9,3.9,否
休闲,0.326,3.19,15.8,是
蔬果,0.932,21.44,23,否
休闲,1,4.2,4.2,否
蔬果,1.124,20.01,17.8,否
蔬果,0.226,1.48,6.56,否
休闲,1,10.8,18.9,是
肉禽,1.718,71.81,41.8,否
日配,1,7.3,7.3,否
蔬果,0.364,1.82,5,否
家电,1,5.9,5.9,否
蔬果,1.118,19.68,17.6,否
日配,1,31.7,31.7,否
休闲,1,4.5,4.5,否
酒饮,1,24.9,24.9,否
冲调,1,18.9,23.9,是
蔬果,0.26,2.34,9,否
蔬果,0.345,1.56,5.8,否
洗化,1,9.9,9.9,否
日配,4,8,2,否
蔬果,2,3,1.5,否
水产,0.268,8.04,30,否
蔬果,0.456,2.55,5.6,否
蔬果,2.27,39.95,17.6,否
蔬果,0.465,1.38,2.96,否
针织,1,3.5,8.9,是
粮油,0.162,11.34,70,否
休闲,1,3.9,3.9,否
蔬果,1.415,2.77,1.96,否
休闲,1,0.5,0.5,否
肉禽,0.606,16.85,27.8,否
冲调,1,19.9,25.7,是
粮油,1,4.9,4.9,否
肉禽,0.246,4.33,17.6,否
蔬果,0.242,1.21,5,否
休闲,1,3,3,否
休闲,0.278,29.41,105.8,否
蔬果,1,30,30,否
肉禽,0.982,19.44,19.8,否
蔬果,0.49,1.36,2.78,否
粮油,12,38.4,3.2,否
肉禽,0.942,28.07,29.8,否
蔬果,1.046,2.09,2,否
蔬果,0.584,3.83,6.56,否
蔬果,0.452,1.79,3.96,否
粮油,1,6.5,8.9,是
蔬果,0.881,2.27,2.58,否
休闲,0.43,7.74,18,否
蔬果,0.534,0.96,1.8,否
蔬果,0.438,3.42,7.8,否
蔬果,0.238,4,16.8,否
日配,1,49,65,是
粮油,12,38.4,3.2,否
蔬果,1,4.98,4.98,否
蔬果,0.31,1.74,5.6,否
日配,12,58.8,4.9,否
日配,1,78,78,否
粮油,1,5.5,5.5,否
粮油,1,5.9,5.9,否
蔬果,0.594,3.54,5.96,否
蔬果,0.342,3.08,9,否
蔬果,0.312,0.87,2.78,否
肉禽,0.76,14.9,19.6,否
蔬果,0.252,1.96,7.76,否
休闲,1,2.7,2.7,否
蔬果,0.582,3.38,5.8,否
粮油,1,6.7,6.7,否
蔬果,0.376,2.11,5.6,否
家居,1,2,2,否
休闲,1,4.7,5.9,是
蔬果,0.383,1.53,4,否
日配,1,10.7,10.7,否
粮油,1,9.9,9.9,否
酒饮,1,2,2,否
酒饮,4,8,2,否
蔬果,1.47,8.76,5.96,否
日配,12,58.8,4.9,否
蔬果,0.536,3.52,6.56,否
蔬果,0.588,1.52,2.58,否
粮油,1.006,12.98,12.9,否
粮油,1,3.7,3.7,否
蔬果,0.482,3.76,7.8,否
蔬果,0.482,4,3.96,否
粮油,1,7.9,7.9,否
蔬果,0.4,14.34,60,否
粮油,1,3.8,3.8,否
粮油,0.278,3.28,11.8,否
日配,1,8,11.5,是
蔬果,2,4,2,否
日配,1,8.3,8.3,否
粮油,1,8.9,8.9,否
蔬果,0.42,6.72,16,否
蔬果,0.2,1.16,5.8,否
蔬果,0.65,1.27,1.96,否
洗化,1,9.9,9.9,否
家电,1,38,38,否
酒饮,1,3,3,否
酒饮,4,7.6,2.2,是
休闲,1,5.9,5.9,否
肉禽,0.218,6.06,27.8,否
洗化,1,5.9,5.9,否
粮油,1,4.3,4.3,否
蔬果,0.494,2.47,5,否
蔬果,0.474,1.22,2.58,否
日配,0.996,6.75,6.78,否
休闲,0.082,1.24,19,是
休闲,1,19.9,19.9,否
蔬果,0.274,4.93,18,否
日配,1,8,11.5,是
休闲,0.352,4.85,19.8,是
休闲,1,2.9,2.9,否
蔬果,1.842,14.66,7.96,否
蔬果,0.116,1.11,9.6,否
粮油,1,0.5,0.5,否
粮油,1,5.9,5.9,否
蔬果,0.468,2.34,5,否
粮油,0.485,3.39,6.98,否
粮油,0.68,10.74,15.8,否
蔬果,0.662,2.62,3.96,否
粮油,1,9.9,9.9,否
粮油,1,4.3,4.3,否
休闲,1,7.9,9.3,是
酒饮,1,6.5,6.5,否
休闲,1,13.5,13.5,否
洗化,1,11.9,14.5,是
日配,1,8.9,12.9,是
蔬果,0.822,2.12,2.58,否
休闲,1,13.5,13.5,否
休闲,1,19.9,19.9,否
洗化,1,9.5,9.5,否
粮油,0.2,14,70,否
粮油,1,2.3,2.3,否
粮油,1,3.8,3.8,否
蔬果,0.466,0.92,1.98,否
蔬果,0.598,3.47,5.8,否
粮油,1,4.8,4.8,否
冲调,1,9.9,9.9,否
蔬果,0.294,2.82,9.6,否
蔬果,0.302,1.21,4,否
休闲,1,2.7,2.7,否
休闲,1,3.9,3.9,否
日配,1,5.9,5.9,否
粮油,1,19.3,19.3,否
粮油,1,56.9,56.9,否
休闲,1,7.5,7.5,否
蔬果,0.13,3.54,27.2,否
洗化,1,9.9,9.9,否
酒饮,1,3,3,否
家电,1,3.5,3.5,否
粮油,0.408,2.82,6.9,否
蔬果,0.524,0.84,1.6,否
蔬果,0.598,3.47,5.8,否
休闲,1,5.9,5.9,否
日配,0.89,6.03,6.78,否
粮油,1,14.7,14.7,否
休闲,1,6.5,6.5,否
酒饮,1,15,15,否
休闲,1,8.9,8.9,否
蔬果,1.328,7.7,5.8,否
粮油,3,15.9,5.3,否
蔬果,0.694,2.75,3.96,否
日配,1,49.9,66,是
休闲,1,5.7,5.7,否
休闲,1,33.9,33.9,否
蔬果,0.23,2.07,9,否
粮油,1,6,6.8,否
洗化,1,6.9,8.9,是
蔬果,0.947,2.42,2.56,否
日配,5,14,2.8,否
蔬果,0.27,1.07,3.96,否
蔬果,0.34,1.97,5.8,否
粮油,1,4.3,4.3,否
蔬果,0.304,1.87,6,否
酒饮,1,2.5,2.5,否
日配,1,11.9,11.9,否
粮油,1,3.5,4.3,是
休闲,0.216,2.98,13.8,否
蔬果,0.32,5.12,16,否
蔬果,0.876,3.49,3.98,否
休闲,1,3.5,3.5,否
休闲,1,20.9,20.9,否
洗化,1,3.5,3.9,是
酒饮,1,3.9,3.9,否
洗化,1,14.9,14.9,否
蔬果,0.392,11.76,30,否
日配,1,10.3,10.3,否
蔬果,0.332,2.18,6.56,否
休闲,0.452,6.22,19.6,是
蔬果,0.382,2.35,6.56,否
蔬果,0.36,3.46,9.6,否
粮油,1,5.9,5.9,否
洗化,1,6.9,6.9,否
酒饮,6,13.8,2.9,是
休闲,1,10.8,18.9,是
休闲,1,2.7,3,否
休闲,0.27,12.91,47.8,否
肉禽,2.044,85.44,41.8,否
蔬果,1,2,2,否
冲调,1,4.9,4.9,否
蔬果,0.376,2.47,6.56,否
酒饮,4,8,2,否
酒饮,1,13.8,13.8,否
蔬果,1,2,2,否
粮油,1,2,2,否
粮油,1,8.8,8.8,否
日配,1,11.9,11.9,否
日配,0.972,6.59,6.78,否
洗化,1,3.9,3.9,否
休闲,1,14.9,14.9,否
蔬果,0.617,7.4,12,否
蔬果,0.359,2.36,6.56,否
日配,1,14.3,14.3,否
日配,1,65,65,否
休闲,1,3.5,3.5,否
洗化,1,8.9,8.9,否
家居,1,3.5,3.5,否
蔬果,2.17,38.19,17.6,否
休闲,1,4.7,6,是
蔬果,1.807,14.38,7.96,否
蔬果,5.156,61.77,11.98,否
粮油,1,4.3,4.3,否
粮油,1,9.9,9.9,否
洗化,1,8.7,8.7,否
粮油,1,5.3,5.3,否
粮油,8,4,0.5,否
粮油,1,5.4,5.4,否
粮油,1,11.9,11.9,否
肉禽,1.476,61.7,41.8,否
酒饮,1,14,14,否
日配,1,9.9,9.9,否
冲调,1,9.9,20.3,是
洗化,1,2.3,2.9,是
休闲,1,4,4,否
日配,1,21.5,21.5,否
休闲,0.192,5.7,39.6,是
休闲,1,5.5,5.5,否
休闲,1,3.7,3.7,否
日配,1.814,12.3,6.78,否
蔬果,1.376,5.45,3.96,否
蔬果,0.617,1.72,2.78,否
休闲,1,3.7,3.7,否
休闲,0.224,5.33,33.8,是
日配,12,49,5.5,是
休闲,1,25,25,否
粮油,1,7.9,7.9,否
休闲,0.376,5.19,19.6,是
蔬果,1.228,3.91,3.18,否
粮油,1,4.3,4.3,否
肉禽,0.322,9.6,29.8,否
蔬果,2,9.96,4.98,否
粮油,1,8.2,8.2,否
蔬果,0.468,1.85,3.96,否
休闲,1,3.7,3.7,否
蔬果,1.628,9.7,5.96,否
熟食,0.22,6.16,28,否
休闲,0.272,3.21,11.8,否
休闲,1,16.9,16.9,否
冲调,1,16.9,22.3,是
粮油,1,6.7,6.7,否
休闲,0.254,3.5,19.8,是
粮油,1,5.5,5.5,否
蔬果,0.448,0.89,1.98,否
休闲,1,3.9,3.9,否
蔬果,0.142,1.08,7.6,否
休闲,1,2.7,2.7,否
休闲,1,2.9,2.9,否
蔬果,0.92,6.99,7.6,否
日配,0.458,11.81,32.6,是
酒饮,1,4.7,4.7,否
酒饮,1,13.8,13.8,否
粮油,1,0.5,0.5,否
蔬果,0.322,0.48,1.48,否
日配,1,8,8,否
休闲,1,2.9,2.9,否
粮油,1,11.7,11.7,否
蔬果,0.372,2.23,6,否
洗化,1,16.9,16.9,否
蔬果,1.278,2.3,1.8,否
蔬果,0.218,1.43,6.56,否
休闲,1,17.9,17.9,否
粮油,1,2.3,2.3,否
水产,0.296,8.88,30,否
粮油,1,9.9,9.9,否
蔬果,0.746,1.19,1.6,否
休闲,1,9.3,9.3,否
休闲,1,5.2,5.2,否
休闲,1,17.9,20.9,是
蔬果,0.543,1.39,2.56,否
酒饮,1,10.5,12.7,是
蔬果,0.39,2.26,5.8,否
洗化,1,4.9,5.9,是
蔬果,0.308,1.84,5.98,否
洗化,1,11.9,15.5,是
蔬果,0.486,3.79,7.8,否
蔬果,0.33,3.42,9,否
蔬果,0.498,0.8,1.6,否
粮油,1,4.3,4.3,否
蔬果,0.977,3.89,3.98,否
日配,0.892,6.05,6.78,否
洗化,1,9.9,9.9,否
洗化,1,9.9,9.9,否
蔬果,0.098,1.18,12,否
粮油,1,2.3,2.3,否
蔬果,0.411,2.1,5.6,否
冲调,1,17.5,19.9,是
蔬果,0.516,1.33,2.58,否
休闲,0.326,3.84,19.8,是
粮油,1,5.5,5.5,否
休闲,1,19.9,19.9,否
酒饮,1,2,2,否
肉禽,0.23,6.39,27.8,否
蔬果,0.48,1.42,2.96,否
蔬果,1.938,34.11,17.6,否
蔬果,0.119,0.6,5,否
蔬果,0.45,3.51,7.8,否
肉禽,1.174,32.64,27.8,否
蔬果,0.382,2.12,5.56,否
蔬果,0.36,2.79,7.76,否
粮油,1,3.9,3.9,否
粮油,1,2.7,2.7,否
酒饮,1,2,2,否
酒饮,1,18,18,否
蔬果,0.092,1.1,12,否
粮油,4,23.6,5.9,否
粮油,2,5.4,2.7,否
粮油,1.098,6.13,5.58,否
针织,1,17,17,否
酒饮,1,4,4,否
蔬果,4,80,20,否
日配,1,49.9,66,是
洗化,1,6,6,否
蔬果,0.594,3.9,6.56,否
粮油,1,6.7,6.7,否
蔬果,0.684,6.57,9.6,否
粮油,1,2.3,2.3,否
洗化,1,11.9,11.9,否
蔬果,1.576,2.84,1.8,否
洗化,1,2.8,3.5,是
蔬果,0.408,4.08,10,否
针织,1,19.9,35,是
蔬果,0.59,4.6,7.8,否
酒饮,1,15,15,否
洗化,1,4.9,4.9,否
蔬果,0.422,2.36,5.6,否
冲调,1,9.9,9.9,否
粮油,1,89,109,是
粮油,1,0.5,0.5,否
休闲,1,7.5,7.5,否
日配,0.828,5.61,6.78,否
肉禽,0.764,22.77,29.8,否
休闲,1,4.9,4.9,否
粮油,0.23,5.15,22.4,否
蔬果,1.128,2.89,2.56,否
蔬果,0.506,1.31,2.58,否
熟食,0.332,6.64,20,否
洗化,1,10.9,10.9,否
蔬果,0.866,48.5,56,否
肉禽,2.584,80.1,31,否
日配,1,13.9,16.3,是
冲调,1,56,56,否
粮油,1,4.8,4.8,否
蔬果,0.178,1.71,9.6,否
休闲,1,7.3,7.5,是
冲调,1,12.9,12.9,否
粮油,1,3.8,3.8,否
洗化,1,6.5,7.7,是
粮油,0.736,27.82,37.8,否
蔬果,0.86,2.22,2.58,否
冲调,1,4.7,4.7,否
蔬果,0.63,8.4,12,否
酒饮,1,12.9,12.9,否
酒饮,1,12.9,12.9,否
洗化,1,11.9,14.5,是
粮油,1.006,7.85,7.8,否
蔬果,0.218,1.96,9,否
熟食,0.432,8.64,20,否
休闲,0.366,13.1,35.8,否
蔬果,0.166,1.65,9.96,否
粮油,1,13.3,13.3,否
粮油,1,2.7,2.7,否
休闲,1,10.8,18.9,是
蔬果,0.49,8.23,16.8,否
蔬果,2,3,1.5,否
粮油,0.104,2.39,23,否
休闲,1,6.9,6.9,否
粮油,0.216,2.12,9.8,否
蔬果,0.335,0.67,2,否
休闲,1,3.3,3.3,否
休闲,1,7.9,7.9,否
肉禽,0.678,28.34,41.8,否
蔬果,0.152,1.82,12,否
粮油,1,2.3,2.3,否
粮油,1,2.7,2.7,否
粮油,1,5.7,5.7,否
日配,1,8.3,8.3,否
蔬果,0.618,1.59,2.58,否
蔬果,0.344,1.36,3.96,否
蔬果,0.282,2.81,9.96,否
日配,1,9.9,13.3,是
洗化,1,6.9,7.9,是
粮油,1,0.5,0.5,否
蔬果,0.758,3.79,5,否
休闲,0.872,25.98,39.6,是
粮油,1,5.9,5.9,否
日配,1,11,11,否
洗化,1,11.9,15.9,是
蔬果,0.572,3.32,5.8,否
蔬果,0.696,11.14,16,否
粮油,0.748,9.2,12.3,否
蔬果,0.7,1.26,1.8,否
粮油,1,56.9,56.9,否
日配,24,56,3,是
蔬果,0.26,2.5,9.6,否
粮油,1,2.3,2.3,否
休闲,1,5,5,否
蔬果,0.77,1.39,1.8,否
酒饮,1,5.8,6.9,是
粮油,1,21.8,21.8,否
蔬果,0.253,1.47,5.8,否
洗化,1,11.9,15.7,是
粮油,1,22.9,22.9,否
蔬果,0.184,1.77,9.6,否
休闲,1,9.9,9.9,否
洗化,1,12.9,12.9,否
肉禽,0.294,5.76,19.6,否
冲调,1,39.9,56,是
休闲,1,9.9,9.9,否
休闲,0.638,15.18,23.8,否
蔬果,0.342,10.26,30,否
日配,1,10.3,10.3,否
洗化,1,1.5,1.5,否
蔬果,0.702,1.81,2.58,否
酒饮,1,2.3,2.9,是
蔬果,0.508,1,1.96,否
粮油,1,3.5,4.3,是
蔬果,1.126,11.21,9.96,否
蔬果,1.058,6.3,11.98,否
熟食,0.246,6.89,28,否
粮油,1,11.3,11.3,否
洗化,1,9.9,14.9,是
粮油,1,3.5,3.5,否
日配,12,58.8,5.3,是
休闲,1,12.5,12.5,否
休闲,1,17.5,17.5,否
日配,1,12,12.9,否
蔬果,0.746,2.98,4,否
蔬果,0.495,4.33,1.98,否
粮油,1,5.9,5.9,否
蔬果,0.344,1.91,5.56,否
休闲,1,3.5,3.5,否
家居,1,4,4,否
休闲,1,8.5,8.5,否
肉禽,1.378,57.6,41.8,否
肉禽,0.568,11.25,19.8,否
日配,1,49.9,66,是
粮油,1,8.9,8.9,否
粮油,1,2.9,2.9,否
蔬果,0.652,1.28,1.96,否
蔬果,0.437,1.66,3.8,否
休闲,0.214,2.95,13.8,否
蔬果,0.325,0.48,1.48,否
肉禽,1.016,42.47,41.8,否
蔬果,1.05,6.09,5.8,否
蔬果,1,1.5,1.5,否
休闲,1,17,17,否
蔬果,0.492,2.85,5.8,否
粮油,0.476,2.84,10.8,是
蔬果,0.63,35.28,56,否
蔬果,0.506,2.93,5.8,否
蔬果,1,2,2,否
蔬果,1.144,13.71,11.98,否
粮油,0.268,10.13,37.8,否
休闲,1,3.7,3.7,否
酒饮,1,3.5,3.5,否
冲调,1,18.9,18.9,否
休闲,1,3.5,3.5,否
蔬果,0.296,2.84,9.6,否
蔬果,0.364,2.53,6.96,否
蔬果,0.232,1.61,6.96,否
粮油,1,17.9,21.9,是
粮油,1,2,2,否
蔬果,1.776,3.48,1.96,否
蔬果,0.932,3.69,3.96,否
休闲,4,10.8,2.7,否
蔬果,0.486,2.82,5.8,否
肉禽,1.676,70.06,41.8,否
蔬果,0.282,2.54,9,否
蔬果,0.536,1.07,2,否
日配,1,2.7,2.7,否
洗化,1,46.9,79.9,是
蔬果,0.538,3.12,5.8,否
粮油,1,8.5,8.5,否
蔬果,0.138,1.37,9.96,否
日配,1.788,12.12,6.78,否
休闲,1,8.5,8.5,否
休闲,1,3.9,3.9,否
休闲,0.368,5.07,19.6,是
肉禽,0.45,8.91,19.8,否
洗化,1,3,3.7,是
蔬果,0.85,25.5,30,否
粮油,1,3.5,3.7,否
粮油,0.486,2.9,10.8,是
日配,16,33.9,2.7,是
蔬果,0.63,1.13,1.8,否
日配,1,2.3,2.3,否
肉禽,1.384,16.33,11.8,否
粮油,1,6.7,6.7,否
粮油,1,14.7,14.7,否
休闲,1,5.5,5.5,否
休闲,1,6.9,6.9,否
休闲,3,13.5,4.5,否
粮油,1,49.9,59.9,是
肉禽,1.414,59.11,41.8,否
粮油,1,20.3,20.3,否
粮油,1,6.9,6.9,否
休闲,1,6.9,11.3,是
休闲,0.17,4.05,23.8,否
蔬果,0.618,6.16,9.96,否
蔬果,1,4,4,否
蔬果,1.577,3.15,2,否
蔬果,0.34,2.04,6,否
蔬果,0.359,0.65,1.8,否
酒饮,1,8.9,13.7,是
休闲,1,7.3,7.3,否
蔬果,1.67,50.1,30,否
蔬果,0.252,0.5,1.98,否
日配,1,4.5,4.5,否
蔬果,0.374,2.84,7.6,否
休闲,0.412,7,17,否
休闲,0.336,4.64,13.8,否
蔬果,0.184,1.24,5.8,否
肉禽,0.508,21.23,41.8,否
蔬果,2.116,5.46,3.16,否
洗化,1,13.8,16.9,是
蔬果,1.054,12.63,11.98,否
休闲,0.348,8.35,24,否
休闲,1,1.3,1.3,否
休闲,0.39,7.7,35.8,是
蔬果,0.332,5.98,18,否
蔬果,0.604,3.96,6.56,否
蔬果,0.418,3.33,7.96,否
粮油,1,6.7,6.7,否
蔬果,1.144,13.71,11.98,否
日配,1,9.9,13.3,是
蔬果,0.996,1.97,1.98,否
蔬果,0.232,0.46,1.98,否
蔬果,0.468,4.68,10,否
洗化,1,11.5,15.9,是
熟食,0.387,2.32,6,否
洗化,1,9.9,13.9,是
蔬果,0.8,3.18,3.98,否
蔬果,0.5,1.29,2.58,否
休闲,0.516,30.86,59.8,否
蔬果,0.354,2.32,6.56,否
蔬果,0.6,0.89,1.48,否
蔬果,0.208,1.87,9,否
蔬果,0.596,3.46,5.8,否
蔬果,0.468,4.68,10,否
肉禽,1.084,21.46,19.8,否
休闲,0.258,7.68,39.6,是
粮油,1,4.8,4.8,否
休闲,0.166,4.91,29.6,否
蔬果,0.452,1.79,3.96,否
休闲,0.718,14.2,35.8,是
蔬果,1.032,3.05,2.96,否
粮油,1,3.9,3.9,否
水产,0.452,14.37,31.8,否
蔬果,0.266,1.48,5.56,否
熟食,0.184,5.15,28,否
蔬果,2.561,6.56,2.56,否
休闲,1,28.3,39.8,是
休闲,0.162,2.55,19,是
休闲,0.436,12.99,39.6,是
蔬果,0.504,8.47,16.8,否
日配,5,49,9.8,否
休闲,0.238,12.33,51.8,否
休闲,0.19,9.46,49.8,否
日配,1,7.9,7.9,否
休闲,1,1,1,否
休闲,0.182,7.24,39.8,否
蔬果,1.182,20.8,17.6,否
蔬果,1.726,17.26,10,否
粮油,1,11.9,11.9,否
休闲,1,5.3,5.3,否
酒饮,1,3,3,否
休闲,1,6.9,6.9,否
酒饮,1,3.8,3.8,否
蔬果,0.262,1.57,5.98,否
蔬果,0.784,3.14,4,否
蔬果,1,4.98,4.98,否
蔬果,1.746,10.41,5.96,否
蔬果,1,5.8,5.8,否
肉禽,4.302,179.82,41.8,否
洗化,1,7.7,7.7,否
家居,1,6.9,8,是
粮油,0.124,3.22,26,否
蔬果,2,5.2,4.98,否
蔬果,0.376,2.18,5.8,否
肉禽,0.42,11.68,27.8,否
蔬果,0.58,1.48,2.56,否
粮油,1,8.9,8.9,否
蔬果,0.294,1.47,5,否
蔬果,0.318,1.32,3.96,否
粮油,1,0.5,0.5,否
蔬果,0.442,2.56,5.8,否
蔬果,1.512,5.99,3.96,否
洗化,1,9.9,13.9,是
蔬果,0.415,2.32,5.6,否
粮油,1,4.7,4.7,否
熟食,0.212,16.11,76,否
蔬果,0.3,5.4,18,否
蔬果,1.256,4.97,3.96,否
肉禽,1.612,67.38,41.8,否
洗化,1,7.9,9.9,是
冲调,1,15.5,15.5,否
日配,1,9.8,14.9,是
休闲,1,3.2,3.2,否
日配,1,10.9,13.3,是
休闲,0.366,10.9,39.6,是
蔬果,1.128,2.21,1.96,否
肉禽,0.994,35.59,35.8,否
蔬果,0.83,9.94,11.98,否
蔬果,0.478,5.74,12,否
蔬果,1,2,2,否
日配,1,4.3,4.3,否
洗化,1,9.9,9.9,否
蔬果,0.158,1.04,6.56,否
休闲,1,19.9,19.9,否
粮油,1,8.2,8.2,否
日配,2,4.6,2.3,否
日配,3,5.1,1.7,否
粮油,1,1.9,1.9,否
休闲,0.39,8.97,33.8,是
洗化,1,9.9,9.9,否
蔬果,0.646,14.86,23,否
粮油,1,7.9,7.9,否
蔬果,0.28,0.56,2,否
粮油,1.09,5.8,6.98,是
日配,0.266,1.8,6.78,否
休闲,1,0.8,0.8,否
肉禽,1.722,71.98,41.8,否
蔬果,0.437,1.66,3.8,否
酒饮,6,12,2,否
肉禽,0.56,16.69,29.8,否
蔬果,0.212,0.55,2.58,否
休闲,0.466,8.21,25.8,是
日配,1,7.9,12.8,是
日配,0.532,13.7,32.6,是
日配,1.592,10.79,6.78,否
粮油,1,3.7,3.7,否
洗化,1,2.8,3.5,是
日配,1,8.9,12.9,是
酒饮,3,3,1,否
粮油,1,5.9,5.9,否
洗化,1,18.9,24.9,是
蔬果,0.48,2.88,6,否
酒饮,1,4,4,否
休闲,1,4.3,4.3,否
粮油,1,2.8,2.8,否
蔬果,0.732,4.39,6,否
蔬果,0.508,1.3,2.56,否
休闲,0.314,5.58,25.8,是
粮油,1,3.5,4.3,是
休闲,1,2.9,2.9,否
日配,1,19.3,19.3,否
洗化,1,9.9,13.9,是
粮油,1,145,145,否
蔬果,0.144,0.84,5.8,否
蔬果,0.574,2.3,4,否
蔬果,0.466,1.85,3.96,否
日配,0.888,6.02,6.78,否
蔬果,0.21,2.02,9.6,否
蔬果,0.862,8.28,9.6,否
休闲,0.158,17.38,110,否
休闲,1,0.8,0.8,否
日配,1,11.9,11.9,否
肉禽,0.822,9.7,11.8,否
蔬果,0.781,2.48,3.18,否
粮油,1,3.6,3.9,是
蔬果,1.606,28.59,17.8,否
肉禽,4.024,168.2,41.8,否
休闲,1,6.9,9.5,是
蔬果,4,8,2,否
日配,16,33.9,2.7,是
日配,0.916,6.21,6.78,否
水产,0.001,0.03,30,否
蔬果,0.218,1.21,5.56,否
蔬果,0.224,0.89,3.96,否
蔬果,0.706,6.19,1.98,否
洗化,1,9.9,13.9,是
家居,1,2.9,2.9,否
日配,1,8.9,12.9,是
休闲,2,5.8,2.9,否
蔬果,0.15,2.39,15.9,否
休闲,1,4.9,4.9,否
蔬果,0.728,10.32,16,否
休闲,1,19.9,19.9,否
日配,1,11.9,16.9,是
日配,1,2.3,2.3,否
粮油,1,9.5,9.5,否
休闲,1,10.9,10.9,否
休闲,1,3.9,3.9,否
休闲,0.286,3.93,19.8,是
熟食,0.484,43.56,90,否
休闲,1,3.3,3.3,否
家居,1,5.5,7,是
休闲,1,4.7,4.7,否
粮油,1,2.3,2.3,否
日配,1,9.7,9.7,否
洗化,1,11.9,15.5,是
蔬果,0.306,2.75,9,否
日配,18,27.9,2.1,是
蔬果,1.059,2.71,2.56,否
休闲,0.356,7.04,35.8,是
肉禽,1.928,80.59,41.8,否
粮油,1,3,3,否
休闲,0.158,2.81,27.8,是
肉禽,0.844,16.71,19.8,否
文体,1,2.3,2.3,否
蔬果,0.63,1.86,2.96,否
蔬果,0.712,1.84,2.58,否
蔬果,0.828,13.91,16.8,否
蔬果,1.248,37.44,30,否
休闲,1,3,3,否
粮油,1,0.9,0.9,否
粮油,0.474,2.8,10.8,是
蔬果,0.204,3.43,16.8,否
粮油,1,7.9,7.9,否
休闲,1,2.3,2.3,否
休闲,1,2.9,2.9,否
洗化,1,9.9,9.9,否
洗化,1,9.5,11.7,是
洗化,1,4.9,4.9,否
蔬果,0.702,12.36,17.6,否
熟食,0.001,0.02,20,否
蔬果,0.634,3.68,5.8,否
蔬果,1.236,3.16,2.56,否
肉禽,0.37,11.03,29.8,否
家居,1,5,5,否
蔬果,0.67,1.73,2.58,否
蔬果,0.354,1.77,5,否
休闲,1,4.9,4.9,否
休闲,1,7.9,7.9,否
休闲,1,8.9,8.9,否
日配,0.682,4.62,6.78,否
酒饮,8,15.2,2.2,是
休闲,1,0.5,0.5,否
休闲,1,3.3,3.3,否
休闲,1,4.9,4.9,否
休闲,1,8.5,8.5,否
蔬果,0.178,1.33,7.47,否
蔬果,0.19,1.71,9,否
蔬果,0.228,1.37,6,否
蔬果,3,6,2,否
蔬果,0.242,5.23,21.6,否
洗化,1,11.9,14.5,是
粮油,0.658,3.9,10.8,是
蔬果,0.417,1.67,4,否
蔬果,0.25,1.94,7.76,否
蔬果,0.486,1.25,2.58,否
蔬果,0.672,3.9,5.8,否
日配,1,13.9,16.3,是
蔬果,0.37,2.15,5.8,否
肉禽,0.296,5.86,19.8,否
蔬果,0.454,0.82,1.8,否
蔬果,0.628,1.98,3.16,否
粮油,1,2.5,3,否
休闲,0.214,4.23,39.8,是
休闲,0.384,9.22,24,否
蔬果,0.608,1.2,1.98,否
休闲,1,0.8,0.8,否
肉禽,0.334,7.68,23,否
休闲,1,11.9,11.9,否
休闲,1,3.9,3.9,否
休闲,0.41,8.1,35.8,是
蔬果,0.21,1.3,2,否
洗化,1,9.9,13.9,是
肉禽,0.36,8.28,23,否
休闲,1,3,3.5,否
日配,1,3.9,4.5,是
休闲,0.494,19.66,39.8,否
蔬果,0.978,5.48,5.6,否
冲调,1,18.5,24.3,是
日配,1,3.9,5.9,是
粮油,1,20.3,20.3,否
休闲,0.274,4.8,25.8,是
休闲,1,14.9,14.9,否
熟食,4,2,0.5,否
肉禽,0.754,22.47,29.8,否
粮油,1,11.3,11.3,否
粮油,1,1.9,1.9,否
洗化,1,6.9,7.9,是
蔬果,1.05,6.26,5.96,否
日配,0.788,5.34,6.78,否
休闲,0.132,14.52,110,否
蔬果,0.401,2.63,6.56,否
休闲,1,4.9,4.9,否
酒饮,3,17.7,11.8,是
蔬果,0.564,3.16,5.6,否
蔬果,0.708,1.13,1.6,否
休闲,0.33,15.77,47.8,否
休闲,0.368,6.5,25.8,是
蔬果,0.504,2.92,5.8,否
粮油,1,2.3,2.3,否
休闲,1,16.9,16.9,否
肉禽,0.408,8.08,19.8,否
肉禽,1.304,25.82,19.8,否
蔬果,0.556,2.76,5.8,否
蔬果,0.488,0.88,1.8,否
日配,1,2.7,2.7,否
休闲,1,7.9,7.9,否
休闲,1,20,20,否
蔬果,0.372,1.41,3.8,否
粮油,1,6.3,6.3,否
粮油,1,8.9,12.9,是
肉禽,1.422,59.44,41.8,否
蔬果,3,4.5,1.5,否
蔬果,0.26,1.71,6.56,否
蔬果,0.854,5.6,6.56,否
酒饮,6,13.8,2.9,是
洗化,1,14.9,18.7,是
熟食,2,2,1,否
粮油,0.48,10.75,22.4,否
蔬果,0.542,5.42,10,否
休闲,1,5.3,5.3,否
洗化,1,10.9,10.9,否
粮油,1,11.9,11.9,否
蔬果,0.584,3.39,5.8,否
蔬果,0.734,7.34,10,否
休闲,0.456,3.55,15.8,是
休闲,0.462,9.13,39.8,是
蔬果,0.264,4.75,18,否
蔬果,1.166,2.31,1.98,否
日配,1,4.9,5.7,是
蔬果,1.734,15.61,9,否
洗化,1,13.8,16.9,是
休闲,1,6.9,6.9,否
洗化,1,4.9,4.9,否
休闲,1,3.7,3.7,否
蔬果,2.63,8.36,3.18,否
蔬果,0.254,1.01,3.96,否
日配,1,11.8,11.8,否
洗化,1,18.9,18.9,否
蔬果,1.35,16.7,10,否
酒饮,1,1.8,1.8,否
休闲,1,9.9,9.9,否
休闲,1,1.3,1.3,否
休闲,1,1,1,否
肉禽,0.772,21.46,27.8,否
日配,1,10.9,13.3,是
日配,1,13.3,13.3,否
休闲,1,9.9,9.9,否
休闲,1,1,1,否
蔬果,0.424,3.17,7.47,否
肉禽,1.692,70.73,41.8,否
酒饮,1,5.9,11.8,是
蔬果,0.336,4.03,12,否
洗化,1,26.9,26.9,否
粮油,1,7.9,7.9,否
粮油,1,5.9,5.9,否
洗化,1,14.7,14.7,否
肉禽,1.542,30.53,19.8,否
粮油,4.282,23.89,5.58,否
休闲,1,5.7,5.7,否
酒饮,1,6.9,6.9,否
休闲,1,6.9,9.5,是
休闲,1,6.9,9.5,是
蔬果,0.186,2.9,15.6,否
蔬果,1.018,2.04,2,否
休闲,0.218,5.19,23.8,否
蔬果,0.72,7.2,10,否
蔬果,0.97,9.7,10,否
日配,1,3.3,3.3,否
粮油,0.108,2.81,26,否
粮油,1,9.5,9.5,否
蔬果,0.464,2.6,5.6,否
休闲,1,6.9,6.9,否
休闲,1,8.5,8.5,否
粮油,1,1.7,1.7,否
休闲,1,3.3,3.3,否
蔬果,0.752,6.77,9,否
蔬果,0.25,3,12,否
粮油,1,6.9,6.9,否
洗化,1,9.9,9.9,否
洗化,1,6.5,7.7,是
蔬果,0.456,1.81,3.96,否
休闲,1,2.5,2.5,否
休闲,0.542,7.47,19.6,是
蔬果,0.742,1.48,2,否
粮油,1,79.9,87.9,是
休闲,1,3.5,3.5,否
粮油,1,10.7,10.7,否
洗化,1,9.9,13.9,是
洗化,1,6.9,9.7,是
蔬果,0.642,1.64,2.56,否
蔬果,0.98,9.41,9.6,否
家居,1,10,10,否
日配,1,49.9,66,是
蔬果,0.532,3.49,6.56,否
休闲,0.34,6.7,35.8,是
粮油,1,4.5,4.5,否
休闲,1,33.9,33.9,否
蔬果,0.574,3.42,5.96,否
蔬果,0.38,3.65,9.6,否
肉禽,0.598,21.41,35.8,否
休闲,0.146,15.45,105.8,否
休闲,0.156,6.21,39.8,否
日配,1.168,22.43,19.2,否
休闲,1,10,10,否
洗化,1,16.9,16.9,否
蔬果,0.418,3.76,9,否
粮油,1,12.3,12.3,否
蔬果,0.254,1.67,6.56,否
粮油,1,0.5,0.5,否
粮油,1,85.9,94.9,是
蔬果,0.922,9.22,10,否
洗化,1,4.9,4.9,否
水产,0.25,7.95,31.8,否
休闲,0.796,6.2,15.8,是
蔬果,1,2,2,否
蔬果,0.844,1.49,1.76,否
粮油,1,14.7,14.7,否
粮油,0.342,2.04,10.8,是
蔬果,2.133,6.78,3.18,否
休闲,1,1,1,否
休闲,0.178,3.1,25.8,是
日配,1,7.9,12.8,是
粮油,1,17.9,21.9,是
休闲,1,0.8,0.8,否
洗化,1,11.7,11.7,否
日配,1.46,9.9,6.78,否
休闲,1,6.9,6.9,否
休闲,1,8.5,8.5,否
蔬果,0.511,2.04,4,否
蔬果,1.092,6.33,5.8,否
日配,8,16.8,2.1,否
蔬果,0.186,1.22,6.56,否
日配,1,3.9,4.5,是
粮油,1,7.9,7.9,否
休闲,1,3,3,否
休闲,1,1.2,1.2,否
粮油,1,3.9,3.9,否
酒饮,1,6.5,6.5,否
蔬果,0.71,4.66,6.56,否
蔬果,0.614,1.8,5,否
肉禽,0.59,11.68,19.8,否
肉禽,0.856,25.51,29.8,否
休闲,0.394,7.8,39.8,是
肉禽,1.984,82.93,41.8,否
蔬果,0.224,3.49,15.6,否
日配,2,19.6,9.8,否
休闲,1,5.9,5.9,否
蔬果,0.385,0.99,2.58,否
洗化,1,8.9,8.9,否
粮油,8,4,0.5,否
休闲,1,1,1,否
日配,1,6.9,8.3,是
肉禽,1.154,32.08,27.8,否
蔬果,0.268,4.18,15.6,否
粮油,1.79,12.17,6.8,否
粮油,1,59.9,71.9,是
洗化,1,5.9,5.9,否
洗化,1,9.9,9.9,否
粮油,3.008,14.37,5.58,否
日配,0.768,5.21,6.78,否
蔬果,2,3,1.5,否
蔬果,0.299,1.91,5.6,否
蔬果,0.28,2.23,7.96,否
洗化,1,14.9,14.9,否
洗化,3,29.7,13.9,是
蔬果,0.598,3.92,6.56,否
粮油,1,5.7,5.7,否
酒饮,1,8.7,8.7,否
蔬果,0.488,2.73,5.6,否
日配,1,8.9,8.9,否
酒饮,4,56,15,是
休闲,1,3.3,3.3,否
肉禽,0.498,20.82,41.8,否
蔬果,0.286,1.43,5,否
洗化,1,4.5,5.9,是
洗化,1,9.9,9.9,否
肉禽,1.514,45.12,29.8,否
日配,1,4.9,4.9,否
蔬果,0.432,0.86,1.98,否
蔬果,1.859,5.91,3.18,否
粮油,1,1.7,1.7,否
洗化,1,5.6,6.3,是
休闲,1,2.7,2.7,否
粮油,1,5.9,7.9,是
洗化,1,12.9,12.9,否
冲调,1,3,3,否
休闲,0.36,4.9,19.6,是
日配,0.462,3.93,8.5,否
蔬果,0.348,0.52,1.48,否
日配,18,27.9,2.1,是
熟食,0.304,8.51,28,否
休闲,0.392,5.41,13.8,否
休闲,1,3.7,3.7,否
水产,0.274,8.22,30,否
蔬果,0.172,1,5.8,否
休闲,0.23,13.8,60,否
粮油,1,0.5,0.5,否
粮油,1,1,1,否
熟食,0.532,3.19,6,否
蔬果,0.746,4.89,6.56,否
熟食,0.262,5.24,20,否
肉禽,1.778,74.32,41.8,否
蔬果,1.212,24.24,20,否
蔬果,0.552,2.19,3.96,否
蔬果,0.536,2.68,5,否
蔬果,0.364,2.18,5.98,否
洗化,1,6.9,6.9,否
粮油,1,1.3,1.3,否
粮油,1,5.9,5.9,否
休闲,1,4,4,否
粮油,1,9.5,9.5,否
洗化,1,9.9,13.9,是
蔬果,0.406,1.61,3.96,否
蔬果,0.372,2.78,7.47,否
休闲,1,2.8,2.8,否
休闲,1,8.5,8.5,否
休闲,1,3.5,3.5,否
蔬果,0.75,5.97,7.96,否
蔬果,1.954,15.55,7.96,否
蔬果,0.826,8.26,10,否
肉禽,3.666,153.24,41.8,否
休闲,0.196,4.5,33.8,是
蔬果,0.479,2.78,5.8,否
粮油,1,9.9,9.9,否
蔬果,0.978,11.72,11.98,否
洗化,1,15.9,21.9,是
日配,5,54,10.8,否
蔬果,0.811,4.64,5.56,否
日配,1,6.3,6.3,否
蔬果,0.34,3.39,9.96,否
粮油,1,7.9,11.3,是
休闲,1,1.9,3.2,是
蔬果,0.469,1.48,3.16,否
休闲,0.274,12,43.8,否
休闲,1,6.9,9.5,是
肉禽,0.516,10.22,19.8,否
蔬果,2.236,4.38,1.96,否
日配,0.818,5.55,6.78,否
熟食,0.298,5.96,20,否
洗化,1,6.7,6.7,否
休闲,0.256,6.55,25.6,否
蔬果,0.996,9.94,9.98,否
粮油,1,3.5,4.3,是
洗化,3,20.7,8.9,是
蔬果,0.256,1.01,3.96,否
蔬果,0.446,0.88,1.98,否
蔬果,0.274,4.38,16,否
粮油,1,6.3,8.9,是
蔬果,1.116,2.88,2.58,否
粮油,0.286,1.7,10.8,是
休闲,1,25.9,27.9,否
休闲,1,6.5,6.5,否
洗化,1,9.9,13.9,是
粮油,1,11.9,11.9,否
蔬果,0.732,4.25,5.8,否
蔬果,2,4,2,否
熟食,2,2,1,否
休闲,0.182,8.7,47.8,否
日配,1,4.2,4.2,否
粮油,1,6.7,6.7,否
日配,1,19.9,31.7,是
日配,1,19.9,31.7,是
休闲,0.542,10.73,39.8,是
洗化,1,9.9,13.9,是
休闲,0.786,17.76,22.6,否
酒饮,1,4,4,否
日配,1,11,11,否
休闲,1,21,21,否
休闲,0.646,5.02,15.8,是
肉禽,1.406,58.77,41.8,否
粮油,1,5.9,5.9,否
洗化,1,5.7,5.7,否
日配,16,33.9,2.7,是
蔬果,0.246,1.92,7.8,否
蔬果,0.336,0.79,5,否
休闲,0.19,3.76,19.8,否
日配,1.598,10.83,6.78,否
休闲,1,3.7,3.7,否
粮油,0.298,3.52,11.8,否
日配,1.1,21.78,19.8,否
休闲,1,3.7,3.7,否
休闲,1,18.9,18.9,否
肉禽,0.45,8.82,19.6,否
蔬果,1.842,14.66,7.96,否
蔬果,0.07,0.84,12,否
蔬果,0.994,2.54,2.56,否
休闲,1,1,1,否
粮油,1,6.7,6.7,否
蔬果,1.532,3.92,2.56,否
蔬果,1.124,13.47,11.98,否
休闲,1,6.9,6.9,否
熟食,0.608,12.16,20,否
肉禽,0.212,3.73,17.6,否
粮油,0.766,12.1,15.8,否
熟食,0.001,0.02,20,否
日配,1,3.9,5.5,是
蔬果,2,4,2,否
蔬果,0.118,1.42,12,否
休闲,0.32,15.3,47.8,否
蔬果,0.258,2,7.76,否
熟食,0.001,0.02,20,否
洗化,1,32.9,32.9,否
洗化,1,11.9,11.9,否
洗化,1,9,9,否
日配,1,8.3,8.3,否
蔬果,1.362,2.45,1.8,否
日配,4,8,2,否
洗化,1,11.9,14.5,是
肉禽,0.746,20.74,27.8,否
家居,1,10.9,15,是
洗化,1,16.9,16.9,否
日配,1,10.9,13.3,是
休闲,1,3.9,3.9,否
洗化,1,5.9,5.9,否
家居,1,6,6,否
家居,1,6.9,8,是
蔬果,0.442,2.56,5.8,否
休闲,1,5.9,5.9,否
休闲,1,10.9,10.9,否
休闲,1,5.5,5.5,否
洗化,1,26.9,26.9,否
蔬果,0.33,3.17,9.6,否
日配,1,17.9,18.3,否
日配,2,5.4,2.7,否
休闲,1,8.3,8.3,否
蔬果,0.216,0.86,3.96,否
蔬果,3,4.5,1.5,否
蔬果,0.998,4.99,5,否
休闲,1,1.9,3.5,是
文体,1,2.9,4,是
肉禽,0.25,7.45,29.8,否
休闲,1,6.9,6.9,否
粮油,1,3.8,3.8,否
蔬果,0.57,3.31,5.8,否
蔬果,0.182,2.84,15.6,否
蔬果,0.236,1.55,6.56,否
休闲,1,7.5,7.5,否
洗化,1,24.9,24.9,否
酒饮,1,5.5,5.5,否
休闲,0.168,23.18,138,否
酒饮,1,5.5,5.5,否
蔬果,0.046,0.23,4.98,否
蔬果,0.169,1.11,6.56,否
粮油,1,9.5,9.5,否
日配,4,11.2,2.8,否
休闲,3,5.4,1.8,否
粮油,2,17.8,8.9,否
冲调,1,59,59,否
日配,1,9.5,9.5,否
蔬果,0.49,2.84,5.8,否
休闲,1,13.9,13.9,否
蔬果,1.588,20.29,10,否
蔬果,2.374,23.69,9.98,否
休闲,1,3.3,3.3,否
日配,1,8.9,12.9,是
休闲,1,5.9,8.7,是
洗化,1,9.9,9.9,否
蔬果,1.728,3.39,1.96,否
日配,1,2.7,2.7,否
蔬果,0.768,3.04,3.96,否
蔬果,0.234,1.54,6.56,否
休闲,1,4.5,4.5,否
日配,1,65,65,否
蔬果,0.169,1.11,6.56,否
洗化,1,12.9,16.9,是
粮油,1,6.8,6.8,否
肉禽,0.244,7.27,29.8,否
粮油,1,17.9,17.9,否
日配,16,43.2,2.7,否
洗化,1,7.5,7.5,否
休闲,1,3.9,3.9,否
粮油,1,1.7,1.7,否
休闲,1,4.9,4.9,否
蔬果,0.374,2.84,7.6,否
蔬果,0.428,0.8,4,否
肉禽,0.086,1.69,19.6,否
休闲,1,1.9,1.9,否
粮油,1,13.3,13.3,否
日配,1,3.9,4.5,是
蔬果,0.372,0.65,1.76,否
日配,0.532,3.61,6.78,否
休闲,0.3,4.1,15.8,是
蔬果,0.862,5.14,5.96,否
洗化,1,13.8,16.9,是
粮油,1,7.3,7.3,否
蔬果,0.299,1.67,5.6,否
休闲,1,1,1,否
蔬果,0.326,1.89,5.8,否
休闲,0.108,3.43,31.8,否
日配,1.26,8.54,6.78,否
日配,1,12.9,18.5,是
蔬果,0.91,1.78,1.96,否
休闲,1,15.9,25.9,是
洗化,1,26.9,26.9,否
洗化,1,18.9,24.9,是
蔬果,0.24,1.86,7.76,否
日配,1,1.5,1.5,否
蔬果,2.222,4.36,1.96,否
休闲,0.064,3.57,55.8,否
酒饮,4,11.6,2.9,否
日配,1,7.5,7.5,否
休闲,1,6.5,6.5,否
日配,1,16.9,16.9,否
蔬果,0.41,3.12,7.6,否
粮油,2.292,12.79,5.58,否
洗化,1,11.9,14.5,是
日配,1,31.7,31.7,否
洗化,1,4.9,4.9,否
休闲,1,3.5,3.5,否
蔬果,1.752,8.76,5,否
休闲,1,5.2,5.2,否
休闲,0.194,11.45,59,否
蔬果,0.244,1.6,6.56,否
蔬果,0.282,2.71,9.6,否
粮油,1,7.9,7.9,否
粮油,1,8.2,8.2,否
蔬果,1.31,2.57,1.96,否
洗化,1,6.7,6.7,否
蔬果,0.314,1.82,5.8,否
蔬果,0.554,1.42,2.56,否
肉禽,0.234,4.63,19.8,否
蔬果,0.583,1.73,2.96,否
熟食,2,1,0.5,否
日配,1,8,11.5,是
休闲,0.178,3.52,39.8,是
酒饮,1,3,3,否
蔬果,0.448,4.3,9.6,否
蔬果,0.2,1.49,7.47,否
粮油,1,2.3,2.3,否
酒饮,1,8.7,8.7,否
粮油,1,2.2,2.3,否
休闲,0.134,5.47,40.8,否
熟食,0.387,2.32,6,否
蔬果,0.728,1.43,1.96,否
休闲,0.708,6.93,17.8,是
酒饮,1,7.3,7.3,否
蔬果,0.552,3.2,5.8,否
蔬果,0.576,4.49,7.8,否
粮油,0.828,3.31,4,否
洗化,1,2.9,2.9,否
粮油,1,5.7,5.7,否
酒饮,2,7.8,3.9,否
蔬果,0.482,3.76,7.8,否
粮油,0.064,3.76,89.8,是
粮油,1,6.9,6.9,否
蔬果,0.51,2.86,5.6,否
蔬果,0.48,2.4,5,否
休闲,0.196,2.7,19.6,是
洗化,1,8,8,否
蔬果,0.778,2.01,2.58,否
蔬果,0.24,2.3,9.6,否
日配,1,13.9,18.3,是
休闲,1,12.5,17,是
日配,1,10.9,15.9,是
肉禽,0.216,3.8,17.6,否
蔬果,1.069,2.76,2.58,否
蔬果,0.178,1.77,9.96,否
日配,1,9.9,9.9,否
粮油,1,9.9,9.9,否
肉禽,0.384,15.28,39.8,否
蔬果,0.528,11.61,10,否
休闲,0.512,15.2,39.6,是
休闲,1,3.8,3.8,否
蔬果,0.844,5.04,11.98,否
粮油,1,4.2,4.2,否
休闲,0.278,19.74,71,否
休闲,0.224,26.21,117,否
蔬果,1,5.8,5.8,否
粮油,1,2.3,2.3,否
日配,1,13.9,16.3,是
蔬果,0.238,2.14,9,否
粮油,1,7.9,7.9,否
休闲,1,5.3,5.3,否
日配,1,2,2,否
休闲,1,17.9,21.5,是
洗化,1,11.9,15.5,是
蔬果,0.534,2.14,4,否
粮油,2.572,14.35,5.58,否
日配,12,58.8,5.3,是
休闲,1,2.9,2.9,否
粮油,1,18.3,18.3,否
休闲,1,4.3,4.3,否
蔬果,0.452,5.42,12,否
肉禽,0.29,8.64,29.8,否
粮油,1,3.9,3.9,否
蔬果,0.538,1.59,2.96,否
粮油,1,0.5,0.5,否
蔬果,0.512,5.12,10,否
酒饮,1,18.9,18.9,否
蔬果,0.464,2.6,5.6,否
粮油,1,2.8,2.8,否
粮油,1,13.9,13.9,否
日配,1.728,11.72,6.78,否
粮油,1,4.9,4.9,否
蔬果,0.415,1.06,2.56,否
休闲,1,5.3,5.3,否
文体,4,10.8,2.7,否
蔬果,0.336,2.01,5.98,否
蔬果,0.694,1.36,1.96,否
休闲,0.296,5.03,17,否
休闲,2,9.8,4.9,否
粮油,1,6.9,6.9,否
日配,1,8,11.5,是
蔬果,0.508,5.08,10,否
酒饮,8,15.2,2.2,是
蔬果,0.534,1.48,2.78,否
蔬果,0.288,2.76,9.6,否
粮油,3.514,19.61,5.58,否
休闲,1,5.2,5.2,否
洗化,1,11.9,15.5,是
蔬果,0.502,3.29,6.56,否
酒饮,1,10.5,12.7,是
粮油,0.772,3.4,4.4,否
休闲,1,19.9,19.9,否
日配,1,13.9,16.3,是
粮油,1,8.9,12.9,是
粮油,1,6.8,6.8,否
粮油,1,8.9,12.9,是
粮油,1,3,3,否
粮油,1,17.3,17.3,否
粮油,1,6.3,6.3,否
粮油,1,89,109,是
休闲,1,7.5,7.5,否
肉禽,0.224,6.68,29.8,否
文体,1,5,5,否
日配,1,11.8,11.8,否
蔬果,0.508,3.79,7.47,否
蔬果,0.31,1.74,5.6,否
粮油,1,1.9,1.9,否
熟食,0.372,10.42,28,否
蔬果,0.596,1.54,2.58,否
休闲,1,3.9,3.9,否
洗化,1,4.3,4.3,否
蔬果,0.12,1.08,9,否
蔬果,0.556,1.11,2,否
休闲,0.124,1.7,19.8,是
休闲,1,1.2,1.2,否
蔬果,0.366,4.75,9.6,否
蔬果,0.414,2.3,5.56,否
文体,1,5.5,5.5,否
蔬果,0.338,6.08,18,否
粮油,0.284,3.35,11.8,否
粮油,1,2.7,2.7,否
蔬果,0.28,1.57,5.6,否
粮油,3.014,14.4,5.58,否
休闲,0.154,3.04,19.8,否
日配,1,59,76,是
蔬果,0.118,3.21,27.2,否
洗化,1,6.7,6.7,否
日配,0.868,22.31,32.6,是
日配,0.888,6.02,6.78,否
休闲,1,10.8,18.9,是
休闲,1,2.9,2.9,否
粮油,1,2.9,2.9,否
粮油,1,2.9,2.9,否
休闲,1,6.9,6.9,否
休闲,1,11.9,11.9,否
休闲,1,6.9,6.9,否
休闲,1,12.9,12.9,否
蔬果,1.292,2.58,2,否
文体,1,8.3,8.3,否
日配,1,13.9,13.9,否
蔬果,0.098,1.18,12,否
日配,4,10.8,2.7,否
日配,1,16.9,16.9,否
洗化,1,6.7,6.7,否
休闲,1,9.7,9.7,否
蔬果,0.608,2.41,3.96,否
熟食,0.892,5.35,6,否
蔬果,0.602,1.08,1.8,否
洗化,1,5.7,5.7,否
洗化,1,6.9,6.9,否
日配,12,39.9,5.5,是
日配,1.59,10.78,6.78,否
蔬果,0.894,3.4,3.8,否
熟食,0.222,19.98,90,否
日配,1,10.9,13.3,是
粮油,1,5.9,5.9,否
蔬果,0.568,3.29,5.8,否
蔬果,0.556,12.79,23,否
蔬果,0.408,4.06,9.96,否
洗化,1,8.7,8.7,否
粮油,1,1.7,1.7,否
肉禽,0.808,24.08,29.8,否
蔬果,0.236,1.41,5.98,否
蔬果,0.592,1.75,2.96,否
水产,0.234,7.02,30,否
粮油,1,4.7,4.7,否
粮油,1,1.7,1.7,否
粮油,1,3.6,3.9,是
休闲,1,5.9,5.9,否
粮油,1,0.5,0.5,否
蔬果,0.21,1.25,5.96,否
熟食,0.34,6.8,20,否
蔬果,0.74,1.48,2,否
洗化,1,19.5,19.5,否
洗化,1,7,7,否
休闲,3,9.9,3.3,否
休闲,0.406,8,35.8,是
日配,12,49,5.5,是
蔬果,1.136,19.99,17.6,否
休闲,1,9.3,9.3,否
肉禽,0.314,9.36,29.8,否
日配,1,4.9,5.7,是
粮油,1,3.3,3.3,否
粮油,1,2.3,2.3,否
蔬果,1.01,4.04,4,否
日配,1.594,10.81,6.78,否
粮油,1,3.7,3.7,否
粮油,1,8.9,8.9,否
休闲,1,12.9,17.9,是
蔬果,0.358,3.78,18,否
蔬果,0.288,2.76,9.6,否
肉禽,0.246,7.33,29.8,否
洗化,1,4.9,4.9,否
日配,0.522,13.46,32.6,是
粮油,1,39.7,39.7,否
洗化,1,4.9,4.9,否
粮油,1,8.9,12.9,是
熟食,4,2,0.5,否
蔬果,0.116,0.44,3.8,否
粮油,1,1,1,否
粮油,1,3.5,4.3,是
粮油,1,1.7,1.7,否
蔬果,0.29,2.25,7.76,否
文体,1,4.3,4.3,否
粮油,1,1.7,1.7,否
休闲,1,5.3,5.3,否
蔬果,0.448,0.66,1.48,否
日配,1,3.3,3.3,否
粮油,4,2,0.5,否
蔬果,0.258,1.02,3.96,否
休闲,0.236,3.2,19.8,是
洗化,1,14.5,16.9,是
洗化,1,5.7,5.7,否
休闲,0.1,3.98,39.8,否
蔬果,0.304,1.2,3.96,否
洗化,1,8.5,8.9,是
粮油,1,2.7,2.7,否
粮油,1.038,5.5,6.98,是
粮油,1,1.9,1.9,否
蔬果,0.228,1.59,6.96,否
蔬果,0.494,3.85,7.8,否
粮油,1,6.7,6.7,否
洗化,1,12.9,12.9,否
洗化,1,15.9,15.9,否
洗化,1,15.6,15.9,是
休闲,0.248,3.4,19.6,是
休闲,1,13.5,13.5,否
蔬果,0.18,1.14,5.6,否
蔬果,0.122,1.17,9.6,否
蔬果,0.764,12.22,16,否
粮油,1,2.3,2.3,否
粮油,1,19.9,24.9,是
粮油,1,6.9,6.9,否
日配,0.502,3.4,6.78,否
休闲,0.304,5.41,25.8,是
蔬果,0.667,1.71,2.56,否
蔬果,1,17.6,17.6,否
蔬果,0.528,1.36,2.58,否
蔬果,0.532,5.32,10,否
日配,1,13.9,16.3,是
日配,1,11.9,13.9,是
蔬果,2.37,4.65,1.96,否
休闲,1,4.9,4.9,否
蔬果,0.39,3.74,9.6,否
蔬果,2.012,4.02,2,否
休闲,1,6.9,6.9,否
蔬果,0.454,2.27,5,否
蔬果,2,3,1.5,否
休闲,0.252,3.93,15.6,否
蔬果,0.969,3.84,3.96,否
蔬果,0.664,1.71,2.58,否
日配,1.616,10.96,6.78,否
休闲,1,11.5,11.5,否
蔬果,0.416,0.82,1.98,否
熟食,0.48,9.6,20,否
日配,1,13.9,13.9,否
蔬果,0.648,3.76,5.8,否
粮油,1,26.5,33.9,否
蔬果,0.633,2.51,3.96,否
休闲,0.178,11.75,66,否
洗化,1,11.1,13.9,是
粮油,0.288,16.9,89.8,是
日配,0.77,5.22,6.78,否
粮油,1,3.7,3.7,否
家居,1,16,16,否
日配,1,8,11.5,是
休闲,1,6.5,6.5,否
蔬果,0.238,1.66,6.96,否
休闲,1,4.7,4.7,否
蔬果,1.369,4.33,3.16,否
蔬果,0.732,7.29,9.96,否
休闲,1,11.9,11.9,否
洗化,1,11.9,14.5,是
蔬果,0.622,3.11,5,否
休闲,1,5.5,5.5,否
休闲,-1,-14.9,14.9,否
休闲,1,14.9,14.9,否
休闲,1,3.5,3.5,否
蔬果,1.464,26.06,17.8,否
休闲,1,6.9,6.9,否
蔬果,0.128,1.54,12,否
蔬果,1,2,2,否
日配,1,3.3,3.3,否
肉禽,0.252,4.99,19.8,否
日配,0.266,4.73,17.8,否
休闲,0.188,4.85,29.8,是
蔬果,0.266,2.55,9.6,否
肉禽,0.47,13.07,27.8,否
粮油,1,0.5,0.5,否
蔬果,0.801,4.65,5.8,否
洗化,1,7.9,7.9,否
蔬果,0.626,3.24,5.96,否
粮油,1,1.3,1.3,否
蔬果,1.044,2.05,1.96,否
粮油,1,14.7,14.7,否
休闲,0.162,7.09,51.6,是
蔬果,0.624,3.72,5.96,否
熟食,0.565,3.39,6,否
休闲,1,4.9,4.9,否
洗化,1,2.9,2.9,否
休闲,1,4.9,4.9,否
休闲,0.32,7.36,33.8,是
粮油,1,4.5,4.5,否
蔬果,0.426,1.7,4,否
粮油,1,4.5,4.5,否
粮油,1,31.9,31.9,否
酒饮,1,4,5.5,是
粮油,1,2,2,否
洗化,1,7.9,8.9,是
日配,1,4.9,4.9,否
蔬果,0.809,4.5,5.56,否
水产,0.546,16.38,30,否
冲调,1,7.3,7.3,否
日配,1.594,10.81,6.78,否
家居,1,4.5,4.5,否
蔬果,0.426,6.77,15.9,否
蔬果,0.764,8.3,9.96,否
蔬果,0.092,1.1,12,否
休闲,1,5.5,5.5,否
洗化,1,10.9,10.9,否
蔬果,0.985,3.9,3.96,否
蔬果,0.426,1.7,4,否
休闲,0.132,3.91,29.6,否
蔬果,0.3,2.94,9.8,否
粮油,1,3,3,否
蔬果,1.036,18.44,17.8,否
蔬果,0.082,0.79,9.6,否
蔬果,0.542,1.08,2,否
熟食,0.46,2.76,6,否
休闲,1,3.5,3.5,否
蔬果,0.541,1.06,1.96,否
休闲,1,7.9,9.3,是
蔬果,1.176,7.01,5.96,否
粮油,1,3.9,3.9,否
休闲,1,89.9,89.9,否
休闲,1,4.3,4.3,否
粮油,1,5.3,5.3,否
日配,0.768,5.21,6.78,否
蔬果,0.296,1.77,5.98,否
休闲,0.122,3.05,25,否
日配,1,11,11,否
酒饮,1,11.9,11.9,否
酒饮,1,3.5,3.5,否
酒饮,1,8.9,13.7,是
酒饮,1,1.7,2.5,是
休闲,1,4.9,6.9,是
酒饮,4,10.8,2.7,否
蔬果,0.458,2.29,5,否
文体,1,1.7,1.7,否
日配,16,43.2,2.7,否
蔬果,0.498,4.78,9.6,否
日配,1,10.9,13.3,是
粮油,1,0.5,0.5,否
粮油,1,6.9,6.9,否
蔬果,0.436,3.92,9,否
粮油,1,7.9,7.9,否
蔬果,0.522,1.04,2,否
蔬果,0.204,1.14,5.6,否
蔬果,0.936,11.21,11.98,否
蔬果,0.654,6.51,9.96,否
蔬果,1.286,2.57,2,否
酒饮,10,450,45,否
粮油,1,79.9,87.9,是
蔬果,0.404,1.6,3.96,否
蔬果,0.246,4.13,16.8,否
肉禽,0.448,16.04,35.8,否
蔬果,0.392,3.76,9.6,否
蔬果,0.364,1.82,5,否
休闲,0.446,10.61,23.8,否
肉禽,1.084,21.46,19.8,否
休闲,1,11.3,11.3,否
休闲,1,0.8,0.8,否
蔬果,0.206,1.15,5.6,否
蔬果,0.351,1.76,5,否
蔬果,3.03,18.06,5.96,否
蔬果,1.706,17.33,2,否
蔬果,2.08,4.16,2,否
熟食,0.35,31.5,90,否
蔬果,0.65,1.29,1.98,否
洗化,1,6.9,6.9,否
蔬果,0.378,3.63,9.6,否
蔬果,0.556,5.66,16.8,否
蔬果,0.403,0.71,1.76,否
日配,1.532,10.39,6.78,否
蔬果,2.743,16.35,5.96,否
休闲,0.634,15.01,23.8,否
日配,24,72,3,否
休闲,1,2.9,2.9,否
蔬果,1.054,2.11,2,否
休闲,1,1.2,1.2,否
休闲,1,11.3,11.3,否
休闲,1,9,9,否
蔬果,0.386,0.76,1.98,否
蔬果,0.61,7.31,11.98,否
肉禽,0.22,6.56,29.8,否
蔬果,0.244,1.22,5,否
休闲,1,4,4,否
蔬果,0.212,1.91,9,否
蔬果,4,8,2,否
蔬果,2.03,12.1,5.96,否
蔬果,0.366,2.2,6,否
日配,1.29,8.75,6.78,否
蔬果,0.292,2.8,9.6,否
蔬果,0.424,1.09,2.58,否
蔬果,0.518,3.4,6.56,否
日配,1,3.9,4.9,是
日配,1,4.9,5.7,是
酒饮,6,12,2,否
蔬果,0.092,1.1,12,否
休闲,1,6.7,6.7,否
粮油,1,1.7,1.7,否
肉禽,0.248,5.7,23,否
日配,1,12.9,12.9,否
酒饮,4,7.6,2.2,是
粮油,1,3,3,否
熟食,0.162,14.58,90,否
休闲,0.28,4.9,27.8,是
熟食,0.001,0.02,20,否
日配,1,9.8,14.9,是
粮油,0.172,6.5,37.8,否
蔬果,0.61,7.32,12,否
蔬果,4,8,2,否
蔬果,0.258,2.05,7.96,否
蔬果,0.617,2.44,3.96,否
日配,0.762,5.17,6.78,否
蔬果,0.316,2.84,9,否
蔬果,0.396,2.3,5.8,否
蔬果,0.54,1.6,2.96,否
熟食,0.292,5.84,20,否
休闲,1,11.9,13.9,是
日配,0.962,6.52,6.78,否
休闲,0.192,3.8,19.8,否
休闲,1,2.9,2.9,否
蔬果,0.686,38.42,56,否
休闲,0.62,14.76,23.8,否
粮油,0.174,6.58,37.8,否
蔬果,1,24,24,否
蔬果,0.288,1.89,6.56,否
日配,1,5.5,7.5,是
蔬果,1.088,8.64,2.58,否
日配,1,8.9,12.9,是
日配,1,9.8,9.8,否
熟食,0.001,0.02,20,否
蔬果,0.512,0.82,1.6,否
蔬果,0.218,0.86,3.96,否
蔬果,0.63,1.63,2.58,否
熟食,0.475,2.85,6,否
粮油,1,6,6.8,否
日配,1,13.9,16.3,是
日配,1,8.9,12.9,是
粮油,1,4.5,4.5,否
蔬果,0.47,3.08,6.56,否
粮油,1,5.7,5.7,否
蔬果,1.438,8.5,11.98,否
蔬果,0.982,5.85,5.96,否
休闲,0.106,2.7,35.8,是
休闲,1,0.5,0.5,否
粮油,1,3.6,3.9,是
蔬果,0.51,3.35,6.56,否
蔬果,1.236,22,17.8,否
蔬果,1.046,4.14,3.96,否
蔬果,0.33,5.94,18,否
蔬果,2.462,29.49,11.98,否
熟食,0.342,9.58,28,否
蔬果,0.678,6.75,9.96,否
休闲,1,8.5,13.9,是
休闲,1,4.3,4.3,否
休闲,1,6.2,6.2,否
休闲,-1,-0.5,0.5,否
休闲,1,0.8,0.8,否
休闲,1,4,4,否
酒饮,4,13.2,3.3,否
蔬果,0.566,4.41,7.8,否
休闲,1,8.9,8.9,否
日配,1,11.5,16.5,是
冲调,1,17.5,19.9,是
日配,1,5.3,5.3,否
休闲,1,16.9,16.9,否
蔬果,2.172,17.29,7.96,否
粮油,1,4.3,4.3,否
粮油,1,89,109,是
蔬果,0.536,3.22,6,否
蔬果,0.566,5.64,9.96,否
休闲,1,4.5,4.5,否
蔬果,1.793,10.69,5.96,否
蔬果,0.454,2.63,5.8,否
蔬果,0.352,4.22,12,否
洗化,1,6.9,8.9,是
酒饮,1,2,3,是
蔬果,0.758,3,3.96,否
粮油,1,5.9,5.9,否
蔬果,1.012,5.67,5.6,否
蔬果,0.778,5.1,6.56,否
洗化,1,7.5,7.9,是
洗化,1,2.9,2.9,否
蔬果,0.128,1.54,12,否
蔬果,0.142,0.82,5.8,否
蔬果,0.636,1.88,2.96,否
粮油,1,3.5,4.3,是
蔬果,0.148,7.4,50,否
休闲,1,9.9,9.9,否
文体,1,3.3,3.3,否
日配,1,3.3,3.3,否
蔬果,0.956,16.83,17.6,否
粮油,1,17.9,21.9,是
蔬果,0.384,0.68,1.76,否
蔬果,0.4,1.03,2.58,否
休闲,0.05,1.99,39.8,否
冲调,1,7.9,9.7,是
休闲,1,19.8,19.8,否
家居,1,3,3,否
粮油,1,5.7,5.7,否
休闲,1,3.8,3.8,否
休闲,1,3.2,3.2,否
文体,1,2.3,2.3,否
日配,1.546,10.48,6.78,否
蔬果,0.284,2.94,9,否
日配,1,13.9,16.3,是
蔬果,0.304,5.47,18,否
日配,1,5.5,5.5,否
洗化,1,2.8,3.5,是
粮油,1,3.7,3.7,否
粮油,1.976,11.03,5.58,否
休闲,1,10.9,10.9,否
蔬果,0.452,1.8,3.98,否
日配,0.898,6.09,6.78,否
日配,0.254,4.83,19,否
休闲,1,12.5,16.5,是
日配,1,13.3,13.3,否
粮油,1,6.5,7.7,是
粮油,1,13.3,13.3,否
蔬果,0.454,0.8,1.96,否
蔬果,0.704,1.38,1.96,否
蔬果,0.279,1.83,6.56,否
粮油,1,1.7,1.7,否
日配,1,4.9,4.9,否
粮油,1,6.3,6.3,否
蔬果,0.516,3.92,7.6,否
日配,4,9.2,2.3,否
肉禽,0.26,7.75,29.8,否
日配,0.968,6.56,6.78,否
日配,1,4.9,4.9,否
日配,0.646,4.38,6.78,否
蔬果,0.428,5.14,12,否
蔬果,0.408,1.62,3.96,否
洗化,1,6.7,6.7,否
蔬果,2.596,6.65,2.56,否
蔬果,1,4.98,4.98,否
粮油,1,2.5,2.5,否
粮油,1,9.9,9.9,否
休闲,1,2.5,2.5,否
粮油,1,3.5,3.5,否
粮油,1,69,69,否
洗化,1,4.9,4.9,否
蔬果,1.266,5.01,3.96,否
蔬果,0.527,1.47,2.78,否
休闲,1,5.9,5.9,否
休闲,1,8.3,8.3,否
蔬果,0.39,3.74,9.6,否
蔬果,0.5,3.28,6.56,否
日配,1,13.9,18.9,是
休闲,1,8.5,8.5,否
酒饮,1,3.5,3.5,否
冲调,1,22.3,22.3,否
日配,1,8.9,12.9,是
日配,1,10.9,15.9,是
休闲,1,5.5,5.5,否
蔬果,0.89,2.28,2.56,否
酒饮,1,9.9,9.9,否
日配,1,2.7,2.7,否
休闲,1,5.3,5.3,否
洗化,1,13.9,13.9,否
家居,1,5,5,否
蔬果,0.82,1.48,1.8,否
蔬果,0.608,3.04,5,否
粮油,0.334,19.7,89.8,是
粮油,1,14.3,14.3,否
洗化,1,5.9,5.9,否
休闲,0.464,6.4,19.6,是
洗化,1,3.9,3.9,否
蔬果,0.924,1.83,1.98,否
洗化,1,4.9,4.9,否
日配,1,4.2,4.2,否
休闲,1,2.9,2.9,否
休闲,0.448,4.3,15.8,是
酒饮,1,2.3,2.9,是
文体,1,3,3,否
蔬果,0.49,1.96,4,否
休闲,1,19.9,19.9,否
休闲,1,3,3,否
日配,0.78,5.29,6.78,否
肉禽,1.048,37.52,35.8,否
粮油,1,7.3,7.3,否
洗化,1,6.7,6.7,否
蔬果,8,16,2,否
粮油,1,11.9,11.9,否
粮油,0.184,18.22,99,否
粮油,1,9.9,12.9,否
休闲,0.334,6.61,35.8,是
日配,1,4.5,4.5,否
休闲,0.164,16.01,97.6,否
休闲,1,19.9,19.9,否
蔬果,0.378,2.19,5.8,否
蔬果,1,4.98,4.98,否
休闲,1,6,6,否
休闲,0.21,2.48,11.8,否
休闲,1,6.5,6.5,否
日配,1,13.9,16.3,是
冲调,1,28.3,28.3,否
洗化,1,11.9,14.5,是
蔬果,0.658,10.53,16,否
冲调,2,43.8,21.9,否
蔬果,0.33,1.31,3.96,否
蔬果,0.29,1.73,5.98,否
冲调,1,25.7,25.7,否
休闲,0.24,3.7,19,是
休闲,1,1,1,否
休闲,1,20.9,20.9,否
蔬果,0.44,1.76,4,否
洗化,1,10.9,15.7,是
洗化,6,17.4,2.9,否
休闲,1,3.9,3.9,否
蔬果,0.31,2.22,6,否
粮油,1,21.9,21.9,否
针织,1,4.9,6.9,是
休闲,1,2.9,2.9,否
酒饮,1,12.3,12.3,否
休闲,1,21.9,21.9,否
粮油,1,1.9,1.9,否
日配,1,8.9,12.9,是
蔬果,0.44,1.14,2.58,否
休闲,1,5.9,5.9,否
日配,1,59,76,是
酒饮,1,4,4,否
日配,0.784,5.32,6.78,否
酒饮,1,3.8,3.8,否
休闲,1,6.9,6.9,否
粮油,2,6,3,否
蔬果,0.259,1.03,3.96,否
休闲,1,1.1,1.1,否
洗化,1,7.9,7.9,否
日配,1,3.9,5.5,是
休闲,1,5.8,6.5,否
日配,1,8.9,12.9,是
蔬果,2.506,14.94,5.96,否
日配,12,39.9,5.5,是
休闲,0.386,6.09,19.6,是
蔬果,0.288,2.76,9.6,否
酒饮,4,7.6,2.2,是
蔬果,0.422,2.36,5.6,否
洗化,1,11.9,14.5,是
休闲,0.482,8.5,25.8,是
蔬果,0.606,3.51,5.8,否
休闲,1,8.9,8.9,否
冲调,1,42,42,否
休闲,1,4.3,4.3,否
蔬果,0.688,1.78,2.58,否
蔬果,0.27,2.59,9.6,否
粮油,1,18,18,否
蔬果,0.17,2.65,15.6,否
日配,12,58.8,4.9,否
家居,1,6.9,8,是
蔬果,0.986,2.52,2.56,否
休闲,1,3.5,3.5,否
针织,1,15,15,否
蔬果,0.622,4.8,15.98,否
日配,24,58.8,3,是
蔬果,0.572,2.86,5,否
洗化,1,7.5,7.5,否
粮油,1,3.7,3.7,否
蔬果,0.818,4.74,5.8,否
洗化,1,11.9,14.5,是
洗化,1,9.9,13.9,是
粮油,1,2.3,2.3,否
蔬果,0.686,1.34,1.96,否
洗化,1,11.9,15.5,是
蔬果,0.168,0.93,5.56,否
蔬果,0.242,1.35,5.56,否
休闲,0.164,4.2,35.8,是
蔬果,0.39,2.56,6.56,否
蔬果,0.178,1.17,6.56,否
洗化,1,17.7,17.7,否
蔬果,1.876,22.47,11.98,否
休闲,1,5.5,5.5,否
洗化,1,18.9,18.9,否
肉禽,0.234,6.97,29.8,否
蔬果,0.492,8.66,17.6,否
肉禽,1.03,20.39,19.8,否
蔬果,0.186,0.37,2,否
蔬果,1.38,8.22,5.96,否
休闲,1,9.5,9.5,否
休闲,1,4,4,否
酒饮,4,8,2,否
休闲,1,2.9,2.9,否
休闲,1,4.3,4.3,否
蔬果,1.404,8.37,5.96,否
休闲,1,10.3,10.3,否
休闲,1,1.5,1.5,否
日配,1,10.9,13.3,是
酒饮,1,4,4,否
粮油,1,79.9,87.9,是
熟食,0.168,9.41,56,否
蔬果,0.554,5.32,9.6,否
洗化,1,31.9,31.9,否
蔬果,0.43,2.41,5.6,否
家居,1,6,6,否
蔬果,0.96,2.66,2.56,否
蔬果,0.756,1.5,1.98,否
蔬果,0.272,2.61,9.6,否
休闲,1,4.9,4.9,否
洗化,1,4.9,4.9,否
蔬果,0.226,1.31,5.8,否
粮油,1,3.9,3.9,否
粮油,2,5.4,2.7,否
蔬果,5.07,12.98,2.56,否
蔬果,0.848,3.36,3.96,否
洗化,1,20.9,24.9,是
休闲,1,19.9,19.9,否
蔬果,0.39,0.77,1.98,否
休闲,1,6.5,6.5,否
休闲,1,4.3,4.3,否
家居,1,6,6,否
洗化,1,23.9,23.9,否
休闲,1,5,5,否
粮油,1,15.5,15.5,否
休闲,1,3.7,3.7,否
蔬果,0.207,1.36,6.56,否
粮油,1.006,12.98,12.9,否
粮油,1,7.9,7.9,否
休闲,1,3.9,3.9,否
日配,24,58.8,3,是
酒饮,1,2.8,2.8,否
蔬果,1.194,1.91,1.6,否
蔬果,1.73,27.61,15.96,否
蔬果,2.205,13.14,5.96,否
休闲,1,28.9,45.9,是
酒饮,1,3.9,3.9,否
蔬果,0.669,3.88,5.8,否
蔬果,0.381,4.57,12,否
粮油,1,4.7,4.7,否
酒饮,4,10,2.5,否
洗化,1,4.7,4.7,否
洗化,1,18.9,18.9,否
休闲,1,10.8,18.9,是
休闲,1,6.3,6.3,否
粮油,1,1,1,否
粮油,1,14.7,14.7,否
肉禽,0.244,19.52,80,否
蔬果,0.878,2.25,2.56,否
蔬果,0.828,4.8,5.8,否
休闲,0.388,4.58,11.8,否
粮油,1,3.5,3.5,否
粮油,1,3,3,否
蔬果,0.89,1.74,1.96,否
日配,1.126,22.29,19.8,否
休闲,1,4.3,4.3,否
蔬果,0.504,2,3.96,否
蔬果,0.55,3.08,5.6,否
蔬果,0.51,3.06,6,否
休闲,1,3.8,3.8,否
休闲,1,2.2,2.2,否
粮油,1.962,8.24,4.2,否
粮油,1,5.9,7.9,是
休闲,1,4.5,4.5,否
休闲,1,3.3,3.3,否
粮油,3.62,20.2,5.58,否
肉禽,0.354,10.55,29.8,否
休闲,1,3.3,3.3,否
洗化,1,20.9,20.9,否
蔬果,0.525,0.78,1.48,否
蔬果,0.55,1.09,1.98,否
蔬果,1.207,5.53,5.96,否
休闲,1,2.9,2.9,否
休闲,1,9,9,否
日配,1,59,76,是
粮油,9.225,38.75,4.2,否
蔬果,0.492,8.66,17.6,否
日配,1,10.9,13.3,是
蔬果,1,24,24,否
粮油,1,7.7,7.7,否
冲调,1,3,3,否
粮油,1,7.9,7.9,否
蔬果,0.286,7.78,27.2,否
日配,1,6.6,6.6,否
针织,1,8.9,8.9,否
休闲,1,6.5,6.5,否
冲调,1,23.3,23.3,否
冲调,1,32,36.5,是
洗化,1,6.9,11.9,是
休闲,1,3.9,3.9,否
熟食,0.39,7.8,20,否
蔬果,0.676,1.73,2.56,否
蔬果,0.456,1.44,3.16,否
熟食,8,4,0.5,否
家居,1,6,6,否
蔬果,0.444,2.49,5.6,否
熟食,0.24,4.8,20,否
蔬果,0.578,7.61,9.6,否
蔬果,0.45,2.95,6.56,否
粮油,1,5.7,5.7,否
日配,1,11,11,否
蔬果,0.386,2.93,7.6,否
粮油,0.12,0.84,7.9,否
蔬果,1.438,17.23,11.98,否
休闲,1,33.9,33.9,否
休闲,1,3.5,3.5,否
粮油,1,6.3,6.3,否
蔬果,0.444,2.58,5.8,否
洗化,1,19.9,19.9,否
日配,1,8.3,8.3,否
休闲,0.096,4.59,47.8,否
休闲,1,10.5,10.5,否
休闲,1,15.8,15.8,否
酒饮,1,4,5.5,是
粮油,1,8.2,8.2,否
蔬果,0.567,2.84,5,否
蔬果,0.76,1.22,1.6,否
粮油,1,8,8,否
洗化,1,6.9,8.9,是
粮油,1,7.9,7.9,否
休闲,1,8.5,8.5,否
粮油,1,3,3,否
洗化,1,9.9,13.9,是
休闲,1,7.5,7.5,否
蔬果,0.23,1.51,6.56,否
熟食,0.244,4.88,20,否
休闲,1,3.9,3.9,否
休闲,1,10.9,10.9,否
蔬果,0.676,8.1,11.98,否
休闲,1,5.7,5.7,否
休闲,1,2.9,2.9,否
洗化,1,8.5,8.9,是
休闲,1,7.5,7.5,否
日配,0.78,5.29,6.78,否
蔬果,0.232,2.23,9.6,否
粮油,1,25,25,否
蔬果,0.328,3.27,9.96,否
蔬果,2.01,20.1,10,否
粮油,0.72,8.5,11.8,否
休闲,1,10.8,18.9,是
冲调,1,39,39,否
冲调,1,16.9,22.3,是
粮油,1,8.5,8.5,否
肉禽,0.176,5.24,29.8,否
粮油,1,3.9,3.9,否
蔬果,0.754,7.24,9.6,否
休闲,1,19.9,19.9,否
蔬果,1.574,4.03,2.56,否
粮油,12,38.4,3.2,否
蔬果,0.518,2.07,4,否
粮油,1,6.9,6.9,否
粮油,1,6.3,6.3,否
日配,1,4,4,否
日配,1,9.9,10.3,否
蔬果,0.462,3.68,7.96,否
休闲,1,28.9,47,是
粮油,1,7.9,7.9,否
休闲,1,8.6,8.6,否
休闲,1,2.2,2.2,否
蔬果,0.492,4.72,9.6,否
粮油,1,1.3,1.3,否
休闲,1,10.3,10.3,否
粮油,1,2.3,2.3,否
洗化,1,3.9,3.9,否
洗化,1,3.9,3.9,否
蔬果,0.758,4.97,6.56,否
熟食,0.43,8.6,20,否
粮油,3.314,13.92,4.2,否
粮油,1,1.3,1.3,否
蔬果,1.486,23.72,15.96,否
洗化,1,6.5,6.5,否
蔬果,2,3,1.5,否
粮油,1,89,109,是
休闲,0.27,3.7,19.6,是
休闲,1,4.5,4.5,否
粮油,1,14.7,14.7,否
洗化,1,5.9,5.9,否
洗化,1,6.9,11.9,是
休闲,1,7.5,7.5,否
粮油,3.45,19.25,5.58,否
熟食,0.001,0.02,20,否
休闲,1,2.9,2.9,否
粮油,1,2.7,2.7,否
休闲,1,11.9,11.9,否
日配,4,11.2,2.8,否
休闲,1,6.5,6.5,否
休闲,1,5.3,5.3,否
蔬果,1,24,24,否
粮油,1,14,14,否
蔬果,0.486,1.92,3.96,否
粮油,0.25,9.45,37.8,否
洗化,1,17.9,17.9,否
蔬果,0.65,10.1,30,否
休闲,1,4.2,4.2,否
蔬果,0.172,4.68,27.2,否
蔬果,1,4.98,4.98,否
熟食,2,1,0.5,否
针织,1,14.5,14.5,否
休闲,1,3.5,3.5,否
蔬果,1.622,28.55,17.6,否
蔬果,0.232,0.34,1.48,否
日配,1,2.9,2.9,否
粮油,1,0.5,0.5,否
粮油,1,8.9,12.9,是
洗化,1,11.9,14.5,是
休闲,1,4.3,4.3,否
熟食,0.256,7.17,28,否
冲调,1,3,3,否
蔬果,0.126,3.43,27.2,否
休闲,1,7.3,7.3,否
休闲,1,4.2,4.2,否
蔬果,0.452,1.34,2.96,否
熟食,1.014,6.08,6,否
蔬果,0.722,1.85,2.56,否
粮油,0.414,2.44,10.8,是
针织,1,14.5,14.5,否
日配,1,11,11,否
蔬果,0.556,2.22,4,否
蔬果,0.598,1.54,2.58,否
休闲,1,10,10,否
日配,12,58.8,5.3,是
日配,1,19.9,31.7,是
休闲,1,4.9,4.9,否
休闲,0.28,5.54,19.8,否
蔬果,0.442,5.81,9.6,否
日配,15,27.9,2.3,是
粮油,6,3,0.5,否
粮油,1,4.9,4.9,否
家居,1,9,9,否
粮油,1,8.9,8.9,否
日配,1,4.9,4.9,否
日配,12,39.9,5.5,是
粮油,1,3,3,否
蔬果,1.308,3.35,2.56,否
蔬果,0.613,4.02,6.56,否
蔬果,0.978,1.92,1.96,否
粮油,1,5.6,5.9,否
日配,1,15.7,15.7,否
洗化,1,10.9,15.7,是
蔬果,0.93,27.9,30,否
洗化,1,33.9,33.9,否
洗化,1,42.9,42.9,否
休闲,0.142,6.79,47.8,否
蔬果,1.01,5.86,5.8,否
休闲,1,2,2,否
休闲,1,29.9,29.9,否
粮油,1,25.9,25.9,否
粮油,0.906,8.97,9.9,否
蔬果,0.552,8.83,16,否
休闲,1,7.9,9.3,是
蔬果,0.722,1.43,1.98,否
肉禽,0.15,4.17,27.8,否
蔬果,0.37,2.43,6.56,否
蔬果,0.232,4.18,18,否
休闲,1,1,1,否
蔬果,1.568,3.14,2,否
蔬果,0.534,2.11,3.96,否
日配,1,8.9,8.9,否
休闲,1,7.9,7.9,否
洗化,1,8.9,8.9,否
休闲,0.366,8.71,23.8,否
熟食,0.001,0.02,20,否
洗化,1,10.9,10.9,否
休闲,1,3,3.5,否
蔬果,0.396,2.3,5.8,否
休闲,1,9.9,9.9,否
休闲,1,2.9,2.9,否
酒饮,4,10.8,2.7,否
蔬果,0.374,2.09,5.6,否
蔬果,0.711,1.42,2,否
粮油,1,6.9,6.9,否
蔬果,0.316,3.03,9.6,否
日配,1,11,11,否
蔬果,0.32,5.76,18,否
洗化,1,32.9,32.9,否
日配,1,2.8,2.8,否
文体,1,3.3,3.3,否
休闲,1,6.5,6.5,否
家居,1,10.9,15,是
酒饮,1,2.9,2.9,否
休闲,1,4.5,4.5,否
休闲,1,7.9,7.9,否
肉禽,0.442,15.82,35.8,否
休闲,0.544,12.95,23.8,否
蔬果,0.183,1.02,5.6,否
粮油,1,4.8,4.8,否
家居,1,8,8,否
日配,2,23.8,11.9,否
洗化,4,7.6,1.9,否
蔬果,0.96,11.5,11.98,否
日配,24,58.8,3,是
休闲,1,9.9,9.9,否
洗化,1,9.9,13.9,是
粮油,1,2,2,否
粮油,1,3.9,3.9,否
粮油,2,11.4,5.7,否
休闲,1,3.9,3.9,否
酒饮,1,7.5,7.5,否
洗化,1,10.9,12.9,是
洗化,1,11.5,15.9,是
洗化,1,6.9,11.9,是
文体,1,4.3,4.3,否
休闲,1,6.5,6.5,否
粮油,1,5.9,5.9,否
熟食,4,4,1,否
粮油,1,7.9,7.9,否
粮油,1,5.7,5.7,否
休闲,0.312,4.31,13.8,否
蔬果,0.308,2.96,9.6,否
粮油,1,2.3,2.3,否
日配,0.294,2.5,8.5,否
日配,1,4.9,4.9,否
休闲,1,12.5,16.5,是
蔬果,0.724,4.32,5.96,否
蔬果,0.388,0.68,1.76,否
休闲,0.42,8.31,39.8,是
蔬果,0.508,13.5,15.9,否
蔬果,0.31,1.23,3.96,否
蔬果,1.866,32.84,17.6,否
洗化,1,15.7,15.7,否
蔬果,2.048,6.51,3.18,否
日配,16,43.2,2.7,否
蔬果,0.532,2.11,3.96,否
粮油,1,5.7,5.7,否
针织,1,6,6,否
家居,1,69,69,否
洗化,1,38.9,38.9,否
蔬果,0.1,0.96,9.6,否
粮油,1,2.8,2.8,否
休闲,1,4.5,4.5,否
家居,1,5,5,否
家居,1,10,10,否
蔬果,2,3,1.5,否
蔬果,0.476,4.76,10,否
休闲,1,25.9,25.9,否
蔬果,0.523,2.62,5,否
粮油,0.234,8.85,37.8,否
蔬果,0.452,1.34,2.96,否
休闲,1,7.5,7.5,否
蔬果,0.406,0.81,2,否
蔬果,0.401,0.8,2,否
粮油,1,7.5,7.5,否
粮油,1,4.3,4.3,否
家居,1,129,129,否
洗化,1,38.9,38.9,否
休闲,0.188,2.93,15.6,否
肉禽,0.948,26.35,27.8,否
休闲,1,3.3,3.3,否
家居,1,9.9,16,是
粮油,1,2.8,2.8,否
日配,0.788,5.34,6.78,否
粮油,1,1.3,1.3,否
日配,1,8,11.5,是
家居,1,5,5,否
日配,1,4.5,6,是
粮油,1,0.5,0.5,否
蔬果,0.43,2.49,5.8,否
洗化,1,1.9,2.7,是
洗化,1,15.9,15.9,否
蔬果,2,3,1.5,否
粮油,1,2,2,否
粮油,1,6.8,6.8,否
家居,1,10,10,否
粮油,1,0.5,0.5,否
蔬果,0.171,0.96,5.6,否
熟食,0.001,0.02,20,否
蔬果,0.77,3.05,3.96,否
休闲,1,3.3,3.3,否
粮油,1,3.7,3.7,否
蔬果,0.48,2.4,5,否
针织,1,30,30,否
休闲,1,12.9,12.9,否
洗化,1,22.9,22.9,否
粮油,1,12.9,12.9,否
日配,0.95,6.44,6.78,否
粮油,0.348,13.15,37.8,否
熟食,2,2,1,否
休闲,1,9.3,9.3,否
日配,1,5.7,5.7,否
蔬果,2,3,1.5,否
日配,1,8.3,8.3,否
日配,1,13.9,16.3,是
日配,0.428,7.62,17.8,否
休闲,1,2,2,否
休闲,1,3.9,3.9,否
蔬果,0.648,1.92,2.96,否
休闲,0.28,3.3,11.8,否
蔬果,0.744,8.93,12,否
酒饮,1,6,6,否
休闲,1,7.3,7.3,否
粮油,1.308,7.03,6.98,是
日配,1,19.9,19.9,否
休闲,0.28,13.38,47.8,否
蔬果,0.26,1.86,3.96,否
蔬果,0.298,2.86,9.6,否
粮油,1,7.3,7.3,否
酒饮,1,2.8,2.8,否
文体,1,1.7,1.7,否
休闲,1,1,1,否
蔬果,0.558,0.83,1.48,否
蔬果,0.36,2,5.56,否
休闲,1,8.5,8.5,否
粮油,1,6.8,6.8,否
粮油,0.132,13.07,99,否
休闲,0.3,4.14,13.8,否
粮油,1,7.9,7.9,否
蔬果,0.288,0.8,2.78,否
休闲,1,5.9,5.9,否
休闲,0.106,10.35,97.6,否
日配,0.432,3.67,8.5,否
蔬果,2.248,16.59,7.96,否
粮油,1,11,11,否
针织,1,14.5,14.5,否
洗化,1,18.9,24.9,是
洗化,1,4.5,5.9,是
粮油,-0.552,-5.96,10.8,否
粮油,0.552,5.96,10.8,否
洗化,1,2.9,4.7,是
休闲,0.37,7.33,19.8,否
蔬果,0.508,3.05,6,否
洗化,1,12.9,12.9,否
蔬果,0.287,1.61,5.6,否
日配,1,17.9,17.9,否
蔬果,0.112,1.01,9,否
蔬果,1,4.98,4.98,否
蔬果,0.112,1.08,9.6,否
粮油,1.364,7.33,6.98,是
洗化,1,8.9,8.9,否
休闲,1,3.6,3.6,否
粮油,1.474,7.93,6.98,是
日配,1,89,89,否
日配,12,52.8,4.4,否
休闲,1,7.7,7.7,否
休闲,1,8.5,8.5,否
粮油,1,35.9,35.9,否
洗化,1,32.9,32.9,否
日配,1,19.9,31.7,是
休闲,1,3.7,3.7,否
蔬果,0.602,9.57,15.9,否
洗化,1,5.7,5.7,否
粮油,1,7.9,7.9,否
休闲,1,6.8,6.8,否
蔬果,0.454,4.54,10,否
休闲,0.298,3.52,11.8,否
休闲,1,11.8,11.8,否
休闲,1,12.5,16.5,是
休闲,1,12.5,17,是
粮油,0.066,3.81,89.8,是
休闲,1,3.9,3.9,否
肉禽,0.25,6.95,27.8,否
洗化,1,6.9,6.9,否
蔬果,0.57,1.46,2.56,否
蔬果,0.41,1.62,3.96,否
熟食,2,2,1,否
休闲,0.44,22.7,51.6,否
休闲,0.656,25.98,39.6,否
蔬果,0.912,3.63,3.98,否
粮油,1,3.8,3.8,否
休闲,0.162,3.7,33.8,是
蔬果,0.542,3.23,5.96,否
蔬果,0.607,2.4,3.96,否
日配,1,9.9,9.9,否
蔬果,0.631,2.5,3.96,否
针织,1,3.5,8.9,是
家居,1,6.9,8,是
家居,1,30,30,否
洗化,1,4.9,4.9,否
洗化,1,9.9,9.9,否
蔬果,0.944,11.31,11.98,否
洗化,1,9.9,9.9,否
洗化,1,1.5,1.5,否
蔬果,0.98,5.84,5.96,否
蔬果,0.584,17.52,30,否
日配,1,11.9,14.9,是
粮油,1,7.9,7.9,否
日配,1,8.9,8.9,否
蔬果,0.529,2.01,3.8,否
休闲,1,19.9,19.9,否
肉禽,0.196,15.68,80,否
蔬果,0.385,2.15,5,否
粮油,1,131.9,131.9,否
休闲,1,28.3,39.8,是
蔬果,1.008,2.02,2,否
蔬果,4,8,2,否
休闲,1,10.9,10.9,否
日配,10,60,6,否
蔬果,0.497,7.94,15.98,否
蔬果,2,9.96,4.98,否
蔬果,0.544,9.57,17.6,否
蔬果,1.176,3.74,3.18,否
家居,1,13,13,否
家居,-1,-129,129,否
日配,1,13.9,16.3,是
蔬果,1.704,6.78,3.98,否
洗化,1,27,27,否
蔬果,0.576,11.4,19.8,否
文体,1,3,3,否
针织,1,7.5,7.5,否
蔬果,0.158,1.52,9.6,否
休闲,1,3.3,3.3,否
水产,0.576,17.28,30,否
洗化,1,46.9,79.9,是
粮油,1,145,145,否
蔬果,3.136,9.97,3.18,否
洗化,1,11.9,14.5,是
熟食,4,2,0.5,否
蔬果,0.584,1.17,2,否
蔬果,0.384,2.23,5.8,否
蔬果,1.936,23.19,11.98,否
蔬果,0.334,2.61,7.8,否
蔬果,0.314,0.55,1.76,否
粮油,1,14.7,14.7,否
冲调,1,32,36.5,是
水产,0.44,13.2,30,否
休闲,0.36,7.05,19.6,否
家居,1,3,3,否
日配,0.924,6.26,6.78,否
洗化,1,16.5,16.5,否
洗化,1,9.9,14.7,是
粮油,1,2.3,2.3,否
蔬果,0.38,2.49,6.56,否
粮油,1,39.7,39.7,否
休闲,1,3.5,3.5,否
休闲,1,3.9,3.9,否
休闲,1,1.9,1.9,否
酒饮,1,11.9,11.9,否
粮油,0.208,4.12,19.8,否
蔬果,0.556,6.5,16,否
酒饮,6,63,12.7,是
酒饮,6,17.4,2.9,否
洗化,1,14.9,14.9,否
粮油,1,3.9,3.9,否
文体,1,4.7,4.7,否
蔬果,1,4.98,4.98,否
蔬果,0.24,2.3,9.6,否
蔬果,0.304,0.55,1.8,否
粮油,2,1,0.5,否
休闲,0.544,6.42,11.8,否
蔬果,0.296,2.84,9.6,否
水产,0.504,15.12,30,否
蔬果,4,8,2,否
日配,2.298,15.58,6.78,否
日配,16,33.9,2.7,是
蔬果,0.358,4.3,12,否
洗化,1,9.9,13.9,是
洗化,1,5.7,5.7,否
蔬果,1.628,19.5,11.98,否
休闲,1,6.9,6.9,否
日配,1,6.9,6.9,否
蔬果,1,7,7,否
蔬果,0.535,1.58,2.96,否
粮油,1,8,8,否
休闲,0.31,6.7,21.6,否
日配,0.966,6.55,6.78,否
粮油,1,14.7,14.7,否
粮油,1,14.7,14.7,否
粮油,1,5.9,5.9,否
休闲,1,8.5,8.5,否
蔬果,0.364,4.37,12,否
蔬果,0.484,3.18,6.56,否
休闲,1,8.7,8.7,否
洗化,1,21.9,21.9,否
熟食,0.588,3.53,6,否
蔬果,0.504,2.3,3.96,否
蔬果,0.47,2.81,5.98,否
酒饮,1,4,4,否
蔬果,1.634,5.2,3.18,否
粮油,0.28,5.12,18.3,否
蔬果,0.298,2.86,9.6,否
粮油,1,2,2,否
粮油,1,8.9,8.9,否
粮油,0.408,15.42,37.8,否
蔬果,0.12,0.94,7.8,否
日配,0.908,6.16,6.78,否
肉禽,0.252,20.16,80,否
肉禽,0.528,14.68,27.8,否
休闲,0.252,4.43,27.8,是
蔬果,0.554,5.54,10,否
休闲,1,2.9,2.9,否
蔬果,0.316,1.77,5.6,否
蔬果,0.264,4.12,15.6,否
休闲,1,7.5,7.5,否
粮油,1,3,3,否
休闲,1,1.2,1.2,否
休闲,0.226,3.12,13.8,否
休闲,1,3.5,3.5,否
蔬果,0.494,1.26,2.56,否
蔬果,1.166,4.64,3.98,否
蔬果,1.08,12.94,11.98,否
粮油,1,14.7,14.7,否
家居,1,10,10,否
针织,1,14.5,14.5,否
日配,1,8.6,8.6,否
粮油,2,4.6,2.3,否
粮油,0.102,6.01,89.8,是
日配,0.932,6.32,6.78,否
酒饮,1,10.3,10.3,否
洗化,1,11.9,14.5,是
休闲,0.858,11.84,13.8,否
肉禽,0.114,3.4,29.8,否
粮油,-0.54,-5.83,10.8,否
粮油,0.54,5.83,10.8,否
洗化,4,12,3.7,是
洗化,1,11.9,11.9,否
蔬果,0.334,1.87,5.6,否
洗化,1,9.9,9.9,否
休闲,1,7.9,7.9,否
洗化,1,10.9,10.9,否
蔬果,0.582,2.21,3.8,否
粮油,1,0.5,0.5,否
蔬果,0.434,2.85,6.56,否
蔬果,0.732,12.88,17.6,否
蔬果,0.399,0.79,6.56,否
熟食,0.427,2.56,6,否
蔬果,0.414,1.23,2.96,否
日配,1,8,11.5,是
休闲,1,3.5,3.5,否
休闲,1,6.9,6.9,否
休闲,0.492,5.81,11.8,否
家居,1,4.9,8,是
洗化,1,22.9,22.9,否
日配,1,9.9,13.3,是
休闲,1,12.9,12.9,否
文体,1,1.7,1.7,否
洗化,1,8.9,8.9,否
肉禽,0.15,3.45,23,否
休闲,1,10.8,18.9,是
休闲,1,6,6,否
洗化,1,5.3,5.3,否
蔬果,1,1.5,1.5,否
休闲,1,6.9,6.9,否
洗化,1,3.9,3.9,否
休闲,0.336,4.64,13.8,否
休闲,1,10.8,18.9,是
日配,1,10.9,13.3,是
蔬果,0.657,2.6,3.96,否
休闲,1,13.9,13.9,否
洗化,1,39.9,45.9,是
休闲,0.158,3.1,39.8,是
蔬果,0.45,2.7,6,否
家居,1,6,6,否
粮油,1,8.2,8.2,否
蔬果,0.68,1.22,1.8,否
蔬果,1.142,6.81,5.96,否
休闲,1,3.9,3.9,否
蔬果,0.408,1.05,2.58,否
洗化,2,23.8,14.5,是
蔬果,0.368,2.13,5.8,否
针织,1,11,11,否
蔬果,2.856,17.02,5.96,否
洗化,1,12.9,12.9,否
蔬果,0.184,1.66,9,否
粮油,2,8.4,4.3,否
酒饮,1,18,18,否
蔬果,1.446,4.6,3.18,否
蔬果,1.042,18.34,17.6,否
蔬果,0.222,2.66,12,否
休闲,1,2.7,2.7,否
冲调,1,9.9,9.9,否
洗化,1,19.9,19.9,否
日配,1,5.3,5.3,否
粮油,1,9.9,9.9,否
洗化,1,36.9,36.9,否
洗化,1,40,40,否
蔬果,0.49,27.44,56,否
蔬果,0.428,1.63,3.8,否
粮油,0.958,11.3,11.8,否
针织,1,30,30,否
蔬果,0.128,1.54,12,否
蔬果,0.092,1.1,12,否
休闲,-1,-15.8,15.8,否
休闲,1,15.8,15.8,否
蔬果,0.724,12.89,17.8,否
蔬果,0.24,0.62,2.58,否
粮油,2,1,0.5,否
冲调,1,49,49,否
蔬果,0.845,5.04,5.96,否
粮油,1,5.7,5.7,否
蔬果,0.354,3.67,5.8,否
休闲,1,3.5,3.5,否
休闲,1,3.7,3.7,否
肉禽,0.474,13.18,27.8,否
蔬果,0.29,1.9,6.56,否
粮油,1,4.9,4.9,否
粮油,1,41.9,49.9,是
洗化,1,9.9,19.7,是
蔬果,1.088,3.46,3.18,否
粮油,1,3.9,3.9,否
肉禽,0.226,6.73,29.8,否
粮油,1,6.9,6.9,否
日配,24,58.8,3,是
蔬果,0.64,1.65,2.58,否
休闲,1,7.5,7.5,否
蔬果,0.58,3.8,6.56,否
蔬果,0.466,4.66,10,否
酒饮,1,15,15,否
蔬果,1.248,3.19,2.56,否
蔬果,0.576,2.88,5,否
酒饮,1,6.5,6.5,否
蔬果,0.632,18.96,30,否
日配,1,13.9,13.9,否
冲调,1,9.9,9.9,否
洗化,1,9.9,13.9,是
日配,1,1.9,1.9,否
蔬果,1.037,6.18,5.96,否
休闲,1,2.9,2.9,否
休闲,0.222,24.42,110,否
蔬果,0.65,5.54,17.8,否
粮油,5,11.5,2.3,否
休闲,1,5.2,5.2,否
休闲,1,5.5,7.9,是
蔬果,0.679,3.94,5.8,否
日配,1.832,12.42,6.78,否
蔬果,0.256,1.43,5.6,否
蔬果,1.612,6.42,3.98,否
休闲,1,7.9,7.9,否
蔬果,0.79,3.95,5,否
粮油,0.706,8.3,13.8,是
熟食,4,4,1,否
日配,1,9.3,9.3,否
蔬果,0.208,0.41,1.98,否
蔬果,4,8,2,否
水产,1.568,47.04,30,否
蔬果,0.389,2.18,5.6,否
粮油,1,6.9,6.9,否
粮油,1,0.5,0.5,否
休闲,1,3.3,3.3,否
日配,0.798,5.41,6.78,否
洗化,1,8.9,12.9,是
日配,1,12.9,17.9,是
休闲,1,6.9,6.9,否
蔬果,0.442,2.9,6.56,否
蔬果,0.632,3.67,5.8,否
蔬果,0.968,1.94,2,否
休闲,0.216,4.28,19.8,否
蔬果,0.372,1.49,4,否
蔬果,0.648,4.35,5.6,否
家居,1,16,16,否
蔬果,0.132,1.27,9.6,否
蔬果,0.628,1.24,1.98,否
蔬果,1,5.8,5.8,否
日配,1,10.9,13.3,是
粮油,1,14.7,14.7,否
日配,0.89,6.03,6.78,否
家居,1,3.9,6,是
蔬果,0.676,1.08,1.6,否
粮油,1,74.9,74.9,否
粮油,2.888,16.12,5.58,否
休闲,0.624,9.73,15.6,否
休闲,0.35,6.9,35.8,是
日配,1,6.7,6.7,否
蔬果,0.686,1.23,1.8,否
日配,12,49,5.5,是
蔬果,1,2,2,否
洗化,1,12.9,17.7,是
日配,1,10.8,14.9,是
蔬果,0.556,2.22,4,否
蔬果,0.856,4.28,5,否
日配,1.586,10.75,6.78,否
蔬果,0.37,2.06,5.56,否
蔬果,0.484,2.71,5.6,否
日配,0.99,6.71,6.78,否
针织,1,50,50,否
粮油,0.22,7.44,33.8,否
蔬果,2.258,13.46,5.96,否
日配,1,8.9,8.9,否
蔬果,0.162,1.56,9.6,否
粮油,0.408,4.41,10.8,否
日配,1,13.9,13.9,否
粮油,1,3.6,3.9,是
蔬果,0.596,1.76,2.96,否
酒饮,1,4,4,否
休闲,1,3.2,3.2,否
粮油,4,9.2,2.3,否
粮油,6,3,0.5,否
休闲,1,3.9,3.9,否
蔬果,0.758,3.03,4,否
休闲,1,6.5,6.5,否
蔬果,1.26,37.8,30,否
蔬果,2.138,17.02,7.96,否
休闲,1,8.7,8.7,否
休闲,1,38,38,否
蔬果,0.398,2.21,5.56,否
蔬果,4,8,2,否
休闲,1,19.9,19.9,否
蔬果,0.44,2.89,6.56,否
日配,8,11.9,1.6,是
蔬果,0.491,1.26,2.56,否
蔬果,0.49,1.94,3.96,否
粮油,4.226,23.58,5.58,否
粮油,1,7.9,16.3,是
蔬果,2.37,42.19,17.8,否
蔬果,0.633,2.51,3.96,否
蔬果,0.294,1.18,4,否
蔬果,0.286,1.59,5.56,否
蔬果,0.106,0.67,9.6,否
休闲,1,4.5,4.5,否
蔬果,4,8,2,否
蔬果,0.298,2.97,9.96,否
蔬果,0.168,1.1,6.56,否
蔬果,0.498,2.99,6,否
蔬果,0.506,4.44,5.8,否
洗化,1,14.9,15.9,是
洗化,1,9.9,13.9,是
蔬果,1.548,27.24,17.6,否
熟食,0.26,23.4,90,否
日配,1.702,11.54,6.78,否
酒饮,1,3.9,3.9,否
粮油,1,16.9,16.9,否
蔬果,0.434,1.72,3.96,否
蔬果,0.51,2.04,4,否
酒饮,1,4,4,否
蔬果,0.524,1.66,3.16,否
休闲,0.292,5.75,39.8,是
洗化,1,9.9,13.9,是
休闲,1,7.2,7.2,否
日配,1,6.6,8.3,是
酒饮,1,15.9,15.9,否
肉禽,0.28,7.78,27.8,否
熟食,0.342,2.05,6,否
蔬果,0.787,3.94,5,否
休闲,1,4,4,否
休闲,1,10.8,18.9,是
蔬果,0.87,15.49,17.8,否
日配,1,5.9,5.9,否
蔬果,1.052,2.1,2,否
粮油,1,5.9,5.9,否
日配,1,10.9,13.3,是
休闲,0.33,8.51,25.8,否
粮油,1,9.9,9.9,否
蔬果,0.36,2.36,6.56,否
日配,1,5.9,8.3,是
日配,1.06,20.99,19.8,否
日配,2.246,15.23,6.78,否
肉禽,0.164,2.89,17.6,否
蔬果,0.16,1.2,7.47,否
蔬果,0.672,1.73,2.58,否
蔬果,0.198,1.78,9,否
粮油,1.688,7.09,4.2,否
洗化,1,3.7,3.7,否
粮油,1,37.9,37.9,否
粮油,1,6.7,6.7,否
休闲,1,4.9,6.9,是
休闲,1,1,1,否
日配,1,13.9,16.3,是
蔬果,0.368,2.06,5.6,否
日配,1,78,78,否
休闲,1,5.9,8.7,是
粮油,1,4.7,4.7,否
粮油,3.61,15.16,4.2,否
休闲,0.19,3.38,27.8,是
蔬果,1,7,7,否
日配,1,12.7,13.9,否
酒饮,1,14.5,14.5,否
蔬果,0.418,2.74,6.56,否
蔬果,0.413,2.4,5.8,否
蔬果,0.554,2.77,5,否
日配,1,11.9,14.9,是
蔬果,0.836,2.14,2.56,否
蔬果,0.182,1.45,7.96,否
粮油,2,35.8,21.9,是
蔬果,0.555,6.66,12,否
日配,1,8.9,8.9,否
休闲,0.572,22.6,39.6,否
休闲,1,116,116,否
粮油,1,8.2,8.2,否
粮油,1,4,4,否
粮油,1,4.8,4.8,否
日配,0.246,4.38,17.8,否
日配,0.694,22.62,32.6,否
休闲,1,38,38,否
蔬果,0.174,0.45,2.56,否
蔬果,0.524,2.08,3.96,否
蔬果,0.228,1.77,7.76,否
休闲,1,4.7,5.9,是
蔬果,0.434,3.03,3.96,否
蔬果,0.358,6.01,16.8,否
蔬果,0.784,3.1,3.96,否
蔬果,0.738,1.48,2,否
蔬果,1.614,4.16,2.58,否
肉禽,0.806,33.69,41.8,否
蔬果,0.664,2.66,4,否
蔬果,0.528,1.35,2.56,否
日配,0.898,6.09,6.78,否
粮油,1,6.7,6.7,否
粮油,1,6.5,6.7,否
粮油,0.904,14.28,15.8,否
蔬果,0.244,1.46,6,否
蔬果,0.568,1.02,1.8,否
肉禽,0.398,11.86,29.8,否
粮油,1,2.9,2.9,否
蔬果,0.358,1.99,5.56,否
洗化,1,20.9,24.9,是
熟食,0.41,2.46,6,否
针织,1,50,50,否
熟食,0.422,2.53,6,否
粮油,1,7.9,7.9,否
蔬果,0.298,0.5,6.56,否
蔬果,0.342,2.72,7.96,否
粮油,1,23.9,23.9,否
熟食,0.99,19.8,20,否
休闲,0.704,28.02,39.8,否
蔬果,0.531,4.04,7.6,否
蔬果,0.298,2.86,9.6,否
蔬果,1.394,24.53,17.6,否
粮油,1,8.2,8.2,否
蔬果,0.548,1.4,2.56,否
蔬果,1.042,2.08,2,否
休闲,1,5.2,5.2,否
日配,1,6.5,6.5,否
粮油,1,14.7,14.7,否
肉禽,0.272,8.11,29.8,否
水产,0.336,10.08,30,否
洗化,1,15.9,15.9,否
洗化,1,9.9,9.9,否
蔬果,0.326,2.44,7.47,否
洗化,1,9.9,9.9,否
休闲,1,9.7,9.7,否
粮油,1,1.5,1.5,否
熟食,0.545,3.27,6,否
日配,12,58.8,5.3,是
日配,1,9.9,15.5,是
休闲,1,5.5,5.5,否
蔬果,2.502,12.46,4.98,否
蔬果,0.666,4.37,6.56,否
酒饮,1,14.5,14.5,否
酒饮,1,14.5,14.5,否
粮油,1,11.9,11.9,否
蔬果,0.683,1.75,2.56,否
蔬果,2.552,70.95,27.8,否
休闲,4,21.2,5.3,否
蔬果,0.386,2.24,5.8,否
水产,0.86,25.8,30,否
蔬果,4,8,2,否
粮油,1,0.5,0.5,否
休闲,1,6.9,11.3,是
日配,0.716,4.85,6.78,否
蔬果,1.428,25.13,17.6,否
休闲,1,9.9,9.9,否
洗化,1,5.7,5.7,否
针织,1,109,109,否
粮油,1,44.9,44.9,否
酒饮,1,4,4,否
蔬果,0.478,1.41,2.96,否
家居,2,12,6,否
酒饮,1,15.9,15.9,否
粮油,1,3.7,3.7,否
洗化,1,24.7,24.7,否
蔬果,1.274,5.05,3.96,否
粮油,1.275,7.11,5.58,否
粮油,1,8.9,8.9,否
蔬果,0.572,3.32,5.8,否
蔬果,1.106,2.83,2.56,否
日配,1,3.3,3.3,否
蔬果,1.496,17.92,11.98,否
休闲,1,3.9,3.9,否
洗化,1,12.9,17.7,是
粮油,1,12.9,12.9,否
蔬果,0.825,3.4,3.96,否
粮油,1,5.9,5.9,否
休闲,0.708,28.18,39.8,否
蔬果,0.522,2.92,5.6,否
蔬果,1.14,6.79,5.96,否
蔬果,1,4.98,4.98,否
日配,4,8,2,否
洗化,1,11.9,15.5,是
水产,0.166,13.15,79.2,否
蔬果,3,4.5,1.5,否
熟食,0.256,7.17,28,否
蔬果,0.831,4.82,5.8,否
粮油,12,39.6,3.3,否
蔬果,2.015,9.23,5.96,否
蔬果,0.284,2.83,9.96,否
休闲,1,1.5,1.5,否
酒饮,1,4,4,否
休闲,1,3.7,3.7,否
蔬果,0.324,5.18,16,否
蔬果,0.456,2.55,5.6,否
休闲,1,10,10,否
休闲,1,3.9,3.9,否
洗化,1,5.9,5.9,否
日配,0.89,6.03,6.78,否
日配,1,13.9,16.3,是
蔬果,0.591,1.51,2.56,否
蔬果,4,8,2,否
粮油,1,4.7,4.7,否
粮油,1,8.5,8.5,否
休闲,1,5.9,8.7,是
蔬果,1,18,18,否
蔬果,0.232,1.3,5.6,否
日配,1,11.9,14.9,是
肉禽,0.49,9.31,19,否
日配,1,10.9,12.9,是
蔬果,0.515,1.52,2.96,否
蔬果,0.529,0.95,1.8,否
蔬果,0.346,0.96,2.78,否
休闲,1,25,25,否
粮油,1,7.5,7.5,否
日配,12,49,5.5,是
冲调,1,25.9,30.9,是
日配,1,10.9,12.9,是
肉禽,0.83,29.71,35.8,否
洗化,1,9.9,13.9,是
蔬果,0.098,1.18,12,否
休闲,1,3.5,3.5,否
蔬果,0.541,4.22,7.8,否
日配,1,6.9,6.9,否
酒饮,2,12,6,否
蔬果,0.852,2.37,2.78,否
蔬果,0.478,1.23,2.58,否
日配,1,4,4,否
休闲,1,2.9,2.9,否
休闲,1,6.9,9.5,是
蔬果,1.186,21.11,17.8,否
蔬果,1.042,6.04,5.8,否
休闲,0.22,5.5,25,否
粮油,1,5.3,5.3,否
蔬果,1,5.8,5.8,否
蔬果,1,2,2,否
蔬果,0.275,0.48,1.76,否
蔬果,0.562,3.26,5.8,否
蔬果,0.43,0.85,1.98,否
粮油,1,6.7,6.7,否
蔬果,0.24,1.34,5.6,否
蔬果,0.092,0.88,9.6,否
蔬果,0.406,1.61,3.96,否
蔬果,0.304,2.31,7.6,否
蔬果,0.272,2.8,9.96,否
蔬果,0.12,6,50,否
蔬果,0.572,3.32,5.8,否
熟食,0.458,25.65,56,否
洗化,1,15.9,15.9,否
粮油,1,3.8,3.8,否
休闲,0.252,4.99,19.8,否
蔬果,0.158,1.04,6.56,否
蔬果,0.65,3.77,5.8,否
酒饮,1,14.5,14.5,否
日配,1,2.4,2.4,否
蔬果,0.482,1.93,4,否
洗化,1,10.5,19.7,是
粮油,1,5.7,5.7,否
蔬果,0.74,1.48,2,否
蔬果,0.491,1.45,2.96,否
日配,0.776,5.26,6.78,否
蔬果,0.538,0.95,1.76,否
粮油,1,9.9,9.9,否
蔬果,0.428,3.85,9,否
熟食,0.814,16.28,20,否
休闲,1,33.9,33.9,否
蔬果,1.424,3.65,2.56,否
休闲,0.49,5.78,11.8,否
休闲,0.426,5.88,13.8,否
日配,1.738,11.78,6.78,否
洗化,1,7.9,9.5,是
粮油,1,6.9,6.9,否
洗化,1,11.9,15.5,是
粮油,1,4.5,4.7,否
洗化,1,7.9,7.9,否
洗化,1,4.7,4.7,否
蔬果,0.926,1.67,1.8,否
日配,1,4.5,6,是
粮油,1,29.5,29.5,否
蔬果,0.634,2.51,3.96,否
蔬果,0.084,0.81,9.6,否
蔬果,0.33,4,18,否
肉禽,1.498,62.62,41.8,否
蔬果,0.698,12.28,17.6,否
蔬果,0.227,1.36,5.98,否
休闲,1,7.9,7.9,否
休闲,1,2.7,2.7,否
休闲,1,10.9,10.9,否
冲调,1,3.2,3.2,否
洗化,1,3,3.7,是
蔬果,0.524,3.04,5.8,否
蔬果,0.462,8.32,18,否
日配,1,8.9,12.9,是
休闲,1,5.5,7.9,是
休闲,1,6.9,11.3,是
休闲,1,12.5,16.5,是
蔬果,0.812,14.45,17.8,否
冲调,1,3,3,否
家居,1,4,4,否
粮油,1,6.8,6.8,否
酒饮,1,2.5,2.5,否
日配,1,13.9,16.3,是
蔬果,2,3,1.5,否
蔬果,0.953,2.44,2.56,否
蔬果,0.386,1.54,4,否
洗化,1,18.9,18.9,否
熟食,0.79,15.8,20,否
蔬果,0.246,1.48,6,否
休闲,0.312,6.16,23.8,是
蔬果,0.588,2.16,1.8,否
日配,1,11.5,11.5,否
蔬果,1.212,2.42,2,否
日配,0.876,5.94,6.78,否
粮油,1,6.9,6.9,否
肉禽,1.33,34.31,25.8,否
粮油,1,2,2,否
粮油,1,2,2,否
休闲,1,10.8,18.9,是
蔬果,0.42,2.44,5.8,否
休闲,1,4.5,4.5,否
休闲,1,3.9,3.9,否
蔬果,0.796,6.35,7.98,否
文体,1,2.3,2.3,否
休闲,1,10.8,18.9,是
蔬果,0.816,6.2,7.6,否
蔬果,0.548,1.62,2.96,否
肉禽,0.348,10.37,29.8,否
粮油,1,4.7,4.7,否
烘焙,0.312,4.99,16,否
洗化,1,4.5,4.9,是
日配,1,5,5,否
日配,0.918,6.22,6.78,否
肉禽,0.312,6.18,19.8,否
蔬果,0.506,2.93,5.8,否
蔬果,0.89,3.38,3.8,否
蔬果,0.57,1.03,1.8,否
洗化,1,22.9,22.9,否
洗化,1,18.9,24.9,是
日配,4,12,3,否
粮油,1,12.9,12.9,否
休闲,1,6.9,6.9,否
蔬果,0.412,6.92,16.8,否
蔬果,0.158,0.88,5.56,否
日配,1,7.7,7.7,否
粮油,1,2.3,2.3,否
洗化,1,7.9,9.5,是
蔬果,0.298,2.26,7.6,否
烘焙,0.3,4.8,16,否
家居,1,7.5,7.5,否
冲调,1,3.2,3.2,否
休闲,1,8.5,8.5,否
粮油,3,11.7,3.9,否
蔬果,0.494,4.74,9.6,否
粮油,1,4.2,4.2,否
粮油,1,6.9,6.9,否
蔬果,0.478,1.89,3.96,否
洗化,1,19.9,19.9,否
休闲,1,3.5,3.5,否
酒饮,1,3.8,3.8,否
蔬果,0.574,3.33,5.8,否
蔬果,1,5.8,5.8,否
蔬果,0.488,3.81,7.8,否
休闲,0.246,12.69,51.6,否
粮油,1,6.7,6.7,否
日配,0.932,30.38,32.6,否
家居,1,13.9,16.9,是
休闲,1,7.5,7.5,否
粮油,1,145,145,否
休闲,1,5.3,5.3,否
休闲,1,5.3,5.3,否
酒饮,1,10.5,12.7,是
粮油,1,1.9,1.9,否
水产,0.414,12.42,30,否
蔬果,0.838,1.51,1.8,否
蔬果,0.406,3.03,7.47,否
日配,12,58.8,5.3,是
休闲,1,3.5,3.5,否
休闲,0.518,10.26,19.8,否
蔬果,0.606,10.67,17.6,否
蔬果,0.468,1.86,3.98,否
粮油,2,1,0.5,否
蔬果,0.404,3.22,7.96,否
蔬果,0.467,1.38,2.96,否
休闲,1,4.3,4.3,否
蔬果,0.38,0.96,1.76,否
熟食,0.308,6.16,20,否
粮油,1,3.6,3.9,是
肉禽,0.166,4.95,29.8,否
蔬果,0.242,0.96,3.96,否
休闲,1,2.9,2.9,否
休闲,1,8.5,8.5,否
日配,1,58,76,是
休闲,1,3.3,3.3,否
休闲,0.428,4.19,17.8,是
蔬果,0.406,1.04,2.56,否
蔬果,0.633,1.25,1.98,否
肉禽,0.344,10.66,31,否
肉禽,0.504,9.88,19.6,否
酒饮,1,2.9,2.9,否
蔬果,0.58,11.48,19.8,否
粮油,1,2.9,2.9,否
休闲,1,8.5,8.5,否
酒饮,1,19.3,19.3,否
日配,16,33.9,2.7,是
休闲,1,3.9,3.9,否
休闲,1,8,8,否
休闲,0.264,5.23,19.8,否
日配,2,22,11,否
冲调,1,4.7,4.7,否
日配,1,2,2,否
蔬果,0.97,3.86,3.98,否
水产,0.53,16.85,31.8,否
蔬果,0.234,0.41,1.76,否
蔬果,0.981,3.9,3.98,否
日配,1,4.9,4.9,否
休闲,1,5.3,5.3,否
蔬果,0.185,0.42,5,否
粮油,1,7.7,7.7,否
休闲,0.368,7.21,19.6,否
蔬果,0.088,0.44,4.98,否
粮油,1,2.3,2.3,否
蔬果,0.252,3.93,15.6,否
粮油,1,2.9,2.9,否
蔬果,0.464,0.92,1.98,否
蔬果,0.394,2.58,6.56,否
休闲,1,8.3,8.3,否
蔬果,0.27,1.57,5.8,否
休闲,1,4.4,5.3,否
蔬果,0.07,0.84,12,否
休闲,0.188,1.8,17.8,是
洗化,1,15.9,21.9,是
休闲,1,13.5,13.5,否
冲调,1,19.9,30.7,是
蔬果,1,2,2,否
日配,1,10.9,10.9,否
肉禽,0.236,6.56,27.8,否
蔬果,0.704,2.22,3.16,否
休闲,1,6.5,6.5,否
日配,1.082,21.42,19.8,否
粮油,1,3.9,3.9,否
日配,0.846,5.74,6.78,否
粮油,1,9.9,9.9,否
冲调,1,4.9,4.9,否
酒饮,6,3540,690,是
蔬果,0.626,1.74,2.78,否
休闲,1,2.7,2.7,否
蔬果,0.95,1.71,1.8,否
蔬果,0.234,1.36,5.8,否
蔬果,0.809,4.69,5.8,否
粮油,1,5.7,5.7,否
休闲,1,3.3,3.3,否
蔬果,0.116,0.94,6.56,否
蔬果,0.359,0.92,2.56,否
粮油,1,1.7,1.7,否
洗化,1,2,2,否
蔬果,8,16,2,否
蔬果,0.881,14.06,15.96,否
日配,1,3.5,3.5,否
休闲,1,8.9,8.9,否
针织,1,9.9,11.9,是
日配,1.69,11.46,6.78,否
粮油,1,14.7,14.7,否
粮油,1,2.9,2.9,否
蔬果,0.248,1.97,7.96,否
洗化,1,17.9,17.9,否
家居,1,1.5,2,是
蔬果,0.33,1.31,3.96,否
日配,1,8.9,13.2,是
休闲,1,3.5,3.5,否
休闲,1,10.4,10.4,否
粮油,1,9.9,9.9,否
休闲,1,6.9,11.3,是
休闲,1,13.9,13.9,否
日配,12,42,3.5,否
酒饮,1,4.5,4.5,否
日配,1,9.9,9.9,否
蔬果,0.582,3.38,5.8,否
休闲,1,9.9,9.9,否
粮油,1,6.7,6.7,否
洗化,1,5.8,6.9,是
蔬果,1.833,14.59,7.96,否
蔬果,1.444,5.78,4,否
肉禽,0.908,17.98,19.8,否
蔬果,1.348,3.45,2.56,否
蔬果,0.58,3.8,6.56,否
粮油,1,3.5,4.3,是
蔬果,0.348,1.38,3.96,否
日配,1.651,11.19,6.78,否
休闲,1,7.9,7.9,否
日配,1,21.5,21.5,否
蔬果,0.678,2.68,3.96,否
蔬果,0.504,2.82,5.6,否
家居,1,5,5,否
休闲,1,3.9,3.9,否
粮油,1,2.3,2.3,否
粮油,1,4.2,4.2,否
粮油,1,4.8,4.8,否
日配,1,1.8,1.8,否
水产,1.866,33.21,17.8,否
蔬果,0.314,0.8,2.56,否
蔬果,0.234,2.25,9.6,否
日配,1,17.9,17.9,否
洗化,1,16.9,16.9,否
休闲,1,4.5,4.5,否
蔬果,0.414,1.07,2.58,否
休闲,1,7.5,7.5,否
蔬果,1,4.98,4.98,否
蔬果,0.428,0.85,1.98,否
酒饮,1,5,5,否
蔬果,0.362,1.43,3.96,否
粮油,1,7.9,8.9,否
粮油,1,12.9,12.9,否
蔬果,1,30,30,否
粮油,1,3.3,3.3,否
粮油,1.136,5.2,4.58,否
休闲,1,3.7,3.7,否
酒饮,1,7.5,7.5,否
蔬果,0.612,34.27,56,否
蔬果,2,3,1.5,否
休闲,1,5.2,5.2,否
粮油,1,3.9,3.9,否
蔬果,0.57,2.28,4,否
蔬果,0.249,0.99,3.96,否
日配,1,6.3,6.3,否
蔬果,0.552,1.53,2.78,否
休闲,1,4.3,4.3,否
蔬果,0.348,2.7,7.76,否
蔬果,0.533,3.19,5.98,否
休闲,1,10.8,18.9,是
蔬果,0.697,4.04,5.8,否
家居,1,8,8,否
水产,0.466,8.29,17.8,否
蔬果,0.181,0.91,5,否
家电,1,4.5,4.5,否
熟食,0.51,3.06,6,否
粮油,1,7.3,7.3,否
日配,1,3,3,否
冲调,1,19.9,30.7,是
休闲,1,12.9,12.9,否
蔬果,2,3,1.5,否
家居,1,10.9,15,是
日配,1,4.3,4.3,否
蔬果,0.098,1.07,12,否
休闲,1,7.5,7.5,否
日配,0.912,6.18,6.78,否
日配,1,7.7,7.7,否
烘焙,0.32,5.12,16,否
休闲,1,3.5,3.5,否
粮油,1,6.7,6.7,否
粮油,1,8.2,8.2,否
洗化,1,5.7,5.7,否
蔬果,0.758,3,3.96,否
休闲,1,3.9,3.9,否
日配,0.642,4.35,6.78,否
水产,0.372,11.16,30,否
休闲,1,4.5,4.5,否
蔬果,0.418,0.83,1.98,否
蔬果,0.596,1.76,2.96,否
粮油,1,6.9,6.9,否
粮油,1,24.9,24.9,否
粮油,1,3.6,3.9,是
休闲,0.24,12.43,51.8,否
粮油,1,3.6,3.9,是
休闲,1,4.2,4.2,否
洗化,1,18.9,18.9,否
蔬果,0.766,1.52,1.98,否
蔬果,1.078,6.42,5.96,否
休闲,1,4.5,4.5,否
休闲,1,7.7,7.7,否
粮油,1,2.8,2.8,否
休闲,1,6.9,6.9,否
休闲,1,16.9,16.9,否
蔬果,0.332,1.31,3.96,否
蔬果,0.474,3.7,7.8,否
粮油,1,3.3,3.3,否
粮油,1,8.9,12.9,是
休闲,1,3.5,3.5,否
休闲,1,4.2,4.2,否
休闲,1,6.9,11.3,是
蔬果,2.524,12.57,4.98,否
休闲,1,2.9,2.9,否
蔬果,0.609,1.8,2.96,否
休闲,1,28.3,37.9,是
家居,1,10,10,否
家居,1,13,13,否
酒饮,1,3.9,3.9,否
休闲,1,6.9,6.9,否
休闲,1,9.5,9.5,否
粮油,1,2.9,2.9,否
冲调,1,18.9,23.9,是
休闲,1,8.9,8.9,否
休闲,1,14.9,14.9,否
休闲,1,27.9,27.9,否
蔬果,0.568,10,17.6,否
休闲,1,18.9,18.9,否
休闲,1,4.5,4.5,否
粮油,1,14.7,14.7,否
蔬果,0.406,2.35,5.8,否
休闲,1,4.5,4.5,否
休闲,1,4.5,4.5,否
休闲,1,2.3,2.3,否
休闲,1,7.9,7.9,否
蔬果,0.34,0.5,1.48,否
蔬果,1.168,2.99,2.56,否
粮油,2,4.6,2.3,否
蔬果,0.99,7.72,7.8,否
粮油,1,20.3,20.3,否
日配,1,8.9,8.9,否
粮油,1,3.2,3.2,否
休闲,1.094,21.66,19.8,否
冲调,1,3,3,否
休闲,1,4,4,否
蔬果,0.742,11.86,15.98,否
日配,1,13.9,18.3,是
熟食,0.38,7.6,20,否
烘焙,0.288,4.61,16,否
日配,0.786,5.33,6.78,否
粮油,1.641,9.16,5.58,否
酒饮,1,4,4,否
熟食,0.001,0.02,20,否
日配,1,13.9,16.3,是
粮油,1,3.6,3.9,是
粮油,1,3.5,4.3,是
洗化,1,25.9,25.9,否
洗化,1,9.5,11.7,是
蔬果,0.352,1.41,4,否
洗化,1,4.5,5.7,是
休闲,1,5.9,5.9,否
洗化,1,26.9,26.9,否
粮油,6,13.8,2.3,否
粮油,1,8.2,8.2,否
蔬果,1.436,17.2,11.98,否
休闲,1,3.3,3.3,否
粮油,0.088,2.29,26,否
休闲,1,6.5,6.5,否
蔬果,0.438,2.44,5.56,否
熟食,0.41,8.2,20,否
粮油,1,3.9,3.9,否
日配,1.634,11.08,6.78,否
蔬果,0.48,1.81,1.8,否
蔬果,0.584,2.92,5,否
蔬果,0.994,9.92,9.98,否
粮油,1,5.9,5.9,否
日配,1,11,11,否
休闲,1,4.5,4.5,否
日配,1,6.5,6.5,否
酒饮,6,5340,890,否
水产,0.488,15.52,31.8,否
冲调,1,7.9,9.7,是
蔬果,0.468,1.85,3.96,否
粮油,1,4.3,4.3,否
粮油,1,2.7,3.3,否
休闲,0.286,3.95,13.8,否
粮油,1,2.3,2.3,否
蔬果,0.366,4.39,12,否
洗化,1,4.7,4.7,否
家居,1,7.9,7.9,否
休闲,1,4.2,4.2,否
酒饮,1,9.9,11.9,是
粮油,1,14.7,14.7,否
粮油,1,38.9,38.9,否
休闲,2,21.6,18.9,是
休闲,1,6.9,6.9,否
休闲,1,12,12,否
洗化,1,11.9,15.5,是
休闲,0.652,12.78,19.6,否
洗化,1,4.9,4.9,否
肉禽,0.308,8.56,27.8,否
熟食,0.152,11.55,76,否
休闲,1,28.3,39.8,是
洗化,1,4.9,5.7,是
休闲,1,3.4,3.4,否
休闲,1,3.5,3.5,否
日配,1,10.9,13.3,是
冲调,-1,-18.9,23.9,是
休闲,1,3.5,3.5,否
蔬果,0.801,3.17,3.96,否
休闲,0.476,9.42,39.8,是
日配,1,10.8,14.9,是
蔬果,0.288,2.76,9.6,否
日配,1,13.3,13.3,否
洗化,1,10.5,19.7,是
蔬果,1.034,18.41,17.8,否
肉禽,0.494,9.68,19.6,否
蔬果,0.534,2.11,3.96,否
酒饮,60,4200,70,否
蔬果,0.394,1.56,3.96,否
粮油,1,0.5,0.5,否
休闲,1,8.3,8.3,否
蔬果,0.782,2,2.56,否
洗化,1,4.9,4.9,否
熟食,0.613,3.68,6,否
日配,1,8.9,12.9,是
休闲,1,2,2.3,否
休闲,1,3.5,3.5,否
蔬果,0.382,1.13,2.96,否
蔬果,0.458,2.29,5,否
冲调,1,7.7,7.7,否
休闲,1,7.9,7.9,否
休闲,1,3.9,3.9,否
蔬果,0.408,1.63,4,否
熟食,0.242,6.78,28,否
休闲,0.202,3.59,27.8,是
休闲,0.332,3.91,15.6,是
蔬果,0.56,3.36,6,否
蔬果,0.882,4.9,5.56,否
肉禽,0.64,12.16,19,否
休闲,0.314,4.96,23.8,是
休闲,0.12,3.48,35,是
蔬果,0.398,4.78,12,否
蔬果,0.267,2.03,7.6,否
日配,1,8.6,8.6,否
洗化,1,6.9,8.9,是
肉禽,0.926,18.33,19.8,否
洗化,1,33.9,45.9,是
粮油,1,8.9,8.9,否
洗化,1,7.9,7.9,否
日配,1,8.9,12.9,是
蔬果,0.108,1.81,16.8,否
家电,1,35,35,否
蔬果,0.554,3.1,5.6,否
休闲,0.49,21.4,51.6,是
蔬果,0.276,1.76,9.6,否
蔬果,0.518,1.97,3.8,否
粮油,1,5.5,5.5,否
蔬果,8,16,2,否
酒饮,216,842.4,3.9,否
日配,1,14.9,14.9,否
粮油,1,33.9,33.9,否
蔬果,4,8,2,否
日配,0.942,6.39,6.78,否
蔬果,0.128,1.54,12,否
日配,1,2,2,否
粮油,1,14.7,14.7,否
蔬果,0.515,1.52,2.96,否
蔬果,0.95,1.71,1.8,否
休闲,1,2.9,2.9,否
洗化,1,22.9,22.9,否
蔬果,0.225,1.48,6.56,否
蔬果,2.012,3.94,1.96,否
蔬果,0.495,2.87,5.8,否
蔬果,2,4,2,否
蔬果,0.594,17.82,30,否
休闲,0.49,5.85,13.8,是
粮油,1,2.3,2.3,否
粮油,1,136,145,是
蔬果,0.34,3.4,10,否
蔬果,0.468,1.78,3.8,否
粮油,1,6.7,6.7,否
蔬果,1,4.98,4.98,否
休闲,0.286,26.2,105.8,是
肉禽,0.19,5.66,29.8,否
粮油,1,6.9,6.9,否
蔬果,0.208,1.36,5.8,否
休闲,0.174,3.04,27.8,是
熟食,0.623,3.74,6,否
蔬果,0.708,39.65,56,否
休闲,0.278,13.29,47.8,否
蔬果,2,3,1.5,否
粮油,1,2.7,2.7,否
熟食,2,2,1,否
蔬果,0.118,1.42,12,否
蔬果,0.403,3.06,7.6,否
日配,1,6.5,6.5,否
针织,1,7,7,否
蔬果,1.59,4.07,2.56,否
日配,1,5.9,8.3,是
肉禽,0.596,24.91,41.8,否
粮油,1,3.9,3.9,否
休闲,1,3,3.4,是
休闲,1,3.5,3.5,否
休闲,0.508,8,23.8,是
蔬果,1.046,18.62,17.8,否
休闲,0.25,9.95,49.8,是
蔬果,1.1,2.2,2,否
日配,1,4.3,4.3,否
肉禽,0.5,14.9,29.8,否
粮油,0.832,3.33,4,否
休闲,0.376,7.4,25,是
粮油,1,6.8,6.8,否
蔬果,0.488,0.72,1.48,否
休闲,1,12.9,18.9,是
蔬果,0.977,2.1,3.8,否
日配,16,26.9,2.1,是
蔬果,0.505,3.03,6,否
酒饮,1,10.5,10.5,否
蔬果,0.332,3.31,9.96,否
蔬果,0.432,7.6,17.6,否
粮油,1,7.3,7.3,否
日配,12,39,5.5,是
蔬果,1.045,2.07,1.98,否
蔬果,4,8,2,否
休闲,0.43,17.1,49.8,是
洗化,1,7.9,8.9,是
洗化,2,19,16.9,是
日配,1,2.3,2.3,否
洗化,1,24.9,24.9,否
粮油,1,39.9,49.9,是
蔬果,1.02,2.63,2.58,否
蔬果,0.966,1.91,1.98,否
休闲,1,3.3,3.3,否
休闲,0.502,4.9,17.8,是
日配,1,4.9,4.9,否
蔬果,0.394,2.29,5.8,否
蔬果,0.84,5.51,6.56,否
蔬果,1.107,2.83,2.56,否
蔬果,1,2,2,否
粮油,2,13.8,7.9,是
酒饮,1,10.9,10.9,否
蔬果,2.299,9.1,3.96,否
蔬果,0.504,3.83,7.6,否
粮油,1,6.8,6.8,否
休闲,0.114,4.99,51.6,是
蔬果,1.35,5.37,3.98,否
休闲,1.644,22.69,13.8,否
粮油,1,4.9,4.9,否
休闲,0.192,8.4,51.6,是
粮油,1,12.3,12.3,否
蔬果,0.326,1.29,3.96,否
休闲,1,4.9,4.9,否
蔬果,0.364,3.49,9.6,否
蔬果,0.246,2.46,10,否
休闲,1,3.7,3.7,否
粮油,1,58.5,85.9,是
蔬果,1.71,30.44,17.8,否
蔬果,0.268,4.29,16,否
蔬果,0.272,6.4,19.6,否
粮油,1,1.9,1.9,否
蔬果,0.556,5.34,9.6,否
日配,12,39,5.5,是
蔬果,0.78,1.4,1.8,否
粮油,1,5.2,6.7,是
粮油,1,4.2,4.2,否
粮油,1,7.7,7.7,否
粮油,1,4.2,4.2,否
休闲,1,3,3.4,是
蔬果,0.586,1.86,3.18,否
蔬果,0.336,2.61,7.76,否
洗化,1,6.9,7.2,是
洗化,1,15.9,19.7,是
蔬果,1.238,7.38,5.96,否
日配,1,9.5,9.9,是
日配,1,17.3,17.3,否
休闲,1,9.9,9.9,否
休闲,0.188,9.7,51.6,否
休闲,0.182,3.6,25,是
蔬果,2,3,1.5,否
酒饮,5,81.5,16.3,否
蔬果,0.55,1.1,2,否
蔬果,2,3,1.5,否
日配,16,33.9,2.7,是
熟食,0.114,2.28,20,否
粮油,1,8.5,8.5,否
针织,1,16,20,是
蔬果,0.65,2.05,3.16,否
酒饮,1,6.9,6.9,否
水产,0.638,0.64,1,否
肉禽,1.778,42.32,23.8,否
蔬果,0.374,8.6,23,否
休闲,0.12,1.65,19.8,是
酒饮,1,58,89.9,是
蔬果,0.23,1.78,7.76,否
蔬果,1.118,2.86,2.56,否
日配,0.468,8.89,19,否
休闲,1,3,3.4,是
酒饮,1,10.5,10.5,否
休闲,1,7.5,7.5,否
洗化,1,2.9,2.9,否
日配,1.504,10.2,6.78,否
休闲,0.314,7.4,29.8,是
蔬果,0.692,6.89,9.96,否
肉禽,0.222,6.62,29.8,否
粮油,1,1.5,1.7,否
蔬果,0.326,1.89,5.8,否
蔬果,0.29,2.02,6.96,否
洗化,1,16.9,16.9,否
洗化,1,55,55,否
蔬果,0.494,2.96,6,否
文体,1,8,8,否
休闲,0.22,9.61,51.6,是
蔬果,0.252,4.23,16.8,否
日配,0.308,5.23,17.8,否
蔬果,0.316,2.07,6.56,否
休闲,1,9,9,否
蔬果,0.112,1.12,10,否
休闲,1,7.5,7.5,否
洗化,1,16.9,16.9,否
日配,2,135,90,是
针织,1,14,14,否
肉禽,0.39,7.72,19.8,否
日配,1,19.3,19.3,否
蔬果,0.597,3.46,5.8,否
粮油,4,18.8,4.7,否
休闲,1,18.9,18.9,否
休闲,0.568,15.78,39.6,是
休闲,0.304,13.3,51.6,是
蔬果,0.66,5.15,7.8,否
蔬果,0.24,1.79,7.47,否
洗化,1,1.7,1.7,否
日配,1,4.5,4.5,否
休闲,0.384,16.8,51.6,是
蔬果,0.836,2.5,6,否
蔬果,0.346,3.46,10,否
肉禽,1,360,360,否
蔬果,0.326,2.99,6.56,否
日配,0.364,3.09,8.5,否
蔬果,0.126,1.25,9.96,否
粮油,1,1.9,1.9,否
酒饮,1,22,22,否
蔬果,0.538,5.38,10,否
粮油,1,13.9,15.5,是
日配,0.23,4.09,17.8,否
休闲,0.258,4.59,27.8,是
蔬果,0.748,1.47,1.96,否
蔬果,1.215,2.38,1.96,否
休闲,0.12,6.19,51.6,否
蔬果,1.526,3.91,2.56,否
休闲,1,11.5,11.5,否
粮油,1,22.5,22.5,否
休闲,1,9.9,12.9,是
蔬果,0.324,0.58,1.8,否
粮油,1,5.5,5.5,否
粮油,1,3.9,3.9,否
蔬果,0.244,1.46,5.98,否
休闲,1,8.3,9.5,是
蔬果,0.186,2.9,15.6,否
蔬果,0.255,1.48,5.8,否
休闲,0.446,6.1,15.6,是
日配,1,19.3,19.3,否
蔬果,0.562,3.26,5.8,否
蔬果,1.452,8.65,5.96,否
日配,1,18.9,18.9,否
蔬果,0.586,2.93,5,否
粮油,1,8.9,8.9,否
酒饮,1,10.5,10.5,否
蔬果,0.592,3.43,5.8,否
蔬果,0.564,3.27,5.8,否
蔬果,0.32,2.48,7.76,否
休闲,0.544,23.81,51.6,是
蔬果,0.574,17.22,30,否
日配,1,15.6,15.6,否
蔬果,1.055,3.33,3.16,否
蔬果,4,8,2,否
粮油,1,2.3,2.3,否
蔬果,0.43,1.1,2.56,否
粮油,1,2.3,2.3,否
休闲,1,2.7,2.7,否
休闲,0.404,3.9,17.8,是
酒饮,1,12.7,12.7,否
熟食,0.502,3.01,6,否
蔬果,0.326,0.59,1.8,否
肉禽,0.25,4.4,17.6,否
洗化,1,3.9,3.9,否
粮油,1,3,3,否
蔬果,0.264,1.05,3.96,否
熟食,2,2,1,否
粮油,1,13.9,15.5,是
日配,1,8,8,否
粮油,0.184,1.45,7.9,否
休闲,1,5.9,5.9,否
洗化,1,6.9,8.9,是
休闲,0.584,16.23,39.6,是
蔬果,0.274,1.09,3.96,否
休闲,1,4.9,4.9,否
熟食,8,4,0.5,否
肉禽,0.224,6.68,29.8,否
洗化,1,8.5,12,是
蔬果,0.33,2.56,7.76,否
日配,1,5.7,5.7,否
日配,1,7.9,7.9,否
日配,1,5.3,5.3,否
蔬果,2.682,12.8,2,否
蔬果,0.264,1.73,6.56,否
水产,0.376,0.38,1,否
蔬果,0.774,9.29,12,否
家居,1,10,10,否
粮油,1,4.3,4.3,否
粮油,3,11.7,3.9,否
肉禽,0.44,12.23,27.8,否
粮油,1,0.5,1.9,是
冲调,1,3,3,否
日配,1.928,13.07,6.78,否
蔬果,0.566,9.96,17.6,否
粮油,1,3,3,否
粮油,1,1.7,1.7,否
蔬果,0.272,2.61,9.6,否
水产,0.526,15.78,30,否
日配,1,8.9,8.9,否
休闲,0.466,24.05,51.6,否
日配,1,8.3,8.3,否
家居,1,13,13,否
蔬果,0.414,4.12,9.96,否
日配,1,2,2,否
蔬果,0.232,1.52,6.56,否
日配,1,14.9,14.9,否
粮油,1,1.7,1.7,否
洗化,1,6.7,6.7,否
蔬果,0.3,2.7,9,否
蔬果,0.484,0.87,1.8,否
蔬果,0.492,4.9,9.96,否
休闲,0.648,8.94,17.8,是
粮油,1,7.9,7.9,否
蔬果,0.532,3.5,7.96,否
洗化,1,8.9,8.9,否
粮油,1.07,12.63,11.8,否
蔬果,0.458,1.36,2.96,否
蔬果,1.076,8.18,7.6,否
粮油,0.124,9.89,99,是
蔬果,0.238,1.32,5.56,否
蔬果,0.372,0.95,2.56,否
蔬果,0.816,1.47,1.8,否
粮油,1,5.2,6.7,是
洗化,1,3.2,3.2,否
蔬果,1.308,7.8,5.96,否
蔬果,0.334,0.67,2,否
日配,1,55,65,是
休闲,1,39,49,是
日配,1,4.2,5.9,是
肉禽,0.658,52.64,80,否
休闲,0.364,10.11,39.6,是
蔬果,0.884,2.28,2.58,否
蔬果,0.799,4.76,5.96,否
休闲,0.44,6.04,15.6,是
蔬果,0.758,2.41,3.18,否
日配,1,14.9,14.9,否
蔬果,0.49,4.9,10,否
酒饮,6,59.4,12,是
休闲,1,14.9,14.9,否
休闲,1,10.9,10.9,否
粮油,1,3.3,3.3,否
休闲,1,0.5,0.5,否
文体,1,4.7,4.7,否
蔬果,0.394,2.29,5.8,否
休闲,1,4.5,4.5,否
休闲,1,3.9,3.9,否
休闲,1,4.3,4.3,否
蔬果,1.593,9.49,5.96,否
粮油,1,5.7,5.7,否
洗化,1,16.9,16.9,否
休闲,0.176,7.18,40.8,否
休闲,1,10.9,10.9,否
洗化,1,9.9,9.9,否
粮油,0.338,4.66,13.8,否
蔬果,0.214,1.2,5.6,否
蔬果,0.36,1.44,4,否
洗化,1,6.9,11.9,是
蔬果,0.218,3.66,16.8,否
肉禽,0.65,18.07,27.8,否
休闲,1,3.9,3.9,否
洗化,1,6.9,11.9,是
蔬果,2.44,9.76,4,否
粮油,12,44.4,3.7,否
文体,1,1.7,1.7,否
熟食,0.396,2.38,6,否
蔬果,1.082,19.04,17.6,否
蔬果,0.478,1.89,3.96,否
蔬果,0.144,1.98,9,否
蔬果,0.486,2.82,5.8,否
粮油,1,2.3,2.3,否
粮油,1,4.9,4.9,否
粮油,6,3,1.9,是
日配,16,33.9,2.7,是
烘焙,1.272,20.35,16,否
日配,15,39.9,3.6,是
休闲,1,13.5,13.5,否
洗化,1,11.9,15.9,是
蔬果,0.259,4.04,15.6,否
粮油,2,5,2.7,否
日配,24,58.8,3,是
蔬果,1.034,2.03,1.96,否
休闲,1,32.9,33.9,是
休闲,1,14.9,14.9,否
蔬果,0.304,1.2,3.96,否
休闲,0.238,3.28,13.8,否
蔬果,0.548,3.18,5.8,否
文体,1,5.3,5.3,否
家居,1,7,7,否
洗化,1,39.9,51.9,是
休闲,1,11.9,14.3,是
蔬果,0.775,3.08,3.98,否
休闲,0.278,3,11.8,是
休闲,1,6.5,6.5,否
家居,1,8,8,否
蔬果,0.224,1.12,5,否
熟食,4,4,1,否
洗化,1,16.9,16.9,否
蔬果,2,3,1.5,否
蔬果,1.144,2.29,2,否
休闲,0.242,2.3,17.8,是
酒饮,1,4,4,否
蔬果,0.419,1.66,3.96,否
蔬果,0.284,1.12,3.96,否
休闲,1,4.9,4.9,否
粮油,1,56.9,56.9,否
休闲,1,5.9,5.9,否
熟食,0.618,3.71,6,否
粮油,1,2.8,2.8,否
蔬果,1.29,15.45,11.98,否
粮油,1,6.8,6.8,否
粮油,1,1.7,1.7,否
粮油,1,1.7,1.7,否
蔬果,0.554,6.65,12,否
休闲,1,6.5,6.5,否
家居,1,8,8,否
日配,1,6.9,6.9,否
休闲,1,2.5,2.5,否
粮油,3.925,16.49,4.2,否
休闲,1,3,3.4,是
冲调,1,7.7,7.7,否
蔬果,0.328,1.3,3.96,否
日配,24,58.8,3,是
日配,1,78,78,否
蔬果,0.126,0.98,7.76,否
文体,25,97.5,3.9,否
冲调,1,24.5,30.7,是
蔬果,0.48,3.82,30,否
熟食,1,1,1,否
休闲,1,11.9,14.3,是
粮油,1,2.5,2.5,否
水产,1.114,8.89,7.98,否
粮油,1,6.9,8.5,是
粮油,1,4.3,4.3,否
休闲,0.178,2.81,19.8,是
酒饮,1,6.9,6.9,否
洗化,1,32.9,32.9,否
冲调,1,13.9,13.9,否
蔬果,1,19,19,否
肉禽,0.168,5.01,29.8,否
休闲,1,9.9,9.9,否
文体,10,29,2.9,否
粮油,1,3,3,否
蔬果,4,8,2,否
蔬果,0.632,6.07,9.6,否
酒饮,1,8.3,8.3,否
休闲,1,2,2.3,否
熟食,0.252,7.06,28,否
酒饮,1,4.9,4.9,否
粮油,1,8.9,8.9,否
蔬果,0.588,3.86,6.56,否
蔬果,0.572,3.2,5.6,否
蔬果,0.962,5.73,5.96,否
粮油,1,14.7,14.7,否
日配,8,11.9,1.6,是
日配,1,4.3,4.3,否
休闲,1,5.9,8.7,是
蔬果,0.448,4.46,9.96,否
粮油,1,7.7,7.7,否
蔬果,2,3,1.5,否
粮油,1,2.3,2.3,否
粮油,4,7.6,1.9,否
休闲,0.334,9.28,33.8,是
粮油,1,3.9,3.9,否
日配,1,1.6,2,是
日配,1,11.5,11.5,否
酒饮,1,5.8,6.9,是
休闲,1,5.9,5.9,否
休闲,1,7.9,11.3,是
休闲,1,9.7,9.7,否
蔬果,0.396,2.3,5.8,否
洗化,1,25.9,25.9,否
冲调,1,30.7,30.7,否
日配,1,2.3,2.3,否
蔬果,0.602,7.21,11.98,否
熟食,0.66,3.96,6,否
蔬果,0.91,1.64,1.8,否
洗化,1,29.9,39.9,是
休闲,0.58,6.83,19.6,是
休闲,0.672,6.58,17.8,是
蔬果,1.006,12.07,12,否
蔬果,1.5,17.97,11.98,否
蔬果,1,2,2,否
休闲,1,5,5,否
日配,1,2.1,2.1,否
洗化,1,8.9,8.9,否
蔬果,0.627,3.51,5.6,否
酒饮,6,12,2,否
熟食,2,1,0.5,否
蔬果,0.676,3.9,3.96,否
冲调,1,15.3,15.3,否
蔬果,1.046,29.08,27.8,否
蔬果,0.976,3.71,3.8,否
日配,1,6.9,9.5,是
蔬果,0.382,3.04,7.96,否
蔬果,0.686,10.91,15.9,否
休闲,1,4.3,4.3,否
休闲,1,1.7,1.7,否
蔬果,0.484,0.85,1.76,否
粮油,1,49.9,49.9,否
洗化,1,8.9,8.9,否
粮油,2,3.4,1.7,否
休闲,0.922,25.6,39.6,是
熟食,0.367,2.2,6,否
熟食,2,2,1,否
蔬果,1.306,3.37,2.58,否
日配,1,7.9,12.8,是
粮油,1,20.3,20.3,否
熟食,0.204,18.36,90,否
粮油,1,3.8,3.8,否
日配,1,41.9,66,是
蔬果,0.502,5.02,10,否
日配,1.4,9.49,6.78,否
粮油,2,1,0.5,否
蔬果,1.008,3.99,3.96,否
洗化,1,14.9,22.9,是
蔬果,0.118,1.42,12,否
蔬果,1.315,3.39,2.58,否
粮油,1,8.9,29.9,是
蔬果,1.162,2.32,2,否
粮油,1,7.9,7.9,否
蔬果,0.216,0.86,3.96,否
粮油,1,6.3,6.3,否
日配,1,55,65,是
休闲,1,41.9,41.9,否
蔬果,0.459,1.84,4,否
蔬果,0.136,1.31,9.6,否
蔬果,-0.302,-0.78,2.58,否
蔬果,0.302,0.78,2.58,否
家居,1,54.9,70,是
洗化,1,2.8,3.9,是
蔬果,0.824,2.11,2.56,否
粮油,0.874,10.31,11.8,否
洗化,1,2.7,2.7,否
休闲,1,5.5,5.5,否
休闲,1,2.3,2.3,否
蔬果,1.034,5.9,5.96,否
洗化,1,12.9,17.7,是
日配,1,2.3,2.3,否
蔬果,0.38,1.9,5,否
蔬果,0.212,3.56,16.8,否
休闲,2,49.8,19.8,是
粮油,3,4.5,1.5,否
休闲,1,3.5,3.5,否
粮油,1,5.9,5.9,否
蔬果,0.29,1.74,6,否
休闲,1,3.9,3.9,否
粮油,1,5.7,5.7,否
日配,1,14.3,14.3,否
蔬果,0.24,1.44,6,否
洗化,1,2.9,3.9,是
家居,1,3,3,否
蔬果,0.162,8.1,50,否
日配,1,2.8,2.8,否
休闲,1,6,6,否
粮油,1,2.2,2.3,否
蔬果,0.694,1.37,1.98,否
蔬果,0.597,1.53,2.56,否
蔬果,2.524,30.24,11.98,否
休闲,0.164,1.93,13.8,是
洗化,4,6.8,1.7,否
日配,1,4.9,5.5,是
粮油,0.044,1.14,26,否
蔬果,0.636,7.49,9.96,否
粮油,1,5.3,5.3,否
粮油,1,1.7,1.7,否
家居,1,8.9,8.9,否
熟食,0.001,0.02,20,否
蔬果,0.336,2.02,6,否
洗化,3,41.4,16.9,是
冲调,1,36,36,否
蔬果,1.34,23.85,17.8,否
冲调,1,9.9,9.9,否
洗化,1,8.9,8.9,否
蔬果,0.904,3.58,3.96,否
蔬果,0.352,1.39,3.96,否
蔬果,0.806,4.67,5.8,否
日配,1,12,12,否
休闲,1,3.3,3.3,否
休闲,1,3.5,3.5,否
冲调,1,10.3,10.3,否
蔬果,0.932,2.4,2.58,否
日配,0.984,6.67,6.78,否
蔬果,0.32,1.92,6,否
洗化,1,4.5,5.7,是
日配,0.912,6.18,6.78,否
蔬果,0.474,3.7,7.8,否
蔬果,0.657,2.09,3.18,否
粮油,1,7.3,7.3,否
日配,1.316,8.92,6.78,否
肉禽,0.674,13.35,19.8,否
休闲,1,17.9,17.9,否
洗化,1,7.9,10.9,是
肉禽,0.414,12.34,29.8,否
蔬果,0.484,3.78,7.8,否
休闲,0.044,3.86,87.8,否
蔬果,0.312,3,9.6,否
休闲,0.174,15.9,110,是
粮油,1,2.7,2.7,否
休闲,1,23,23,否
日配,1,49,65,是
蔬果,1,4.98,4.98,否
蔬果,2,4,2,否
蔬果,0.164,0.95,5.8,否
日配,1,5.9,6.9,是
蔬果,1.116,19.64,17.6,否
休闲,1,17.9,19.9,是
休闲,0.234,6.5,33.8,是
日配,1,75,75,否
休闲,1,7.9,7.9,否
蔬果,0.504,2.82,5.6,否
蔬果,0.488,14.64,30,否
休闲,0.206,2.46,13.8,是
蔬果,0.22,1.22,5.56,否
蔬果,2,9.96,4.98,否
粮油,1,3.9,3.9,否
休闲,1,29.8,49.8,是
冲调,1,10.3,10.3,否
冲调,1,6.7,6.7,否
粮油,1,7.9,7.9,否
蔬果,1.596,2.34,2.58,否
冲调,1,13.9,23.7,是
休闲,1,2.3,2.3,否
休闲,1,28,28,否
蔬果,1.12,2.89,2.58,否
蔬果,0.322,1.93,6,否
洗化,2,7.9,6.9,是
蔬果,1.774,14.12,7.96,否
冲调,1,49,60.3,是
熟食,1.122,22.44,20,否
休闲,1,45,49.8,是
洗化,1,10.5,10.5,否
休闲,1,19.9,21.9,是
休闲,1,29.9,29.9,否
酒饮,6,234,39,否
日配,1,3.3,3.9,是
蔬果,0.85,10.18,11.98,否
粮油,1,21.5,21.5,否
酒饮,1,4.8,4.8,否
蔬果,0.506,2.83,5.6,否
日配,1,3.7,3.7,否
蔬果,0.738,4.84,6.56,否
休闲,0.104,1.22,21.6,是
休闲,1,5.9,8.7,是
洗化,1,5.6,6.3,是
蔬果,0.724,1.85,2.56,否
日配,1,8.9,8.9,否
日配,0.8,5.42,6.78,否
蔬果,0.269,1.88,3.96,否
蔬果,0.93,27.9,30,否
蔬果,0.278,1.67,6,否
日配,1,49,49,否
蔬果,0.59,0.94,1.6,否
休闲,1,3.5,3.5,否
蔬果,0.422,0.83,1.96,否
日配,4,12,3,否
蔬果,2.803,8.91,3.18,否
日配,1,8.9,8.9,否
粮油,1,6.9,6.9,否
日配,1,41.9,66,是
蔬果,0.932,16.59,17.8,否
日配,1,4.5,4.5,否
蔬果,0.18,0.36,1.98,否
粮油,1,3.8,3.8,否
日配,24,58.8,3,是
休闲,0.986,27.4,39.6,是
休闲,0.082,2.37,35,是
熟食,0.384,7.68,20,否
蔬果,0.558,1.65,2.96,否
粮油,1,8.9,8.9,否
粮油,1,18.9,25.3,是
休闲,1,3.9,3.9,否
蔬果,0.104,0.62,5.98,否
蔬果,1.34,2.63,1.96,否
粮油,1,11.7,11.7,否
冲调,1,18.3,18.3,否
蔬果,0.244,2.43,9.96,否
蔬果,0.174,4.73,27.2,否
文体,1,3.3,3.3,否
蔬果,1,2,2,否
日配,1,15.9,15.9,否
蔬果,0.16,0.8,4.98,否
洗化,1,19.9,19.9,否
粮油,1,4.5,4.5,否
蔬果,0.848,15.09,17.8,否
粮油,1,3.9,3.9,否
休闲,0.822,22.83,33.8,是
休闲,0.33,14.45,43.8,否
蔬果,0.176,1.69,9.6,否
洗化,1,5.8,6.9,是
休闲,1,3.3,3.3,否
蔬果,1.248,4.99,4,否
休闲,1,3.5,3.5,否
蔬果,0.236,1.42,6,否
粮油,1,2.7,2.7,否
休闲,0.164,7.18,51.6,是
粮油,1,14.9,14.9,否
休闲,1,2.3,3.5,是
休闲,1,3,3.4,是
休闲,3,9,3.4,是
粮油,1,3.3,3.3,否
蔬果,1,5.8,5.8,否
蔬果,0.286,2.23,7.8,否
蔬果,0.598,2.37,3.96,否
粮油,1,6.9,6.9,否
洗化,5,39.5,7.9,否
蔬果,0.968,1.74,1.8,否
蔬果,0.524,9.22,17.6,否
蔬果,0.464,0.69,1.48,否
休闲,1,3.5,3.5,否
休闲,0.206,3.25,19.6,是
休闲,1,2.7,2.7,否
粮油,1,3.7,3.7,否
洗化,1,12.7,12.7,否
日配,0.744,5.04,6.78,否
蔬果,8,16,2,否
蔬果,0.126,1.73,9,否
日配,1,75,75,否
休闲,1,5.9,5.9,否
休闲,1,6.9,6.9,否
蔬果,0.266,1.59,5.98,否
蔬果,0.174,1.57,9,否
粮油,1,17.3,17.3,否
蔬果,0.668,5.99,12,否
日配,0.838,5.68,6.78,否
洗化,1,9.5,16.9,是
粮油,2,3,1.7,否
蔬果,1,4.98,4.98,否
蔬果,0.764,1.96,2.56,否
日配,1,12.9,16.9,是
蔬果,2,3,1.5,否
洗化,1,2,2,否
休闲,1,5.9,8.7,是
冲调,1,3,3,否
粮油,1,8.9,8.9,否
冲调,1,19.3,19.3,否
粮油,1,7.9,7.9,否
休闲,0.234,2.29,17.8,是
粮油,1,0.5,0.5,否
休闲,1,14.9,14.9,否
蔬果,0.686,38.42,56,否
粮油,3,8.4,2.8,否
蔬果,0.59,1.51,2.56,否
酒饮,1,43,43,否
蔬果,0.958,15.31,15.98,否
蔬果,0.634,6.34,10,否
蔬果,0.29,2.9,10,否
蔬果,0.493,1.97,4,否
洗化,1,15.9,24.9,是
日配,1,10.8,14.9,是
酒饮,3,36,12,否
蔬果,0.698,6.98,10,否
粮油,1,6.3,6.3,否
蔬果,0.128,1.54,12,否
蔬果,0.324,1.8,5.56,否
蔬果,0.126,0.98,7.76,否
休闲,1,2.9,2.9,否
日配,1,6.7,6.7,否
蔬果,1.093,6.51,5.96,否
休闲,1,19.9,21.9,是
粮油,3.264,18.21,5.58,否
洗化,1,16.9,16.9,否
蔬果,0.274,1.64,6,否
蔬果,0.804,1.58,1.96,否
蔬果,0.446,1.24,2.78,否
洗化,1,12.9,14.5,是
粮油,4,2,1.9,是
休闲,1,5.9,8.7,是
休闲,0.332,11.88,39.8,是
洗化,1,11.7,11.7,否
冲调,1,8.9,8.9,否
蔬果,2,3,1.5,否
粮油,1,0.5,0.5,否
粮油,1,1.5,1.5,否
休闲,0.414,12.25,29.6,否
蔬果,0.366,2.4,6.56,否
蔬果,0.332,5.31,16,否
粮油,1,8.9,8.9,否
蔬果,0.102,2.77,27.2,否
日配,1,14.9,14.9,否
粮油,1,0.5,0.5,否
休闲,1,6.8,6.8,否
蔬果,0.388,2.55,6.56,否
蔬果,1,59,59,否
文体,1,3.7,3.7,否
休闲,0.208,2.4,19.8,是
蔬果,0.544,3.24,5.96,否
粮油,1,4.5,4.5,否
日配,0.51,16.63,32.6,否
休闲,1,1,1,否
粮油,1,5.5,5.5,否
休闲,1,19.9,19.9,否
日配,0.834,5.65,6.78,否
粮油,1,3.2,3.2,否
休闲,1,5.5,5.5,否
蔬果,0.413,0.74,1.8,否
蔬果,1,69,69,否
休闲,1,31.9,31.9,否
休闲,1,2.9,2.9,否
蔬果,0.588,3.41,5.8,否
日配,1,4.5,6,是
洗化,1,13.8,16.9,是
粮油,1,7.5,7.5,否
日配,1,1.5,1.9,否
休闲,1.098,30.52,33.8,是
熟食,0.766,15.32,20,否
日配,1,9.9,15.9,是
粮油,1,5.5,5.5,否
蔬果,0.176,2.1,18,否
粮油,1,6.9,9.5,是
蔬果,0.484,1.24,2.56,否
日配,7,41.3,8.3,是
蔬果,1.134,4.51,3.98,否
蔬果,1.674,16.7,2,否
休闲,1,1,1,否
蔬果,0.554,4.21,7.6,否
粮油,24,76.8,3.2,否
休闲,0.182,2.82,19.8,是
日配,1,49,49,否
洗化,1,9.9,13.9,是
粮油,1,15.3,15.3,否
日配,4,9.2,2.3,否
休闲,1,9.3,9.3,否
针织,1,12,12,否
肉禽,0.39,11.62,29.8,否
休闲,1,3.5,3.5,否
日配,3,17.7,8.3,是
酒饮,6,95.4,15.9,否
粮油,1,1.5,1.5,否
休闲,1,3.5,3.5,否
蔬果,1.502,84.11,56,否
烘焙,0.474,7.58,16,否
日配,1,11.9,11.9,否
洗化,1,10.9,10.9,否
蔬果,0.529,6.35,12,否
熟食,2,2,1,否
日配,0.254,4.52,17.8,否
粮油,2,51.8,25.9,否
蔬果,0.604,16.79,27.8,否
休闲,1,4.3,4.3,否
休闲,1,1.3,1.3,否
休闲,1,3.9,5.9,是
洗化,1,6.5,6.5,否
蔬果,0.25,1.95,7.8,否
日配,0.212,6.91,32.6,否
蔬果,1.418,16.99,11.98,否
粮油,1,6.7,6.7,否
日配,0.76,5.15,6.78,否
休闲,1,2.3,2.3,否
休闲,1,6.9,6.9,否
蔬果,0.493,1.95,3.96,否
日配,1,1.7,1.7,否
休闲,0.546,7.5,15.6,是
粮油,1,3.7,3.7,否
休闲,1,1.3,1.3,否
休闲,0.51,46.7,110,是
休闲,1,6.3,6.3,否
蔬果,0.292,1.92,6.56,否
日配,0.54,9.61,17.8,否
冲调,1,3,3,否
日配,0.788,5.34,6.78,否
蔬果,0.776,7.45,9.6,否
蔬果,0.31,1.72,5.56,否
蔬果,0.633,2.51,3.96,否
蔬果,0.176,1.4,7.96,否
休闲,1.244,14.6,19.6,是
蔬果,0.902,10.81,11.98,否
蔬果,1.281,7.63,5.96,否
粮油,1,6.9,8.5,否
洗化,1,4.3,4.3,否
蔬果,1.092,19.22,17.6,否
粮油,1,4.5,4.9,是
日配,1,11.8,11.8,否
粮油,0.778,10.74,13.8,否
日配,1,55,65,是
休闲,1,1.5,1.5,否
休闲,1,4.3,4.3,否
休闲,1,8.5,11.9,是
休闲,1,18.9,23.9,是
熟食,0.552,3.31,6,否
日配,1,31.7,31.7,否
蔬果,0.19,2.96,15.6,否
蔬果,0.14,2.35,16.8,否
蔬果,0.18,1.34,7.47,否
蔬果,0.166,1.49,9,否
蔬果,1,3.5,3.5,否
粮油,0.438,2.61,10.8,是
休闲,1,6.9,6.9,否
休闲,1,27,27,否
洗化,1,9.9,10.9,是
蔬果,0.572,3.64,12,否
蔬果,1.068,2.73,2.56,否
蔬果,0.586,1.63,2.78,否
粮油,4,2,0.5,否
蔬果,0.284,2.73,9.6,否
休闲,0.594,16.5,39.6,是
酒饮,1,15,15,否
粮油,1,18.9,18.9,否
粮油,1,1.9,1.9,否
粮油,1,1.5,1.5,否
洗化,1,8.9,8.9,否
洗化,1,5.9,5.9,否
蔬果,0.294,2.29,7.8,否
粮油,0.118,9.41,99,是
熟食,1,1,1,否
休闲,1,2.9,2.9,否
针织,1,3.9,3.9,否
蔬果,0.554,2.2,3.98,否
休闲,1,4.9,4.9,否
日配,1,11,11,否
蔬果,0.59,7.08,12,否
酒饮,4,13.2,3.3,否
粮油,1,2.8,2.8,否
蔬果,0.82,1.61,1.96,否
熟食,0.618,3.71,6,否
文体,1,2.3,2.3,否
日配,1,11.9,11.9,否
日配,1,8.9,12.9,是
休闲,1,8.7,8.7,否
酒饮,1,2.7,2.7,否
粮油,3,6.9,2.3,否
蔬果,0.6,3.36,5.6,否
蔬果,0.662,3.68,5.56,否
日配,1,11.9,11.9,否
蔬果,0.412,2.06,5,否
蔬果,1.138,20.03,17.6,否
熟食,2,2,1,否
熟食,0.272,7.62,28,否
蔬果,0.45,1.78,3.96,否
蔬果,0.354,1.77,5,否
休闲,1,5.3,5.3,否
粮油,1,4.2,4.2,否
蔬果,0.484,4.82,9.96,否
粮油,0.106,4.01,37.8,否
休闲,1,3.3,3.5,否
粮油,1,12.9,12.9,否
蔬果,0.518,3.1,5.98,否
休闲,1,3.7,3.7,否
休闲,1,15,15,否
日配,0.784,25.56,32.6,否
粮油,2,6.4,3.2,否
日配,1,16.9,23.3,是
休闲,1,2.9,2.9,否
酒饮,1,2.5,3.5,是
蔬果,0.558,3.24,5.8,否
蔬果,0.164,1.25,7.6,否
蔬果,1.954,23.41,11.98,否
蔬果,1.334,21.29,15.96,否
蔬果,1,1.5,1.5,否
蔬果,0.772,7.7,2,否
酒饮,6,15,2.5,否
蔬果,0.592,1.65,2.78,否
蔬果,0.304,2.31,7.6,否
蔬果,0.94,3.72,3.96,否
休闲,1,7.9,7.9,否
蔬果,0.366,2.84,7.76,否
粮油,1,1.5,1.5,否
针织,1,9.9,20,是
蔬果,0.622,4.08,6.56,否
粮油,1,1.7,1.7,否
休闲,0.302,10.2,39.8,是
蔬果,0.142,0.9,9.6,否
洗化,1,17.9,23.9,是
日配,1,14.5,16.9,是
蔬果,0.364,0.58,1.6,否
蔬果,1.686,16.83,9.98,否
粮油,1,8.9,8.9,否
家居,1,4,4,否
休闲,2,5,2.5,否
洗化,1,5.9,5.9,否
粮油,1,3,3,否
休闲,0.228,6.3,39.6,是
蔬果,1.572,25.09,15.96,否
日配,12,49,5,是
日配,1,78,78,否
粮油,1,155,155,否
蔬果,2.074,24.85,11.98,否
洗化,1,6.5,6.5,否
洗化,1,5.7,5.7,否
蔬果,0.434,2.17,5,否
蔬果,0.766,1.53,2,否
酒饮,24,39,2,是
蔬果,0.647,1.28,1.98,否
洗化,1,5.9,7.9,是
蔬果,0.254,2.53,9.96,否
蔬果,0.234,1.82,7.76,否
蔬果,0.633,1.87,2.96,否
粮油,1,26.9,30.9,是
冲调,1,49,60.3,是
粮油,1,2.3,2.3,否
粮油,3.191,17.81,5.58,否
休闲,1,2.3,3.5,是
日配,0.788,5.34,6.78,否
休闲,1,2.7,2.7,否
蔬果,1,30,30,否
日配,1,15.9,21.9,是
日配,1.114,21.39,19.2,否
粮油,1,3.7,3.7,否
休闲,0.184,3.64,19.8,否
休闲,1.182,32.85,33.8,是
家居,1,16,16,否
蔬果,0.194,1.27,6.56,否
蔬果,0.412,2.29,5.56,否
日配,1,6.9,9.5,是
蔬果,0.55,4.18,7.6,否
蔬果,0.382,1.51,3.96,否
蔬果,1,2,2,否
蔬果,0.432,3.89,9,否
蔬果,0.234,1.82,7.76,否
粮油,1,89.9,109,是
休闲,1,9.3,9.3,否
洗化,1,9.5,16.9,是
粮油,1,2.3,2.3,否
蔬果,0.45,3.51,7.8,否
蔬果,0.232,1.39,5.98,否
休闲,0.498,4.88,17.8,是
蔬果,0.436,0.78,1.8,否
休闲,1,32.9,33.9,是
蔬果,0.225,1.48,6.56,否
蔬果,0.424,1.94,2.96,否
日配,1,3.7,3.7,否
蔬果,0.624,3.47,5.56,否
蔬果,0.774,3.07,3.96,否
蔬果,0.394,11.82,30,否
蔬果,0.61,1.57,2.58,否
休闲,1,5.9,8.7,是
蔬果,0.416,4.99,12,否
休闲,1,3.2,3.2,否
针织,1,15.2,18,是
肉禽,0.198,5.5,27.8,否
休闲,1,3.3,3.3,否
休闲,1,59,48.9,是
休闲,1,2.7,2.7,否
蔬果,1.5,11.94,7.96,否
洗化,1,11.9,15.5,是
日配,1,16.3,16.3,否
日配,16,26.9,2.1,是
蔬果,0.254,2.44,9.6,否
粮油,1,3.9,3.9,否
蔬果,0.168,0.97,5.8,否
休闲,1,4.9,4.9,否
休闲,0.324,5.1,23.8,是
家居,1,3.5,4.5,是
日配,1,17.5,17.5,否
蔬果,0.752,3.76,7.6,否
肉禽,0.366,10.17,27.8,否
文体,1,52,52,否
蔬果,0.892,2.3,2.58,否
休闲,1,6.5,6.5,否
酒饮,1,4.9,4.9,否
休闲,0.532,7.31,15.6,是
休闲,0.442,10.51,33.8,是
日配,1,58,76,是
蔬果,1.516,6,3.96,否
蔬果,1.684,29.64,17.6,否
日配,1,9.5,9.9,是
粮油,1,3.9,3.9,否
蔬果,0.583,2.31,3.96,否
粮油,1,6.9,7.9,是
酒饮,1,5.8,6.9,是
日配,1,11.9,11.9,否
冲调,1,25.9,29.9,是
文体,5,2.5,0.5,否
蔬果,0.732,4.8,6.56,否
蔬果,0.234,2.11,9,否
肉禽,0.43,11.95,27.8,否
日配,0.936,6.35,6.78,否
洗化,1,4.9,4.9,否
日配,1.748,11.85,6.78,否
粮油,1,7.6,7.7,否
粮油,1,7.9,7.9,否
洗化,1,10.5,19.7,是
休闲,0.538,12.6,29.8,是
粮油,1,3.9,3.9,否
肉禽,1.038,43.39,41.8,否
休闲,1,4.5,4.5,否
洗化,1,12.9,14.5,是
酒饮,1,11.9,11.9,否
蔬果,1.736,5.52,3.18,否
蔬果,0.3,2.99,9.96,否
休闲,0.436,5.22,13.8,是
冲调,1,25.7,25.7,否
休闲,0.278,16.62,59.8,否
熟食,0.396,2.38,6,否
洗化,1,11.9,11.9,否
蔬果,1.01,2.02,2,否
休闲,1,4.5,4.5,否
蔬果,0.32,2.1,6.56,否
冲调,1,15.3,15.3,否
酒饮,1,5,5,否
蔬果,0.518,0.93,1.8,否
日配,16,26.9,2.2,是
休闲,0.358,15.66,51.6,是
洗化,1,13.9,14.9,是
蔬果,0.092,0.88,9.6,否
粮油,1,7.9,7.9,否
日配,1,9.9,13.3,是
洗化,1,7.9,7.9,否
休闲,1,6.9,6.9,否
蔬果,0.473,0.94,1.98,否
蔬果,0.544,8.7,16,否
冲调,1,24.5,30.7,是
休闲,1,6.7,6.7,否
休闲,1,11.9,11.9,否
休闲,1,15.9,15.9,否
蔬果,1,4.98,4.98,否
冲调,1,9.9,9.9,否
酒饮,1,4.9,4.9,否
蔬果,0.916,5.47,5.96,否
粮油,1,7.7,7.7,否
休闲,0.078,1.23,19,是
蔬果,0.658,1.7,2.58,否
蔬果,1,59,59,否
蔬果,1,2,2,否
肉禽,1.718,34.02,19.8,否
蔬果,0.258,1.02,3.96,否
蔬果,0.174,0.87,4.98,否
日配,1,9.3,9.3,否
酒饮,1,5,5,否
休闲,1,3,3.4,是
日配,1,8.9,12.9,是
粮油,1,22.5,22.5,否
粮油,1,29,27.9,是
酒饮,1,22.9,22.9,否
肉禽,0.16,2.82,17.6,否
休闲,0.562,5.5,17.8,是
休闲,1,12.9,16.9,是
粮油,1,56,69.9,是
日配,0.77,5.22,6.78,否
蔬果,1.118,13.39,11.98,否
酒饮,1,1.7,2.5,是
酒饮,1,6.5,6.5,否
粮油,1,2,2,否
日配,1,8.9,8.9,否
休闲,1,3.6,3.6,否
休闲,1,2.9,2.9,否
蔬果,0.438,1.73,3.96,否
日配,1,14.3,14.3,否
针织,1,7.6,9.5,是
针织,1,21.7,29,是
蔬果,2,4,2,否
蔬果,0.963,2.47,2.56,否
蔬果,0.742,3.71,5,否
蔬果,0.392,3.76,9.6,否
熟食,4,2,0.5,否
蔬果,0.826,6.57,7.96,否
蔬果,0.282,7.05,25,否
日配,12,39,5.5,是
蔬果,0.146,0.81,5.56,否
酒饮,1,5.7,5.7,否
蔬果,0.931,1.68,1.8,否
休闲,1,3.7,3.7,否
蔬果,0.164,0.91,5.56,否
日配,1,9.9,15.5,是
粮油,1,5.5,5.5,否
休闲,0.332,14.54,51.6,是
肉禽,1.31,40.61,31,否
蔬果,0.142,1.36,9.6,否
蔬果,1.044,12.51,11.98,否
蔬果,1.32,5.23,3.96,否
日配,1.746,11.84,6.78,否
粮油,1,5.3,5.3,否
休闲,0.284,4.48,23.8,是
蔬果,0.826,5.4,11.98,否
蔬果,0.306,2.01,6.56,否
肉禽,1,24.9,24.9,否
日配,1,32.9,40.9,是
蔬果,0.14,0.92,6.56,否
休闲,1,2.9,2.9,否
休闲,1,19.9,21.9,是
粮油,1,7.3,7.3,否
日配,1,10.8,14.9,是
蔬果,0.178,0.7,3.96,否
酒饮,1,7.5,7.5,否
休闲,0.278,4.39,19.8,是
日配,24,127.8,7.1,是
日配,1,8.9,8.9,否
洗化,1,33.9,45.9,是
蔬果,1.226,68.66,56,否
粮油,1,6.9,6.9,否
蔬果,2.324,4.56,1.96,否
洗化,1,11,11,否
日配,1,17.9,18.3,否
休闲,1,2.5,2.5,否
熟食,0.254,1.52,6,否
粮油,1,7.9,7.9,否
休闲,1,1.5,1.5,否
休闲,1,17.9,19.9,是
休闲,1,6.5,6.5,否
蔬果,0.352,3.38,9.6,否
日配,1,9.3,9.3,否
粮油,1,2.3,2.3,否
蔬果,0.472,1.79,3.8,否
日配,12,29.9,3.5,是
酒饮,1,108,108,否
酒饮,1,3.7,3.7,否
休闲,0.306,2.92,17.8,是
日配,0.63,4.27,6.78,否
蔬果,2,3,1.5,否
休闲,0.556,6.11,11.8,是
休闲,1,1,1,否
蔬果,0.364,3.63,9.96,否
家居,1,59,59,否
蔬果,0.426,3.18,7.47,否
休闲,1,7.9,9.3,是
日配,1,12.9,12.9,否
洗化,1,10.9,10.9,否
日配,1,8.5,10.9,是
蔬果,0.82,1.64,2,否
蔬果,0.504,4.84,9.6,否
休闲,1,2.9,2.9,否
蔬果,0.332,1.86,5.6,否
蔬果,0.546,3.58,6.56,否
休闲,0.412,5.68,15.6,是
粮油,1,5.2,6.7,是
蔬果,0.526,1.35,2.56,否
蔬果,0.213,1.07,5,否
粮油,4,9.2,2.3,否
蔬果,0.828,2.12,2.56,否
酒饮,1,8.9,10.7,是
肉禽,0.394,10.17,25.8,否
蔬果,0.344,1.57,2.96,否
粮油,1,7.9,7.9,否
蔬果,0.488,8.2,16.8,否
粮油,1,8.9,8.9,否
休闲,1,3.9,3.9,否
蔬果,2,3,1.5,否
粮油,0.946,4.16,4.4,否
休闲,0.174,8.66,59.8,是
蔬果,0.36,3.46,9.6,否
蔬果,0.978,1.96,2,否
休闲,1,2.9,2.9,否
粮油,1,3.8,3.8,否
日配,1,10.8,14.9,是
蔬果,2,3,1.5,否
洗化,1,12.9,14.5,是
休闲,0.282,3.32,19.8,是
蔬果,0.689,2.19,3.18,否
酒饮,1,2.9,2.9,否
洗化,1,35.9,35.9,否
日配,1,4.5,4.5,否
酒饮,1,6.5,6.5,否
熟食,4,2,0.5,否
粮油,0.338,3.99,11.8,否
休闲,1,10.9,10.9,否
蔬果,0.46,0.81,1.76,否
蔬果,0.45,4.5,10,否
粮油,1,4.3,4.3,否
粮油,1,4.7,4.7,否
日配,1,39,53,是
日配,1,11.9,11.9,否
蔬果,0.946,6.21,6.56,否
粮油,1,51.5,56.9,是
蔬果,0.298,1.67,5.6,否
蔬果,0.274,1.8,6.56,否
休闲,0.592,5.8,15.8,是
粮油,1,7.3,7.3,否
蔬果,1.806,31.79,17.6,否
蔬果,0.252,4.23,16.8,否
休闲,1,3.3,3.3,否
肉禽,0.29,8.64,29.8,否
蔬果,0.22,1.98,9,否
蔬果,0.901,3.59,3.98,否
休闲,0.218,9.5,51.6,是
蔬果,0.403,1.03,2.56,否
休闲,1,2.7,2.7,否
休闲,0.388,9.15,29.8,是
休闲,1,136,136,否
冲调,1,16.3,16.3,否
休闲,1,7.9,11.3,是
蔬果,0.562,2.14,3.8,否
蔬果,1,2,2,否
粮油,1,2.7,2.7,否
蔬果,0.368,0.94,2.56,否
蔬果,0.567,1.01,1.96,否
洗化,1,4.7,4.7,否
熟食,0.001,0.02,20,否
粮油,1,6.8,6.8,否
水产,1.48,29.01,19.6,否
粮油,4.99,19.9,4.2,否
休闲,1,2.9,2.9,否
休闲,1,5.3,5.3,否
洗化,1,13.8,16.9,是
蔬果,0.174,2.92,16.8,否
休闲,1,13.6,13.6,否
蔬果,0.478,1.23,2.58,否
文体,1,7.3,7.3,否
蔬果,0.502,1.99,3.96,否
蔬果,0.46,13.8,30,否
粮油,3.042,16.97,5.58,否
酒饮,1,12.3,12.3,否
休闲,0.386,9.18,33.8,是
洗化,1,9.9,13.9,是
日配,1,10.9,13.3,是
休闲,1,3.9,3.9,否
蔬果,0.378,2.19,5.8,否
肉禽,0.186,5.54,29.8,否
家居,1,6,6,否
日配,1.158,22.93,19.8,否
休闲,1,6.5,6.5,否
家电,1,39.9,39.9,否
休闲,1,2.8,3.3,否
日配,1,78,78,否
日配,1,11.8,11.8,否
蔬果,0.614,9.81,15.98,否
粮油,1,2.5,2.5,否
休闲,0.278,4.31,19,是
休闲,0.366,10.12,33.8,是
休闲,1,3.7,3.7,否
日配,1,9.9,13.3,是
休闲,1,4.9,4.9,否
粮油,1,49.9,49.9,否
蔬果,0.739,2.35,2.56,否
蔬果,0.324,0.65,2,否
日配,1,9.9,9.9,否
蔬果,1.09,13.06,11.98,否
蔬果,0.337,0.59,1.76,否
蔬果,0.736,2.18,2.96,否
日配,1.716,11.63,6.78,否
洗化,1,13.9,15.9,是
蔬果,0.572,2.27,3.96,否
洗化,1,17.9,17.9,否
日配,0.924,6.26,6.78,否
蔬果,0.338,2.02,5.98,否
粮油,1,3.9,3.9,否
冲调,1,8.9,8.9,否
日配,1,41.9,66,是
日配,1.714,11.62,6.78,否
蔬果,1.873,5.96,3.18,否
蔬果,0.526,2.1,4,否
蔬果,0.34,7.82,23,否
肉禽,0.314,8.73,27.8,否
蔬果,0.464,4.64,10,否
蔬果,0.698,1.37,1.96,否
休闲,1,3.3,3.3,否
粮油,1,5.3,5.3,否
休闲,1,5.9,5.9,否
休闲,1,4.7,4.7,否
休闲,1,8.9,8.9,否
粮油,1,1.7,1.7,否
粮油,6,7.8,1.3,否
蔬果,0.586,1.51,2.58,否
日配,1,11,11,否
休闲,0.25,10.91,51.6,是
休闲,0.064,1.51,29.8,是
休闲,1,5.3,5.3,否
蔬果,0.408,1.05,2.58,否
日配,1,5.5,7.5,是
日配,0.894,6.06,6.78,否
休闲,1,4.7,5.9,是
冲调,1,4.9,4.9,否
休闲,1,5.3,5.9,是
洗化,1,29.9,39.9,是
洗化,1,11.9,15.5,是
休闲,1,3.9,3.9,否
粮油,1,4.7,4.7,否
休闲,1,4.3,4.3,否
蔬果,2.09,12.46,5.96,否
蔬果,0.384,2.52,6.56,否
休闲,1,4.2,4.2,否
蔬果,4,8,2,否
蔬果,0.625,3.73,5.96,否
蔬果,0.152,1.51,9.96,否
熟食,0.646,3.88,6,否
蔬果,0.176,0.98,5.56,否
洗化,1,15.9,24.9,是
水产,0.35,10.5,30,否
洗化,1,8.9,9.9,是
蔬果,1.218,2.19,1.8,否
冲调,1,49,60.3,是
休闲,1,6.5,6.5,否
蔬果,-1,-1.5,1.5,否
休闲,0.322,12.81,49.8,是
冲调,1,3.2,3.2,否
蔬果,0.708,5.22,1.98,否
日配,1,18.3,18.3,否
洗化,1,13.9,13.9,否
家居,1,9,9,否
蔬果,0.464,1.86,4,否
休闲,0.236,10.3,51.8,是
休闲,1,6.8,6.8,否
休闲,1,7.2,7.2,否
日配,1,7.5,7.5,是
文体,1,7.3,7.3,否
休闲,1,7.3,7.3,否
日配,1,9.9,15.9,是
蔬果,1.152,2.07,1.8,否
蔬果,1,2,2,否
休闲,1,2.9,2.9,否
家居,1,6,6,否
蔬果,0.756,1.94,2.56,否
休闲,1,4.7,5.9,是
蔬果,0.48,1.42,2.96,否
休闲,1,89,98,是
粮油,1,3.8,3.8,否
粮油,1,2.3,2.3,否
日配,2,4.2,2.1,否
休闲,0.182,9.74,69.8,是
粮油,0.108,8.61,99,是
蔬果,0.538,1.05,1.96,否
休闲,1,3.3,3.3,否
酒饮,1,4,4,否
蔬果,0.37,4.44,12,否
家居,1,2.9,2.9,否
粮油,1,7.3,7.3,否
蔬果,0.404,2.42,5.98,否
洗化,1,32.9,32.9,否
蔬果,0.174,1.14,6.56,否
家电,1,13,13,否
酒饮,2,2,1,否
蔬果,0.264,5.17,19.6,否
休闲,1,3.7,3.7,否
熟食,0.202,18.18,90,否
蔬果,1,1.5,1.5,否
蔬果,0.41,4.92,12,否
休闲,0.708,19.6,33.8,是
休闲,1,7.5,7.5,否
日配,1,5.9,6.9,是
粮油,1,6.7,6.7,否
休闲,1,4.7,4.7,否
粮油,1,2,4.5,是
家居,1,1.5,2,是
休闲,1,6.9,6.9,否
蔬果,0.07,0.84,12,否
休闲,0.112,2.67,23.8,否
粮油,1,89.9,109,是
家居,1,6.9,8,是
洗化,1,14.7,14.7,否
日配,1,16.8,16.8,否
粮油,1,12.9,12.9,否
熟食,0.294,16.46,56,否
休闲,1,3.9,3.9,否
粮油,1,8.5,8.5,否
洗化,1,1.7,1.7,否
家居,1,8,8,否
日配,1,5.9,8.3,是
蔬果,0.466,1.2,2.58,否
日配,0.698,4.73,6.78,否
酒饮,10,220,22,否
洗化,1,16.7,16.7,否
洗化,1,55,55,否
蔬果,0.5,2.8,5.6,否
休闲,0.29,8,39.6,是
蔬果,0.272,1.58,5.8,否
蔬果,0.464,3.62,7.8,否
冲调,1,13.9,13.9,否
蔬果,1.2,2.13,2.56,否
日配,16,36.8,2.7,是
粮油,1,3.9,3.9,否
休闲,1,3.7,3.7,否
冲调,1,59,76,是
休闲,3,3,1,否
洗化,1,8.9,9.9,是
粮油,1.158,6.46,5.58,否
休闲,1,6.3,6.3,否
洗化,1,1.7,1.7,否
文体,1,2.7,2.7,否
文体,1,4.3,4.3,否
粮油,1,7.9,7.9,否
冲调,1,3.2,3.2,否
休闲,1,3.5,3.5,否
家居,1,13,13,否
洗化,1,14.9,14.9,否
粮油,1,3.8,3.8,否
蔬果,0.068,0.61,9,否
日配,1,2.3,2.3,否
洗化,9,15.3,1.7,否
粮油,1,2.5,3.5,是
日配,5,740,155,是
酒饮,1,6.9,6.9,否
日配,1,75,75,否
休闲,1,4.9,4.9,否
蔬果,0.543,3.15,5.8,否
日配,12,35.8,3.5,是
肉禽,0.21,5.42,25.8,否
蔬果,0.51,2.04,4,否
蔬果,0.332,3.19,9.6,否
粮油,0.694,2.78,4,否
休闲,1,4.9,4.9,否
蔬果,0.272,2.61,9.6,否
洗化,1,5.8,6.9,是
洗化,1,26.9,26.9,否
洗化,1,11.9,15.7,是
洗化,1,19.9,19.9,否
家居,1,6,6,否
日配,0.286,2.43,8.5,否
粮油,60,192,3.2,否
粮油,1,7.3,7.3,否
休闲,1,12.9,12.9,否
洗化,1,5.3,5.3,否
蔬果,1,2,2,否
休闲,0.246,11.76,47.8,否
休闲,1.044,41.55,39.8,否
酒饮,1,22,22,否
洗化,1,6.7,6.7,否
蔬果,0.722,8.65,11.98,否
蔬果,0.75,2.98,1.8,否
蔬果,0.622,1.22,1.96,否
蔬果,1,5.8,5.8,否
休闲,1,3.5,3.5,否
熟食,0.56,19.94,35.6,否
蔬果,0.33,1.91,5.8,否
蔬果,1.136,3.61,3.18,否
休闲,1,15.9,15.9,否
蔬果,0.696,11.14,16,否
蔬果,3,14.94,4.98,否
蔬果,0.564,2.82,5,否
洗化,1,4.9,4.9,否
蔬果,1.522,9.07,5.96,否
日配,0.772,5.23,6.78,否
蔬果,0.172,3.1,18,否
蔬果,0.588,2.33,3.96,否
家居,1,8,8,否
休闲,1,4.3,4.3,否
休闲,1,3.9,3.9,否
休闲,0.266,6.38,24,否
休闲,1,7.7,7.7,否
粮油,1,7.9,8.2,是
休闲,1,3.9,3.9,否
休闲,0.388,7.67,23.8,是
休闲,0.12,4.29,39.8,是
休闲,0.13,3.09,33.8,是
休闲,1,24.9,24.9,否
蔬果,0.154,1.48,9.6,否
日配,1,10.9,15.9,是
蔬果,0.396,1.58,4,否
休闲,0.112,5.11,45.6,否
洗化,1,6.9,11.9,是
蔬果,0.252,4.54,18,否
蔬果,1.202,5.99,4.98,否
粮油,1,10.9,14.7,是
休闲,1,11,11,否
蔬果,3,14.94,4.98,否
蔬果,0.476,1.41,2.96,否
休闲,1,12.8,12.8,否
休闲,1,17.9,17.9,否
酒饮,1,16,16,否
休闲,1,89,98,是
休闲,1,5.5,5.5,否
休闲,0.18,9.32,51.8,否
休闲,1,15.9,15.9,否
休闲,1,6.2,6.2,否
酒饮,5,265,60,是
蔬果,0.188,1.23,6.56,否
日配,1,13.9,13.9,否
蔬果,0.288,2.19,7.6,否
蔬果,0.194,1.09,5.6,否
休闲,1,7.2,7.2,否
蔬果,0.248,1.93,7.8,否
蔬果,0.15,1.19,7.96,否
日配,0.742,5.03,6.78,否
休闲,1,2.9,2.9,否
日配,0.708,4.8,6.78,否
蔬果,0.196,0.78,3.96,否
日配,15,27.9,2.3,是
肉禽,0.522,14.51,27.8,否
休闲,1,1.3,1.3,否
水产,0.134,4.02,30,否
粮油,1,5.7,5.7,否
日配,1,13.9,18.9,是
蔬果,0.838,5.5,6.56,否
日配,1.74,11.8,6.78,否
蔬果,0.692,11.33,30,否
粮油,3,1.5,0.5,否
日配,1,5.7,5.7,否
蔬果,0.952,3.01,3.16,否
洗化,1,11.9,15.7,是
蔬果,0.404,2.57,5.6,否
粮油,1,2.7,2.7,否
粮油,5,449.5,109,是
蔬果,0.396,6.65,16.8,否
粮油,1,0.5,0.5,否
粮油,1,1,1,否
粮油,1,5.9,5.9,否
蔬果,0.102,0.81,7.96,否
蔬果,1,4.98,4.98,否
日配,0.156,5.09,32.6,否
蔬果,0.532,0.96,1.8,否
蔬果,0.734,4.82,6.56,否
蔬果,0.236,1.37,5.8,否
蔬果,0.154,1.48,9.6,否
粮油,1,4.2,4.3,否
粮油,2.548,14.22,5.58,否
休闲,1,11.9,11.9,否
休闲,1,8.5,8.5,否
洗化,1,5.9,5.9,否
蔬果,0.734,2.91,3.96,否
冲调,1,23.9,23.9,否
洗化,2,10.9,9.9,是
蔬果,0.288,1.61,5.6,否
粮油,1,6.9,6.9,否
休闲,1,5.9,5.9,否
粮油,1,2.9,2.9,否
蔬果,0.266,4.79,18,否
粮油,1,2.3,2.3,否
家居,1,7,7,否
酒饮,6,396,66,否
蔬果,0.54,5.18,9.6,否
休闲,1,3.9,3.9,否
休闲,1,3.5,3.5,否
蔬果,0.27,4.54,16.8,否
蔬果,0.854,1.67,1.96,否
蔬果,0.46,1.84,4,否
休闲,1,3.5,3.5,否
蔬果,0.284,5.11,18,否
冲调,1,118,153,是
蔬果,0.52,1.34,2.58,否
粮油,1,3.2,3.2,否
蔬果,0.134,1.07,7.96,否
蔬果,0.438,10.07,23,否
蔬果,0.796,4.62,5.8,否
休闲,1,15.9,15.9,否
蔬果,-0.228,-2.74,12,否
蔬果,0.228,2.74,12,否
文体,12,3.6,0.3,否
休闲,1,4.7,4.7,否
休闲,1,3.3,3.3,否
休闲,1,2.5,2.7,否
粮油,1,8.5,8.5,否
粮油,1,7.9,7.9,否
蔬果,2,7,10,否
蔬果,1.864,5.93,3.18,否
休闲,1,3.3,3.3,否
休闲,1,6.5,6.5,否
蔬果,1.042,1.88,1.8,否
蔬果,0.806,9.66,11.98,否
蔬果,0.464,1.19,2.56,否
蔬果,0.496,27.78,56,否
休闲,1,5.3,5.3,否
粮油,1,15.9,15.9,否
粮油,1,5.7,5.7,否
洗化,1,15.9,24.9,是
休闲,1,6.5,6.5,否
蔬果,1.038,6.19,5.96,否
洗化,1,17.9,17.9,否
休闲,1,16.5,16.5,否
粮油,1,2.7,2.7,否
熟食,0.818,4.91,6,否
洗化,1,28.9,35.9,是
休闲,1,9.5,9.5,否
蔬果,2.928,23.37,7.98,否
粮油,1,5.9,5.9,否
洗化,1,4.7,4.7,否
蔬果,0.637,6.34,9.96,否
蔬果,0.646,36.18,56,否
蔬果,4,8,2,否
休闲,0.628,6.9,11.8,是
休闲,1,6.4,6.4,否
蔬果,1,2,2,否
粮油,1,17.3,17.3,否
日配,12,39,5.5,是
熟食,4,2,0.5,否
蔬果,1.236,4.92,3.98,否
粮油,1,0.5,0.5,否
休闲,1,3.3,3.3,否
蔬果,0.614,2.44,3.98,否
休闲,1,5.9,5.9,否
酒饮,4,22,5.5,否
蔬果,0.306,2.94,9.6,否
蔬果,3.056,36.61,11.98,否
洗化,1,18.9,18.9,否
蔬果,0.86,17.2,20,否
休闲,1,3.7,3.7,否
日配,0.798,5.41,6.78,否
粮油,0.454,2.7,6.8,是
粮油,1,11.9,11.9,否
冲调,1,24.5,30.7,是
粮油,1,17.3,17.3,否
粮油,1,1.7,1.7,否
洗化,1,7.9,9.5,是
蔬果,0.268,1.12,3.96,否
蔬果,1.06,6.32,5.96,否
蔬果,0.386,6.17,15.98,否
粮油,1,6.3,6.3,否
蔬果,0.364,1.82,5,否
蔬果,1.727,3.38,1.96,否
肉禽,0.178,4.59,25.8,否
蔬果,0.332,1.85,5.56,否
蔬果,1,4.98,4.98,否
粮油,1,7.7,7.7,否
冲调,1,13.9,23.7,是
日配,1,1.8,1.8,否
休闲,1,6.5,6.5,否
休闲,1,2.7,2.7,否
冲调,1,3,3,否
蔬果,1.832,3.3,1.8,否
熟食,0.001,0.02,20,否
日配,16,39.9,2.8,是
粮油,1.032,5.7,6.98,是
蔬果,0.368,1.47,4,否
蔬果,0.5,0.74,1.48,否
日配,1,10.9,13.3,是
日配,1,9.7,9.7,否
粮油,1,6.7,6.7,否
蔬果,0.404,3.88,9.6,否
粮油,1,0.5,0.5,否
家居,1,3.5,4.5,是
休闲,1,39.8,39.8,否
冲调,1,24.5,30.7,是
休闲,1,3.9,5.9,是
蔬果,0.22,1.32,6,否
蔬果,2.896,27.1,11.98,否
蔬果,0.574,3.33,5.8,否
休闲,1,5.9,5.9,否
冲调,-1,-23.9,23.9,否
冲调,1,17.3,17.3,否
粮油,1,7.9,8.2,是
蔬果,0.75,7.2,9.6,否
日配,1,43.9,66,是
休闲,0.094,9.17,97.6,否
蔬果,0.896,4.48,5,否
休闲,1,2.7,2.7,否
肉禽,0.48,12.38,25.8,否
蔬果,2,9.96,4.98,否
洗化,1,12.9,14.9,是
冲调,1,163,163,否
家居,1,12,12,否
冲调,1,29.9,35.7,是
日配,1,3.3,3.9,是
蔬果,0.238,1.33,5.6,否
休闲,1,12,12,否
休闲,1,3.5,3.5,否
洗化,1,39.9,39.9,否
蔬果,0.346,1.38,4,否
休闲,1,5.5,5.5,否
洗化,1,12.9,12.9,否
家居,1,24,24,否
蔬果,0.942,1.7,1.8,否
日配,1,5.9,6.9,是
蔬果,0.35,2.73,7.8,否
蔬果,0.33,2.97,9,否
日配,24,66,3.5,是
休闲,1,5.9,5.9,否
休闲,1,13.5,13.5,否
日配,1,6.9,6.9,否
粮油,1,2.9,2.9,否
洗化,1,8.9,8.9,否
蔬果,0.355,3.54,9.96,否
蔬果,0.518,1.53,2.96,否
蔬果,2.846,34.1,11.98,否
家电,1,25,38,是
粮油,12,38.4,3.2,否
蔬果,0.224,2.15,9.6,否
休闲,1,5.3,5.3,否
蔬果,1,1.5,1.5,否
熟食,0.28,5.6,20,否
粮油,1,9.9,9.9,否
粮油,1,10.5,12.3,否
粮油,1,12.9,12.9,否
休闲,1,4.3,4.3,否
休闲,1,7.9,7.9,否
蔬果,0.78,3.09,3.96,否
蔬果,0.269,1.07,3.96,否
休闲,1,12.9,12.9,否
粮油,1,3.9,3.9,否
日配,5,315,63,否
肉禽,0.156,4.02,25.8,否
冲调,1,23.9,23.9,否
蔬果,0.148,1.5,5.56,否
蔬果,0.394,1.56,3.96,否
休闲,1,6.8,6.8,否
蔬果,2.088,8.35,4,否
肉禽,0.164,4.56,27.8,否
粮油,1,4.3,4.3,否
休闲,1,13.9,13.9,否
粮油,1,28.9,28.9,否
洗化,1,1.7,1.7,否
粮油,1,0.5,0.5,否
蔬果,0.472,7.5,15.9,否
蔬果,0.278,2.67,9.6,否
蔬果,0.578,1.48,2.56,否
休闲,1,10.4,10.4,否
蔬果,1.348,8.03,5.96,否
休闲,0.106,8.44,79.6,否
蔬果,0.372,3.57,9.6,否
休闲,1,20.9,20.9,否
洗化,1,18.9,24.9,是
日配,1,14.5,16.9,是
蔬果,0.468,3.07,6.56,否
针织,1,25,25,否
日配,0.858,5.82,6.78,否
粮油,1,0.5,0.5,否
洗化,1,3.9,3.9,否
休闲,1,45,53,是
休闲,1,17.9,19.9,是
日配,1,14.9,18.7,是
洗化,1,8.9,8.9,否
洗化,1,6,6,否
蔬果,0.704,1.38,1.96,否
蔬果,0.322,1.79,5.56,否
肉禽,0.392,11.68,29.8,否
蔬果,0.338,1,2.96,否
蔬果,0.263,1.47,5.6,否
日配,12,39.9,4.4,是
洗化,1,3.9,3.9,否
冲调,1,3,3,否
休闲,0.408,7.26,17.8,否
粮油,1,6.8,6.8,否
休闲,1,6,6,否
熟食,0.528,18.8,35.6,否
日配,1,8.9,12.9,是
粮油,1,20.3,20.3,否
洗化,1,7.7,7.7,否
休闲,0.732,43.77,59.8,否
蔬果,0.413,2.71,6.56,否
休闲,1,3.7,3.7,否
洗化,1,16.8,16.8,否
粮油,1,2.8,2.8,否
家居,1,10,10,否
冲调,-1,-23.9,23.9,否
蔬果,1.184,21.08,17.8,否
洗化,1,18.7,18.7,否
洗化,1,3.9,3.9,否
蔬果,1,4.98,4.98,否
日配,16,39.9,2.8,是
休闲,0.188,4.4,29.8,是
休闲,0.312,8.67,33.8,是
家居,1,6,6,否
休闲,1,1.9,1.9,否
休闲,1,3.5,4.9,是
蔬果,0.34,3.39,9.96,否
休闲,1,6.2,6.2,否
蔬果,0.334,2.61,7.8,否
蔬果,1.744,31.04,17.8,否
休闲,0.14,1.67,13.8,是
蔬果,0.292,1.69,5.8,否
蔬果,1.672,15.05,9,否
肉禽,0.354,9.84,27.8,否
蔬果,0.828,1.49,1.8,否
粮油,1,2,4.5,是
日配,1,9.9,15.5,是
蔬果,0.416,1.65,3.96,否
熟食,4,2,0.5,否
蔬果,0.168,1.37,6.56,否
休闲,0.184,6.2,39.8,是
蔬果,0.28,1.12,5.8,否
蔬果,1.498,3,2,否
蔬果,3.514,42.1,11.98,否
日配,1.076,7.3,6.78,否
蔬果,2.132,25.54,11.98,否
蔬果,1.436,8.56,5.96,否
蔬果,0.25,0.74,2.96,否
粮油,1,1.5,1.5,否
洗化,1,9.5,16.9,是
洗化,1,12.9,15.9,是
蔬果,2,3,1.5,否
休闲,0.216,9.85,45.6,否
家居,1,3,3,否
休闲,1,6.5,6.5,否
冲调,1,39.9,56,是
家居,1,5.5,5.5,否
休闲,0.324,15.49,47.8,否
休闲,0.214,29.53,138,否
蔬果,0.22,1.22,5.56,否
粮油,1,22.9,22.9,否
熟食,4,2,0.5,否
洗化,1,17.9,23.9,是
蔬果,3.148,37.71,11.98,否
洗化,1,48.9,48.9,否
日配,1,5.9,5.9,否
家居,1,8.5,8.5,否
肉禽,0.322,9.6,29.8,否
酒饮,5,60,12,否
蔬果,0.2,1.6,7.98,否
休闲,1,7.3,7.3,否
休闲,1,2.9,2.9,否
休闲,1,10.9,10.9,否
粮油,3,6.9,2.3,否
酒饮,1,6.9,6.9,否
洗化,1,6.9,7.2,是
肉禽,0.556,16.57,29.8,否
粮油,1,6.7,6.7,否
日配,1,17.9,17.9,否
休闲,1,13.6,13.6,否
休闲,1,9.7,9.7,否
蔬果,0.735,1.44,1.96,否
肉禽,0.178,14.24,80,否
蔬果,0.392,3.12,7.96,否
粮油,1,2.8,2.8,否
粮油,1,4.8,4.8,否
蔬果,0.442,5.3,12,否
蔬果,0.134,2.09,15.6,否
蔬果,0.406,2.66,6.56,否
休闲,1,5.9,5.9,否
蔬果,0.546,9.61,17.6,否
蔬果,0.705,1.8,2.56,否
冲调,1,49,60.3,是
家居,1,9.9,15,是
蔬果,0.428,2.48,5.8,否
蔬果,0.892,3.53,3.96,否
日配,2,22,11,否
蔬果,0.55,3.61,6.56,否
粮油,10,69,7.9,是
蔬果,0.622,34.83,56,否
洗化,1,15.9,21.9,是
粮油,4.82,26.9,5.58,否
酒饮,6,15,2.5,否
冲调,1,51.3,51.3,否
粮油,1,14.7,14.7,否
肉禽,0.522,9.19,17.6,否
蔬果,0.696,8.34,11.98,否
休闲,1,28.9,28.9,否
洗化,1,4.7,4.7,否
日配,1,10.7,10.7,否
蔬果,0.202,0.4,2,否
粮油,1,40.9,38.9,是
粮油,5,8.5,1.7,否
休闲,0.254,5.03,19.8,否
蔬果,0.897,15.97,17.8,否
蔬果,0.562,0.99,1.76,否
粮油,4.775,26.64,5.58,否
粮油,2,13.6,6.8,否
冲调,1,10.9,17.3,是
粮油,1,2,2,否
肉禽,0.294,8.17,27.8,否
粮油,4,4.8,1.3,否
洗化,1,30.9,30.9,否
肉禽,0.262,20.96,80,否
蔬果,0.232,1.39,6,否
蔬果,0.964,3.07,3.18,否
粮油,1,8.9,8.9,否
休闲,1,17.9,19.9,是
肉禽,1.27,45.47,35.8,否
休闲,1,11.9,11.9,否
粮油,4,2,0.5,否
蔬果,1,20,20,否
冲调,1,56,59,是
休闲,1,5,5.9,是
蔬果,4,8,2,否
酒饮,1,10,10,否
酒饮,1,14,14,否
日配,1,14.9,14.9,否
粮油,1,5.2,6.7,是
日配,16,26.9,2.2,是
日配,1,2.5,2.5,否
日配,1,11.3,11.3,否
蔬果,0.352,2.11,6,否
熟食,0.15,4.2,28,否
蔬果,1,49.8,59,否
休闲,1,19.9,19.9,否
日配,1,15.9,15.9,否
粮油,0.196,7.41,37.8,否
日配,1,37.9,37.9,否
粮油,1,2.3,2.3,否
粮油,1,6.9,6.9,否
蔬果,0.743,5,2.56,否
蔬果,0.512,2.97,5.8,否
蔬果,0.306,5.14,16.8,否
粮油,1,1.3,1.3,否
肉禽,0.396,11.8,29.8,否
蔬果,0.51,1.32,2.58,否
酒饮,1,4.9,4.9,否
粮油,6,41.4,7.9,是
日配,1,43.9,66,是
日配,1,6.9,6.9,否
休闲,1,5.8,5.8,否
休闲,1,5.9,5.9,否
蔬果,0.412,2.39,5.8,否
冲调,1,14.9,20.3,是
冲调,1,14.9,20.3,是
粮油,1,7.3,7.3,否
洗化,1,13.9,14.9,是
蔬果,2.972,22.59,7.6,否
肉禽,0.264,7.87,29.8,否
洗化,1,2.9,2.9,否
针织,1,37,37,否
日配,1,7.5,9.7,是
日配,16,36.8,2.7,是
休闲,1,3.5,3.5,否
蔬果,0.814,1.47,1.8,否
蔬果,0.518,1.53,2.96,否
熟食,0.642,12.84,20,否
日配,0.76,5.15,6.78,否
蔬果,0.064,0.38,5.98,否
蔬果,0.316,1.9,6,否
休闲,0.238,11.38,47.8,否
粮油,1,15.3,15.3,否
粮油,0.29,3.42,11.8,否
洗化,1,7.9,7.9,否
蔬果,1.322,6.58,4.98,否
蔬果,0.83,2.14,2.58,否
蔬果,0.524,2.62,5,否
休闲,0.418,6.6,19.6,是
洗化,3,17.7,5.9,否
休闲,1,9.7,9.7,否
蔬果,0.376,3.76,10,否
蔬果,1.478,26.31,17.8,否
肉禽,0.39,11.62,29.8,否
蔬果,0.336,2.51,7.47,否
日配,15,26.9,2.4,是
熟食,0.116,2.32,20,否
酒饮,10,140,14,否
洗化,1,7.7,7.7,否
蔬果,0.216,1.68,7.76,否
日配,1,32.9,40.9,是
日配,1,16.3,16.3,否
蔬果,0.72,2,2.78,否
粮油,1,6.7,6.7,否
粮油,1,3.5,4.5,是
休闲,1,29.9,29.9,否
酒饮,1,59,59,否
蔬果,0.374,0.96,2.58,否
日配,1,6.9,6.9,否
肉禽,0.182,5.06,27.8,否
酒饮,1,14,14,否
蔬果,1.714,10.22,5.96,否
休闲,1,6.9,6.9,否
洗化,1,17.9,17.9,否
蔬果,0.352,3.38,9.6,否
洗化,1,12.9,17.9,是
日配,1.524,10.33,6.78,否
洗化,1,19.9,24.9,是
水产,0.368,5.15,14,否
蔬果,0.636,12.59,19.8,否
蔬果,0.386,3.62,6.56,否
粮油,0.514,19.43,37.8,否
冲调,1,3,3,否
粮油,1,6.9,7.9,是
蔬果,0.612,9.78,15.98,否
日配,1.468,9.95,6.78,否
休闲,1,4.5,4.5,否
酒饮,1,3,3,否
日配,48,196,5.5,是
洗化,3,12.6,5.9,是
日配,0.708,4.8,6.78,否
休闲,0.196,13.33,68,否
熟食,0.222,8.88,40,否
家居,1,5.9,8,是
粮油,1,7.9,7.9,否
休闲,1,7.9,7.9,否
休闲,1.35,16.17,13.8,是
蔬果,0.494,1.27,2.58,否
蔬果,0.182,0.36,2,否
洗化,1,18.9,18.9,否
冲调,1,16.9,24.3,是
粮油,1,11.9,11.9,否
日配,1,11,11,否
蔬果,0.254,4.57,18,否
休闲,0.472,5.5,19.6,是
日配,1.204,23.81,19.8,否
肉禽,0.782,23.3,29.8,否
肉禽,0.302,9,29.8,否
水产,0.264,7.92,30,否
粮油,0.122,2.42,19.8,否
针织,1,20,23,是
粮油,1,4.9,6.9,是
蔬果,0.232,5.01,21.6,否
粮油,2,13.8,6.9,否
蔬果,0.4,2.39,5.98,否
休闲,1,3.2,3.2,否
肉禽,0.262,7.81,29.8,否
粮油,0.314,6.78,21.6,否
蔬果,0.988,2.92,2.96,否
休闲,1,18.9,23.9,是
蔬果,0.51,1.32,2.58,否
粮油,1,21.9,21.9,否
蔬果,0.506,1.5,2.96,否
日配,1.416,9.6,6.78,否
蔬果,1.756,21.07,12,否
蔬果,1,4.98,4.98,否
蔬果,0.812,13.64,16.8,否
蔬果,0.452,2.51,5.56,否
粮油,3,3.9,1.3,否
粮油,1,2.9,2.9,否
日配,1.554,10.54,6.78,否
粮油,1,10.5,12.3,否
蔬果,0.186,1.86,10,否
休闲,0.232,2.73,21.6,是
熟食,0.242,4.84,20,否
熟食,0.518,10.36,20,否
粮油,1,2.9,2.9,否
冲调,1,49,60.3,是
粮油,1,3.7,3.7,否
粮油,1,1.5,1.5,否
蔬果,0.594,1.53,2.58,否
洗化,3,14.7,4.9,否
酒饮,2,246,138,是
粮油,1,79.9,87.9,是
洗化,1,12.9,15.9,是
休闲,1,8.5,8.5,否
蔬果,1,5.8,5.8,否
熟食,0.33,29.7,90,否
熟食,0.66,3.96,6,否
粮油,1,3.9,3.9,否
粮油,1,4.7,4.7,否
冲调,1,10.9,17.3,是
蔬果,0.528,3.16,9.6,否
休闲,1,28.9,45.9,是
蔬果,0.31,1.55,5,否
粮油,0.126,3.28,26,否
粮油,1,33.9,33.9,否
日配,1,9.7,9.7,否
休闲,0.126,1.7,19.8,是
蔬果,0.606,1.09,1.8,否
日配,15,39.9,3.6,是
蔬果,0.162,2.53,15.6,否
休闲,0.34,13.53,49.8,是
粮油,1,35.9,35.9,否
蔬果,1.176,3.74,3.18,否
日配,1.358,9.21,6.78,否
粮油,0.21,18.86,89.8,否
日配,0.798,5.41,6.78,否
蔬果,0.426,1.1,2.58,否
粮油,1,7.7,7.7,否
蔬果,0.442,0.88,1.98,否
日配,1,20.3,20.3,否
蔬果,0.692,1.02,1.48,否
蔬果,0.8,9.6,12,否
蔬果,0.288,2.29,7.96,否
蔬果,0.228,1.81,7.96,否
针织,1,40,40,否
蔬果,0.614,4.67,7.6,否
蔬果,0.852,10.21,11.98,否
熟食,0.162,12.31,76,否
粮油,2,13.6,6.8,否
冲调,1,3,3,否
熟食,0.512,3.07,6,否
粮油,0.534,3.19,10.8,是
家居,1,8,8,否
日配,1,6.7,6.7,否
蔬果,0.58,1.49,1.76,否
日配,24,58.8,3,是
日配,1,6.9,6.9,否
日配,0.768,5.21,6.78,否
肉禽,0.4,11.92,29.8,否
蔬果,0.146,3.97,27.2,否
酒饮,6,59.4,12,是
日配,1,63,63,否
日配,1,12.3,12.3,否
蔬果,0.246,1.91,7.76,否
日配,0.272,8.87,32.6,否
熟食,0.178,16.02,90,否
酒饮,1,11.9,14,是
休闲,0.938,18.5,23.8,是
肉禽,1.03,28.63,27.8,否
蔬果,0.354,4.25,12,否
休闲,0.296,2.9,15.8,是
休闲,1,2.5,2.5,否
粮油,1,56,69.9,是
休闲,1,4.3,4.3,否
蔬果,0.29,1.61,5.56,否
蔬果,0.404,2.02,5,否
粮油,1,2.3,2.3,否
蔬果,1.266,20.21,15.96,否
日配,1,8.9,12.9,是
粮油,1,2.7,2.7,否
烘焙,0.21,3.36,16,否
粮油,1,3.8,3.8,否
日配,15,26.9,2.4,是
酒饮,10,120,12,否
冲调,1,18.9,25.7,是
酒饮,1,2.2,2.2,否
日配,1,5.9,8.3,是
蔬果,0.65,3.25,5,否
粮油,4.244,17.82,4.2,否
粮油,1,50.9,50.9,否
休闲,0.29,4.5,23.8,是
蔬果,2,3,1.5,否
洗化,1,8.9,8.9,否
熟食,0.495,2.97,6,否
粮油,1,8.9,8.9,否
熟食,0.288,1.44,5,否
蔬果,0.298,1.66,5.56,否
日配,1.398,9.48,6.78,否
洗化,1,11.9,15.5,是
酒饮,1,2.8,2.8,否
休闲,1,5.3,5.3,否
蔬果,0.461,2.58,5.6,否
粮油,1,62.9,74.9,是
日配,16,29,2.8,是
休闲,1,7.9,9.3,是
蔬果,0.806,20.15,25,否
蔬果,0.294,2.65,9,否
蔬果,1.144,4.58,4,否
蔬果,0.324,1.88,5.8,否
蔬果,0.32,2.5,7.8,否
洗化,1,3.9,3.9,否
蔬果,0.25,1.4,5.6,否
蔬果,0.518,1.33,2.56,否
蔬果,0.308,3.68,18,否
文体,1,1.8,1.8,否
日配,0.696,4.72,6.78,否
休闲,1,6.9,6.9,否
洗化,1,14.9,16.9,是
蔬果,1.996,7.94,3.98,否
休闲,1,6.9,6.9,否
蔬果,2,3,1.5,否
家居,1,5.9,8,是
粮油,1,18.9,24.9,是
日配,1,148,155,是
粮油,1,6.9,7.9,是
蔬果,1.284,2.54,1.98,否
日配,0.81,5.49,6.78,否
休闲,1,4.7,4.7,否
肉禽,0.254,7.57,29.8,否
家居,1,10,10,否
日配,1,55,65,是
蔬果,0.43,1.7,3.96,否
日配,1,7.5,7.5,是
蔬果,0.58,3.25,5.6,否
日配,12,39.9,5.5,是
休闲,0.306,3.6,19.8,是
粮油,1,9.5,9.9,否
休闲,1,13.5,13.5,否
蔬果,0.208,1.04,5,否
肉禽,0.562,10.68,19,否
肉禽,0.484,13.46,27.8,否
蔬果,0.685,1.75,2.56,否
日配,1,43.9,66,是
日配,1.404,9.52,6.78,否
蔬果,0.589,3.76,6,否
蔬果,0.412,1.05,2.56,否
蔬果,0.444,7.1,16,否
休闲,1,1.2,1.2,否
蔬果,1.044,18.58,17.8,否
蔬果,1.384,3.54,2.56,否
洗化,1,13.9,15.9,是
日配,1,8.5,10.3,是
洗化,1,10.5,19.7,是
蔬果,0.664,7.95,11.98,否
蔬果,0.374,3.59,9.6,否
蔬果,1.974,6.28,3.18,否
蔬果,0.496,1.96,3.96,否
粮油,1,4.3,4.3,否
蔬果,0.258,0.72,2.78,否
休闲,1,2.9,2.9,否
休闲,1,2.7,2.9,否
洗化,1,11.5,18.9,是
蔬果,0.476,1.9,4,否
休闲,1,4.7,4.7,否
休闲,1,5.3,5.3,否
粮油,1,7.9,7.9,否
休闲,0.238,12.28,51.6,否
休闲,0.266,6.86,35.8,是
日配,1,11.9,11.9,否
肉禽,0.338,10.07,29.8,否
休闲,1,11.8,11.8,否
休闲,1,3.3,3.3,否
酒饮,3,198,66,否
休闲,0.216,2.1,15.8,是
休闲,2,23.8,13.9,是
洗化,1,22.9,22.9,否
蔬果,0.209,0.42,2,否
日配,0.776,5.26,6.78,否
休闲,1,14.3,14.3,否
酒饮,6,24,4,否
熟食,0.001,0.02,20,否
粮油,1,2.3,2.3,否
休闲,1,1,1,否
蔬果,0.324,1.3,4,否
酒饮,1,2.2,2.2,否
肉禽,2.077,41.12,19.8,否
日配,1,6.9,9.5,是
肉禽,0.57,14.71,25.8,否
粮油,1,7.9,7.9,否
粮油,1,9.9,9.9,否
休闲,1,5.9,5.9,否
粮油,1,3.2,3.2,否
休闲,0.696,24.9,39.8,是
肉禽,0.45,12.51,27.8,否
蔬果,0.132,2.38,18,否
冲调,1,25.3,25.3,否
日配,1.466,9.94,6.78,否
蔬果,0.446,4.01,9,否
日配,1.04,19.97,19.2,否
洗化,1,16.5,19.9,是
日配,1,16.3,16.3,否
休闲,1,13.9,16.3,是
休闲,0.332,7.9,23.8,否
休闲,1,13.9,13.9,否
休闲,1,15.9,17.9,是
日配,1,7.5,7.5,是
蔬果,0.578,5.55,9.6,否
粮油,1,89.9,109,是
蔬果,0.506,2,3.96,否
粮油,1,0.5,0.5,否
休闲,1,3.3,3.3,否
粮油,1,6.9,6.9,否
洗化,1,13.9,13.9,否
蔬果,0.826,2.11,2.56,否
蔬果,2.585,10.24,3.96,否
休闲,1.702,20,15.6,是
休闲,1,4,4,否
蔬果,1.282,15.38,12,否
休闲,1,6,6,否
休闲,1,3.9,3.9,否
肉禽,0.314,9.36,29.8,否
粮油,0.116,3.02,26,否
粮油,1,6.9,6.9,否
家居,1,2.5,2.5,否
熟食,0.21,8.4,40,否
肉禽,1.686,77.56,46,否
粮油,0.5,11.2,22.4,否
休闲,1,13.5,13.5,否
粮油,1,4.2,4.2,否
休闲,1,5.3,5.3,否
休闲,1,5.5,5.5,否
蔬果,2.074,12.36,5.96,否
休闲,1,3.5,3.5,否
蔬果,0.346,3.45,9.96,否
蔬果,0.417,1.67,4,否
休闲,1,4,4,否
蔬果,2,3,1.5,否
休闲,1,4.2,4.2,否
酒饮,1,11.9,14,是
日配,0.874,5.93,6.78,否
蔬果,0.346,2.01,5.8,否
冲调,1,24.3,24.3,否
粮油,1,89.9,109,是
日配,1,12.9,19.3,是
休闲,1,19.9,21.9,是
日配,1,55,65,是
熟食,0.354,7.08,20,否
休闲,1,17.9,19.9,是
休闲,1,3.9,3.9,否
蔬果,1.326,3.42,2.58,否
休闲,1,8.9,8.9,否
休闲,0.496,21.7,51.8,是
日配,1,38.9,38.9,否
粮油,1,6.9,6.9,否
蔬果,0.31,0.62,2,否
休闲,1,17.9,19.9,是
冲调,1,25.5,30.9,是
蔬果,1,3.5,10,否
日配,0.732,4.96,6.78,否
粮油,1,4.3,4.3,否
休闲,1,6.5,6.5,否
粮油,1,5.3,5.3,否
休闲,1,14.5,14.5,否
肉禽,0.374,11.15,29.8,否
休闲,1,8.5,8.5,否
休闲,1,20.9,20.9,否
水产,0.304,9.12,30,否
休闲,1,7.9,7.9,否
洗化,1,5.9,5.9,否
蔬果,0.643,3.73,5.8,否
肉禽,1.942,69.52,35.8,否
粮油,1,5.9,5.9,否
粮油,1,8.9,8.9,否
日配,1,49,65,是
粮油,1,6.8,6.8,否
休闲,0.584,6.42,11.8,是
家居,1,100,100,否
肉禽,1.22,31.48,25.8,否
蔬果,0.67,6.03,9,否
休闲,1,9,9,否
日配,5,32,6.4,否
家居,1,6,6,否
粮油,1,4.9,4.9,否
休闲,0.526,5.15,15.8,是
洗化,10,30,3.7,是
蔬果,0.52,4.14,2.58,否
休闲,1,4.5,4.5,否
粮油,1,18.9,25.3,是
冲调,1,22.5,28,是
日配,0.754,5.11,6.78,否
粮油,1,20.9,33.7,是
蔬果,0.688,2.72,3.96,否
蔬果,0.344,2.67,7.76,否
蔬果,0.909,2.33,2.56,否
休闲,1,11.9,14.3,是
休闲,1,3.5,3.5,否
休闲,0.05,1.99,39.8,否
日配,12,49,5.5,是
冲调,1,49.9,56,是
蔬果,0.226,1.35,5.98,否
粮油,1,6.8,6.8,否
日配,1,12.9,12.9,否
蔬果,0.178,1.71,9.6,否
冲调,1,13.9,18.9,是
休闲,1,32.9,33.9,是
休闲,0.266,6.33,23.8,否
蔬果,0.558,2.79,5,否
洗化,1,15.9,24.9,是
粮油,1,2.8,2.8,否
粮油,1,7.9,7.9,否
日配,0.406,13.24,32.6,否
蔬果,0.408,1.55,3.8,否
蔬果,0.784,1.41,1.8,否
肉禽,0.25,20,80,否
休闲,1,17.9,19.9,是
蔬果,0.298,1.95,6.56,否
粮油,1,6.9,7.9,是
蔬果,0.408,1.05,2.58,否
肉禽,1.062,50.76,47.8,否
休闲,1,45,53,是
粮油,1,7.9,7.9,否
日配,1,9.5,9.9,是
蔬果,0.266,4.47,16.8,否
洗化,1,7.9,7.9,否
休闲,1,4.9,4.9,否
粮油,1,3.2,3.3,否
肉禽,0.186,5.54,29.8,否
熟食,0.264,10.56,40,否
休闲,0.184,2.1,19.6,是
休闲,0.648,18,39.6,是
粮油,0.486,10.89,22.4,否
肉禽,0.48,22.08,46,否
休闲,1,19.9,19.9,否
蔬果,0.157,0.94,5.98,否
休闲,1.382,16.3,15.6,是
日配,1,55,65,是
休闲,0.698,8.23,15.6,是
休闲,0.19,1.82,15.8,是
冲调,1,59,76,是
休闲,1,17.5,17.5,否
肉禽,0.602,15.53,25.8,否
肉禽,4.258,109.86,25.8,否
蔬果,1.606,19.24,11.98,否
肉禽,0.558,9.82,17.6,否
粮油,1,20.9,33.7,是
日配,0.82,5.56,6.78,否
蔬果,0.39,4.68,12,否
休闲,0.398,6.2,23.8,是
粮油,1,12.9,12.9,否
粮油,1,2.9,2.9,否
洗化,1,4,5.9,是
蔬果,2.008,35.34,17.6,否
洗化,1,12.9,18.7,是
休闲,0.046,2.38,51.8,否
蔬果,0.118,1.42,12,否
蔬果,1.106,3.49,3.16,否
蔬果,0.382,0.99,2.58,否
日配,1,10.8,14.9,是
休闲,1,3.5,3.5,否
蔬果,0.65,2.07,3.18,否
休闲,1,17.9,19.9,是
肉禽,0.288,5.64,19.6,否
日配,1,8.9,8.9,否
粮油,1,2.3,2.3,否
休闲,1,3.9,3.9,否
肉禽,1.016,36.37,35.8,否
日配,1,12.9,12.9,否
冲调,1,56,59,是
休闲,1,13.9,13.9,否
休闲,0.348,13.8,49.8,是
肉禽,0.418,14.96,35.8,否
水产,0.574,4.58,7.98,否
休闲,1,5.9,5.9,否
洗化,1,3.9,3.9,否
肉禽,2.268,58.51,25.8,否
肉禽,0.898,41.31,46,否
日配,12,49,5.5,是
肉禽,0.658,13.03,19.8,否
蔬果,0.722,1.42,1.96,否
蔬果,2.5,14.9,5.96,否
家居,1,8.9,13,是
日配,6,12,2,否
日配,1,2.2,2.2,否
蔬果,0.362,1.07,2.96,否
日配,1.404,9.52,6.78,否
日配,1,43.9,66,是
蔬果,0.666,2.64,3.96,否
蔬果,0.266,0.66,2,否
蔬果,4,8,2,否
休闲,0.364,24.7,68,否
蔬果,0.144,2.25,15.6,否
蔬果,0.428,3.34,7.8,否
休闲,1,19.9,21.9,是
休闲,1,11.9,14.3,是
日配,1,11.9,11.9,否
水产,0.586,17.58,30,否
水产,1.596,50.75,31.8,否
粮油,1,3.3,5.9,是
休闲,1,5.9,5.9,否
洗化,1,9.9,14.7,是
蔬果,0.84,8.06,9.6,否
日配,1,43.9,66,是
休闲,1,32.9,33.9,是
蔬果,0.954,6.26,6.56,否
蔬果,0.539,1.6,2.96,否
休闲,0.404,5.22,13.8,是
休闲,1,15.9,15.9,否
洗化,1,4.7,4.7,否
针织,1,4.9,4.9,否
蔬果,1,1.5,1.5,否
洗化,1,39.9,39.9,否
粮油,1,3.8,3.8,否
蔬果,0.442,0.8,1.8,否
日配,16,36.8,2.7,是
家居,1,4,4,否
蔬果,1.605,5.1,3.18,否
粮油,1,8.5,8.5,否
休闲,1,3.3,3.3,否
粮油,1,11.9,11.9,否
蔬果,0.3,5.4,18,否
粮油,1,2.7,2.7,否
蔬果,0.616,3.07,4.98,否
粮油,1,29.9,30.9,是
日配,0.666,11.85,17.8,否
休闲,1,2.7,2.7,否
蔬果,0.7,2.07,2.96,否
休闲,1,3.9,3.9,否
洗化,1,9.9,13.9,是
冲调,1,37.9,37.9,否
粮油,1,0.5,0.5,否
粮油,1,2.9,2.9,否
粮油,1,65.9,79.9,是
粮油,1,14.9,14.9,否
休闲,1,7.5,7.9,是
蔬果,0.552,2.19,3.96,否
蔬果,0.975,3.08,3.16,否
粮油,1,3.9,3.9,否
肉禽,0.334,9.95,29.8,否
蔬果,0.422,1.08,2.56,否
日配,12,58.8,4.9,否
粮油,1,23.9,23.9,否
家居,1,19.9,30,是
粮油,1,89.9,109,是
冲调,1,24.5,30.7,是
休闲,1,3.5,3.5,否
酒饮,1,9.5,11.7,是
蔬果,1.943,4.97,2.56,否
蔬果,0.706,1.13,1.6,否
日配,1,14.5,16.9,是
冲调,1,49,59.3,是
休闲,1,5.9,5.9,否
洗化,1,8.9,8.9,否
休闲,0.228,10.9,47.8,否
休闲,0.096,5.18,54,否
肉禽,1.652,59.14,35.8,否
肉禽,0.658,23.56,35.8,否
休闲,1,12.9,12.9,否
酒饮,1,8.9,8.9,否
蔬果,1.114,2.23,2,否
粮油,1,3.7,3.7,否
洗化,1,22.9,22.9,否
日配,1.658,11.24,6.78,否
日配,24,58.8,3,是
肉禽,0.512,18.33,35.8,否
蔬果,0.624,3.48,5.8,否
肉禽,1.934,49.9,25.8,否
蔬果,0.452,2.71,6,否
蔬果,2.12,8.4,3.96,否
蔬果,0.312,2.05,6.56,否
日配,2.454,16.64,6.78,否
粮油,1,2.5,2.5,否
酒饮,9,432,59,是
蔬果,0.714,11.4,15.96,否
粮油,1,6.7,6.7,否
休闲,1,4,4,否
休闲,0.634,18.37,35,是
蔬果,0.416,1.9,2.96,否
休闲,1,5.8,5.8,否
蔬果,0.192,1.07,5.56,否
蔬果,1.354,2.65,1.96,否
粮油,1,8.2,8.2,否
日配,1,43.9,66,是
粮油,1,3.3,3.3,否
洗化,1,9.9,14.9,是
粮油,4,27.2,6.8,否
蔬果,0.416,2.08,5,否
蔬果,0.227,0.67,2.96,否
蔬果,1.182,3.05,2.58,否
熟食,0.262,5.24,20,否
休闲,1,3.7,3.7,否
休闲,1,8.9,8.9,否
酒饮,1,13.8,13.8,否
休闲,1,3.5,3.5,否
蔬果,0.61,2.42,3.96,否
蔬果,0.316,3.03,9.6,否
粮油,1,4.9,4.9,否
粮油,1,5.7,5.7,否
粮油,1,8.2,8.2,否
蔬果,0.174,0.97,5.56,否
蔬果,0.188,1.05,5.6,否
冲调,1,8.9,16.3,是
粮油,1,3.9,3.9,否
蔬果,0.902,5.92,6.56,否
休闲,1,0.5,0.5,否
休闲,0.108,9.48,87.8,否
酒饮,1,2,2,否
蔬果,0.304,2.42,7.96,否
蔬果,0.607,1.19,1.96,否
粮油,1,4.5,5.9,是
粮油,1,2.3,2.3,否
休闲,0.238,10.85,45.6,否
休闲,1,3.7,3.7,否
粮油,1,4.9,4.9,否
水产,0.526,16.73,31.8,否
休闲,1,3,3.4,是
蔬果,0.57,1.69,2.96,否
冲调,1,24.5,30.7,是
日配,12,58.8,4.9,否
蔬果,0.402,12.06,30,否
日配,1,11.8,11.8,否
蔬果,0.55,9.68,17.6,否
蔬果,2,3,1.5,否
粮油,4.403,24.57,5.58,否
粮油,1,5.7,5.7,否
冲调,1,49,60.3,是
酒饮,2,19,13.7,是
粮油,1,3.5,3.7,否
日配,2,29,16.9,是
日配,1,55,65,是
休闲,1,4.5,4.5,否
粮油,1,0.5,0.5,否
休闲,0.398,11,33.8,是
休闲,1,4.2,4.2,否
休闲,0.548,5.37,17.8,是
肉禽,1.022,47.01,46,否
日配,1,55,65,是
日配,1,4.3,4.3,否
休闲,1,4.5,4.5,否
休闲,1,45,53,是
酒饮,2,246,138,是
粮油,0.098,2.55,26,否
冲调,1,29.9,35.7,是
肉禽,1.24,59.27,47.8,否
粮油,1,20.9,33.7,是
冲调,1,24.3,24.3,否
休闲,0.22,13.16,59.8,否
蔬果,0.648,3.24,5,否
休闲,1,4.7,5.9,是
休闲,0.124,1.21,15.8,是
粮油,1,16.3,16.3,否
休闲,0.15,1.77,19.8,是
蔬果,0.486,2.92,6,否
家居,1,4,4,否
洗化,1,6.9,6.9,否
休闲,1,3.3,3.3,否
粮油,2,9.8,4.9,否
休闲,1.064,42.34,49.8,是
日配,1,8.9,12.9,是
蔬果,0.708,7.9,2,否
日配,1,13.9,13.9,否
洗化,1,13.9,13.9,否
蔬果,2,3,1.5,否
休闲,1.148,45.64,49.8,是
酒饮,1,13.8,13.8,否
日配,4,592,155,是
蔬果,0.392,3.53,9,否
粮油,1,1.7,1.7,否
蔬果,0.382,3.82,10,否
休闲,1,5.5,5.5,否
蔬果,2.166,4.25,1.96,否
休闲,1.358,54.04,49.8,是
休闲,0.24,11.95,49.8,否
洗化,20,60,3.7,是
冲调,1,22.3,22.3,否
粮油,1,16.3,16.3,否
肉禽,1.696,81.07,47.8,否
蔬果,0.48,1.42,2.96,否
粮油,0.276,3.26,11.8,否
粮油,12,44.4,3.7,否
粮油,1,7.7,7.7,否
休闲,0.176,7,49.8,是
休闲,1,9.3,10.9,是
肉禽,1.15,92,80,否
日配,16,26.9,2.2,是
休闲,1.322,17.18,13.8,是
洗化,1,12.9,12.9,否
蔬果,0.396,2.37,5.98,否
粮油,1,87.9,87.9,否
休闲,1,46,58,是
休闲,1,25,25,否
粮油,1,49.9,49.9,否
酒饮,1,6.5,6.5,否
酒饮,1,13.8,13.8,否
蔬果,0.254,1.67,6.56,否
蔬果,0.681,2.02,2.96,否
日配,1,9.9,9.9,否
蔬果,0.294,2.29,7.8,否
洗化,1,6.9,9.7,是
家居,1,3.5,3.5,否
熟食,0.592,3.55,6,否
蔬果,0.54,4.3,7.96,否
粮油,1,4.2,4.2,否
休闲,1,5.9,5.9,否
水产,0.384,11.52,30,否
休闲,1,17.9,17.9,否
休闲,0.288,2.8,17.8,是
蔬果,0.366,0.94,2.58,否
日配,1,9.7,9.7,否
蔬果,0.378,0.56,1.48,否
酒饮,1,12.8,12.8,否
日配,1,8.9,12.9,是
蔬果,0.072,0.86,12,否
蔬果,0.223,0.45,2,否
肉禽,1.016,26.21,25.8,否
熟食,0.63,3.78,6,否
日配,0.782,5.3,6.78,否
日配,1,8.9,12.9,是
蔬果,0.286,4.58,16,否
粮油,1,1.7,1.7,否
蔬果,0.632,18.96,30,否
日配,15,26.9,2.4,是
日配,5,32,6.4,否
休闲,1,6.9,6.9,否
蔬果,0.146,1.4,9.6,否
粮油,1,4.3,4.3,否
粮油,1,18.9,25.3,是
日配,0.47,8.37,17.8,否
蔬果,0.88,3.48,3.96,否
蔬果,0.516,2.89,5.6,否
粮油,1,17.3,17.3,否
蔬果,2,4,2,否
休闲,0.26,10.35,39.8,否
蔬果,1.169,6.97,5.96,否
粮油,1,4.3,4.3,否
日配,1,3.5,3.5,否
蔬果,0.334,4.13,9.6,否
蔬果,2.328,27.89,11.98,否
蔬果,1.217,4.84,3.98,否
洗化,1,14.9,16.9,是
冲调,1,24.5,30.7,是
洗化,1,7.9,10.9,是
日配,2,17,10.9,是
肉禽,0.474,14.13,29.8,否
蔬果,2,9.96,4.98,否
蔬果,0.964,5.78,16,否
休闲,1,5.3,5.3,否
粮油,1,4.3,4.3,否
洗化,1,15.9,24.9,是
日配,4,23.6,6.9,是
休闲,1,10.9,10.9,否
休闲,0.252,7.3,35,是
休闲,1,10.4,10.4,否
日配,1.13,21.45,19.2,否
粮油,1,8.5,8.5,否
粮油,1,1.9,1.9,否
洗化,1,42.7,42.7,否
肉禽,2.69,69.4,25.8,否
休闲,0.136,1.33,15.8,是
粮油,1,7.9,7.9,否
蔬果,1.21,4.82,3.98,否
蔬果,1.094,4.33,3.96,否
蔬果,0.51,2.02,3.96,否
针织,1,15.9,37,是
肉禽,1.028,18.09,17.6,否
蔬果,0.07,0.84,12,否
粮油,1,3.8,3.8,否
酒饮,6,59.4,12,是
肉禽,1.454,60.78,41.8,否
蔬果,1.131,4.48,3.96,否
粮油,1,3.8,3.8,否
蔬果,0.322,2.11,6.56,否
粮油,1,8.2,8.2,否
针织,1,16.5,16.5,否
针织,1,11.9,11.9,否
休闲,1,5.7,5.7,否
粮油,1,16.3,16.3,否
休闲,0.216,3.8,27.8,是
日配,1,8.9,12.9,是
蔬果,0.508,8.94,17.6,否
日配,1,16.8,16.8,否
日配,1,7.5,7.5,是
粮油,1,3.9,3.9,否
休闲,1,3.9,4,否
休闲,2,1,0.5,否
洗化,1,1.7,1.7,否
水产,0.436,13.08,30,否
蔬果,0.43,3.34,7.76,否
休闲,1,3.3,3.3,否
粮油,1,18.9,24.9,是
粮油,1,7.9,8.9,否
粮油,1,11.9,11.9,否
粮油,1,11,11,否
日配,1,8.9,8.9,否
休闲,1,8.6,8.6,否
日配,1.044,7.08,6.78,否
休闲,1,2.7,2.7,否
酒饮,1,8.9,8.9,否
洗化,1,13.9,15.9,是
粮油,1,6.8,6.8,否
蔬果,0.392,3.12,7.96,否
洗化,1,5.6,6.3,是
洗化,1,7.9,7.9,否
蔬果,0.116,1.11,9.6,否
粮油,1,2.3,2.3,否
粮油,1,2.8,2.8,否
蔬果,0.626,1.25,2,否
蔬果,0.8,1.6,2,否
休闲,1,4.9,4.9,否
粮油,1,6.9,6.9,否
蔬果,0.483,1.93,4,否
日配,1,14.9,14.9,否
蔬果,1.57,18.81,11.98,否
休闲,1,5.3,5.3,否
休闲,1,3.9,3.9,否
休闲,1,11.9,13.5,是
休闲,0.272,3.51,13.8,是
洗化,1,12.9,19.9,是
休闲,1,20,20,否
蔬果,0.41,1.62,3.96,否
蔬果,1.196,14.33,11.98,否
蔬果,0.484,4.82,9.96,否
洗化,1,9.9,13.9,是
蔬果,1.183,3.05,2.58,否
日配,1,7.3,7.3,否
酒饮,1,13.8,13.8,否
日配,12,39.9,4.4,是
休闲,1,23.9,27.9,是
休闲,1,6.9,6.9,否
蔬果,1,2,2,否
酒饮,1,13.9,13.9,否
肉禽,0.42,12.52,29.8,否
蔬果,1.383,3.54,2.56,否
休闲,1,13.9,13.9,否
蔬果,0.278,1.1,2.56,否
蔬果,0.07,0.84,12,否
休闲,1,4.5,4.5,否
蔬果,0.718,1.84,2.56,否
蔬果,0.895,1.75,1.96,否
蔬果,1.286,2.52,1.96,否
蔬果,2.05,4.02,1.96,否
粮油,1,7.9,7.9,否
蔬果,0.87,3.45,3.96,否
蔬果,-0.895,-1.75,1.96,否
蔬果,0.895,1.75,1.96,否
休闲,1,2.5,2.5,否
酒饮,1,2,2,否
休闲,1,11.9,13.5,是
休闲,0.836,9.82,19.6,是
休闲,1,17.9,19.9,是
粮油,1,3.9,3.9,否
熟食,0.358,7.16,20,否
蔬果,0.908,1.6,1.76,否
休闲,1,6.9,6.9,否
休闲,1,2.7,2.7,否
休闲,1,4.3,4.3,否
休闲,1,3.9,3.9,否
休闲,1,4.5,4.5,否
酒饮,1,7.7,7.7,否
水产,1,32.9,32.9,否
蔬果,0.814,1.63,2,否
休闲,0.288,26.38,110,是
休闲,0.302,12,49.8,是
休闲,0.234,9.27,39.6,否
酒饮,1,22,22,否
蔬果,0.516,4.11,7.96,否
蔬果,0.647,4.24,6.56,否
蔬果,0.152,1,6.56,否
粮油,1,14.9,20.3,是
熟食,0.376,2.26,6,否
蔬果,0.462,1.18,2.56,否
洗化,1,11.9,11.9,否
家居,1,7,7,否
粮油,1,2.8,2.8,否
洗化,1,6.9,6.9,否
休闲,1,5.5,5.5,否
熟食,2,2,1,否
休闲,1,3.9,3.9,否
休闲,1,3.7,3.7,否
蔬果,0.432,2.51,5.8,否
蔬果,0.664,1.31,1.98,否
粮油,1,8.9,8.9,否
蔬果,1.76,17.6,10,否
蔬果,0.188,1.23,6.56,否
蔬果,0.29,2.89,9.96,否
酒饮,1,1,2.3,是
蔬果,0.59,2.95,5,否
粮油,1,3.2,3.2,否
蔬果,0.27,2.69,9.96,否
蔬果,0.28,2.06,5.6,否
休闲,1,11.9,14.3,是
粮油,1,5.5,5.5,否
粮油,1,12.3,12.3,否
蔬果,0.586,9.84,16.8,否
熟食,0.262,5.24,20,否
蔬果,1.02,4.08,4,否
粮油,1,8.5,8.5,否
蔬果,0.513,1.01,1.96,否
蔬果,0.206,1.85,9,否
蔬果,0.574,0.92,1.6,否
蔬果,0.658,1.18,1.8,否
蔬果,1,2,2,否
休闲,0.354,16.92,47.8,否
粮油,0.356,7.69,21.6,否
粮油,1,8.2,8.2,否
蔬果,0.884,7.9,17.8,否
休闲,1,3.3,3.3,否
粮油,1,136,145,是
蔬果,1.104,13.23,11.98,否
蔬果,0.92,2.36,2.56,否
休闲,1,14.9,14.9,否
酒饮,2,13,6.5,否
粮油,1,2.9,2.9,否
粮油,1,21.8,21.8,否
休闲,1,5.5,5.5,否
休闲,1,17.9,19.9,是
休闲,1,1,1,否
粮油,2,4.6,2.3,否
肉禽,1.98,51.08,25.8,否
蔬果,0.608,3.04,5,否
蔬果,0.543,3.02,5.56,否
日配,1,1,1,否
休闲,1,3.5,3.5,否
日配,1,2.7,2.7,否
日配,1.996,38.32,19.2,否
蔬果,0.171,0.68,3.96,否
休闲,1,5.3,5.3,否
熟食,2,2,1,否
洗化,1,13.9,13.9,否
蔬果,2.526,30.26,11.98,否
洗化,1,9.9,15.9,是
蔬果,0.614,3.68,6,否
日配,1,8.9,8.9,否
粮油,1,12.3,12.3,否
休闲,1,3.5,4.3,是
肉禽,0.674,13.21,19.6,否
蔬果,0.496,2.76,5.56,否
蔬果,0.336,2.67,7.96,否
粮油,1,4.3,4.3,否
休闲,0.318,19.02,59.8,否
粮油,2,13.6,6.8,否
洗化,1,7.9,7.9,否
蔬果,0.498,7.97,16,否
酒饮,2,196,99,是
日配,24,38.4,2,是
家居,1,10,10,否
粮油,1,12.9,12.9,否
酒饮,1,6,6,否
肉禽,0.218,7.8,35.8,否
蔬果,1.058,4.23,4,否
休闲,1,3.9,3.9,否
休闲,1,4.3,4.3,否
休闲,1,3.5,4.3,是
休闲,1,5.5,5.5,否
蔬果,0.424,0.76,1.8,否
粮油,1,6.9,6.9,否
洗化,1,4.9,4.9,否
蔬果,0.79,6,7.6,否
日配,0.752,5.1,6.78,否
休闲,1,3.9,3.9,否
休闲,1,4.5,4.5,否
日配,0.786,5.33,6.78,否
蔬果,1.128,2.91,2.58,否
休闲,1,12.9,12.9,否
粮油,1,14.7,14.7,否
蔬果,0.469,2.34,5,否
休闲,1,9.9,13.9,是
休闲,0.248,6.35,25.6,否
洗化,1,22,22,否
蔬果,0.494,0.98,1.98,否
蔬果,0.284,1.14,4,否
蔬果,1.61,9.6,5.96,否
日配,1.012,6.86,6.78,否
日配,1,9.9,9.9,否
休闲,1,3.6,3.6,否
休闲,1,6.9,6.9,否
休闲,1,4.5,4.5,否
休闲,1,2.7,2.7,否
洗化,1,7.9,9.9,是
休闲,1,3.9,3.9,否
休闲,1,32.9,33.9,是
蔬果,0.332,2.11,6,否
粮油,1,6.7,6.7,否
洗化,1,17.9,24.9,是
酒饮,1,9.5,13.7,是
休闲,1,10.9,10.9,否
酒饮,1,11.9,12.3,是
日配,1,49,65,是
日配,1.404,9.52,6.78,否
蔬果,0.336,2.2,6.56,否
肉禽,1.004,35.94,35.8,否
休闲,1,8.5,8.5,否
蔬果,1,59,59,否
粮油,1,4.5,4.9,是
日配,1,5.9,5.9,否
休闲,0.148,4.11,39.6,是
粮油,1,56,69.9,是
粮油,1,1.9,1.9,否
休闲,1,4.5,4.5,否
休闲,0.102,4.06,39.8,否
文体,1,2.3,2.3,否
休闲,1,3.9,3.9,否
日配,5,10,2,否
洗化,1,8.9,9.9,是
蔬果,0.746,2.95,3.96,否
蔬果,0.674,13.35,19.8,否
粮油,1,8.5,8.9,否
休闲,1,8.9,8.9,否
洗化,1,2,2,否
家居,1,8.9,13,是
蔬果,0.496,3.95,7.96,否
蔬果,1.578,3.16,2,否
日配,1,12.9,12.9,否
蔬果,0.192,0.5,2.58,否
粮油,1,9.9,14.3,是
休闲,1,9.9,9.9,否
休闲,1,3.3,3.3,否
日配,1,7.7,7.7,否
休闲,1,3.9,3.9,否
洗化,1,6.9,8.9,是
蔬果,0.818,4.55,5.56,否
休闲,1,4,4,否
蔬果,0.252,2.42,9.6,否
洗化,1,11.9,15.5,是
冲调,1,49,59.3,是
水产,0.696,20.88,30,否
蔬果,2,3,1.5,否
粮油,1,6.8,6.8,否
蔬果,0.602,1.54,2.56,否
日配,1,14.5,16.9,是
休闲,1,14.5,14.5,否
粮油,1,8.2,8.2,否
粮油,1,2.8,2.8,否
日配,12,29.9,3.5,是
蔬果,0.294,1.16,3.96,否
粮油,1,49.9,59.9,是
酒饮,1,14,14,否
蔬果,0.81,4.83,5.96,否
蔬果,0.32,1.92,6,否
蔬果,0.306,3.6,18,否
冲调,1,49,59.3,是
粮油,1,12.9,12.9,否
蔬果,0.771,3.05,3.96,否
休闲,1,12.5,12.5,否
休闲,0.078,3.4,51.8,是
休闲,0.266,6.86,35.8,是
日配,1,4.2,4.2,否
休闲,1,6.8,6.8,否
休闲,1,3.9,3.9,否
粮油,1,2.3,2.3,否
粮油,1,40.9,38.9,是
日配,1,5.9,6.9,是
休闲,0.394,4.64,15.6,是
休闲,0.208,28.7,138,否
洗化,1,10.7,10.7,否
蔬果,1.422,7.91,5.56,否
蔬果,1.65,6.6,4,否
日配,2,110,65,是
蔬果,0.851,3.37,3.96,否
休闲,1,7.9,7.9,否
休闲,1,10,10,否
蔬果,1,2,2,否
蔬果,0.356,0.91,2.56,否
蔬果,0.486,8.55,17.6,否
肉禽,0.802,15.24,19,否
蔬果,1.161,6.92,5.96,否
日配,2,110,65,是
粮油,1,6.8,6.8,否
粮油,1,4.5,4.9,是
酒饮,3,30,10,否
粮油,1,79.9,87.9,是
酒饮,12,30,2.5,否
蔬果,1.402,11.19,7.98,否
日配,1,8.9,12.9,是
蔬果,0.5,2.9,5.8,否
粮油,1,9.9,12.9,是
休闲,1,3.5,3.5,否
洗化,1,15.7,15.7,否
蔬果,0.41,3.59,4,否
蔬果,0.706,1.27,1.8,否
蔬果,0.182,1.19,6.56,否
蔬果,0.312,0.92,2.96,否
粮油,1,7.9,7.9,否
休闲,1,3.6,3.6,否
休闲,1,2.3,2.3,否
蔬果,1.248,2.45,1.96,否
粮油,0.886,8.77,9.9,否
休闲,1,6.9,6.9,否
粮油,1,20.3,20.3,否
肉禽,1.742,83.27,47.8,否
肉禽,1.008,17.74,17.6,否
蔬果,-0.28,-1.57,5.6,否
粮油,1,2.9,2.9,否
休闲,1,6.5,6.5,否
休闲,1,3.5,3.5,否
粮油,1,1.9,1.9,否
针织,1,20,20,否
家居,1,7,7,否
洗化,1,11.9,15.5,是
蔬果,0.762,3.02,3.96,否
日配,2,4.6,2.3,否
休闲,1,5.2,5.5,否
休闲,1,4.5,4.5,否
粮油,1,12.3,12.3,否
日配,1,11.5,16.5,是
休闲,1,13.9,13.9,否
酒饮,1,11.9,14,是
蔬果,0.361,1.44,4,否
蔬果,1.05,2.1,2,否
粮油,1,16.9,16.9,否
蔬果,0.518,9.12,17.6,否
日配,1,3.3,3.9,是
粮油,1,2.3,2.3,否
蔬果,0.47,1.2,2.56,否
洗化,1,21.9,21.9,否
熟食,0.528,3.17,6,否
粮油,1,8.9,8.9,否
蔬果,0.352,2.1,5.98,否
蔬果,0.688,4.51,6.56,否
粮油,0.598,11.81,37.8,是
日配,1,8.9,12.9,是
休闲,1,10.9,10.9,否
蔬果,0.386,3.86,10,否
蔬果,0.416,4.14,9.96,否
蔬果,0.584,1.5,2.56,否
休闲,1,2.9,2.9,否
粮油,1,12.3,12.3,否
肉禽,1.636,78.2,47.8,否
蔬果,0.585,2.93,5,否
蔬果,0.424,2.46,5.8,否
蔬果,0.566,9.06,16,否
蔬果,0.544,2.15,3.96,否
洗化,1,17.9,24.9,是
酒饮,1,5,5,否
蔬果,0.344,0.62,1.8,否
蔬果,0.824,9.87,11.98,否
休闲,0.152,4.22,35,是
蔬果,0.62,3.6,5.8,否
蔬果,0.879,5.27,6,否
蔬果,0.356,1.48,4,否
蔬果,0.563,1.67,2.96,否
休闲,0.224,12.5,55.8,否
蔬果,1.096,6.53,5.96,否
休闲,1,3.6,3.6,否
日配,1,12.9,12.9,否
休闲,1,17.9,19.9,是
休闲,1,45,53,是
蔬果,1.162,20.45,17.6,否
粮油,1,3.9,3.9,否
蔬果,2.324,20.8,11.98,否
休闲,1,2.7,2.7,否
蔬果,0.292,4.67,16,否
酒饮,1,13.8,13.8,否
休闲,1,4.9,4.9,否
粮油,1,7.9,7.9,否
蔬果,0.622,1.84,2.96,否
粮油,1,8.5,8.5,否
休闲,1,4.5,4.5,否
休闲,0.468,4.58,15.8,是
休闲,1,10.9,10.9,否
蔬果,0.336,8.4,25,否
蔬果,0.37,2.15,5.8,否
蔬果,2.154,4.22,1.96,否
粮油,1,1.3,1.3,否
粮油,1,2.8,2.8,否
粮油,1,12.9,12.9,否
休闲,0.396,7.13,18,否
蔬果,1.246,8.17,6.56,否
日配,1,75,75,否
洗化,1,25.9,25.9,否
休闲,1,3.9,3.9,否
家居,1,10,10,否
肉禽,0.386,11.5,29.8,否
蔬果,1.274,5.05,3.96,否
粮油,1,38.9,38.9,否
蔬果,0.582,2.3,3.96,否
蔬果,0.714,4.68,6.56,否
洗化,1,16.9,16.9,否
日配,1,14.5,16.9,是
蔬果,0.118,1.42,12,否
洗化,1,11.9,15.5,是
休闲,1,0.5,0.5,否
蔬果,0.61,18.3,30,否
酒饮,1,6.3,6.3,否
休闲,1,3.9,3.9,否
酒饮,24,79.2,3.3,否
肉禽,1,19,19,否
蔬果,0.514,0.9,1.76,否
休闲,0.358,14.25,39.8,否
洗化,1,10.9,10.9,否
休闲,0.18,2.3,13.8,是
蔬果,0.834,2.14,2.56,否
洗化,1,4.9,4.9,否
粮油,1,2.8,2.8,否
休闲,1,9.3,10.9,是
肉禽,0.318,8.84,27.8,否
蔬果,1.313,5.2,3.96,否
熟食,0.292,10.4,35.6,否
日配,16,39.9,2.7,是
日配,1,8.9,12.9,是
蔬果,0.365,0.94,2.58,否
休闲,1,5.7,5.7,否
蔬果,2,3,1.5,否
蔬果,1.656,3.25,1.96,否
粮油,1,3.9,4.7,是
休闲,0.376,4.88,13.8,是
冲调,1,18.3,18.3,否
休闲,2,39.8,21.9,是
冲调,1,59,76,是
蔬果,0.4,4,10,否
休闲,1,6.9,6.9,否
休闲,1,3.3,3.3,否
蔬果,0.525,2.63,5,否
蔬果,0.786,1.41,1.8,否
休闲,2,9.4,4.7,否
休闲,1,24.9,29,是
蔬果,0.459,2.66,5.8,否
蔬果,0.786,8.78,2,否
冲调,1,86,86,否
休闲,0.772,9.1,19.6,是
蔬果,0.92,1.8,1.96,否
休闲,3,3,1,否
酒饮,1,13.8,13.8,否
蔬果,0.103,0.99,9.6,否
日配,1,11.5,13.9,是
日配,0.784,5.32,6.78,否
休闲,1,5.5,5.5,否
休闲,1,6.7,6.7,否
休闲,1,2.9,2.9,否
酒饮,1,4,4,否
粮油,1,8.5,8.5,否
休闲,1,3.5,3.5,否
日配,1,4.5,4.5,否
蔬果,0.612,1.58,2.58,否
休闲,1,2.5,2.5,否
休闲,1,10.5,10.5,否
休闲,1,13.5,13.5,否
休闲,1,7.9,7.9,否
粮油,1,15.9,15.9,否
粮油,1,0.5,0.5,否
休闲,1,4.5,4.5,否
蔬果,0.598,0.96,1.6,否
休闲,1,6.5,6.9,是
蔬果,0.284,14.2,50,否
休闲,0.266,7.39,33.8,是
冲调,1,22.5,28,是
酒饮,3,294,98,否
日配,15,26.9,2.4,是
酒饮,1,10.3,10.3,否
蔬果,1,20,20,否
文体,5,1.5,0.3,否
休闲,1,5.7,5.7,否
冲调,1,86,86,否
休闲,1,3.3,3.3,否
粮油,1,13.9,15.5,是
粮油,1,3.9,5.3,是
蔬果,0.268,1.5,5.6,否
粮油,1,5.5,5.5,否
休闲,1,18.9,18.9,否
休闲,1,3.5,4.3,是
日配,1,43.9,66,是
蔬果,0.908,3.6,3.96,否
休闲,1,9.3,10.9,是
休闲,0.368,10.22,35,是
休闲,0.286,26.25,105.8,是
休闲,1,5.9,5.9,否
休闲,1,3.6,3.6,否
休闲,1,3.3,3.3,否
粮油,1,2.3,2.3,否
肉禽,0.536,14.9,27.8,否
休闲,1,5.5,5.5,否
冲调,1,13.9,18.9,是
休闲,1,2.7,2.7,否
肉禽,0.328,9.77,29.8,否
粮油,1,2.2,2.3,否
休闲,0.204,11.02,54,否
休闲,1,3.9,3.9,否
蔬果,0.38,1.5,3.96,否
日配,1.074,7.28,6.78,否
冲调,1,49,60.3,是
酒饮,20,240,12,否
休闲,1,8.6,8.6,否
日配,1,18.3,18.3,否
休闲,1,5.3,5.9,是
日配,1,12.9,12.9,否
粮油,1.004,4.42,4.4,否
休闲,1,45,49.8,是
日配,1,5.9,7.7,是
休闲,1,12.9,18.9,是
休闲,1,7.3,7.3,否
酒饮,2,19,13.7,是
休闲,1,8.9,10.5,是
针织,1,2.9,2.9,否
休闲,1,4.2,4.2,否
休闲,0.274,4.82,27.8,是
休闲,1,5.3,5.9,是
休闲,1,15.9,15.9,否
日配,1,22.9,22.9,否
蔬果,0.176,0.98,5.56,否
洗化,1,13.9,15.9,是
蔬果,0.864,5.15,5.96,否
蔬果,1.216,2.41,1.98,否
休闲,1,10.8,10.8,否
粮油,8,4,0.5,否
粮油,1,4.3,4.3,否
粮油,1,7.3,7.3,否
日配,1,8.9,8.9,否
休闲,0.428,18.7,51.6,是
休闲,1.112,22,23.8,是
休闲,1,4.9,4.9,否
休闲,1,13.9,13.9,否
肉禽,0.77,21.41,27.8,否
粮油,0.248,5.56,22.4,否
蔬果,0.354,0.71,2,否
休闲,0.572,6.7,15.6,是
休闲,1,6.5,6.9,是
蔬果,0.39,11.7,30,否
熟食,0.582,3.49,6,否
休闲,1,6.5,6.5,否
蔬果,0.382,1.13,2.96,否
熟食,0.398,7.96,20,否
蔬果,0.804,4.47,5.56,否
粮油,1,2.8,2.8,否
针织,1,9,9,否
休闲,1,4.5,4.5,否
酒饮,1,6.5,6.5,否
日配,1,9.9,14.9,是
蔬果,0.242,1.4,5.8,否
粮油,1,13.9,15.5,是
家居,1,4.5,7,是
酒饮,20,76,3.8,否
日配,1,8.9,8.9,否
休闲,1,2.9,2.9,否
蔬果,0.602,2.41,4,否
休闲,1,5.9,5.9,否
蔬果,5.836,44.35,7.6,否
蔬果,0.202,1.12,5.56,否
蔬果,0.412,1.2,2.56,否
酒饮,10,55,5.5,否
蔬果,0.51,2.55,5,否
粮油,3,1.5,0.5,否
粮油,1,2.3,2.3,否
粮油,1,0.5,0.5,否
休闲,1,12.9,12.9,否
蔬果,0.174,0.97,5.56,否
蔬果,0.372,2.22,5.96,否
粮油,1,9.9,9.9,否
粮油,1,57.9,57.9,否
休闲,1,5.9,5.9,否
蔬果,0.364,10.92,30,否
文体,1,11.3,11.3,否
家居,1,9.9,12.9,是
蔬果,0.838,1.51,1.8,否
蔬果,0.79,2.02,2.56,否
蔬果,0.384,1.52,3.96,否
休闲,0.536,12.76,23.8,否
洗化,1,16.9,16.9,否
蔬果,0.748,1.47,1.96,否
蔬果,0.462,1.46,5,否
休闲,1,4.5,4.5,否
粮油,1,35.9,35.9,否
肉禽,0.432,19.01,44,否
日配,1.164,22.35,19.2,否
蔬果,0.504,0.89,1.76,否
粮油,1,14.7,14.7,否
蔬果,0.324,1.94,6,否
休闲,1,18.9,18.9,否
粮油,1,7.9,7.9,否
休闲,1,5.2,5.5,否
洗化,1,11.9,11.9,否
休闲,0.248,9.82,39.6,否
粮油,1,3.7,3.7,否
冲调,1,93,93,否
休闲,1,11.9,14.3,是
蔬果,0.54,10.8,20,否
休闲,1,8.9,8.9,否
洗化,1,44.9,44.9,否
蔬果,1.21,12.1,10,否
休闲,1,15,15,否
蔬果,0.262,1.47,5.6,否
蔬果,0.422,2.53,6,否
蔬果,1,1.5,1.5,否
洗化,1,8.9,8.9,否
蔬果,0.948,7.57,7.98,否
蔬果,1.202,10.03,2.58,否
粮油,1,0.5,0.5,否
休闲,1,2.7,2.7,否
酒饮,1,9.7,9.7,否
休闲,0.562,5.5,15.8,是
休闲,1,3.7,3.7,否
粮油,1,2.9,2.9,否
休闲,1,6.5,6.9,是
洗化,1,4.9,4.9,否
粮油,1,2.9,2.9,否
日配,1,13.9,18.9,是
日配,1,5.9,6.9,是
休闲,1,16.9,16.9,否
蔬果,0.764,9.15,11.98,否
休闲,1,17.9,17.9,否
休闲,0.63,27.58,51.6,是
粮油,1,8.9,8.9,否
冲调,1,81.9,81.9,否
日配,1,23.7,23.7,否
粮油,1,6.9,6.9,否
休闲,1,12.9,15.9,是
日配,16,36.8,2.7,是
蔬果,0.854,1.69,1.98,否
休闲,1,5.5,5.5,否
家居,1,10,10,否
蔬果,0.274,0.55,2,否
日配,1,5.3,5.3,否
粮油,1,2.8,2.8,否
粮油,1,6.8,6.8,否
休闲,1,128,128,否
粮油,1,3.3,3.3,否
酒饮,1,5,5,否
日配,1,75,75,否
休闲,1,59,68,是
粮油,1,5.9,5.9,否
蔬果,0.748,4.91,6.56,否
粮油,1,9.5,9.5,否
休闲,1,45,49.8,是
休闲,1,3.7,3.7,否
日配,1,4.2,5.9,是
休闲,1,3.5,3.5,否
酒饮,1,6.9,6.9,否
日配,12,63.6,5.3,否
蔬果,1.534,4.88,3.18,否
休闲,1,5.5,5.5,否
休闲,1,2.9,2.9,否
熟食,0.258,5.16,20,否
休闲,1,2.9,2.9,否
休闲,1,6.5,6.5,否
冲调,1,4.9,4.9,否
休闲,1,45,53,是
休闲,1,24.5,24.5,否
日配,1,5.5,8.3,是
日配,12,63.6,5.3,否
休闲,1,6.9,6.9,否
粮油,1,19.3,19.3,否
粮油,1,12.9,12.9,否
休闲,1,3.9,3.9,否
休闲,1,29.8,29.8,否
粮油,10,27,3.3,否
洗化,1,4.9,4.9,否
针织,1,45,45,否
肉禽,1.064,38.09,35.8,否
粮油,1,9.9,9.9,否
蔬果,1.664,8.29,4.98,否
洗化,1,4.9,4.9,否
粮油,2,3.4,1.7,否
蔬果,0.282,0.56,2,否
蔬果,1.002,3.97,3.96,否
休闲,1,5.2,5.2,否
蔬果,2,9.96,4.98,否
蔬果,1,2,2,否
粮油,1,3.3,3.3,否
粮油,1,6.8,6.8,否
粮油,5,9.5,1.9,否
粮油,1,7.7,7.7,否
休闲,1,32.9,33.9,是
休闲,1,9.9,9.9,否
休闲,1,5.5,5.5,否
蔬果,0.486,0.96,1.98,否
蔬果,0.33,5.15,15.6,否
粮油,1,8.5,8.5,否
蔬果,0.962,1.73,1.8,否
日配,0.254,1.72,6.78,否
家居,1,10,10,否
蔬果,0.4,2.32,5.8,否
休闲,0.192,6.53,34,否
洗化,1,17.9,17.9,否
日配,16,29,2.8,是
冲调,1,49,59.3,是
冲调,1,93,93,否
休闲,1,2.8,2.8,否
蔬果,0.098,1.18,12,否
粮油,1,12.9,12.9,否
休闲,1,8.9,8.9,否
酒饮,1,3.8,3.8,否
休闲,1,3.9,3.9,否
休闲,1,6.9,6.9,否
休闲,1,6.9,6.9,否
休闲,0.114,4.53,49.8,是
粮油,4,27.6,7.9,是
蔬果,0.706,8.47,12,否
粮油,1,13.9,13.9,否
休闲,1,19.7,19.7,否
水产,1.908,37.4,19.6,否
日配,0.844,5.72,6.78,否
粮油,1,3.9,3.9,否
肉禽,0.67,53.6,80,否
粮油,0.366,32.87,89.8,否
休闲,1,3.7,3.7,否
洗化,1,49,49,否
蔬果,0.34,0.67,1.98,否
肉禽,0.504,18.04,35.8,否
休闲,1,5.7,5.7,否
粮油,1,5.3,5.3,否
休闲,1,4.5,4.5,否
休闲,0.15,3.84,25.6,否
粮油,2,7.8,3.9,否
粮油,1,4.9,6.9,是
蔬果,0.46,2.67,5.8,否
日配,1,7.3,7.3,否
蔬果,0.354,0.71,2,否
粮油,1,8.9,8.9,否
粮油,1,8.9,8.9,否
粮油,6,10.2,1.7,否
日配,1,11.9,11.9,否
日配,1,11.9,11.9,否
粮油,1,12.9,12.9,否
肉禽,0.806,28.85,35.8,否
休闲,1,4,4,否
冲调,1,36,36,否
蔬果,0.582,2.3,3.96,否
粮油,1,7.7,7.7,否
粮油,1,2.9,2.9,否
粮油,1,2.9,2.9,否
休闲,1,45,49.8,是
休闲,1,10.9,10.9,否
休闲,1,17.9,19.9,是
休闲,0.224,8.9,49.8,是
日配,16,36.8,2.7,是
休闲,1,2.8,2.8,否
粮油,1,62.9,74.9,是
酒饮,1,2.8,2.8,否
日配,1,55,65,是
休闲,1,11.9,14.3,是
蔬果,0.468,4.66,9.96,否
休闲,1,14.9,18.9,是
休闲,1,4.9,4.9,否
休闲,0.176,8.03,45.6,否
蔬果,0.898,1.76,1.96,否
蔬果,0.402,4.82,12,否
蔬果,0.364,4.8,9.6,否
洗化,1,22.9,22.9,否
蔬果,1.218,4.87,4,否
休闲,1,4.7,6,是
休闲,1,4.3,4.3,否
粮油,1,4,4,否
蔬果,0.632,3.67,5.8,否
蔬果,0.338,3.38,10,否
日配,1,3.9,4.5,是
蔬果,0.308,7.7,25,否
肉禽,1.06,29.47,27.8,否
粮油,1,5.5,5.7,否
粮油,1,3.7,3.7,否
蔬果,0.562,2.23,3.96,否
粮油,1,21.9,21.9,否
粮油,1,136,145,是
冲调,1,49,60.3,是
蔬果,0.775,1.98,2.56,否
酒饮,1,3.9,3.9,否
蔬果,2.992,35.84,11.98,否
酒饮,1,9.9,10.9,是
蔬果,0.982,9.82,10,否
家居,1,6,6,否
蔬果,0.526,1.35,2.56,否
蔬果,0.696,4.57,6.56,否
日配,16,36.8,2.7,是
蔬果,0.526,2.95,5.6,否
冲调,1,118,153,是
粮油,1,3.7,3.7,否
蔬果,0.78,2,2.56,否
蔬果,1.038,5.19,5,否
蔬果,1,19,19,否
休闲,0.666,61,110,是
日配,1,9.9,14.9,是
洗化,1,12.9,14.5,是
蔬果,1.33,5.32,4,否
休闲,0.102,3.02,29.6,否
休闲,1,3.3,3.3,否
粮油,2,3.8,1.9,否
休闲,1,13.5,13.5,否
肉禽,0.398,14.25,35.8,否
日配,9,18.9,2.1,否
水产,1,13.5,13.5,否
休闲,1,21.9,22.9,否
酒饮,6,108,15,是
休闲,0.286,11.35,49.8,是
休闲,0.758,30.02,39.6,否
蔬果,0.18,0.36,1.98,否
日配,0.854,5.79,6.78,否
休闲,1,10.9,10.9,否
肉禽,2.742,54.29,19.8,否
休闲,1,2.5,2.5,否
蔬果,0.32,1.86,5.8,否
蔬果,0.92,10.28,2,否
酒饮,1,13.8,13.8,否
肉禽,1.512,63.2,41.8,否
粮油,1,5.9,5.9,否
洗化,1,9.9,13.9,是
休闲,1,3.3,3.3,否
蔬果,2,3,1.5,否
日配,1,5.3,5.3,否
粮油,1,2,4.5,是
日配,1,11.9,11.9,否
蔬果,1.164,6.47,5.56,否
粮油,1,7.9,7.9,否
蔬果,0.18,1.18,6.56,否
日配,1.632,11.06,6.78,否
蔬果,0.65,4.26,6.56,否
蔬果,0.192,1.15,5.98,否
蔬果,0.202,0.8,3.96,否
粮油,1,7.3,7.3,否
粮油,1,89.9,109,是
日配,1,78,82,是
休闲,1,10.9,10.9,否
蔬果,2.031,6.46,3.18,否
蔬果,0.423,2.37,5.6,否
休闲,0.182,9.78,69.8,是
日配,1,8.9,12.9,是
休闲,1,3.9,3.9,否
休闲,0.182,5,39.6,是
休闲,1,12.5,12.5,否
粮油,1,1.3,1.3,否
粮油,1,2.3,2.3,否
粮油,1,109.9,109.9,否
粮油,1,1.9,1.9,否
休闲,1,39,49,是
洗化,1,4.9,4.9,否
日配,1,11.8,11.8,否
休闲,0.172,4.43,35.8,是
蔬果,0.84,4.2,5,否
蔬果,0.396,2.38,6,否
蔬果,0.284,1.86,6.56,否
日配,1,10.9,13.3,是
日配,1,5.9,6.9,是
蔬果,0.366,3.51,9.6,否
日配,1,7.9,12.8,是
休闲,0.718,19.9,39.6,是
休闲,1,3.5,3.5,否
日配,1,16.8,16.8,否
日配,1,8.5,10.3,是
休闲,0.686,48.71,71,否
冲调,1,13.9,23.7,是
蔬果,1.138,6.78,5.96,否
粮油,1,2.5,2.5,否
休闲,0.244,9.66,39.6,否
蔬果,0.674,1.73,2.56,否
熟食,2,2,1,否
粮油,1,4.9,4.9,否
蔬果,4.666,9.15,1.96,否
蔬果,0.384,1.92,5,否
肉禽,1.306,54.59,41.8,否
日配,0.8,5.42,6.78,否
蔬果,0.45,1.78,3.96,否
日配,1,3.5,3.5,否
休闲,1,4.9,4.9,否
休闲,1,5.3,5.9,是
休闲,1,8.3,9.5,是
休闲,1,21,21,否
蔬果,0.712,2.82,3.96,否
肉禽,0.274,7.62,27.8,否
粮油,1,18.7,18.7,否
日配,1,9.9,9.9,否
休闲,1,3.9,3.9,否
休闲,0.134,5.3,49.8,是
肉禽,0.706,19.63,27.8,否
日配,1,4.5,4.5,否
休闲,1,5.9,5.9,否
休闲,1,8.3,8.3,否
蔬果,0.61,6.65,5.6,否
洗化,1,3,3,否
休闲,7,24.5,4.3,是
日配,1,8.9,8.9,否
休闲,0.294,11.7,39.8,否
休闲,1,19.2,19.2,否
蔬果,0.58,1.15,1.98,否
蔬果,0.296,0.59,1.98,否
日配,1,5.9,7.5,是
休闲,1,5.9,5.9,否
休闲,0.164,6.2,37.8,否
蔬果,0.882,4.9,5.56,否
休闲,1,3.7,3.7,否
洗化,1,4.7,4.7,否
休闲,0.068,3.52,51.8,否
粮油,1,5.9,5.9,否
日配,1,78,78,否
粮油,1,2.8,2.8,否
蔬果,0.654,1.18,1.8,否
休闲,1,3.6,3.6,否
休闲,1,2.9,2.9,否
休闲,1,13.5,13.5,否
粮油,1,7.9,7.9,否
洗化,1,9.7,9.7,否
休闲,1,5.9,5.9,否
休闲,1,8.5,8.5,否
冲调,1,49,60.3,是
休闲,0.446,52.18,117,否
休闲,0.772,33.8,51.6,是
休闲,1,3.5,3.5,否
日配,2,21,12.9,是
酒饮,1,11.9,13.8,是
日配,1,59,76,是
粮油,1,1.9,1.9,否
休闲,0.286,7.37,35.8,是
休闲,2,1,0.5,否
酒饮,1,11.9,13.8,是
洗化,1,3.5,3.5,否
水产,0.45,13.5,30,否
蔬果,0.487,1.25,2.56,否
蔬果,0.112,0.82,15.6,否
休闲,0.224,17.83,79.6,否
粮油,1,6.8,6.8,否
休闲,1,7.5,7.5,否
日配,1,4.9,5.5,是
粮油,1,0.5,0.5,否
蔬果,1.03,10.28,9.98,否
日配,16,36.8,2.7,是
蔬果,0.646,1.67,2.58,否
粮油,1,0.5,0.5,否
酒饮,1,2,2,否
日配,0.59,5.02,8.5,否
酒饮,1,4,4,否
蔬果,0.504,8.47,16.8,否
休闲,1,9.3,10.9,是
肉禽,0.68,29.92,44,否
休闲,0.34,3.74,11.8,是
粮油,1,2.9,2.9,否
休闲,1,5.3,5.9,是
休闲,1,3.9,3.9,否
休闲,1,6.5,6.5,否
蔬果,1,2,2,否
蔬果,2,3,1.5,否
粮油,1,5.5,5.5,否
洗化,1,11.9,11.9,否
酒饮,2,130,68,是
日配,1,5.9,7.5,是
粮油,1,3.3,3.3,否
洗化,1,6.9,6.9,否
肉禽,0.92,38.46,41.8,否
酒饮,12,168,14,否
粮油,1,7.3,7.3,否
休闲,1,5.9,5.9,否
酒饮,2,72,99,是
肉禽,0.306,9.12,29.8,否
蔬果,1.26,20.13,15.98,否
休闲,1,9.3,10.9,是
休闲,1,12.9,16.9,是
日配,1,22.9,22.9,否
休闲,1,4.5,4.5,否
蔬果,1.01,6.06,6,否
休闲,1,6.3,6.3,否
洗化,1,4.7,4.7,否
蔬果,0.196,1.17,5.98,否
酒饮,1,2,2,否
蔬果,0.418,5.02,12,否
洗化,1,5.9,5.9,否
粮油,1,7.7,7.7,否
粮油,1,5.7,5.7,否
日配,24,58.8,3,是
休闲,1,23.9,27.9,是
休闲,1,7.5,7.5,否
蔬果,1.278,25.56,20,否
蔬果,0.262,1.57,6,否
日配,1,13.9,16.3,是
蔬果,0.496,4.76,9.6,否
日配,1,5.9,7.5,是
蔬果,0.502,5,9.96,否
洗化,1,9.9,9.9,否
休闲,1,4.7,4.7,否
蔬果,0.824,3.26,3.96,否
蔬果,0.83,5.44,6.56,否
休闲,0.358,9.95,39.6,是
休闲,0.312,10.61,34,否
休闲,1,18.9,18.9,否
蔬果,0.272,2.61,9.6,否
休闲,1,39.8,39.8,否
蔬果,0.226,2.71,12,否
蔬果,0.294,2.82,9.6,否
粮油,1,2.9,2.9,否
休闲,0.132,6.84,51.8,否
粮油,1,3.8,3.8,否
蔬果,1.32,3.38,2.56,否
日配,0.382,7.49,19.6,否
洗化,1,21.9,25.9,是
蔬果,0.35,3.36,9.6,否
蔬果,0.85,13.6,16,否
休闲,1,6.5,6.9,是
休闲,1,8.3,9.9,是
冲调,1,18.3,18.3,否
休闲,1,45,53,是
日配,1,24.7,24.7,否
休闲,1,6.9,7,否
酒饮,1,15.9,18,是
蔬果,0.2,1.31,6.56,否
粮油,1,27.7,27.7,否
蔬果,0.274,0.41,1.48,否
洗化,1,46,56,是
蔬果,0.534,2.67,5,否
休闲,1,12.9,12.9,否
休闲,1,18.9,18.9,否
休闲,0.124,7.42,59.8,否
休闲,1,6.9,6.9,否
日配,1,19.3,19.3,否
蔬果,1.178,7.73,6.56,否
休闲,1,7.9,7.9,否
家居,1,8,8,否
休闲,1,3.9,3.9,否
休闲,1,3.9,3.9,否
休闲,1,8.9,8.9,否
粮油,1,4.5,5.9,是
蔬果,0.29,3.14,9,否
蔬果,0.296,2.31,7.8,否
粮油,1,17.9,17.9,否
休闲,1,6.9,6.9,否
休闲,1,5.9,5.9,否
日配,24,38.4,2,是
休闲,0.314,4.96,23.8,是
休闲,1,5.9,5.9,否
粮油,1,6.5,6.7,否
酒饮,1,3.5,5.3,是
休闲,0.116,6.94,59.8,否
蔬果,0.508,2.95,5.8,否
粮油,1,8.5,8.5,否
熟食,0.268,24.12,90,否
洗化,1,7.9,8.9,是
日配,0.752,5.1,6.78,否
肉禽,1.004,35.94,35.8,否
粮油,1,14.7,14.7,否
蔬果,0.216,0.38,1.76,否
蔬果,0.292,1.62,5.56,否
粮油,1,4.3,4.3,否
日配,0.344,3.43,19.6,否
休闲,0.214,8.52,39.8,否
日配,1,7.3,7.3,否
蔬果,0.168,4.56,27.2,否
蔬果,1.094,2.19,2,否
冲调,1,16.9,22.3,是
休闲,1,5.7,5.7,否
熟食,0.442,39.78,90,否
休闲,0.256,12.75,49.8,否
休闲,0.354,9.13,25.8,否
蔬果,0.242,1.45,6,否
休闲,1,4.5,4.5,否
粮油,1,6.7,6.7,否
熟食,0.67,4.02,6,否
冲调,1,19.3,19.3,否
休闲,1,32.9,33.9,是
文体,1,9,15,是
蔬果,1.878,3.68,1.96,否
家居,1,13.5,13.5,否
蔬果,0.939,2.4,2.56,否
粮油,12,39.6,3.3,否
休闲,1,5.3,5.3,否
肉禽,0.226,6.73,29.8,否
蔬果,0.946,1.7,1.8,否
家居,1,8.9,11,是
日配,1,17.9,17.9,否
蔬果,0.42,2.44,5.8,否
休闲,1,6.7,6.7,否
休闲,1,6.8,6.8,否
休闲,0.202,3.59,27.8,是
粮油,1,4.5,4.5,否
蔬果,0.294,1.16,3.96,否
休闲,1,8.5,8.5,否
粮油,1,6.9,6.9,否
蔬果,1.824,24.81,13.6,否
粮油,1,14.3,14.3,否
粮油,1,18.9,24.9,是
蔬果,0.296,1.65,5.56,否
休闲,1,23.9,27.9,是
蔬果,0.505,0.91,1.8,否
休闲,0.392,15.6,49.8,是
粮油,1,3.7,3.7,否
熟食,2,2,1,否
粮油,1,3.5,4.5,是
家居,1,10,10,否
蔬果,0.356,6.41,18,否
肉禽,1.446,60.44,41.8,否
蔬果,0.21,3.01,9.6,否
蔬果,1.686,3.3,1.96,否
酒饮,6,288,59,是
休闲,1,6.9,6.9,否
休闲,0.186,9.63,51.8,否
肉禽,0.64,12.16,19,否
休闲,0.12,3.48,35,是
酒饮,1,2.5,2.5,否
休闲,1,17.9,19.9,是
休闲,0.276,12.05,51.6,是
肉禽,0.986,41.21,41.8,否
粮油,1,5.3,5.3,否
休闲,0.088,2.25,25.6,否
休闲,1,9.3,10.9,是
蔬果,1.082,2.77,2.56,否
蔬果,0.27,0.54,2,否
蔬果,0.62,3.47,5.6,否
熟食,0.682,13.64,20,否
休闲,0.21,5,23.8,否
休闲,1,6.5,6.5,否
肉禽,0.8,33.44,41.8,否
日配,4.022,27.27,6.78,否
休闲,0.28,11.14,39.8,否
蔬果,1.75,3.5,2,否
蔬果,1.616,16.16,10,否
熟食,0.206,4.12,20,否
文体,1,15,25,是
蔬果,0.52,2.06,3.96,否
洗化,1,10.9,10.9,否
蔬果,0.632,11.12,17.6,否
休闲,2,7,4.3,是
休闲,1,45,53,是
洗化,1,5.9,5.9,否
蔬果,1,2,2,否
蔬果,0.452,11.3,25,否
酒饮,1,4,4,否
休闲,1,17,17,否
蔬果,0.188,1.8,9.6,否
肉禽,0.338,21.63,64,否
蔬果,1.584,8.87,5.6,否
日配,1,8.9,12.9,是
日配,1,11.9,14.9,是
日配,0.832,5.64,6.78,否
酒饮,1,2.5,8.9,是
休闲,1,14.9,16.9,是
休闲,0.184,7.32,49.8,是
休闲,2,5.8,2.9,否
休闲,4,27.6,6.9,否
休闲,0.208,4.95,23.8,否
休闲,0.264,30.89,117,否
日配,1,52,75,是
粮油,1,1.9,1.9,否
熟食,2,2,1,否
粮油,1,7.9,7.9,否
洗化,1,6.9,6.9,否
粮油,1,76.9,86.9,是
粮油,1,12.9,12.9,否
熟食,0.242,6.78,28,否
蔬果,1.084,10.8,9.96,否
休闲,1,8.3,9.9,是
粮油,1,4.9,4.9,否
休闲,1,4.9,4.9,否
蔬果,0.542,4.88,9,否
日配,3,17.7,8.3,是
日配,1,49,65,是
休闲,1,9.9,13.9,是
休闲,1,12.9,15.9,是
蔬果,0.378,3.78,10,否
酒饮,1,4,4,否
休闲,1,10.9,10.9,否
酒饮,2,246,138,是
日配,1,16.8,16.8,否
家居,1,6.5,6.5,否
粮油,1,22.9,22.9,否
休闲,1,5.9,5.9,否
休闲,1,6.5,6.9,是
蔬果,0.634,3.68,5.8,否
日配,1,2,2,否
粮油,1,3.8,3.8,否
日配,2.168,14.7,6.78,否
蔬果,1,18,18,否
休闲,0.096,4.59,47.8,否
休闲,0.632,15.17,24,否
日配,1,5.9,6.9,是
休闲,0.502,4.9,17.8,是
休闲,1,7.5,7.5,否
日配,24,127.8,7.1,是
蔬果,0.886,26.58,30,否
蔬果,0.394,2.36,5.98,否
休闲,1,26.9,26.9,否
蔬果,0.56,3.36,6,否
蔬果,0.544,16.32,30,否
休闲,0.514,13.25,35.8,是
休闲,0.26,6.19,23.8,否
休闲,1,3.5,3.7,否
蔬果,1.406,16.84,11.98,否
休闲,0.656,31.36,47.8,否
休闲,1,2.5,2.5,否
蔬果,1.394,5.58,4,否
粮油,1,1.7,1.7,否
粮油,1,1.9,1.9,否
蔬果,0.276,1.09,3.96,否
酒饮,1,73,73,否
熟食,0.65,3.9,6,否
粮油,1,18.9,25.9,是
粮油,1,6.8,6.8,否
粮油,1,2.7,2.7,否
休闲,0.118,8.38,71,否
冲调,1,24.5,30.7,是
休闲,1,17.9,19.9,是
休闲,1,1.2,1.2,否
休闲,0.4,19.12,47.8,否
针织,1,145,145,否
冲调,1,24.5,30.7,是
休闲,0.196,8.58,43.8,否
粮油,1,7.6,7.6,否
蔬果,0.718,5.1,5.8,否
休闲,1,7.9,7.9,否
日配,1,5.9,7.5,是
肉禽,5.146,101.89,19.8,否
酒饮,1,2.9,2.9,否
洗化,1,1.7,1.7,否
蔬果,0.39,1.01,2.58,否
肉禽,0.464,12.9,27.8,否
蔬果,0.3,2.88,9.6,否
酒饮,1,5.5,5.5,否
家居,1,3.9,3.9,否
冲调,1,24.5,30.7,是
粮油,1,29.9,30.9,是
蔬果,0.702,1.8,2.56,否
蔬果,1.286,7.66,5.96,否
粮油,3,53.7,18.9,否
蔬果,2.41,14.36,5.96,否
休闲,1,4.5,4.5,否
休闲,0.16,2.52,17,是
蔬果,0.322,0.9,2.78,否
日配,1,4.9,5.5,是
粮油,1,3.7,3.7,否
日配,1,19.3,19.3,否
粮油,1,4.3,4.3,否
粮油,1,4.9,4.9,否
蔬果,2.074,4.07,1.96,否
蔬果,0.122,0.93,7.6,否
文体,1,9,15,是
休闲,1,11.9,13.9,是
粮油,1,136,145,是
粮油,1,2.7,2.7,否
休闲,0.376,12.7,39.8,是
休闲,1,5.9,5.9,否
休闲,1,12.9,12.9,否
蔬果,1.379,8.22,5.96,否
粮油,1,1.7,1.7,否
蔬果,0.07,0.84,12,否
蔬果,0.414,0.61,1.48,否
日配,1.548,10.5,6.78,否
日配,1,8.9,8.9,否
粮油,1,7.9,7.9,否
粮油,1,3.9,3.9,否
蔬果,0.778,21.63,27.8,否
蔬果,0.46,2.58,5.6,否
蔬果,0.55,16.5,30,否
休闲,1,9.9,12.9,是
蔬果,0.34,1.9,5.6,否
蔬果,0.524,3.04,5.8,否
日配,12,49,5.5,是
日配,1.232,8.35,6.78,否
酒饮,6,17.4,2.9,否
蔬果,1.272,19.07,14.99,否
蔬果,1.738,17.33,11.98,否
休闲,1,10.9,10.9,否
休闲,1,23,23,否
日配,1,2,2,否
洗化,1,9.9,13.9,是
休闲,1,5.9,5.9,否
酒饮,4,7.6,2.2,是
休闲,0.218,9.54,51.8,是
休闲,0.246,13.28,54,否
休闲,1,13.3,13.3,否
蔬果,0.458,4.4,9.6,否
蔬果,1,4.98,4.98,否
日配,24,58.8,3,是
酒饮,1,9.5,13.7,是
肉禽,1.002,35.87,35.8,否
休闲,0.3,11.94,39.8,否
粮油,1,6.9,6.9,否
洗化,1,18.9,24.9,是
蔬果,0.66,46.2,70,否
日配,1,15.9,17.9,是
日配,1,5.9,6.9,是
蔬果,0.52,2.06,3.96,否
休闲,1,8.5,8.5,否
洗化,1,30.9,30.9,否
休闲,1,11.8,11.8,否
肉禽,5.444,140.46,25.8,否
蔬果,0.914,6,6.56,否
蔬果,0.758,3.47,2.96,否
蔬果,0.544,3.05,5.6,否
冲调,1,25.5,30.9,是
休闲,0.304,12.04,39.6,否
休闲,1,8.9,10.5,是
日配,1,5.9,6.9,是
蔬果,1.48,5.86,3.96,否
蔬果,0.148,1.18,7.96,否
蔬果,0.258,1.96,7.6,否
休闲,1,2.3,2.3,否
肉禽,1,29.9,29.9,否
粮油,1,2.9,2.9,否
休闲,0.19,13.49,71,否
蔬果,0.554,3.32,6,否
蔬果,0.198,1.15,5.8,否
熟食,4,2,0.5,否
日配,1,3.5,3.5,否
蔬果,0.314,5.65,18,否
粮油,1,29.9,30.9,是
粮油,1,23.9,23.9,否
洗化,1,12.9,14.5,是
休闲,1,6.3,6.3,否
冲调,1,62,62,否
粮油,1,3.8,3.8,否
冲调,1,16.9,24.3,是
休闲,1,29.9,29.9,否
酒饮,6,15,2.5,否
蔬果,0.192,0.96,5,否
粮油,1,1.9,1.9,否
蔬果,0.31,2.98,9.6,否
蔬果,0.772,3.06,3.96,否
蔬果,1.624,45.15,27.8,否
文体,1,3.7,3.7,否
粮油,1,8.9,29.9,是
粮油,1,17.3,17.3,否
蔬果,0.664,7.95,11.98,否
洗化,1,4.9,4.9,否
蔬果,0.41,2.45,5.98,否
休闲,1,3.5,4.3,是
休闲,1,9.3,10.9,是
日配,1.61,10.92,6.78,否
休闲,0.332,3.91,15.6,是
粮油,1,10.9,14.7,是
蔬果,0.708,2.8,3.96,否
蔬果,0.326,0.57,1.76,否
日配,0.736,14.43,19.6,否
蔬果,0.174,1.67,9.6,否
日配,1,7.3,7.3,否
洗化,1,17.9,24.9,是
肉禽,0.718,19.96,27.8,否
粮油,1,11.7,11.7,否
休闲,1,9.5,9.5,否
休闲,1,39.8,39.8,否
蔬果,0.825,2.61,3.16,否
休闲,1,4.7,4.7,否
蔬果,1.918,33.76,17.6,否
蔬果,0.63,3.65,5.8,否
粮油,1,4.3,4.3,否
日配,1,8.9,8.9,否
蔬果,0.542,4.31,7.96,否
休闲,1,6.9,6.9,否
蔬果,0.07,0.84,12,否
蔬果,0.398,4.78,12,否
蔬果,1.808,23.1,17.6,否
日配,1,10.9,13.3,是
蔬果,0.348,0.89,2.56,否
休闲,1,3.5,5.9,是
肉禽,0.924,25.69,27.8,否
蔬果,0.466,2.7,5.8,否
蔬果,0.42,4.94,5.6,否
日配,12,49,5.5,是
休闲,1,9.9,9.9,否
粮油,7,7,1,否
蔬果,1.705,3.34,1.96,否
蔬果,0.315,1.76,5.6,否
休闲,1,5.2,5.2,否
休闲,0.342,14.97,51.8,是
日配,1,5.5,8.3,是
洗化,1,4.9,4.9,否
休闲,1,18.9,20.9,是
蔬果,0.478,0.86,1.8,否
日配,1,5,5,否
休闲,1,1,1,否
蔬果,0.542,9.11,16.8,否
家居,1,13.5,13.5,否
粮油,1,136,145,是
洗化,1,15.7,15.7,否
蔬果,0.838,25.14,30,否
酒饮,6,15,2.5,否
休闲,1,17.9,19.9,是
肉禽,0.806,64.48,80,否
洗化,1,9.9,10.9,是
蔬果,0.458,3,6.56,否
酒饮,1,45,52,是
肉禽,0.862,25.69,29.8,否
日配,0.732,14.35,19.6,否
酒饮,1,2.9,2.9,否
蔬果,0.582,1.15,1.98,否
日配,1,8.6,8.6,否
蔬果,0.608,1.57,2.58,否
粮油,1,89.9,109,是
粮油,1,5.3,5.3,否
日配,1,5.9,6.9,是
蔬果,2,4,2,否
酒饮,6,12,2,否
休闲,1,68,68,否
休闲,1,3.9,3.9,否
日配,1,10.9,13.3,是
蔬果,1.805,10.76,5.96,否
蔬果,0.246,1.48,6,否
粮油,1,4.7,4.7,否
粮油,1,10,10,否
休闲,1,12.9,12.9,否
休闲,1,5.9,5.9,否
粮油,1,2.7,2.7,否
休闲,1,13.5,13.5,否
酒饮,1,8.7,8.7,否
酒饮,4,7.6,2.2,是
休闲,1,8.9,8.9,否
休闲,1,0.8,0.8,否
休闲,1,4.7,6,是
日配,1,4.9,4.9,否
休闲,0.192,4.53,29.8,是
蔬果,0.502,3.29,6.56,否
肉禽,0.566,16.87,29.8,否
蔬果,0.134,2.25,16.8,否
蔬果,1.344,23.65,17.6,否
蔬果,0.312,1.56,5,否
蔬果,0.252,0.5,1.98,否
蔬果,0.92,1.82,1.98,否
休闲,1,5.7,5.7,否
粮油,1,1.9,1.9,否
休闲,0.252,4.54,18,否
休闲,0.128,4.35,34,否
酒饮,2,53.4,26.7,否
酒饮,1,6.5,6.5,否
冲调,1,3,3,否
家居,1,9,9,否
蔬果,0.366,3.51,9.6,否
洗化,1,17.9,17.9,否
蔬果,0.294,1.47,5,否
日配,1,14.8,19.3,是
粮油,1,0.5,0.5,否
粮油,1,1.9,1.9,否
洗化,1,8.9,8.9,否
日配,0.564,11.05,19.6,否
洗化,1,17.9,17.9,否
休闲,1,7.5,7.5,否
休闲,1,5.9,5.9,否
粮油,0.982,4.32,4.4,否
休闲,1,5.9,5.9,否
休闲,0.176,7,39.8,否
日配,1,3.7,3.7,否
休闲,1,10.9,10.9,否
蔬果,1.116,13.37,11.98,否
休闲,0.36,4.96,19.8,是
洗化,1,17.9,24.9,是
蔬果,1.516,26.98,17.8,否
蔬果,0.526,1.35,2.56,否
粮油,1,25.9,25.9,否
粮油,1,6.8,6.8,否
粮油,1,6.7,6.7,否
粮油,1,7.9,7.9,否
休闲,1,4.7,5.9,是
休闲,1,3.5,3.5,否
休闲,1,6.5,6.5,否
蔬果,1.56,9.3,5.96,否
粮油,1,3.8,3.8,否
粮油,1,7.7,7.7,否
洗化,1,8.9,9.9,是
肉禽,0.774,21.52,27.8,否
休闲,1,7.5,7.9,是
蔬果,0.6,1.55,2.58,否
蔬果,2.302,26.6,9.98,否
休闲,0.428,22.17,51.8,否
针织,1,8,8,否
蔬果,0.144,0.72,4.98,否
粮油,1,29.9,30.9,是
洗化,1,29.9,29.9,否
蔬果,0.788,5.99,7.6,否
蔬果,0.784,7.81,9.96,否
休闲,1,2.3,2.3,否
粮油,0.472,10.57,22.4,否
休闲,1,8.5,8.5,否
休闲,1,7.9,10.3,是
日配,1,1,1,否
休闲,1,3.5,3.5,否
洗化,1,11.9,11.9,否
冲调,1,14.9,20.3,是
休闲,1,8.9,8.9,否
休闲,1,9.9,12.9,是
文体,1,4.3,4.3,否
酒饮,1,11.9,13.8,是
酒饮,1,11.9,13.8,是
粮油,1,89.9,109,是
家居,1,10,10,否
日配,4,220,65,是
休闲,1,13.7,13.7,否
洗化,1,5.3,5.3,否
日配,1,7.3,7.3,否
日配,0.662,21.58,32.6,否
粮油,1,2.9,2.9,否
粮油,1,0.5,0.5,否
粮油,1,1,1,否
日配,1,55,65,是
休闲,1,7.5,7.5,否
酒饮,2,5.8,2.9,否
休闲,0.15,8.1,54,否
家居,1,8,8,否
蔬果,0.372,0.65,1.76,否
日配,1,19.7,19.7,否
休闲,1,1.9,1.9,否
休闲,1,5.9,5.9,否
粮油,1,25.9,25.9,否
日配,1,8.9,12.9,是
肉禽,1.784,74.57,41.8,否
日配,1,10.9,13.3,是
蔬果,0.268,1.06,3.96,否
蔬果,0.378,3.76,9.96,否
蔬果,0.354,3.4,9.6,否
蔬果,1,30,30,否
蔬果,0.266,2.07,7.8,否
蔬果,0.322,3.21,9.96,否
休闲,1,7.9,7.9,否
休闲,1,2.9,2.9,否
休闲,1,4.9,4.9,否
蔬果,1.3,15.57,11.98,否
休闲,1,6.9,6.9,否
休闲,1,17.5,17.9,否
家居,1,12,12,否
蔬果,0.356,1.99,5.6,否
日配,1,14.9,18.7,是
粮油,4,27.2,6.8,否
粮油,1,12.9,12.9,否
粮油,1,3.9,3.9,否
粮油,1,6.7,6.7,否
休闲,1,5.9,5.9,否
蔬果,0.308,2.27,7.6,否
日配,1,9.8,9.8,否
粮油,1,6.9,7.5,是
冲调,1,49,60.3,是
休闲,1,4.2,4.2,否
粮油,1,7.9,11.3,是
休闲,1,4.7,5.9,是
休闲,1,2.3,2.3,否
洗化,1,17.9,23.9,是
粮油,1,6.9,8.9,是
蔬果,1.054,4.17,3.96,否
休闲,1,11.8,11.8,否
蔬果,0.158,4.3,27.2,否
肉禽,0.306,9.12,29.8,否
粮油,-1,-11.7,11.7,否
粮油,1,11.7,11.7,否
休闲,1,4.3,4.3,否
蔬果,0.556,8.9,16,否
粮油,1,16.9,18.9,是
蔬果,0.448,3.4,7.6,否
酒饮,1,6.5,6.5,否
日配,2,10.6,5.3,否
休闲,1,25,25,否
休闲,1,2.3,2.3,否
休闲,1,5.9,8.7,是
针织,1,9.9,20,是
蔬果,0.64,1.15,1.8,否
蔬果,0.513,2.03,3.96,否
蔬果,0.278,4.67,16.8,否
蔬果,0.189,1.13,5.98,否
休闲,1,9.3,10.9,是
休闲,1,25.9,29.8,是
蔬果,1.304,3.86,2.96,否
粮油,1,12.9,12.9,否
粮油,1,2.9,2.9,否
酒饮,1,13.9,13.9,否
粮油,1,28.9,35.9,否
冲调,1,25.9,25.9,否
休闲,7,83.3,13.9,是
日配,1,5.9,5.9,否
家居,1,5,5,否
日配,1.6,10.85,6.78,否
休闲,0.254,10.06,39.6,否
日配,1,75,75,否
休闲,0.212,4.19,25,是
蔬果,0.434,3.2,5.56,否
粮油,1,2.3,2.3,否
蔬果,0.92,6.99,7.6,否
蔬果,0.122,3.32,27.2,否
休闲,1,7.5,7.5,否
洗化,1,9.7,9.7,否
休闲,1,32.9,33.9,是
日配,1,13.9,16.3,是
洗化,1,9.9,8.9,是
粮油,1,1.9,1.9,否
休闲,1,16.9,16.9,否
酒饮,1,13.9,13.9,否
日配,1,55,65,是
蔬果,0.198,1.78,9,否
休闲,1,28.9,47,是
文体,1,20.3,20.3,否
休闲,1,17.9,19.9,是
蔬果,1.154,4.57,3.96,否
蔬果,0.611,3.05,5,否
粮油,1,3.7,3.7,否
粮油,1,14.7,14.7,否
日配,1,11.3,11.3,否
休闲,0.152,4.4,35,是
洗化,1,10.9,10.9,否
洗化,1,4.9,4.9,否
蔬果,1.412,3.61,2.56,否
蔬果,2.316,23.07,9.96,否
休闲,0.12,8.52,71,否
洗化,1,12.9,17.7,是
蔬果,1.264,7.53,5.96,否
粮油,1,6.9,7.9,是
休闲,0.078,0.76,15.8,是
粮油,1,1.5,1.5,否
休闲,1,6,6,否
粮油,1,4.3,4.3,否
休闲,1,6.9,6.9,否
酒饮,4,4.8,1.5,是
日配,1,8.9,8.9,否
休闲,1,13.9,13.9,否
冲调,1,24.5,30.7,是
粮油,1,39.9,39.9,否
粮油,1,2.3,2.3,否
蔬果,0.364,0.54,1.48,否
粮油,1,13.9,13.9,否
休闲,7,59.5,8.5,否
休闲,1,4.7,5.9,是
粮油,1,2.3,2.3,否
休闲,1,4.3,4.3,否
酒饮,1,5.7,5.7,否
日配,1,6.9,10.9,是
酒饮,1,1.3,1.3,否
休闲,1,19.5,19.5,否
蔬果,0.546,5.24,9.6,否
酒饮,1,23,23,否
蔬果,0.61,1.57,2.58,否
日配,1.104,7.49,6.78,否
蔬果,0.748,1.35,1.8,否
休闲,1,7.9,7.9,否
休闲,1,11.9,13.9,是
休闲,1,3.5,3.5,否
蔬果,0.901,2.85,3.16,否
休闲,1,9.9,9.9,否
家居,1,5,5,否
休闲,1,4.5,4.5,否
酒饮,2,98,39,是
蔬果,0.48,2.78,5.8,否
粮油,1,4.8,4.8,否
粮油,1,24.9,24.9,否
日配,16,36.8,2.7,是
休闲,0.446,23.1,51.8,否
家居,1,6,6,否
肉禽,0.38,7.45,19.6,否
酒饮,20,440,22,否
蔬果,0.22,0.87,3.96,否
蔬果,0.192,1.53,7.96,否
蔬果,0.488,1.25,2.56,否
日配,12,49,5.5,是
洗化,4,6,1.5,否
粮油,1,0.5,0.5,否
粮油,1,3.7,3.7,否
休闲,1,2.9,2.9,否
文体,1,13,13,否
休闲,1,4,4,否
休闲,1,116,116,否
休闲,1,3.7,3.7,否
肉禽,0.84,35.11,41.8,否
日配,0.722,4.9,6.78,否
休闲,1,6.5,6.5,否
粮油,1,16.3,16.3,否
日配,1,52,75,是
酒饮,1,3,3,否
休闲,1,12,12,否
洗化,1,12.9,14.5,是
休闲,1,7.9,9.3,是
洗化,1,1.9,1.9,否
蔬果,0.502,5,9.96,否
休闲,0.41,9.76,23.8,否
蔬果,3.596,7.05,1.96,否
蔬果,1.888,6,3.18,否
休闲,1,9.9,9.9,否
休闲,1,38,38,否
粮油,1,4.5,4.9,是
洗化,1,8.9,9.9,是
粮油,1,6.9,6.9,否
粮油,1,6.7,6.7,否
粮油,1,28.9,30.9,是
蔬果,1.102,6.81,3.16,否
休闲,0.59,16.4,33.8,是
休闲,1,7.5,7.5,否
休闲,0.426,11.84,33.8,是
日配,1,5.9,7.5,是
休闲,1,7.5,7.5,否
休闲,1,3.5,3.5,否
粮油,12,38.4,3.2,否
休闲,1,2.3,2.3,否
休闲,1,6.9,6.9,否
蔬果,0.417,1.07,2.56,否
休闲,1,6.5,6.9,是
蔬果,0.126,1.13,9,否
蔬果,0.606,3.03,5,否
日配,2,13.8,10.9,是
蔬果,0.232,1.35,5.8,否
粮油,1,4.9,6.9,是
蔬果,0.642,1.64,2.56,否
粮油,1,66.9,75,是
休闲,1,4.5,4.5,否
日配,1,59,76,是
蔬果,3.164,6.2,1.96,否
休闲,0.138,3.31,24,否
蔬果,0.498,5.98,12,否
蔬果,0.262,1.47,5.6,否
休闲,1,6.5,6.9,是
休闲,1,20,20,否
粮油,1,0.5,0.5,否
休闲,1,4.7,4.7,否
酒饮,1,2.9,2.9,否
家居,1,5,5,否
休闲,1,8,8,否
休闲,0.654,12.94,23.8,是
休闲,1,17.9,17.9,否
日配,3,6.3,2.1,否
蔬果,1.748,3.43,1.96,否
蔬果,0.314,2.45,7.8,否
休闲,0.176,5.24,29.8,否
粮油,1,3.7,3.7,否
文体,1,1.7,1.7,否
日配,1,7.9,12.8,是
蔬果,0.708,11.3,15.96,否
洗化,3,41.4,16.9,是
日配,12,60,5,否
日配,1,78,78,否
粮油,1,2,2,否
洗化,1,4,5.9,是
休闲,0.622,24.75,49.8,是
洗化,2,27.8,15.9,是
蔬果,0.604,1.2,1.98,否
休闲,1,2.9,2.9,否
日配,1,12.9,12.9,否
粮油,1,3.9,3.9,否
休闲,0.436,5.66,13.8,是
粮油,1,7.9,7.9,否
冲调,1,21.9,21.9,否
休闲,1,4.3,4.3,否
休闲,1,20,20,否
休闲,0.286,4.51,23.8,是
休闲,0.508,7.01,13.8,否
蔬果,0.264,2.06,7.8,否
蔬果,0.23,1.15,5,否
蔬果,0.364,2.04,5.6,否
休闲,0.412,19.69,47.8,否
休闲,0.46,21.99,47.8,否
酒饮,1,6.5,6.5,否
肉禽,0.97,26.97,27.8,否
蔬果,0.52,3.12,6,否
洗化,1,3.5,3.5,否
洗化,1,5.9,5.9,否
洗化,1,9.9,13.9,是
粮油,1,2.3,2.3,否
蔬果,0.44,2.9,2.56,否
洗化,1,9.9,13.9,是
酒饮,6,288,48,否
粮油,1,8.2,8.2,否
休闲,1,5.9,5.9,否
休闲,1,6.7,6.7,否
休闲,1,4.9,4.9,否
休闲,1,29.9,29.9,否
蔬果,0.324,3.11,9.6,否
日配,1,3.9,4.3,否
日配,7,41.3,7.5,是
蔬果,1,4.98,4.98,否
休闲,0.196,9.76,49.8,否
休闲,0.38,4.48,21.6,是
休闲,1,2.9,2.9,否
休闲,1,11.9,14.3,是
粮油,1,8.9,8.9,否
粮油,1,3.8,3.8,否
洗化,1,2,2,否
日配,1,17.3,17.3,否
休闲,1,11.9,14.9,是
蔬果,2.148,4.3,2,否
日配,1,5.9,6.9,是
粮油,1,7.9,7.9,否
休闲,1,19.9,21.9,是
蔬果,1.866,18.66,10,否
蔬果,2.67,26.7,10,否
休闲,1,11.9,11.9,否
粮油,1,15.3,15.3,否
酒饮,24,39,2,是
日配,1,5.9,7.5,是
休闲,1,7.9,9.9,是
休闲,1,6.3,7.7,是
休闲,1,13.5,13.5,否
粮油,1,33.5,35.9,否
肉禽,0.668,23.91,35.8,否
日配,1,4.3,4.3,否
日配,24,54.9,3,是
粮油,1,6.7,6.7,否
日配,1.15,22.77,19.8,否
粮油,1,4.9,6.9,是
休闲,1,9.9,10.3,否
休闲,1,25.9,25.9,否
针织,1,6,6,否
休闲,1,6,6,否
粮油,1,11.6,14.7,是
休闲,1,1.8,1.8,否
休闲,0.374,14.89,39.8,否
洗化,1,9.9,13.9,是
休闲,1,2.5,2.5,否
休闲,1,4,4,否
日配,1,17.3,17.3,否
蔬果,0.78,2.01,2.58,否
日配,1,2.4,2.4,否
蔬果,1.27,2.54,2,否
休闲,1,4.3,4.3,否
蔬果,0.218,1.69,7.76,否
熟食,4,4,1,否
蔬果,0.445,1.69,3.8,否
蔬果,0.434,2.52,5.8,否
肉禽,0.426,7.5,17.6,否
洗化,1,19.7,19.7,否
蔬果,0.586,2.32,3.96,否
蔬果,0.35,6.3,18,否
酒饮,10,120,12,否
日配,1,78,78,否
休闲,0.432,20.65,47.8,否
休闲,1,9.3,9.3,否
休闲,1,6.9,6.9,否
粮油,1,66.9,75,是
休闲,1,11.9,14.3,是
休闲,1,2.5,2.5,否
粮油,1,79.9,87.9,是
休闲,0.18,24.84,138,否
休闲,1,4.5,4.5,否
休闲,1,4.3,4.3,否
休闲,1,9.9,12.9,是
休闲,1,9.9,14,是
休闲,1,1.9,1.9,否
蔬果,0.65,4.26,6.56,否
洗化,1,2.9,2.9,否
休闲,1,6.5,6.5,否
日配,1,78,78,否
冲调,1,24.5,30.7,是
休闲,0.234,3.2,19.8,是
休闲,1,9.3,10.9,是
休闲,0.172,7.84,45.6,否
肉禽,2.272,63.16,27.8,否
蔬果,0.216,1.94,9,否
蔬果,0.514,2.57,5,否
蔬果,2.698,21.53,7.98,否
休闲,1,32.9,33.9,是
日配,8,84,12.9,是
酒饮,1,6.9,6.9,否
日配,24,56,3,是
冲调,1,49,60.3,是
蔬果,0.254,1.77,6.96,否
粮油,1,5.5,5.5,否
蔬果,0.281,1.4,4,否
粮油,1,6.9,6.9,否
蔬果,0.628,11.05,17.6,否
粮油,1,6.7,6.7,否
休闲,1,4.9,4.9,否
休闲,1,25,25,否
休闲,1,7.5,7.5,否
蔬果,0.776,12.36,31.8,否
粮油,1,14.7,14.7,否
休闲,1,3.5,3.5,否
日配,1,9.9,15.5,是
粮油,2.292,12.79,5.58,否
蔬果,0.612,3.4,5.56,否
洗化,1,17.9,24.9,是
针织,1,109,109,否
粮油,1,11.7,11.7,否
休闲,1,10.5,10.5,否
日配,1,9.9,9.9,否
洗化,1,7.9,7.9,否
休闲,1,4,4,否
粮油,1,27.7,27.7,否
蔬果,0.396,2.22,5.6,否
日配,1,10.5,12.9,是
蔬果,1.412,4.49,3.18,否
粮油,1,0.5,0.5,否
蔬果,0.774,2.94,3.8,否
蔬果,0.706,1.4,1.98,否
日配,0.77,5.22,6.78,否
休闲,1,10.4,10.4,否
蔬果,0.746,22.38,30,否
日配,1,11.9,11.9,否
日配,1,17.3,17.3,否
洗化,1,5.9,5.9,否
蔬果,0.304,9.12,30,否
蔬果,1.086,6.04,5.56,否
粮油,1,4.5,4.5,否
蔬果,1,30,30,否
蔬果,0.524,1.55,2.96,否
粮油,0.001,0.01,13.8,否
休闲,1,5.5,5.5,否
酒饮,1,15.9,15.9,否
粮油,1,6.9,6.9,否
蔬果,0.477,1.81,3.8,否
粮油,1,3.3,3.3,否
休闲,1,8.3,8.3,否
蔬果,0.666,5.06,7.6,否
蔬果,0.836,4.85,5.8,否
蔬果,1.26,12.57,9.98,否
粮油,0.456,4.92,10.8,否
休闲,1,17.9,19.9,是
休闲,1,3.3,3.3,否
蔬果,0.359,2.15,5.98,否
粮油,1,5.5,5.5,否
蔬果,0.422,1.6,3.8,否
日配,1,5.9,6.9,是
休闲,1,5.3,5.3,否
酒饮,1,1.8,1.8,否
日配,16,39.9,2.8,是
蔬果,0.214,1.67,7.8,否
日配,1.132,21.73,19.2,否
休闲,1,18.9,18.9,否
粮油,0.346,4.77,13.8,否
日配,1,11.9,14.9,是
休闲,1,11.9,14.3,是
冲调,1,38.7,38.7,否
粮油,1,136,145,是
休闲,1,26.9,26.9,否
日配,7,73.5,12.9,是
蔬果,0.508,2.95,5.8,否
粮油,1,11.3,11.3,否
日配,1.638,11.11,6.78,否
粮油,-1,-12.9,12.9,否
休闲,1,23,23,否
粮油,1,3.7,3.7,否
日配,0.798,5.41,6.78,否
粮油,1,7.3,7.3,否
蔬果,0.354,0.91,2.56,否
粮油,1,0.5,0.5,否
粮油,1,136,145,是
酒饮,1,39,42,是
日配,1,11.8,11.8,否
日配,1,5.9,6.9,是
洗化,1,12.9,14.5,是
洗化,1,9.9,13.9,是
休闲,1,4.3,4.3,否
休闲,1,7.9,7.9,否
休闲,1,17.5,19.8,是
蔬果,0.577,2.89,5,否
洗化,1,11.9,11.9,否
洗化,1,6.9,11.9,是
日配,1,11.8,11.8,否
日配,1,8.9,12.9,是
粮油,1,2.5,2.7,否
熟食,0.658,13.16,20,否
休闲,1,3.6,3.6,否
休闲,1,7.9,7.9,否
休闲,1,4.3,4.3,否
休闲,1,5.3,5.3,否
酒饮,1,3,3,否
粮油,1,8.9,8.9,否
休闲,1,3.4,3.4,否
洗化,1,4.7,4.7,否
日配,2,4,2,否
休闲,1,4.2,4.2,否
粮油,0.184,5.48,33.8,是
洗化,1,2.9,2.9,否
日配,0.65,12.74,19.6,否
休闲,1,8.3,9.5,是
粮油,1,4,4,否
休闲,1,9.7,9.7,否
休闲,1.528,24.14,19,是
休闲,1,4.7,5.9,是
蔬果,0.306,1.21,3.96,否
粮油,2,13.8,7.9,是
休闲,1,4.7,6,是
蔬果,0.809,3.24,4,否
蔬果,0.784,6.88,1.98,否
粮油,1,4.7,4.7,否
针织,1,25,25,否
休闲,1,7.9,7.9,否
粮油,1,3.9,3.9,否
蔬果,-1,-4.98,4.98,否
蔬果,1,4.98,4.98,否
蔬果,1.042,4.13,3.96,否
粮油,1,6.8,6.8,否
日配,24,58.8,3,是
休闲,0.804,9.46,19.6,是
休闲,1,4.7,5.9,是
休闲,-1,-25.8,25.8,否
休闲,1,25.8,25.8,否
日配,1,8.9,12.9,是
蔬果,0.52,2.06,3.96,否
蔬果,0.276,4.97,18,否
日配,24,58.8,3,是
休闲,0.172,6.84,49.8,是
日配,0.67,4.54,6.78,否
休闲,1,4.3,4.3,否
休闲,0.166,7.2,51.6,是
酒饮,1,11.9,13.8,是
粮油,2,5.6,2.8,否
肉禽,0.224,6.23,27.8,否
日配,1,10.9,13.3,是
休闲,1,22,22,否
蔬果,1.136,5.66,4.98,否
休闲,1,2.3,2.3,否
休闲,1,5.4,5.4,否
洗化,1,16.9,23.9,是
日配,1,8.5,10.3,是
蔬果,0.758,13.49,17.8,否
冲调,1,18.9,25.7,是
日配,1,8.9,12.9,是
粮油,1,7.9,7.9,否
蔬果,0.591,1.51,2.56,否
蔬果,0.304,1.52,5,否
粮油,1,89.9,109,是
酒饮,1,13.9,13.9,否
休闲,0.608,13.74,22.6,否
蔬果,0.204,1.52,7.47,否
酒饮,1,6.5,6.5,否
休闲,1,32.9,33.9,是
蔬果,0.42,1.68,4,否
日配,0.776,5.26,6.78,否
洗化,1,9.9,9.9,否
蔬果,0.66,1.31,1.98,否
洗化,1,3.7,3.7,否
冲调,1,3,3,否
蔬果,0.702,4.18,5.96,否
洗化,1,9.9,10.9,是
洗化,1,12.9,18.9,是
休闲,1,9.3,10.9,是
针织,1,59.9,59.9,否
酒饮,1,38.5,38.5,否
蔬果,0.86,13.73,15.96,否
日配,1,12.9,18.5,是
休闲,1,17.9,19.9,是
酒饮,6,19.8,3.3,否
休闲,1,17.9,19.9,是
休闲,1,3.9,3.9,否
粮油,12,42,3.5,否
休闲,1,3.5,3.5,否
蔬果,0.486,4.37,9,否
粮油,1,6.9,9.5,是
粮油,1,39.7,39.7,否
粮油,1,1.7,1.7,否
粮油,1,1.9,1.9,否
休闲,0.232,21.25,110,是
休闲,2,90,49.8,是
休闲,0.382,19.79,51.8,否
蔬果,0.196,0.98,5,否
冲调,1,38.7,38.7,否
洗化,1,8.5,8.9,是
蔬果,1,42,88,否
休闲,1,12.5,12.5,否
针织,1,49.9,85,是
蔬果,0.598,10.76,18,否
蔬果,0.276,2.14,7.76,否
酒饮,1,11.9,13.8,是
蔬果,1.808,50.26,27.8,否
蔬果,0.626,2.48,3.96,否
蔬果,2.176,8.62,3.96,否
粮油,1,0.5,0.5,否
洗化,1,4.3,4.3,否
休闲,1,48,48,否
蔬果,0.962,2.46,2.56,否
蔬果,0.794,6.97,2.58,否
粮油,0.294,5.82,37.8,是
休闲,1,17.9,17.9,否
酒饮,1,5,5,否
冲调,1,16.9,24.3,是
日配,1,5.5,8.3,是
粮油,1,5.5,5.5,否
粮油,1,66.9,75,是
休闲,1,5.7,5.7,否
粮油,1,21.9,21.9,否
肉禽,0.158,6.95,44,否
休闲,1,7.5,7.9,是
冲调,1,17.3,17.3,否
休闲,1,5.7,5.7,否
休闲,1,10.9,10.9,否
休闲,1,4.7,4.7,否
日配,1,55,65,是
粮油,1,2.5,3.5,是
蔬果,1.028,4.07,3.96,否
日配,1,43.9,66,是
休闲,1,4.9,4.9,否
休闲,1,7.9,7.9,否
蔬果,1.1,13.18,11.98,否
冲调,1,29.9,35.7,是
冲调,1,69.7,69.7,否
休闲,0.438,17.43,39.8,否
蔬果,0.412,1.06,2.58,否
冲调,1,14.5,14.5,否
针织,1,25.5,25.5,否
蔬果,0.472,2.64,5.6,否
蔬果,0.582,4.42,7.6,否
洗化,1,7.9,7.9,否
蔬果,1.008,16.09,15.96,否
休闲,1,5.3,5.3,否
休闲,1,23,23,否
日配,1,10.5,12.9,是
粮油,1,5.3,5.3,否
熟食,0.238,4.76,20,否
休闲,1,38,38,否
冲调,1,22.5,28,是
日配,1,2,2,否
休闲,1,7.3,7.3,否
休闲,1,9.9,9.9,否
休闲,1,14.9,14.9,否
蔬果,0.912,2.88,3.16,否
粮油,12,44.4,3.7,否
休闲,0.242,3.8,23.8,是
休闲,1,25.5,29.5,是
粮油,1,9.5,9.5,否
粮油,1,1.1,1.1,否
休闲,0.506,4.95,11.8,是
休闲,1,5.8,6.5,否
休闲,1,24.9,24.9,否
粮油,1,2,4.5,是
蔬果,0.734,1.45,1.98,否
日配,24,117.6,5.3,是
粮油,1,7.9,7.9,否
休闲,1,30.5,30.5,否
洗化,1,3.9,3.9,否
蔬果,0.632,2.53,4,否
休闲,1,11.8,11.8,否
蔬果,1,18,18,否
蔬果,1,2,2,否
粮油,1,6.8,6.8,否
冲调,1,16.9,24.3,是
日配,2,4.2,2.1,否
洗化,1,4.9,4.9,否
休闲,1,5.5,5.5,否
休闲,1,6.5,6.5,否
休闲,1,25,25,否
蔬果,3.316,39.73,11.98,否
日配,12,49,5.5,是
蔬果,1.97,3.86,1.96,否
休闲,3,135,49.8,是
粮油,0.174,15.63,89.8,否
休闲,1,3,3,否
休闲,1,4,4,否
蔬果,1.426,8.5,5.96,否
蔬果,1.292,7.49,5.8,否
粮油,1,2.9,2.9,否
休闲,0.302,2.95,11.8,是
休闲,1,6.5,6.5,否
休闲,1,8.5,11.9,是
粮油,1,3.9,4.7,是
休闲,7,48.3,6.9,否
日配,1,3.3,3.9,是
粮油,1,1.3,1.3,否
休闲,1,32.9,33.9,是
蔬果,1.65,9.83,5.96,否
休闲,1,5.5,5.5,否
粮油,12,39,3.8,是
粮油,1,5.9,5.9,否
休闲,1,3.3,3.3,否
酒饮,1,11.9,13.8,是
针织,1,3.9,6,是
休闲,1,4.5,4.5,否
休闲,1,3.6,3.6,否
休闲,1,9.3,10.9,是
休闲,1,11.9,13.9,是
日配,1,6.3,6.3,否
蔬果,1.68,13.37,7.96,否
休闲,0.29,11.54,49.8,是
休闲,0.222,11.99,54,否
休闲,0.95,18.8,23.8,是
粮油,1,8.9,9.5,否
休闲,1,5.2,5.2,否
酒饮,1,11.9,13.8,是
休闲,1,89,98,是
洗化,1,12.9,14.5,是
洗化,1,2,2,否
家居,1,17,17,否
休闲,1,4.5,4.5,否
休闲,0.214,6.2,35,是
日配,2,156,78,否
洗化,1,4.9,4.9,否
粮油,1,6.7,6.7,否
粮油,1,2,2,否
蔬果,1.714,6.82,3.98,否
蔬果,0.498,0.99,1.98,否
粮油,1,49.9,59.9,是
蔬果,3.115,12.4,3.98,否
肉禽,2.628,52.03,19.8,否
蔬果,1,5.8,5.5,否
蔬果,0.308,3.08,10,否
休闲,1,6.3,6.3,否
粮油,1,27.7,27.7,否
休闲,1,4,4,否
休闲,0.236,2.31,15.8,是
冲调,1,36,36,否
肉禽,1.628,42,25.8,否
蔬果,0.446,2.67,5.98,否
蔬果,0.412,3.71,9,否
休闲,1,4,4,否
休闲,0.302,12.01,49.8,是
日配,1,17.3,17.3,否
粮油,1,6.9,6.9,否
酒饮,1,11.9,12.3,是
日配,1,6.9,10.9,是
洗化,1,10.9,10.9,否
肉禽,0.606,18.06,29.8,否
休闲,1,5.9,5.9,否
洗化,1,7.9,9.5,是
肉禽,1.118,46.73,41.8,否
休闲,1,7.9,7.9,否
蔬果,0.578,14.45,25,否
日配,1,5.5,8.3,是
粮油,1,2.9,2.9,否
休闲,0.294,5.2,27.8,是
休闲,1,8.9,8.9,否
冲调,1,24.5,30.7,是
休闲,1,7.5,7.5,否
蔬果,2.044,24.49,11.98,否
酒饮,1,11.9,13.8,是
酒饮,12,58.8,5.9,是
日配,1,12.9,18.5,是
日配,1,16.8,16.8,否
粮油,1,7.3,7.3,否
休闲,1,21.7,21.7,否
酒饮,1,5.6,6.9,是
蔬果,0.456,4.38,9.6,否
日配,0.964,6.54,6.78,否
洗化,1,17.9,17.9,否
洗化,1,33.7,33.7,否
蔬果,1.064,18.73,17.6,否
蔬果,0.46,3.5,7.6,否
日配,1,6.9,10.9,是
蔬果,0.771,2.93,3.8,否
蔬果,0.932,52.19,56,否
熟食,0.554,22.16,40,否
日配,1,5.9,6.9,是
日配,1,6.9,10.9,是
蔬果,0.446,2.59,5.8,否
日配,1,10.5,12.9,是
蔬果,0.368,1.46,3.96,否
休闲,1,2.9,2.9,否
休闲,1,10.9,10.9,否
家居,10,30,3,否
粮油,1,2.7,2.7,否
粮油,1,1.7,1.7,否
休闲,0.052,2.9,55.8,否
洗化,1,4.9,4.9,否
洗化,1,11.9,15.7,是
酒饮,1,9.5,11.3,是
粮油,1,13.9,15.5,是
休闲,1,4.9,4.9,否
休闲,1,5.5,5.5,否
文体,1,1.7,1.7,否
粮油,1,3.3,5.9,是
休闲,1,19.9,19.9,否
蔬果,0.606,1.19,1.96,否
蔬果,0.806,5.29,6.56,否
休闲,0.218,8.63,39.6,否
冲调,1,136,155,是
休闲,0.344,20.3,59,否
休闲,0.244,33.67,138,否
酒饮,1,3.5,3.5,否
酒饮,1,3.2,3,是
酒饮,1,29,29,是
洗化,1,8.9,8.9,否
日配,1,5.9,7.5,是
蔬果,0.32,1.79,5.6,否
日配,1,5.9,7.5,是
蔬果,5.856,23.31,3.98,否
休闲,0.482,7.6,19.8,是
粮油,1,3.6,4.5,是
洗化,1,4.7,4.7,否
休闲,1,4.5,4.5,否
休闲,0.694,6.8,11.8,是
肉禽,0.52,14.46,27.8,否
休闲,0.18,10.76,59.8,否
休闲,1,4.9,4.9,否
休闲,1,7.5,7.5,否
休闲,1,3.9,3.9,否
蔬果,0.72,8.6,17.6,否
休闲,1,3.5,3.5,否
蔬果,4.162,49.86,11.98,否
粮油,1,35.9,35.9,否
休闲,0.226,10.8,47.8,否
蔬果,0.566,1.68,2.96,否
粮油,1,1.9,1.9,否
酒饮,1,11.9,13.8,是
洗化,1,4.7,4.7,否
休闲,1,9.9,9.9,否
休闲,1,6.9,6.9,否
休闲,1,10.9,10.9,否
休闲,1,5.8,6.5,否
休闲,1,14.3,14.3,否
酒饮,1,8.9,10.7,是
蔬果,0.45,2.25,5,否
休闲,0.494,4.84,11.8,是
酒饮,1,11.9,12.3,是
日配,1,78,78,否
粮油,5,2.5,0.5,否
休闲,1,22,22,否
酒饮,1,11.9,13.8,是
休闲,1,8.3,9.9,是
休闲,0.682,27.14,49.8,是
蔬果,0.36,2.81,7.8,否
蔬果,0.562,8.99,16,否
蔬果,0.572,3.75,6.56,否
休闲,1,12.9,18.9,是
酒饮,1,13.9,13.9,否
休闲,0.13,3.33,25.6,否
蔬果,1.506,15.03,9.98,否
休闲,2,1,0.5,否
休闲,1,7.5,7.9,是
日配,1,6.9,10.9,是
粮油,1,9.9,9.9,否
熟食,0.518,10.36,20,否
冲调,1,4.9,4.9,否
休闲,1.142,22.6,23.8,是
蔬果,0.674,2,2.96,否
日配,1.076,7.3,6.78,否
休闲,1,19.7,19.7,否
休闲,1,5.3,5.3,否
日配,1,5.9,7.5,是
粮油,0.104,8.29,99,是
日配,1,75,75,否
粮油,12,38.4,3.2,否
酒饮,1,10.9,10.9,否
粮油,0.458,4.95,10.8,否
肉禽,0.874,22.55,25.8,否
蔬果,1,59,59,否
蔬果,0.444,1.76,1.8,否
蔬果,0.562,1.45,2.58,否
休闲,1,10.9,10.9,否
休闲,0.398,27.06,68,否
酒饮,20,76,3.8,否
洗化,1,8.5,8.9,是
蔬果,0.86,4.3,5,否
休闲,0.306,12.12,39.6,否
蔬果,0.706,3.95,5.6,否
蔬果,0.542,1.39,2.56,否
蔬果,0.597,3.92,6.56,否
休闲,1,10.9,10.9,否
酒饮,1,3.9,3.9,否
休闲,0.102,5.28,51.8,否
蔬果,0.55,0.99,1.8,否
粮油,1,3.9,3.9,否
休闲,1,4.5,4.5,否
蔬果,1.72,9.98,5.8,否
休闲,1,5.3,5.9,是
休闲,1,54.9,54.9,否
酒饮,1,5.8,6.9,是
日配,1,5.9,6.9,是
蔬果,0.55,3.61,6.56,否
粮油,1,4.8,4.8,否
粮油,1,9.9,9.9,否
休闲,0.62,7.3,19.6,是
粮油,1,2.8,2.8,否
洗化,1,5.7,5.7,否
日配,4,47.6,11.9,否
休闲,0.56,22.29,39.8,否
粮油,1,5.9,5.9,否
酒饮,1,2.8,2.8,否
休闲,0.348,13.85,39.8,否
洗化,1,7.9,10.9,是
蔬果,0.408,1.62,3.96,否
日配,1.37,26.85,19.6,否
蔬果,0.344,3.1,9,否
洗化,2,9.4,4.7,否
休闲,0.06,2.14,39.8,是
蔬果,0.54,1.39,2.58,否
休闲,4,131.6,33.9,是
酒饮,12,54,4.5,否
洗化,1,13.7,13.7,否
休闲,0.312,12.4,49.8,是
蔬果,0.506,2.93,5.8,否
休闲,3,26.1,8.7,否
粮油,1,6.8,6.8,否
休闲,1,7.2,7.2,否
休闲,1,32.9,33.9,是
休闲,1,3.5,4.3,是
粮油,1,12.9,12.9,否
洗化,1,13.5,15.9,是
洗化,1,27.9,35.9,是
蔬果,0.896,10.75,12,否
蔬果,0.516,8.26,16,否
粮油,0.174,10.57,70,是
休闲,0.614,6.01,11.8,是
粮油,1,1.7,1.7,否
蔬果,2.978,17.75,5.96,否
蔬果,0.402,6.75,16.8,否
休闲,1,10.9,10.9,否
文体,1,2.5,5,是
日配,1,1.6,2,是
蔬果,2,9.96,4.98,否
蔬果,0.268,2.57,9.6,否
日配,12,39.9,5.5,是
日配,24,38.4,2,是
酒饮,1,11.9,13.8,是
酒饮,1,48,48,否
酒饮,3,105,35,否
粮油,1,12.9,12.9,否
休闲,1,32.9,33.9,是
粮油,1,7.3,7.3,否
粮油,1,5.7,5.7,否
粮油,1,18.9,18.9,否
粮油,1,18.9,25.3,是
休闲,0.258,5.1,23.8,是
蔬果,0.559,1.65,2.96,否
酒饮,1,9.9,11.9,是
粮油,1,4.9,4.9,否
休闲,1,4,4,否
冲调,1,49,60.3,是
酒饮,1,11.9,13.8,是
酒饮,1,9.5,13.7,是
冲调,1,29.5,36,是
日配,1,3.9,5.9,是
蔬果,0.43,1.11,2.58,否
蔬果,0.254,4.57,18,否
蔬果,2.28,40.13,17.6,否
休闲,0.216,19.8,105.8,是
休闲,1,14.9,16.9,是
休闲,0.282,7.27,35.8,是
蔬果,0.592,3.29,5.56,否
酒饮,6,21,3.5,否
粮油,1,2,2,否
粮油,1,7.2,7.3,否
休闲,1,5.3,5.3,否
洗化,1,10.7,10.7,否
日配,1,10.5,12.9,是
蔬果,2.422,24.1,2,否
蔬果,2.074,4.11,1.98,否
洗化,1,4.9,4.9,否
日配,1,5.9,7.5,是
洗化,1,8.5,8.9,是
粮油,1,1.7,1.7,否
休闲,1,1.5,1.5,否
休闲,0.16,7,51.8,是
蔬果,1.234,4.91,3.98,否
蔬果,1.728,10.33,5.98,否
蔬果,0.282,1.12,3.96,否
蔬果,0.73,2.91,3.98,否
家居,1,6.9,9.9,是
蔬果,1.764,4.52,2.56,否
日配,1,14.3,14.3,否
休闲,0.218,3.83,27.8,是
熟食,0.218,4.36,20,否
日配,1,18.9,18.9,否
休闲,1,12,12,否
蔬果,0.702,1.39,1.98,否
酒饮,1,5.5,5.5,否
休闲,1,4,4,否
粮油,1,4.9,4.9,否
蔬果,0.588,6.92,16.8,否
粮油,1,7.9,7.9,否
蔬果,1.078,12.91,11.98,否
水产,0.356,11.32,31.8,否
休闲,1,2.3,2.3,否
粮油,1,3.3,3.3,否
蔬果,2.1,3.11,1.48,否
粮油,1,12.9,12.9,否
酒饮,1,12.7,12.7,否
洗化,1,7.7,7.7,否
休闲,1,45,49.8,是
休闲,1,23.9,27.9,是
日配,1,9.9,15.5,是
洗化,1,7.7,7.7,否
蔬果,0.744,8.91,11.98,否
休闲,1,6.5,6.5,否
粮油,1,3.9,3.9,否
休闲,0.89,8.72,11.8,是
冲调,1,40.3,40.3,否
休闲,1,13.9,13.9,否
休闲,0.936,16.66,17.8,否
酒饮,1,11.3,11.3,否
酒饮,1,11.9,13.8,是
粮油,1,9.5,9.5,否
酒饮,1,9.9,10.9,是
休闲,1,6.9,6.9,否
休闲,1,5.3,5.9,是
洗化,1,8.9,8.9,否
休闲,1.934,22.82,15.6,是
休闲,0.332,4.31,13.8,是
冲调,1,15.3,15.3,否
粮油,1,2.9,2.9,否
蔬果,0.296,1.72,5.8,否
休闲,1,9.3,10.9,是
粮油,1,22.5,22.5,否
休闲,1,28.9,28.9,否
洗化,1,12.9,14.5,是
洗化,1,1.9,1.9,否
休闲,0.392,4.6,15.6,是
蔬果,1.948,31.09,15.96,否
粮油,1,0.5,0.5,否
日配,1,55,65,是
蔬果,1.412,8.42,5.96,否
蔬果,0.866,2.56,2.96,否
肉禽,0.208,6.2,29.8,否
休闲,1,3.5,4.3,是
日配,24,127.8,7.1,是
蔬果,0.23,1.51,6.56,否
肉禽,0.778,15.4,19.8,否
蔬果,0.144,0.94,6.56,否
休闲,1,9.3,10.9,是
酒饮,3,90,39,是
酒饮,5,27.5,5.5,否
洗化,1,2.4,2.9,是
粮油,0.841,3.7,4.4,否
日配,1,14.3,14.3,否
休闲,1,10.9,10.9,否
休闲,1,39.8,39.8,否
日配,1,10.5,12.9,是
粮油,1,9.5,9.5,否
休闲,1,29.9,29.9,否
文体,1,2.3,2.3,否
文体,1,1.7,1.7,否
冲调,1,59,76,是
蔬果,0.722,1.43,1.98,否
蔬果,0.506,2.93,5.8,否
蔬果,2,3,1.5,否
日配,1,7.7,7.7,否
蔬果,0.406,3.09,7.6,否
休闲,1,17.9,17.9,否
粮油,1,0.5,0.5,否
休闲,1,5.3,5.9,是
熟食,0.51,10.2,20,否
粮油,1,6.3,6.3,否
蔬果,0.284,4.14,7.6,否
休闲,1,14.9,16.9,是
粮油,1,3.8,3.8,否
蔬果,0.638,5.08,7.96,否
蔬果,0.342,6.16,18,否
粮油,1,44.9,44.9,否
蔬果,1.644,4.87,2.96,否
日配,1,8.5,10.3,是
肉禽,1.052,29.25,27.8,否
休闲,1,32.9,33.9,是
蔬果,0.532,5.3,9.96,否
休闲,1,2.9,2.9,否
休闲,0.488,4.72,11.8,是
日配,1,75,75,否
洗化,1,12.5,12.5,否
酒饮,2,23.8,13.8,是
酒饮,10,70,7,否
日配,1,8,8,否
酒饮,1,2.9,2.9,否
酒饮,2,246,138,是
酒饮,1,9.9,10.9,是
蔬果,0.701,1.79,2.56,否
休闲,1,11.8,11.8,否
休闲,1,6.5,6.9,是
休闲,1,3.9,3.9,否
肉禽,0.476,14.18,29.8,否
酒饮,1,11.9,12.3,是
休闲,1,8.7,8.7,否
休闲,0.238,9.47,49.8,是
休闲,1,3.9,3.9,否
蔬果,0.638,2.53,3.96,否
洗化,1,26.9,26.9,否
日配,1,3.9,4.9,是
蔬果,1.472,14.69,9.98,否
休闲,1,3.5,4.3,是
休闲,1,6.5,6.5,否
日配,1,78,78,否
家电,1,19.5,19.5,否
休闲,0.298,5.9,23.8,是
休闲,1,6.5,6.9,是
酒饮,1,4.9,4.9,否
蔬果,0.516,2.89,5.6,否
日配,1,8.9,12.9,是
休闲,0.052,2.27,51.8,是
休闲,0.06,4.78,79.6,否
肉禽,0.522,15.56,29.8,否
日配,1.146,22,19.2,否
休闲,0.488,11.61,23.8,否
休闲,1,10,10,否
蔬果,0.3,1.67,5.56,否
蔬果,0.45,2.61,5.8,否
休闲,1,3.7,3.7,否
休闲,1,3.5,3.7,否
粮油,1,6.5,6.5,否
洗化,1,6.9,8.9,是
冲调,1,3.2,3.2,否
针织,1,20,20,否
酒饮,1,9.5,13.7,是
蔬果,0.561,1.66,2.96,否
家居,1,15,15,否
酒饮,1,6.9,6.9,否
休闲,0.346,17.92,51.8,否
休闲,0.104,14.35,138,否
休闲,0.304,3.9,13.8,是
蔬果,1.064,4.21,3.96,否
休闲,0.248,13.39,54,否
休闲,1,3.5,3.5,否
蔬果,1.825,7.23,3.96,否
粮油,1,7.9,7.9,否
休闲,1,3.3,3.3,否
休闲,1,4.9,4.9,否
休闲,3,8.7,2.9,否
蔬果,0.358,1.42,3.96,否
日配,16,29,2.8,是
家居,1,15,15,否
针织,1,6,6,否
休闲,1,11.9,11.9,否
日配,1,59,76,是
酒饮,6,17.4,2.9,否
蔬果,0.538,2.13,3.96,否
蔬果,0.4,3.1,7.76,否
粮油,1,4.5,4.9,是
蔬果,1.522,15.1,2,否
粮油,1,0.5,0.5,否
粮油,1,2.7,2.7,否
蔬果,0.798,2.04,2.56,否
粮油,1,7.9,7.9,否
蔬果,0.646,5.14,7.96,否
洗化,1,9.9,13.9,是
蔬果,1.013,16.17,15.96,否
休闲,1,6.5,6.5,否
酒饮,1,9.5,13.7,是
休闲,1,4.9,4.9,否
休闲,0.226,2.21,15.8,是
休闲,0.234,4.6,23.8,是
粮油,1,6.8,6.8,否
日配,1,10.5,12.9,是
酒饮,1,19.3,19.3,否
蔬果,0.728,1.88,2.58,否
日配,-1,-8.9,8.9,否
日配,1,7.9,8.9,否
粮油,1,16.3,16.3,否
粮油,1,8.9,8.9,否
粮油,1,3.7,3.7,否
休闲,1,19.9,21.9,是
文体,1,4.7,4.7,否
休闲,0.3,5.9,23.8,是
洗化,2,13.8,8.9,是
休闲,1,3.3,3.3,否
休闲,1,3.7,3.7,否
酒饮,1,2.8,2.8,否
粮油,1,2.9,2.9,否
休闲,0.324,5.12,15.8,否
酒饮,12,58.8,5.9,是
休闲,0.296,8.22,35,是
粮油,1,4.5,4.9,是
日配,1,10.5,12.9,是
日配,1,19.9,19.9,否
休闲,1,13.5,13.5,否
休闲,1,32.9,33.9,是
日配,1,11.5,16.5,是
休闲,1,4.5,4.5,否
休闲,6,71.4,13.9,是
粮油,1,3.9,3.9,否
蔬果,0.296,2.66,9,否
休闲,1,10,10,否
熟食,0.16,12.16,76,否
日配,1,8.9,8.9,否
蔬果,0.866,2.22,2.56,否
蔬果,1,6.56,6.56,否
休闲,1,16.9,16.9,否
蔬果,0.66,0.98,1.48,否
休闲,1,8.7,8.7,否
休闲,1,7,7,否
休闲,1,39,49,是
家居,1,15,15,否
休闲,0.2,5.8,35,是
针织,1,3.9,7,是
蔬果,2.234,4.38,1.96,否
冲调,1,22.3,22.3,否
冲调,1,9.9,9.9,否
肉禽,1.424,28.2,19.8,否
粮油,1,11.5,11.7,否
休闲,1,12.5,12.5,否
蔬果,1.491,8.35,5.6,否
蔬果,0.828,7.95,9.6,否
日配,0.886,17.37,19.6,否
蔬果,0.448,1.7,3.8,否
粮油,1,2.3,2.3,否
蔬果,0.65,1.29,1.98,否
休闲,0.264,24.23,105.8,是
酒饮,1,6.9,6.9,否
日配,1,13.3,13.3,否
休闲,1,10.9,10.9,否
休闲,1,2.7,2.7,否
酒饮,1,11.9,13.8,是
酒饮,1,11.9,12.3,是
休闲,0.18,8.6,47.8,否
冲调,1,25.9,25.9,否
蔬果,1,4.98,4.98,否
蔬果,0.352,3.17,9,否
蔬果,1,4.98,4.98,否
酒饮,1,11.9,13.8,是
休闲,1,11.9,14.3,是
蔬果,2,20,10,否
蔬果,0.272,1.58,5.8,否
日配,1,10.8,14.9,是
洗化,1,5.9,5.9,否
洗化,1,12.9,12.9,否
休闲,0.238,32.84,138,否
蔬果,0.428,3.03,9.6,否
粮油,1,3.9,3.9,否
粮油,1,1.7,1.7,否
家居,1,10,10,否
洗化,2,9.8,4.9,否
休闲,1,3.9,3.9,否
休闲,1,2.9,2.9,否
日配,1,5.9,7.5,是
家居,1,4,4,否
日配,0.848,5.75,6.78,否
休闲,1,4.9,4.9,否
日配,4,27.6,10.9,是
肉禽,0.844,26.16,31,否
肉禽,0.668,18.57,27.8,否
休闲,1,3.9,3.9,否
酒饮,6,270,52,是
休闲,1,2.7,2.7,否
粮油,2,13.8,7.9,是
粮油,3,6.9,2.3,否
休闲,0.16,3.81,23.8,否
休闲,0.282,7.8,35,是
粮油,1,5.9,5.9,否
酒饮,1,3.7,3.7,否
蔬果,0.956,2.47,2.58,否
休闲,1,5.9,5.9,否
蔬果,0.348,2.02,5.8,否
粮油,1,8.9,8.9,否
休闲,1,4.2,4.2,否
休闲,1,4.9,6.9,是
休闲,1,4.7,4.7,否
休闲,1,7.9,7.9,否
酒饮,1,11.9,13.8,是
酒饮,1,11.9,13.8,是
粮油,3.52,14.78,4.2,否
粮油,1,14.5,14.5,否
酒饮,1,99,99,否
洗化,1,19.9,19.9,否
粮油,1,2.3,2.3,否
休闲,1,4.9,4.9,否
蔬果,0.512,2.03,3.96,否
日配,0.772,5.23,6.78,否
日配,1,78,78,否
冲调,1,59,76,是
蔬果,-0.252,-1,12,否
蔬果,0.252,3.02,12,否
酒饮,1,6.5,6.5,否
休闲,1,3.3,3.3,否
休闲,1,4.7,4.7,否
酒饮,1,2.5,2.5,否
休闲,0.456,5.92,13.8,是
酒饮,1,9.9,11.9,是
休闲,1,6.8,6.8,否
蔬果,0.526,8.42,16,否
休闲,1,12,12,否
日配,24,58.8,3,是
日配,1.108,21.94,19.8,否
家居,1,13.5,13.5,否
粮油,1,22.5,22.5,否
休闲,1,10.9,10.9,否
蔬果,0.988,2.53,2.56,否
酒饮,1,4.5,4.5,否
洗化,1,8.9,8.9,否
粮油,1,1.1,1.1,否
冲调,1,35.9,39.9,是
肉禽,0.558,19.98,35.8,否
休闲,1,7.5,7.9,是
日配,48,117.6,3,是
日配,1,6.9,6.9,否
粮油,1,2.7,2.7,否
休闲,0.272,10.28,37.8,否
休闲,1,3.3,3.3,否
家电,1,19,19,否
粮油,1,2.7,2.7,否
日配,1,8.5,10.3,是
粮油,1,13.3,13.3,否
休闲,1,2.7,2.7,否
酒饮,1,1.9,1.9,否
粮油,1,2,4.5,是
家居,1,5.5,6.5,是
粮油,1,9,9,否
洗化,1,4.7,4.7,否
休闲,1,5.5,5.5,否
粮油,1,5.9,5.9,否
酒饮,1,5.5,5.5,否
酒饮,1,11.3,11.3,否
酒饮,1,10.3,10.3,否
文体,4,1.2,0.3,否
日配,1,11.3,11.3,否
蔬果,0.544,3.79,6.96,否
蔬果,0.271,2.71,10,否
休闲,3,35.7,13.9,是
休闲,0.158,2.05,13.8,是
粮油,1,4.9,6.9,是
日配,1,5.9,6.9,是
酒饮,1,15,15,否
熟食,0.274,7.67,28,否
蔬果,0.244,1.42,5.8,否
针织,1,119,130,是
蔬果,0.5,4.8,9.6,否
休闲,0.328,15.68,47.8,否
休闲,0.642,15.28,23.8,否
粮油,1,6.7,6.7,否
家居,1,17,17,否
肉禽,0.508,10.06,19.8,否
粮油,1,4.9,4.9,否
休闲,0.2,7.96,49.8,是
休闲,0.09,6.32,71,否
熟食,0.648,12.96,20,否
粮油,1,13.3,13.3,否
粮油,1,18.9,25.3,是
蔬果,1.582,88.59,56,否
粮油,1,6.9,7.9,是
酒饮,1,2.9,2.9,否
粮油,1,136,145,是
休闲,1,3.5,4.3,是
休闲,1,3.5,3.5,否
休闲,0.288,3.74,13.8,是
休闲,0.586,6.9,19.6,是
休闲,1,10.9,10.9,否
日配,1,12.9,16.9,是
休闲,0.34,6.73,23.8,是
休闲,1,10.9,10.9,否
粮油,1,6.9,8.5,是
休闲,1,6.5,6.5,否
休闲,1,6.2,6.2,否
日配,1,8.9,8.9,否
蔬果,0.646,2.45,3.8,否
休闲,1,0.8,0.8,否
酒饮,1,6.5,6.5,否
粮油,1,26.9,30.9,是
休闲,1,79,106,是
洗化,1,12.9,12.9,否
酒饮,1,11.9,13.8,是
粮油,1,3.9,3.9,否
蔬果,0.482,4.63,9.6,否
蔬果,0.392,2.34,5.98,否
酒饮,6,30,5,否
酒饮,3,210,85,是
洗化,1,4.9,4.9,否
蔬果,0.24,1.39,5.8,否
休闲,1,21.8,21.8,否
家居,1,6.9,8,是
蔬果,0.706,5.62,7.96,否
冲调,1,50.9,50.9,否
粮油,1,8.5,8.5,否
肉禽,0.516,13.21,25.6,否
日配,1,17.3,17.3,否
日配,1,10.5,12.9,是
粮油,1,5.7,5.7,否
休闲,0.164,9.68,59,否
粮油,1,2.7,2.7,否
休闲,0.314,15.01,47.8,否
休闲,1,6,6,否
洗化,1,19.9,19.9,否
粮油,1,7.7,7.7,否
洗化,1,6.9,6.9,否
蔬果,0.246,1.38,5.6,否
蔬果,0.811,2.08,2.56,否
蔬果,1,4.98,4.98,否
日配,1,10.5,10.5,否
粮油,1,89.9,109,是
休闲,1,5.9,5.9,否
粮油,1,2.7,2.7,否
蔬果,0.738,2.92,3.96,否
蔬果,0.578,6.94,12,否
日配,2,13.4,6.7,否
休闲,1,9.3,10.9,是
休闲,0.198,27.32,138,否
酒饮,1,1.3,1.3,否
日配,1,14.9,14.9,否
休闲,1,6.5,6.9,是
日配,1,9.7,9.7,否
蔬果,0.693,2.76,3.98,否
蔬果,0.916,1.81,1.98,否
日配,1,4.9,4.9,否
休闲,1,4.5,4.5,否
粮油,3.6,20.09,5.58,否
家居,1,5,5,否
洗化,1,9.9,13.9,是
日配,1,11.9,11.9,否
粮油,1,0.5,0.5,否
休闲,0.63,25.05,49.8,是
蔬果,0.636,6.8,1.98,否
蔬果,0.968,9.64,9.96,否
日配,1,39,53,是
蔬果,0.718,8.62,12,否
粮油,1,3.9,3.9,否
休闲,1,15.9,15.9,否
蔬果,0.66,5.02,7.6,否
肉禽,1.842,88.05,47.8,否
粮油,1,4.9,5.3,否
酒饮,1,9.9,11.9,是
酒饮,1,11.9,13.8,是
休闲,0.16,4.13,25.8,否
洗化,1,8.9,8.9,否
洗化,2,13.8,8.9,是
酒饮,2,9.8,4.9,否
休闲,1,8.5,8.5,否
日配,1,1.6,2,是
粮油,1,13.9,15.5,是
休闲,1,11.9,13.9,是
蔬果,0.662,5.03,7.6,否
粮油,1,9.9,9.9,否
家居,1,6.9,10,是
蔬果,0.48,2.87,5.98,否
蔬果,0.84,2.34,2.78,否
休闲,1,19.9,21.9,是
日配,0.96,18.82,19.6,否
酒饮,1,12.7,12.7,否
休闲,1,3.3,3.3,否
酒饮,1,10.3,10.3,否
酒饮,1,11.9,13.8,是
休闲,0.348,3.4,15.8,是
水产,0.608,10.82,17.8,否
酒饮,1,8.9,12.9,是
休闲,1,6.9,6.9,否
酒饮,1,3,3,否
休闲,1,5.9,5.9,否
休闲,1,4.7,5.9,是
休闲,1,3.7,3.7,否
蔬果,0.25,1.45,5.8,否
熟食,0.384,34.56,90,否
蔬果,0.6,1.55,2.58,否
蔬果,0.738,22.14,30,否
蔬果,0.216,0.86,3.96,否
蔬果,0.802,2.07,2.58,否
蔬果,0.768,5.04,6.56,否
肉禽,0.412,11.45,27.8,否
粮油,1,35.9,35.9,否
日配,1,5.7,5.7,否
休闲,0.166,6.6,49.8,是
蔬果,0.194,1.08,5.56,否
粮油,1,7.9,13.3,是
休闲,1,3.3,3.3,否
休闲,1,2.7,2.7,否
休闲,1,4.2,4.2,否
酒饮,1,5.5,5.5,否
粮油,1,8.5,8.5,否
休闲,1,5.2,5.2,否
蔬果,1.978,15.74,7.96,否
蔬果,1.022,30.66,30,否
蔬果,0.338,1.96,5.8,否
蔬果,1.95,58.5,30,否
粮油,1,145,145,否
日配,1,2.3,2.3,否
冲调,1,28,28,否
酒饮,4,20,5,否
粮油,1,8.9,8.9,否
日配,1.834,12.43,6.78,否
休闲,0.262,10.43,39.8,否
洗化,1,10.5,19.7,是
洗化,2,2,1.9,是
休闲,0.302,41.68,138,否
日配,1,6.9,10.9,是
酒饮,1,11.9,13.8,是
日配,1,12.9,18.5,是
粮油,1,5.3,5.3,否
蔬果,0.55,1.41,2.56,否
酒饮,1,3,3,否
粮油,1,3.9,3.9,否
蔬果,0.78,3.9,5,否
休闲,1,1,1,否
酒饮,1,11.9,13.8,是
酒饮,1,11.9,13.8,是
休闲,0.198,8.67,51.8,是
肉禽,0.236,4.67,19.8,否
蔬果,0.334,1.86,5.56,否
日配,1,8.5,10.3,是
蔬果,1,5.2,20,否
蔬果,0.264,2.53,9.6,否
粮油,1,10.9,12.5,是
休闲,1,4.7,4.7,否
休闲,1,2.3,2.3,否
休闲,1,3.9,3.9,否
粮油,1,8.2,8.2,否
酒饮,1,48,56,是
洗化,1,35.9,35.9,否
家居,1,3.5,4.5,是
文体,1,9,15,是
文体,1,1,2,是
酒饮,1,20.7,20.7,否
洗化,1,39.9,51.9,是
洗化,1,16.9,16.9,否
休闲,1,11.9,13.9,是
蔬果,0.47,1.39,2.96,否
日配,1,13.9,16.3,是
粮油,1,7.9,13.3,是
休闲,0.402,4.66,11.6,否
休闲,0.196,5.68,35,是
酒饮,3,105,35,否
蔬果,0.44,3.86,2.58,否
日配,1,5.5,8.3,是
粮油,1,0.5,0.5,否
休闲,1,2.3,2.3,否
休闲,1,2.9,2.9,否
休闲,0.122,16.84,138,否
休闲,1,4,4,否
蔬果,0.763,5.01,6.56,否
休闲,1,4.9,4.9,否
酒饮,1,4.9,5.9,是
洗化,1,5.9,7.7,是
休闲,1,17.5,17.5,否
休闲,0.368,8.76,23.8,否
日配,1,5.9,7.5,是
酒饮,1,11.9,13.8,是
蔬果,0.35,2.3,6.56,否
洗化,1,10.5,19.7,是
休闲,0.256,7.58,29.6,否
酒饮,1,6.5,6.5,否
休闲,1,6.9,6.9,否
蔬果,0.564,1.12,1.98,否
酒饮,1,9.9,11.9,是
休闲,1,5.5,5.5,否
针织,1,8,8,否
粮油,1,6.9,6.9,否
蔬果,0.824,4.78,5.8,否
酒饮,1,8.9,12.9,是
粮油,1,12.9,12.9,否
日配,12,58.8,5.3,是
粮油,1,35.9,35.9,否
休闲,1,13.3,13.3,否
休闲,1,10.9,10.9,否
蔬果,1.048,6.25,5.96,否
休闲,0.298,2.92,15.8,是
酒饮,1,9.9,9.9,否
休闲,1,4,4,否
酒饮,1,13.7,13.7,否
洗化,1,4.7,4.7,否
日配,1,5.5,8.3,是
酒饮,1,11.9,13.8,是
休闲,0.308,3.63,15.6,是
休闲,0.522,11.79,22.6,否
酒饮,1,10.9,10.9,否
粮油,1,17.9,17.9,否
休闲,1,5.5,5.5,否
粮油,1,6.8,6.8,否
粮油,2,75.8,37.9,否
日配,1,10.5,12.9,是
酒饮,1,3,3,否
酒饮,1,76.9,76.9,否
针织,1,59.9,59.9,否
粮油,1,12.9,12.9,否
酒饮,1,53,60,是
日配,1,5.9,5.9,否
日配,1,8.9,9.3,否
酒饮,1,123,123,否
酒饮,1,55,67,是
休闲,1,3,3,否
蔬果,0.694,2.05,2.96,否
粮油,1,4.3,4.3,否
休闲,1,4.5,4.5,否
针织,1,7.5,7.5,否
粮油,1,5.9,5.9,否
粮油,0.28,2.74,9.8,否
粮油,12,42,3.5,否
休闲,1,6,6,否
休闲,1,4.7,4.7,否
休闲,1,6.5,6.5,否
肉禽,0.502,14.96,29.8,否
日配,1,8.3,8.3,否
蔬果,1.464,17.54,11.98,否
酒饮,1,11.9,13.8,是
休闲,0.216,7.3,39.8,是
蔬果,0.846,2.18,2.58,否
蔬果,0.418,4.01,9.6,否
休闲,0.26,7.5,35,是
洗化,1,9.9,9.9,否
蔬果,0.492,1.97,4,否
蔬果,0.216,1.94,9,否
休闲,1,7.9,9.3,是
洗化,1,29.8,35.9,是
针织,1,8,8,否
休闲,1,5.9,5.9,否
休闲,1,2.9,2.9,否
休闲,1,10.9,10.9,否
酒饮,1,11.9,13.8,是
蔬果,0.578,3.24,5.6,否
蔬果,0.52,2.91,5.6,否
休闲,1,4.2,4.2,否
日配,1,8.9,12.9,是
家居,1,6.9,6.9,否
粮油,1,3.7,3.7,否
日配,12,35.8,3.5,是
粮油,1,28.9,30.9,是
休闲,1,28.9,31.9,是
洗化,1,9.7,9.7,否
休闲,1,3,3,否
蔬果,0.318,1.77,5.56,否
休闲,1,9.3,9.3,否
休闲,0.242,12.05,49.8,否
日配,12,58.8,5.3,是
休闲,1,2.3,2.3,否
家居,1,18,18,否
粮油,1,3.8,3.8,否
蔬果,0.716,2.86,4,否
蔬果,0.476,1.22,2.56,否
休闲,0.32,3.76,21.6,是
蔬果,0.539,1.39,2,否
蔬果,2.568,15.31,5.96,否
酒饮,1,6.5,6.5,否
蔬果,0.852,1.69,1.98,否
休闲,1,6.9,6.9,否
蔬果,0.968,2.87,2.96,否
蔬果,1.034,15.5,14.99,否
粮油,1,20.3,20.3,否
日配,1,6.9,10.9,是
休闲,0.394,4.64,15.6,是
洗化,1,11.9,14.5,是
日配,2,7.8,5.9,是
日配,1,78,78,否
休闲,1,3.3,3.3,否
蔬果,0.872,26.16,30,否
日配,1,8.9,8.9,否
肉禽,0.302,8.4,27.8,否
酒饮,1,6.5,6.5,否
针织,1,3.5,3.5,否
洗化,1,18.9,24.9,是
休闲,1,5.3,5.3,否
酒饮,1,12.7,12.7,否
酒饮,1,11.9,13.8,是
洗化,1,25.9,25.9,否
粮油,0.414,8.18,37.8,是
冲调,1,24.5,30.7,是
粮油,1,4.5,4.5,否
肉禽,1.746,83.46,47.8,否
休闲,0.302,14.44,47.8,否
洗化,1,7.9,7.9,否
日配,1,30.9,30.9,否
休闲,1,5.3,5.3,否
休闲,1,4.9,4.9,否
蔬果,0.75,18.75,25,否
休闲,1,3.5,3.5,否
休闲,1,5.7,5.7,否
休闲,1,28.8,33.9,是
休闲,1,10.9,10.9,否
酒饮,6,17.4,2.9,否
冲调,1,86,86,否
粮油,1,5.9,5.9,否
日配,1,75,75,否
蔬果,0.704,12.39,17.6,否
家居,1,6.9,9.9,是
休闲,1,2.3,2.3,否
洗化,1,9.7,9.7,否
洗化,1,7.9,7.9,否
粮油,1,2.8,2.8,否
休闲,0.116,4.62,39.8,否
休闲,1,22,22,否
日配,1,11.9,14.9,是
粮油,1,3.8,3.8,否
酒饮,0.001,0,0,否
日配,1.022,6.93,6.78,否
洗化,1,5.9,5.9,否
休闲,0.192,17.56,110,是
日配,0.864,5.86,6.78,否
蔬果,1.11,2.86,2.58,否
休闲,1,6.5,6.9,是
休闲,1,3.9,3.9,否
冲调,1,4.2,4.2,否
日配,1,4.2,4.2,否
休闲,1,4.7,5.9,是
休闲,1,28.8,33.9,是
休闲,1,4.9,4.9,否
日配,1,6.9,10.9,是
蔬果,1.904,11.35,5.96,否
酒饮,1,6.5,6.5,否
蔬果,0.696,1.38,1.98,否
蔬果,0.266,1.49,5.6,否
蔬果,0.314,1.82,5.8,否
蔬果,0.722,4.19,5.8,否
蔬果,1.126,19.82,17.6,否
蔬果,2.402,9.56,3.98,否
日配,1,3.9,5.9,是
针织,1,3.9,6,是
休闲,0.208,24.34,117,否
休闲,0.268,3.16,21.6,是
休闲,1,2.9,2.9,否
酒饮,3,264,88,否
日配,1,6.9,10.9,是
休闲,1,2.7,2.7,否
日配,1,3.9,5.9,是
休闲,1,45,49.8,是
蔬果,0.228,3.56,15.6,否
休闲,0.116,1.6,19.8,是
洗化,1,14.9,16.9,是
休闲,0.344,4.47,13.8,是
酒饮,1,8.7,8.7,否
洗化,1,12.9,15.9,是
日配,1,3.9,5.9,是
休闲,1,3,3,否
粮油,1,8.9,29.9,是
蔬果,0.448,4.3,9.6,否
休闲,1,9.7,9.7,否
休闲,1,8,8,否
冲调,1,59,76,是
肉禽,0.764,36.52,47.8,否
蔬果,0.458,1.74,3.8,否
酒饮,1,4.3,4.3,否
日配,1,148,155,是
休闲,1,11.9,13.9,是
休闲,1,2.8,2.8,否
休闲,0.364,10.55,35,是
日配,1,11.9,14.9,是
日配,1,5.9,5.9,否
粮油,1,1.6,1.7,否
休闲,1,3.9,3.9,否
休闲,0.32,3.74,21.6,是
蔬果,0.982,3.93,4,否
蔬果,0.28,1.62,5.8,否
日配,0.372,7.29,19.6,否
洗化,1,12.9,17.9,是
粮油,1,5.9,5.9,否
休闲,1,6.9,6.9,否
休闲,1,12.5,12.5,否
休闲,1,7.5,7.9,是
粮油,1,5.9,5.9,否
蔬果,0.512,2.44,2.96,否
休闲,0.268,4.2,19.8,是
休闲,1,5.5,5.5,否
日配,1,13.9,16.3,是
粮油,1,8.9,8.9,否
休闲,1,4.2,4.2,否
粮油,1,9.9,9.9,否
休闲,1,3.7,3.7,否
休闲,1,3.7,3.7,否
休闲,0.402,7.95,23.8,是
粮油,2,103,56.9,是
蔬果,0.382,1.13,2.96,否
休闲,1,9.3,10.9,是
酒饮,1,9.9,12.3,是
蔬果,0.145,0.73,5,否
休闲,1,1.2,1.2,否
酒饮,1,4,4,否
蔬果,0.736,1.9,2.58,否
休闲,0.308,7.95,25.8,否
休闲,1,7.9,7.9,否
休闲,0.378,11.19,29.6,否
粮油,1,6.9,6.9,否
粮油,1,17.3,17.3,否
休闲,1,5.3,5.9,是
酒饮,1,25.3,25.3,否
洗化,1,19.8,19.8,否
日配,1,10.9,13.3,是
休闲,1,2.7,2.7,否
日配,1,5.9,6.9,是
酒饮,1,6,6,否
日配,2,77.8,38.9,否
冲调,1,56,59,是
休闲,1,39.9,58,是
休闲,1,5.9,5.9,否
日配,1,8.9,8.9,否
蔬果,0.53,15.9,30,否
蔬果,0.46,1.84,4,否
蔬果,0.484,2.81,5.8,否
休闲,1,7.5,7.5,否
休闲,1,6.9,6.9,否
洗化,1,11.9,14.5,是
洗化,1,4.9,4.9,否
针织,1,3.9,6,是
蔬果,0.816,2.11,2.58,否
日配,1.732,11.74,6.78,否
日配,1,8.9,8.9,否
文体,1,2.9,2.9,否
蔬果,0.44,7,15.9,否
休闲,1,54.9,54.9,否
粮油,1,6.8,6.8,否
休闲,1,8.9,8.9,否
休闲,0.364,10.11,35,是
蔬果,0.684,3.83,5.6,否
休闲,0.166,6.27,37.8,否
休闲,0.276,3.81,13.8,否
蔬果,1.652,49.56,30,否
粮油,1,7.9,7.9,否
休闲,0.446,12.39,39.6,是
休闲,3,86.4,33.9,是
蔬果,0.96,24,25,否
休闲,0.382,9.09,23.8,否
休闲,0.274,10.9,49.8,是
蔬果,0.478,3.57,7.47,否
休闲,1,5.9,5.9,否
蔬果,0.86,15.14,17.6,否
粮油,2,79.4,39.7,否
粮油,1,7.7,7.7,否
蔬果,0.408,3.1,7.6,否
冲调,1,49,59.3,是
家居,1,19.9,30,是
休闲,1,4.5,4.5,否
酒饮,1,4,4,否
休闲,1,7.5,7.5,否
休闲,1,4.9,5,否
针织,1,3.9,6,是
休闲,0.36,33.04,105.8,是
蔬果,0.976,1.95,2,否
蔬果,0.52,4.99,9.6,否
酒饮,1,11.9,11.9,否
粮油,1,4.8,4.8,否
休闲,1,3.5,3.5,否
休闲,0.406,9.66,23.8,否
日配,16,36.8,2.7,是
休闲,1,28.8,33.9,是
休闲,1,6.5,6.5,否
日配,1,5.5,8.3,是
日配,1,3.9,5.9,是
酒饮,1,11.9,12.3,是
蔬果,0.618,4.05,6.56,否
休闲,1,4.3,4.3,否
蔬果,0.95,16.72,17.6,否
蔬果,0.834,2.3,6.56,否
休闲,0.292,2.86,11.8,是
休闲,1,15.9,15.9,否
日配,1,5.9,7.5,是
蔬果,1.378,11,7.98,否
休闲,0.24,5.71,23.8,否
休闲,1,9.9,9.9,否
酒饮,1,15.9,15.9,否
家居,1,7.5,7.5,否
家居,1,13,13,否
休闲,1,4.9,4.9,否
休闲,0.122,1.43,21.6,是
日配,1,16.9,16.9,否
休闲,1,10.8,10.8,否
冲调,1,49,60.3,是
粮油,1,22.9,22.9,否
休闲,1,3.9,3.9,否
休闲,1,4.5,4.5,否
酒饮,1,53,60,是
日配,1,3.9,5.9,是
粮油,1,7.9,13.3,是
休闲,1,4,4,否
蔬果,0.374,2.09,5.6,否
蔬果,0.772,6.46,5.6,否
蔬果,0.566,3.28,5.8,否
日配,1,8.9,8.9,否
酒饮,1,2.8,2.8,否
蔬果,1.206,7.19,5.96,否
休闲,1,39.8,39.8,否
粮油,1,3.3,3.3,否
洗化,1,6.9,6.9,否
家居,1,2.9,2.9,否
休闲,1,3.9,3.9,否
蔬果,0.934,3.7,3.96,否
日配,1,18.3,18.3,否
粮油,4.094,22.84,5.58,否
休闲,1,2.9,2.9,否
日配,1,8.9,12.9,是
日配,2,117,78,是
休闲,0.356,4.2,15.6,是
休闲,1,6.5,6.5,否
休闲,1,11.9,14.3,是
休闲,1,3.3,3.3,否
日配,1,12.8,12.8,否
洗化,1,1.9,1.9,否
洗化,1,1.7,1.7,否
日配,1.11,21.98,19.8,否
蔬果,1.614,3.23,2,否
日配,4,15.6,5,是
酒饮,1,9.9,11.9,是
酒饮,1,13.3,13.3,否
针织,1,9.5,9.5,否
日配,0.356,6.98,19.6,否
休闲,1,6.9,6.9,否
休闲,1,9.9,16.9,是
粮油,1,11.6,14.7,是
粮油,1,6.3,6.3,否
蔬果,1.098,6.37,5.8,否
蔬果,0.118,1.42,12,否
蔬果,0.406,3.65,9,否
蔬果,1.428,17.11,11.98,否
蔬果,0.748,2.96,3.96,否
休闲,1,4.3,4.3,否
休闲,1,6.7,6.7,否
休闲,1,4,4,否
粮油,0.292,4.61,19.8,是
休闲,1,46,58,是
休闲,1,4.9,4.9,否
休闲,1,18.9,18.9,否
针织,1,8.9,8.9,否
针织,1,6,6,否
冲调,1,59,76,是
休闲,0.294,8.1,39.6,是
休闲,0.28,19.04,68,否
休闲,0.156,6.36,40.8,否
蔬果,1.836,10.98,5.98,否
休闲,1,2.7,2.7,否
针织,1,3.9,6,是
休闲,1,19.9,19.9,否
粮油,1,9,9,否
日配,0.752,5.1,6.78,否
蔬果,0.65,2.6,4,否
休闲,0.15,5.97,39.8,否
粮油,1,29.9,30.9,是
蔬果,0.46,13.8,30,否
文体,1,4.7,4.7,否
洗化,2,15.8,9.5,是
日配,1,5.9,6.9,是
休闲,1,8.3,9.9,是
休闲,1.18,11.56,11.8,是
日配,1,25.9,25.9,否
日配,1,11.9,11.9,否
家居,1,3.5,4.5,是
休闲,1,8.3,8.3,否
日配,1,8.9,8.9,否
蔬果,2,9.96,4.98,否
酒饮,1,5,5,否
酒饮,1,2.9,4,是
蔬果,0.118,1.42,12,否
休闲,0.506,10,23.8,是
酒饮,1,11.9,12.3,是
休闲,1,9.9,9.9,否
粮油,1,4.9,6.9,是
酒饮,1,8.7,8.7,否
蔬果,0.434,2.41,5.56,否
粮油,1,6.9,6.9,否
粮油,1,5.5,7.3,是
蔬果,1,4.98,4.98,否
蔬果,0.6,1.54,2.56,否
酒饮,1,11.9,13.8,是
蔬果,1,4.98,4.98,否
冲调,1,15.5,21.9,是
日配,1,13.9,16.3,是
酒饮,1,4.5,4.5,否
蔬果,0.578,3.24,5.6,否
蔬果,0.29,5.22,18,否
蔬果,0.558,3.66,6.56,否
休闲,1,4.2,4.2,否
蔬果,0.254,1.42,5.6,否
蔬果,0.676,4.43,6.56,否
休闲,1,4,4,否
休闲,1,2.7,2.7,否
休闲,1,10.9,10.9,否
休闲,1,13.9,16.3,是
蔬果,0.39,1.56,4,否
休闲,1,2.7,2.7,否
休闲,1,10.9,10.9,否
蔬果,0.652,5.46,5.6,否
蔬果,0.282,2.71,9.6,否
酒饮,1,6.5,6.5,否
蔬果,0.698,4.19,6,否
蔬果,0.85,6.46,7.6,否
日配,1,8.9,12.9,是
休闲,1,7.9,7.9,否
休闲,1,9.9,16.9,是
粮油,1,13.9,15.5,是
休闲,0.122,1.68,19.8,是
酒饮,6,12,2,否
酒饮,6,12,2,否
休闲,1,7.5,7.9,是
休闲,1,13.9,13.9,否
休闲,1,7.5,7.9,是
休闲,1,10.8,10.8,否
蔬果,0.615,2.45,3.98,否
蔬果,0.966,15.42,15.96,否
蔬果,0.444,3.46,7.8,否
蔬果,0.738,4.28,5.8,否
蔬果,1.327,5.28,3.98,否
日配,24,58.8,3,是
粮油,1,7.3,7.3,否
粮油,1,11.7,11.7,否
日配,2,11.8,7.5,是
酒饮,1,9.9,11.9,是
酒饮,1,11.9,13.8,是
休闲,1,9.9,9.9,否
日配,3,177,76,是
休闲,1,12.5,12.5,否
洗化,1,4.9,4.9,否
休闲,0.066,1.83,27.8,否
日配,1,59,76,是
休闲,1,11.9,14.3,是
粮油,1,11.9,14.7,是
家居,1,13,13,否
休闲,1,6.9,6.9,否
休闲,1,4.2,4.2,否
日配,2,11.8,6.9,是
休闲,1,3.5,3.5,否
日配,4,23.6,6.9,是
粮油,1,6.8,6.8,否
休闲,0.338,9.4,27.8,否
蔬果,0.762,12.18,15.98,否
日配,1,14.9,14.9,否
休闲,1,10.9,10.9,否
洗化,1,9.9,9.9,否
家居,1,8,8,否
休闲,1,3,3,否
蔬果,0.552,3.2,5.8,否
休闲,0.328,4.21,13.8,是
休闲,1,25.9,29.8,是
日配,1,5.9,6.9,是
休闲,1,29.9,49,是
休闲,1,13.5,16.9,是
酒饮,20,1400,70,否
休闲,1,6.5,6.9,是
休闲,0.248,16.86,68,否
日配,1,19.9,19.9,否
日配,1,5.9,8.3,是
日配,1,13.9,13.9,否
日配,1,25.9,25.9,否
洗化,1,11.7,11.7,否
休闲,0.378,6.8,18,否
家居,1,6.5,6.5,否
休闲,1,4.2,4.2,否
蔬果,1.272,3.77,2.96,否
酒饮,1,13.7,13.7,否
日配,1,55,65,是
休闲,1,15.9,15.9,否
洗化,1,17.9,23.9,是
蔬果,0.426,1.69,3.96,否
蔬果,0.742,2.94,3.96,否
洗化,1,11.9,15.5,是
日配,1,10.9,13.3,是
休闲,0.198,9.8,55.8,是
粮油,1,28.9,30.9,是
蔬果,0.402,3.86,9.6,否
休闲,1,2.9,2.9,否
酒饮,1,4.3,4.3,否
日配,1,7.9,8.3,否
休闲,1,3.3,3.3,否
蔬果,0.644,5.13,7.96,否
蔬果,0.55,3.29,5.98,否
粮油,1,7.9,8.9,否
休闲,1,9.3,10.9,是
休闲,1,13.9,13.9,否
休闲,0.36,3.52,17.8,是
蔬果,0.55,3.8,3.96,否
针织,1,70,70,否
酒饮,1,9.9,11.9,是
休闲,1,3.9,3.9,否
粮油,1,5.2,6.7,是
针织,1,12.9,12.9,否
休闲,1,8.5,11.9,是
蔬果,0.668,1.31,1.96,否
蔬果,1.034,18.2,17.6,否
蔬果,0.688,3.85,5.6,否
冲调,1,4.9,4.9,否
休闲,1,4.2,4.2,否
日配,1,4.2,4.2,否
休闲,1,4,4,否
蔬果,0.768,3.04,3.96,否
休闲,1,2,2,否
蔬果,0.792,1.58,2,否
洗化,1,3.5,3.5,否
粮油,0.438,8.67,37.8,是
休闲,1,3.7,3.7,否
休闲,1,2.9,2.9,否
休闲,0.122,1.17,15.8,是
粮油,1,3.8,3.8,否
休闲,1,11.9,13.9,是
蔬果,1.672,13.34,7.98,否
蔬果,0.452,4.34,9.6,否
休闲,1,3.8,3.8,否
酒饮,1,11.9,12.3,是
休闲,0.166,8.96,54,否
酒饮,1,15.3,15.3,否
粮油,1,6.7,6.7,否
粮油,1,1.7,1.7,否
休闲,1,7.5,7.5,否
酒饮,4,4.8,1.5,是
蔬果,0.426,1.1,2.58,否
休闲,2,10.6,5.9,是
日配,1,31.7,31.7,否
日配,15,39.9,3.6,是
休闲,1,28.9,29.9,是
酒饮,1,9.9,11.9,是
家居,1,22,22,否
酒饮,1,12.7,12.7,否
洗化,1,29.8,35.9,是
蔬果,0.158,1.26,7.96,否
休闲,1,18.9,18.9,否
酒饮,1,11.9,13.8,是
酒饮,1,2.8,2.8,否
酒饮,1,5,5,否
粮油,1,2.9,10.7,是
日配,1,9.3,9.3,否
冲调,1,4.9,4.9,否
洗化,1,8.9,8.9,否
日配,1,6.9,6.9,否
洗化,1,4.9,4.9,否
日配,1,8.9,8.9,否
蔬果,0.588,3.41,5.8,否
休闲,1,9.3,10.9,是
休闲,0.424,10.94,25.8,否
休闲,0.198,27.32,138,否
日配,1,5.9,6.9,是
粮油,1,0.5,0.5,否
休闲,1,5.3,5.9,是
休闲,0.2,27.6,138,否
蔬果,0.306,2.75,9,否
休闲,1,6.5,6.5,否
日配,1,14.3,14.3,否
休闲,1,12.9,12.9,否
休闲,0.164,7.18,51.6,是
休闲,0.206,4.9,23.8,否
休闲,1,4.7,6,是
休闲,1,11.9,13.9,是
洗化,1,1.7,1.7,否
休闲,0.42,16.71,49.8,是
休闲,1,8.5,8.5,否
蔬果,2.278,27.29,11.98,否
蔬果,0.238,1.38,5.8,否
蔬果,0.63,1.63,2.58,否
休闲,1,4,4,否
休闲,0.95,12.35,13.8,是
休闲,0.36,33.04,105.8,是
蔬果,1.992,3.9,1.96,否
日配,1,75,75,否
休闲,1,10.5,10.5,否
蔬果,1,4.5,4.98,否
日配,1,5.5,8.3,是
酒饮,1,13.7,13.7,否
蔬果,0.567,2.25,3.96,否
日配,1,5.5,8.3,是
酒饮,1,7.5,7.5,否
粮油,1,11.9,11.9,否
洗化,1,19.9,19.9,否
日配,1,3.9,5.9,是
休闲,0.264,10.5,49.8,是
休闲,0.11,3.7,39.8,是
酒饮,1,6.5,6.5,否
酒饮,1,6.5,6.5,否
蔬果,0.446,3.11,3.96,否
休闲,1,4.2,4.2,否
休闲,1,3,3,否
文体,1,9,15,是
蔬果,0.566,3.17,5.6,否
酒饮,1,5.8,6.9,是
休闲,1,5.4,5.4,否
休闲,2,57.6,33.9,是
休闲,1,28.8,33.9,是
酒饮,1,11.9,13.8,是
酒饮,1,133,133,否
酒饮,1,39.9,39.9,否
蔬果,0.358,2.79,7.8,否
休闲,1,5.9,8.7,是
蔬果,0.938,2.96,3.16,否
休闲,0.296,2.9,15.8,是
休闲,1,18.9,18.9,否
休闲,0.352,4.57,13.8,是
酒饮,1,99,143,是
日配,1,3.9,5.9,是
蔬果,0.81,4.54,5.6,否
酒饮,8,15.2,2.2,是
洗化,1,10.5,19.7,是
蔬果,0.364,3.49,9.6,否
粮油,1,7.9,13.3,是
洗化,1,5.9,5.9,否
粮油,1,7.3,7.3,否
蔬果,0.44,1.76,4,否
洗化,1,38.9,38.9,否
酒饮,1,2.5,2.5,否
休闲,1,3,3,否
蔬果,1.444,2.6,1.8,否
休闲,1,17.9,19.9,是
休闲,0.13,5.15,39.6,否
休闲,1,2.5,2.5,否
日配,1,5.5,8.3,是
休闲,1,7.5,7.5,否
酒饮,1,22,22,否
休闲,1,2.9,2.9,否
休闲,1,6.7,6.7,否
日配,1,5.9,5.9,否
酒饮,1,4,4,否
日配,1,9.9,9.9,否
粮油,1,9.9,9.9,否
酒饮,1,9.9,9.9,否
粮油,0.42,6.64,19.8,是
洗化,1,9.9,13.9,是
休闲,0.286,8.29,35,是
蔬果,1.106,3.27,2.96,否
休闲,1,14.3,14.3,否
休闲,1,4,4,否
粮油,1,32.9,32.9,否
粮油,1,5.9,5.9,否
家居,1,3.9,3.9,否
休闲,1,19.8,19.8,否
休闲,1,8.3,8.3,否
粮油,1,8.2,8.2,否
洗化,1,9.9,13.9,是
冲调,1,13.3,13.3,否
酒饮,4,128,32,否
日配,1,13.9,16.3,是
洗化,1,11.9,15.5,是
酒饮,2,218,161.9,是
休闲,1,3.9,3.9,否
酒饮,1,43.9,43.9,否
休闲,1,4.9,4.9,否
蔬果,1.296,6.45,4.98,否
洗化,1,39.9,39.9,否
家居,1,8,8,否
家居,1,10,10,否
洗化,1,11.9,11.9,否
洗化,1,39.9,51.9,是
日配,1,10.5,12.9,是
粮油,0.42,6.64,19.8,是
蔬果,0.396,3.94,9.96,否
休闲,1,16.9,16.9,否
休闲,0.442,4.3,15.8,是
休闲,1,28.8,33.9,是
日配,12,58.8,5.3,是
休闲,0.204,11.83,64,是
酒饮,1,11.9,11.9,否
酒饮,2,196,98,否
休闲,0.27,5.3,23.8,是
洗化,1,1.7,1.7,否
酒饮,1,8.7,8.7,否
酒饮,1,6,6,否
休闲,0.284,26,105.8,是
粮油,1,4.9,4.9,否
日配,1,4.9,5.5,是
休闲,1,4.9,4.9,否
酒饮,1,5.3,5.3,否
家居,1,13.5,13.5,否
酒饮,1,2.9,3.8,是
日配,6,16.8,2.8,否
日配,16,39.9,2.8,是
休闲,1,8.7,8.7,否
洗化,1,7.9,9.5,是
酒饮,10,220,22,否
休闲,1,4.5,4.5,否
酒饮,12,117.6,9.8,否
蔬果,0.578,2.31,4,否
日配,1,13.9,16.3,是
休闲,1,9.8,9.8,否
休闲,0.314,28.76,110,是
休闲,0.078,3.1,39.8,否
酒饮,1,3,3,否
日配,1,5.9,6.9,是
休闲,1,6.7,6.7,否
蔬果,0.753,1.93,2.56,否
休闲,1,6.5,6.9,是
洗化,1,18.9,24.9,是
家居,1,3.5,4.5,是
家居,1,6.9,10,是
蔬果,0.57,2.26,3.96,否
日配,1,7.9,12.8,是
休闲,2,57.6,33.9,是
休闲,2,90,49.8,是
蔬果,1.184,7.06,5.96,否
休闲,1,10.5,10.5,否
酒饮,1,13.7,13.7,否
粮油,1,7.9,13.3,是
冲调,1,49,60.3,是
休闲,0.158,21.8,138,否
休闲,1,2.5,2.5,否
酒饮,1,3.7,3.7,否
日配,1,17.3,17.3,否
洗化,1,11.9,14.5,是
蔬果,0.272,1.08,3.96,否
休闲,1,6.5,6.9,否
休闲,1,10.8,10.8,否
蔬果,1.06,4.2,3.96,否
休闲,0.194,2.28,21.6,是
蔬果,0.412,2.87,3.96,否
休闲,1,5.3,5.9,是
休闲,1,9.9,9.9,否
酒饮,1,5.6,6.9,是
日配,1,30.9,30.9,否
休闲,1,11.9,13.9,是
粮油,1,28.9,28.9,否
休闲,1,28.9,28.9,否
文体,-1,-9,15,是
洗化,1,5.9,5.9,否
洗化,1,89.9,89.9,否
家居,1,15,15,否
蔬果,0.794,5.21,6.56,否
肉禽,0.568,11.25,19.8,否
休闲,1,7.5,7.5,否
日配,12,49,5,是
休闲,1,11.9,13.5,是
日配,1,7.3,7.3,否
蔬果,0.434,3.91,9,否
蔬果,0.536,1.38,2.58,否
蔬果,0.624,1.24,1.98,否
休闲,0.094,4.85,51.6,否
休闲,0.394,19.62,49.8,否
粮油,1,0.9,0.9,否
休闲,0.114,4.53,49.8,是
日配,1,8.5,10.3,是
粮油,4.962,27.69,5.58,否
休闲,1,3.9,3.9,否
蔬果,0.378,3.63,9.6,否
酒饮,1,11.9,11.9,否
蔬果,0.834,4.84,5.8,否
日配,1,31.7,31.7,否
家居,1,1.5,2,是
肉禽,0.538,9.47,17.6,否
休闲,1,8.5,8.5,否
休闲,1,17.9,19.9,是
酒饮,1,4.8,4.8,否
日配,1,12.9,18.5,是
日配,24,58.8,3,是
洗化,1,4,5.9,是
休闲,0.248,10.86,51.8,是
休闲,1,6.5,6.9,是
休闲,1,4.5,4.5,否
休闲,1,4,4,否
肉禽,0.334,9.29,27.8,否
酒饮,1,8.9,8.9,否
蔬果,2.252,13.42,5.96,否
蔬果,0.558,5.56,9.96,否
肉禽,0.954,18.89,19.8,否
日配,1,10.5,12.9,是
休闲,1,6.9,6.9,否
酒饮,1,15.9,15.9,否
家居,1,4,4,否
日配,1,40.9,40.9,否
酒饮,1,3.7,3.7,否
日配,1,8.9,12.9,是
日配,12,58.8,5.3,是
蔬果,0.434,1.74,4,否
休闲,0.394,18.83,47.8,否
蔬果,0.358,3.44,9.6,否
日配,16,36.8,2.7,是
休闲,0.348,3.4,11.8,是
酒饮,1,5.5,5.5,否
蔬果,1.322,2.64,2,否
休闲,0.218,15.48,71,否
蔬果,0.726,4.76,6.56,否
日配,1,14.3,14.3,否
日配,2.278,43.74,19.2,否
洗化,1,11.9,15.5,是
酒饮,1,5.5,5.5,否
家电,1,4.5,4.5,否
休闲,1,3.5,3.5,否
蔬果,0.216,2.07,9.6,否
日配,1,5.3,5.3,否
洗化,1,5.3,5.3,否
日配,1,3.9,5.9,是
休闲,1,8.5,8.5,否
休闲,1,4.2,4.2,否
酒饮,1,11.9,12.3,是
休闲,1,7.5,7.9,是
蔬果,0.44,7,15.9,否
粮油,1,2.3,2.3,否
休闲,0.232,9.19,39.6,否
休闲,0.394,27.97,71,否
休闲,0.558,15.51,27.8,否
粮油,1,7.9,13.3,是
家居,1,3,3,否
休闲,1,3.5,3.5,否
休闲,1,2.9,2.9,否
粮油,1,4.7,4.7,否
休闲,1,4.9,4.9,否
休闲,1,23.9,23.9,否
休闲,0.144,8.5,59,否
针织,1,11.5,11.5,否
蔬果,0.848,5.56,6.56,否
酒饮,1,48,48,否
休闲,1,8.3,8.3,否
蔬果,0.324,2.46,7.6,否
酒饮,1,12.7,12.7,否
日配,1,13.9,18.9,是
休闲,0.224,24.64,110,否
休闲,1,2.3,2.3,否
休闲,1,2.3,2.3,否
家居,1,35,35,否
休闲,1,6.5,6.5,否
蔬果,0.458,3.48,7.6,否
粮油,1,6.9,6.9,否
休闲,1,9.3,10.9,是
日配,1,6.9,10.9,是
休闲,0.2,7.96,39.8,否
休闲,0.192,17.56,110,是
休闲,1,9.9,16.9,是
蔬果,1.884,15,7.96,否
蔬果,2.108,8.39,3.98,否
蔬果,1.163,4.6,1.8,否
休闲,1,3.9,3.9,否
酒饮,1,24.9,24.9,否
蔬果,0.559,1.43,2.56,否
日配,1,8.9,12.9,是
蔬果,0.834,25.02,30,否
休闲,1,7.9,7.9,否
日配,1,10.9,13.5,是
酒饮,1,108,108,否
酒饮,1,11.9,13.8,是
酒饮,1,11.9,13.8,是
休闲,0.208,8.28,39.8,否
休闲,1,1.9,1.9,否
休闲,1,32.9,33.9,是
休闲,1,11.9,11.9,否
洗化,1,9.9,13.9,是
蔬果,0.696,20.88,30,否
水产,1,13.5,13.5,否
日配,32,48,1.5,否
洗化,1,18.9,24.9,是
蔬果,0.388,2.25,5.8,否
休闲,1,5.5,5.5,否
日配,1,76,76,否
冲调,1,24.3,24.3,否
休闲,1,2.5,2.5,否
洗化,1,7.9,9.5,是
休闲,1,32.9,33.9,是
蔬果,0.888,1.42,1.6,否
熟食,0.001,0.02,20,否
冲调,1,8.9,8.9,否
水产,1,15.75,15.75,否
休闲,1,32.9,33.9,是
蔬果,0.07,0.84,12,否
蔬果,0.364,0.72,1.98,否
休闲,0.224,10.71,47.8,否
日配,12,36,3,否
粮油,1,8.5,8.5,否
休闲,1,4.5,4.5,否
蔬果,0.408,3.92,9.6,否
休闲,1,10.9,10.9,否
洗化,1,39.9,51.9,是
酒饮,1,14,14,否
休闲,1,6.9,6.9,否
酒饮,1,2.9,2.9,否
休闲,1,29.9,39.9,是
蔬果,0.334,2,6,否
冲调,1,49.9,56,是
冲调,1,27.7,27.7,否
日配,16,24,1.5,否
粮油,1,4.3,4.3,否
冲调,1,59,76,是
蔬果,0.872,3.45,3.96,否
酒饮,1,11.9,13.8,是
日配,1,5.9,7.5,是
蔬果,0.452,3.6,7.96,否
蔬果,0.314,5.65,18,否
粮油,1,4.5,4.9,是
休闲,1,9.5,9.5,否
休闲,1,11.9,11.9,否
休闲,1,4.7,4.7,否
蔬果,0.423,4.06,9.6,否
日配,1,6.5,6.5,否
粮油,1,12.9,12.9,否
休闲,1,7.9,8.3,否
蔬果,0.914,9.1,9.96,否
休闲,0.158,18.49,117,否
休闲,1,0.5,0.5,否
蔬果,0.488,27.33,56,否
酒饮,1,12.3,12.3,否
日配,12,58.8,5.3,是
洗化,1,8.9,8.9,否
粮油,1,5.9,5.9,否
休闲,1,32.9,33.9,是
蔬果,0.45,2.52,5.6,否
粮油,2,55.4,27.7,否
冲调,1,4.2,4.2,否
休闲,1,3.5,3.5,否
冲调,2,326,163,否
休闲,0.126,5.01,49.8,是
日配,1,19.9,19.9,否
洗化,1,5.9,5.9,否
肉禽,0.294,8.76,29.8,否
休闲,1,6.3,7.7,是
休闲,1,19.9,21.9,是
冲调,1,3,3,否
冲调,1,59.3,59.3,否
蔬果,1,4.98,4.98,否
蔬果,0.57,9.1,30,否
蔬果,2.498,24.93,9.98,否
休闲,1,5.5,5.5,否
休闲,1,11,11,否
粮油,1,1.7,1.7,否
日配,0.146,4.76,32.6,否
蔬果,0.226,1.27,5.6,否
蔬果,0.512,1.63,3.18,否
日配,1,8.3,8.3,否
冲调,1,3,3,否
休闲,1,10.9,10.9,否
休闲,1,35.9,39,是
蔬果,0.636,3.56,5.6,否
休闲,1,41,41,否
粮油,1,11,11,否
蔬果,1.548,10.44,5.96,否
蔬果,0.416,6.99,16.8,否
酒饮,2,98.4,49.2,否
粮油,1,8.9,8.9,否
日配,1,13.9,16.3,是
蔬果,1,30,30,否
蔬果,0.488,1.93,3.96,否
休闲,1,13.9,16.3,是
粮油,0.342,3.69,10.8,否
休闲,1,13.9,16.3,是
粮油,1,2.3,2.3,否
粮油,1,3.6,3.7,否
休闲,2,23.8,14.3,是
休闲,-1,-45,49.8,是
休闲,1,3.3,3.3,否
蔬果,0.388,2.25,5.8,否
日配,1,63.9,63.9,否
粮油,3,29.7,12.9,是
粮油,4,7.6,1.9,否
蔬果,0.424,6.78,15.98,否
酒饮,12,60,5,否
粮油,1,4.7,4.7,否
休闲,2,65.8,33.9,是
日配,2,25,12.9,否
休闲,1,38.9,38.9,否
蔬果,1.85,14.76,7.98,否
蔬果,0.899,5.9,6.56,否
蔬果,0.243,1.85,7.6,否
日配,1,3.9,3.9,否
蔬果,0.539,2.7,5,否
酒饮,1,13.9,13.9,否
酒饮,20,76,3.8,否
粮油,1,0.5,0.5,否
蔬果,0.346,2.01,5.8,否
蔬果,0.234,4.21,18,否
蔬果,1.94,15.44,7.96,否
休闲,1,4.2,4.2,否
文体,1,4.3,4.3,否
休闲,1,9.9,16.9,是
蔬果,2.152,12.83,5.96,否
休闲,1,32.9,33.9,是
蔬果,0.718,7.15,9.96,否
蔬果,1.39,13.84,9.96,否
粮油,1,30.9,30.9,否
粮油,1,2.7,2.7,否
日配,1,8.9,12.9,是
日配,1,10.7,10.7,否
休闲,1,45,49.8,是
蔬果,0.604,0.97,1.6,否
休闲,1,2.3,2.3,否
蔬果,0.476,1.88,3.96,否
蔬果,0.228,2.19,9.6,否
休闲,1,45,49.8,是
休闲,1,29.9,49,是
粮油,1,4.8,4.8,否
休闲,1,2.9,2.9,否
蔬果,1.984,23.77,11.98,否
蔬果,0.378,2.48,6.56,否
蔬果,1,5.8,5.8,否
休闲,1,2.9,2.9,否
针织,1,3.9,3.9,否
日配,1,59,76,是
日配,24,54.9,3,是
蔬果,1.196,2.15,1.8,否
日配,24,72,3,否
休闲,1,2.9,2.9,否
粮油,12,38.4,3.2,否
粮油,1,3.9,3.9,否
粮油,12,38.4,3.2,否
日配,24,54.9,3,是
酒饮,1,11.3,11.3,否
日配,1,8.3,8.3,否
酒饮,1,6.5,6.5,否
粮油,1,0.5,0.5,否
休闲,1,6.5,6.9,是
蔬果,1.102,4.41,4,否
日配,1,68,68,否
日配,1,11.9,11.9,否
粮油,1,3.3,3.3,否
休闲,1,2.3,2.3,否
洗化,1,5.9,5.9,否
休闲,1,32.9,33.9,是
休闲,1,1,1,否
酒饮,1,3.5,3.5,否
冲调,1,80.9,80.9,否
蔬果,0.962,4.79,3.96,否
休闲,1,9.9,9.9,否
蔬果,0.944,1.85,1.96,否
粮油,4,31.6,13.3,是
粮油,1,7.9,13.3,是
粮油,1,2.9,2.9,否
休闲,1,1.3,1.3,否
蔬果,0.262,3.14,12,否
蔬果,0.124,0.74,5.98,否
粮油,1,9.5,9.5,否
蔬果,0.892,3.53,3.96,否
蔬果,0.616,9.86,16,否
粮油,1,11.3,11.3,否
洗化,1,12.9,17.7,是
酒饮,1,13.8,13.8,否
洗化,1,4.9,4.9,否
洗化,1,5.9,5.9,否
洗化,1,4.9,4.9,否
洗化,1,9.9,9.9,否
休闲,1,6.9,9.9,是
日配,1,13.9,16.3,是
粮油,1,2.9,2.9,否
粮油,1,2.5,2.5,否
蔬果,2,9.96,4.98,否
蔬果,0.354,1.4,3.96,否
粮油,1,4.2,4.2,否
酒饮,1,4,4,否
蔬果,0.728,21.84,30,否
蔬果,0.368,11.04,30,否
粮油,0.7,9.66,13.8,否
休闲,1,3.5,3.5,否
休闲,1,3.5,3.5,否
休闲,1,2.9,2.9,否
蔬果,0.436,0.86,1.98,否
洗化,1,4.9,4.9,否
洗化,1,4.9,4.9,否
酒饮,4,20,5,否
酒饮,1,6.9,6.9,否
酒饮,1,8.9,8.9,否
蔬果,0.921,2.93,3.18,否
酒饮,1,13.8,13.8,否
日配,2,136,68,否
蔬果,0.462,3.6,7.8,否
家居,1,4.5,4.5,否
洗化,1,5.9,5.9,否
粮油,1,9.9,15.9,是
粮油,1,3.8,3.8,否
粮油,1,7.9,11.3,是
蔬果,0.652,1.67,2.56,否
粮油,1,3,3,否
日配,1,59,76,是
蔬果,1.299,5.14,3.96,否
日配,1,19.3,19.3,否
蔬果,0.126,0.98,7.8,否
休闲,1,6.9,6.9,否
日配,1,7.3,7.3,否
酒饮,12,70.8,5.9,否
休闲,1,32.9,33.9,是
蔬果,0.228,1.36,5.98,否
休闲,1,1,1,否
休闲,1,45,49.8,是
休闲,1,1,1,否
冲调,1,3,3,否
休闲,1,9.5,9.5,否
休闲,1,16.9,16.9,否
洗化,1,12.9,12.9,否
粮油,1,1.7,1.7,否
休闲,1,0.5,0.5,否
蔬果,0.546,1.07,1.96,否
蔬果,0.294,2.82,9.6,否
熟食,0.256,5.12,20,否
酒饮,1,13.8,13.8,否
蔬果,0.384,6.12,31.8,否
粮油,1,1.5,1.5,否
休闲,1,5.5,5.5,否
蔬果,1,4.98,4.98,否
粮油,1,6.7,6.7,否
日配,15,57,3.8,否
粮油,1,5.5,7.3,是
休闲,1,5.9,5.9,否
酒饮,1,8.9,10.7,是
粮油,1,1.7,1.7,否
水产,1,25.9,25.9,否
粮油,1,3.5,3.5,否
休闲,1,1,1,否
蔬果,0.494,14.82,30,否
酒饮,1,13.9,13.9,否
粮油,1,7.9,7.9,否
粮油,3.662,15.38,4.2,否
粮油,1,4.5,4.5,否
洗化,1,4.9,4.9,否
冲调,1,28,28,否
洗化,1,5.9,5.9,否
休闲,1,2.9,2.9,否
酒饮,1,13.8,13.8,否
粮油,0.376,4.06,10.8,否
蔬果,0.312,3.74,12,否
休闲,1,25,25,否
日配,1,12.9,12.9,否
日配,1,8.6,8.6,否
蔬果,0.514,4.93,9.6,否
酒饮,1,15.3,15.3,否
日配,1,19.9,19.9,否
粮油,1,1.5,1.5,否
蔬果,0.44,3.81,2.58,否
粮油,1.02,4.67,4.58,否
休闲,1,89,108,是
酒饮,1,8.9,8.9,否
日配,1,9.9,15.5,是
粮油,1,5.9,5.9,否
粮油,5,2.5,1.9,是
休闲,0.254,13.11,51.6,否
蔬果,0.446,1.15,2.58,否
日配,15,57,3.8,否
休闲,1,27.9,27.9,否
休闲,1,4.3,4.3,否
蔬果,1,24,24,否
酒饮,1,12.7,12.7,否
肉禽,0.312,8.74,28,否
粮油,1,4.7,4.7,否
粮油,1,1.7,1.7,否
熟食,0.394,7.88,20,否
粮油,12,38.4,3.2,否
蔬果,0.2,1.92,9.6,否
休闲,1,1.3,1.3,否
蔬果,0.578,4.51,7.8,否
蔬果,1,4.98,4.98,否
粮油,1,6.9,6.9,否
休闲,1,32.9,33.9,是
酒饮,6,30,5,否
肉禽,0.298,8.28,27.8,否
洗化,1,4.9,4.9,否
蔬果,0.11,1.85,16.8,否
蔬果,0.426,0.84,1.98,否
蔬果,0.696,1.25,1.8,否
蔬果,0.686,2.72,3.96,否
蔬果,1.312,44.08,33.6,否
粮油,1,0.5,0.5,否
蔬果,2.464,14.69,5.96,否
休闲,1,20,20,否
洗化,1,5.9,5.9,否
休闲,1,1,1,否
休闲,0.222,9.7,51.6,是
洗化,1,9.9,8.9,是
洗化,1,4.5,5.9,是
日配,0.746,5.06,6.78,否
休闲,0.398,14.25,35.8,否
蔬果,0.532,4.25,7.98,否
日配,1,9.7,9.7,否
冲调,1,57.7,57.7,否
肉禽,0.196,5.45,27.8,否
蔬果,0.326,3.13,9.6,否
冲调,1,3,3,否
粮油,1,1.7,1.7,否
洗化,1,6.9,6.9,否
洗化,1,13.9,14.9,是
蔬果,0.746,22.38,30,否
熟食,0.242,4.84,20,否
粮油,1,7.9,7.9,否
粮油,1,5.9,5.9,否
蔬果,0.468,8.42,18,否
酒饮,1,13.8,13.8,否
休闲,0.518,5.01,17.8,是
酒饮,1,3,3,否
蔬果,0.632,6.29,9.96,否
蔬果,0.218,1.43,6.56,否
酒饮,1,21,21,否
洗化,1,15.9,19.9,是
粮油,1,14.3,14.3,否
蔬果,0.616,1.58,2.56,否
日配,1,11,11,否
粮油,1,20.3,20.3,否
日配,12,29.9,3,是
蔬果,1.302,5.94,4.56,否
蔬果,0.344,0.68,1.98,否
日配,0.756,5.13,6.78,否
粮油,1,1.5,1.5,否
粮油,9,11.7,1.3,否
粮油,1,7.5,7.5,否
休闲,1,31.8,31.8,否
休闲,1,4.2,4.2,否
洗化,1,6.9,6.9,否
洗化,1,4.9,4.9,否
蔬果,0.474,2.65,5.6,否
洗化,1,4.9,4.9,否
冲调,1,24.3,24.3,否
日配,1,76.9,76.9,否
蔬果,1,4.5,4.5,否
粮油,1,9.9,9.9,否
日配,1,15.6,15.6,否
粮油,1,4.3,4.3,否
酒饮,1,138,138,否
粮油,1,2.3,2.3,否
酒饮,1,3.3,3.3,否
粮油,1,3.9,4.7,是
日配,1,5.5,5.5,否
粮油,1,0.5,0.5,否
蔬果,0.428,3.41,7.96,否
蔬果,0.826,7.93,9.6,否
休闲,0.132,3.91,29.6,否
日配,12,42,3.5,否
酒饮,1,2.9,2.9,否
针织,1,20,20,否
蔬果,0.434,24.3,56,否
蔬果,0.254,4.27,16.8,否
蔬果,0.376,0.75,1.96,否
酒饮,1,15.9,15.9,否
日配,1.13,21.7,19.2,否
蔬果,0.226,0.8,5,否
酒饮,1,13.8,13.8,否
洗化,5,44.5,8.9,否
日配,1,13.9,16.3,是
粮油,1,0.5,0.5,否
休闲,1,1,1,否
休闲,1,17.9,19.9,是
蔬果,0.786,1.56,1.98,否
粮油,1,6.7,6.7,否
酒饮,1,13.9,13.9,否
蔬果,0.206,0.53,2.58,否
休闲,1,45,49.8,是
粮油,12,38.4,3.2,否
蔬果,1.3,15.57,11.98,否
日配,24,54.9,3,是
洗化,1,8.9,8.9,否
日配,1,3.9,5.9,是
酒饮,1,15,15,否
休闲,1,17.9,19.9,是
休闲,1,28.9,31.9,是
粮油,1,4.3,4.3,否
日配,12,58.8,5.3,是
蔬果,2,60,30,否
休闲,0.23,11.45,49.8,否
休闲,1,4.7,5.9,是
蔬果,0.522,1.03,1.98,否
蔬果,0.482,1.93,4,否
日配,1,3.5,3.5,否
休闲,1,7.5,7.5,否
酒饮,1,6,6,否
蔬果,1.542,18.47,11.98,否
洗化,1,13.9,15.9,是
日配,1,9.8,9.8,否
蔬果,0.586,3.4,5.8,否
蔬果,0.408,2.37,5.8,否
蔬果,0.32,1.27,3.96,否
肉禽,0.598,17.82,29.8,否
休闲,2,65.8,33.9,是
蔬果,0.566,3.38,5.98,否
休闲,1,19.9,21.9,是
蔬果,0.822,1.61,1.96,否
酒饮,6,24,4,否
日配,1,8.3,8.3,否
酒饮,1,13.8,13.8,否
酒饮,1,6,6,否
日配,12,49,5.5,是
日配,1,7.7,7.7,否
蔬果,0.956,3.79,3.96,否
日配,16,33.9,2.8,是
日配,1,8.9,8.9,否
蔬果,1.662,19.91,11.98,否
蔬果,0.33,3.17,9.6,否
蔬果,0.206,0.82,4,否
蔬果,0.296,1.48,5,否
粮油,1,5.7,5.7,否
休闲,1,3.9,3.9,否
冲调,1,3,3,否
蔬果,0.552,1.42,2.58,否
蔬果,0.29,4.87,16.8,否
蔬果,0.458,6.21,7.8,否
蔬果,0.846,1.52,1.8,否
肉禽,0.516,15.38,29.8,否
蔬果,1,4.98,4.98,否
蔬果,2.186,13.03,5.96,否
休闲,1,5.5,5.5,否
休闲,1,3.5,3.5,否
休闲,1,4.2,4.2,否
蔬果,1,4.98,4.98,否
蔬果,0.348,2.71,7.8,否
蔬果,1.346,2.64,1.96,否
蔬果,0.5,28,56,否
日配,1,8.9,8.9,否
粮油,1,0.5,0.5,否
休闲,1,4.5,4.5,否
休闲,1,32.9,33.9,是
酒饮,1,148,145,是
休闲,1,5.3,5.3,否
休闲,1,4.9,4.9,否
日配,1,35.7,35.7,否
蔬果,0.158,0.79,4.98,否
休闲,1,6.5,6.5,否
蔬果,0.36,1.8,5,否
休闲,1,5.9,5.9,否
休闲,1,2.3,2.3,否
酒饮,1,6,6,否
酒饮,1,5.5,5.5,否
蔬果,0.54,1.07,1.98,否
冲调,1,3,3,否
休闲,1,2.9,2.9,否
休闲,1,2.3,2.3,否
休闲,1,3,3,否
蔬果,0.992,2.54,2.56,否
蔬果,1.048,3.31,3.16,否
休闲,1,9.5,9.5,否
洗化,1,6.7,6.7,否
休闲,1,3.5,3.5,否
日配,1.116,22.1,19.8,否
粮油,1,2.3,2.3,否
粮油,1,1,1,否
粮油,10,5,0.5,否
休闲,1,5.9,5.9,否
粮油,12,38.4,3.2,否
蔬果,0.638,1.26,1.98,否
日配,1,13.3,13.3,否
家居,1,7,7,否
休闲,1,6.5,6.5,否
休闲,1,2.3,2.3,否
日配,12,48,4,否
蔬果,0.376,21.06,56,否
蔬果,0.36,1.8,5,否
酒饮,1,2.9,2.9,否
休闲,1,9.9,13.9,是
酒饮,1,15.9,15.9,否
休闲,1,6.5,6.5,否
水产,1,13.5,13.5,否
日配,5,39.9,10.8,是
蔬果,0.27,2.43,9,否
酒饮,1,12.3,12.3,否
肉禽,0.232,18.56,80,否
熟食,0.178,16.02,90,否
蔬果,0.392,3.06,7.8,否
蔬果,2.156,6.86,3.18,否
粮油,0.52,5.62,10.8,否
休闲,0.442,6.98,19.8,是
休闲,1,32.9,33.9,是
蔬果,0.726,1.31,1.8,否
酒饮,2,206,103,否
冲调,1,14.3,14.3,否
粮油,12,42,3.5,否
休闲,1,5.5,5.5,否
蔬果,0.732,2.91,3.98,否
日配,1,5.5,7.5,是
日配,1,8.9,8.9,否
酒饮,1,13.8,13.8,否
蔬果,0.362,5.78,15.98,否
蔬果,0.434,2.41,5.56,否
蔬果,1.732,19.33,11.98,否
蔬果,0.72,12.1,16.8,否
日配,12,58.8,5.3,是
日配,1,65,65,否
休闲,1,28.9,31.9,是
休闲,1,32.9,33.9,是
肉禽,0.142,4.23,29.8,否
日配,12,35.8,3.5,是
蔬果,0.706,1.13,1.6,否
蔬果,0.496,4.95,9.98,否
休闲,1,4.9,6.9,是
休闲,1,4.7,5.3,否
蔬果,0.933,2.74,1.96,否
酒饮,-1,-145,165,是
蔬果,0.316,1.2,3.8,否
蔬果,0.478,0.95,1.98,否
蔬果,2.482,12.36,4.98,否
休闲,1,3.5,3.5,否
日配,1,4.9,5.5,是
粮油,1,8.2,8.2,否
蔬果,0.33,0.65,1.98,否
酒饮,1,12.7,12.7,否
洗化,1,3.9,4.7,是
日配,1,5.9,5.9,否
蔬果,0.338,1.35,4,否
蔬果,1.52,2.98,1.96,否
休闲,1,6.9,6.9,否
酒饮,1,8.9,8.9,否
日配,1,5.9,8.3,是
休闲,1,43.9,59,是
洗化,1,43.9,43.9,否
蔬果,0.276,1.65,5.98,否
粮油,-1,-5.7,5.7,否
休闲,1,3.9,3.9,否
蔬果,0.604,0.97,1.6,否
粮油,1,1.9,1.9,否
休闲,1,3.5,3.5,否
日配,1,3.5,3.5,否
冲调,1,3,3,否
日配,1,22.9,22.9,否
休闲,1,0.8,0.8,否
蔬果,0.542,1.4,2.58,否
休闲,1,28.9,29.9,是
蔬果,0.73,12.26,16.8,否
休闲,1,9.9,9.9,否
休闲,1,3.2,3.2,否
休闲,1,3.5,3.5,否
粮油,1,11.3,11.3,否
休闲,0.396,9.42,23.8,否
蔬果,1.315,6,4.56,否
粮油,1,3.9,3.9,否
酒饮,1,125,125,否
日配,1,3.5,3.5,否
休闲,1,32.9,33.9,是
蔬果,0.793,3.14,3.96,否
粮油,1,46.9,46.9,否
休闲,1,5,5,否
蔬果,0.274,0.7,2.56,否
休闲,1,9.9,9.9,否
蔬果,1.058,16.82,15.9,否
日配,12,54,4.5,否
蔬果,0.93,14.88,16,否
蔬果,1.866,10.82,5.8,否
酒饮,1,15.3,15.3,否
休闲,0.328,11.48,35,否
休闲,1,3.9,3.9,否
休闲,1,3.5,3.5,否
酒饮,3,7.5,2.5,否
粮油,1,17.3,17.3,否
日配,5,10.5,2.1,否
休闲,1,13.7,13.7,否
日配,1.114,21.16,19.2,否
蔬果,0.466,0.92,1.98,否
蔬果,0.636,3.69,5.8,否
酒饮,1,12.7,12.7,否
蔬果,0.883,1.73,1.96,否
日配,1,8.9,8.9,否
日配,1,65,65,否
肉禽,0.404,12.04,29.8,否
休闲,1,13.9,13.9,否
休闲,1,9.5,9.5,否
蔬果,0.83,3.13,1.8,否
蔬果,0.364,2.11,5.8,否
粮油,0.23,5.15,22.4,否
粮油,1,1.7,1.7,否
酒饮,1,18.3,18.3,否
日配,16,36.8,2.7,是
日配,1,78,78,否
熟食,0.822,16.44,20,否
酒饮,1,145,165,是
休闲,1,2.3,2.3,否
日配,1,2.3,2.3,否
休闲,1,2.9,2.9,否
蔬果,0.412,3.21,7.8,否
蔬果,1.02,12.22,11.98,否
洗化,1,4.5,5.7,是
酒饮,1,3.5,3.5,否
洗化,1,3.9,3.9,否
肉禽,0.568,14.54,25.6,否
酒饮,1,3.8,3.8,否
休闲,1,10.9,10.9,否
日配,1,15.6,15.6,否
蔬果,2.182,26.14,11.98,否
粮油,1,16.3,16.3,否
蔬果,0.368,1.46,3.96,否
休闲,1,4.9,4.9,否
粮油,1,3.3,3.3,否
休闲,1,38,38,否
酒饮,1,25.7,25.7,否
粮油,1,7.9,7.9,否
休闲,1,5.3,5.3,否
蔬果,0.812,9.73,11.98,否
粮油,1,1,1,否
粮油,0.278,3.28,11.8,否
文体,1,4.3,4.3,否
日配,1,11.9,11.9,否
酒饮,1,18.9,18.9,否
蔬果,0.612,1.21,1.98,否
蔬果,1,4.98,4.98,否
蔬果,0.4,2.24,5.6,否
蔬果,0.114,1.09,9.6,否
蔬果,0.332,1.93,5.8,否
蔬果,0.68,5.41,7.96,否
蔬果,0.324,1.88,5.8,否
家电,1,4.5,4.5,否
文体,1,1.7,1.7,否
日配,1,11.9,11.9,否
休闲,0.096,5.16,69.8,是
蔬果,0.612,6.12,10,否
酒饮,1,3.9,3.9,否
日配,1,10.9,13.3,是
日配,10,60,6,否
粮油,1,7.9,7.9,否
休闲,0.148,10.06,68,否
休闲,1,23.9,23.9,否
休闲,1,4,4,否
粮油,1,1.7,1.7,否
休闲,2,37.8,18.9,否
休闲,1,3.5,3.5,否
粮油,1,6.9,6.9,否
休闲,0.404,7.19,17.8,否
家居,1,8.5,8.5,否
蔬果,0.374,2.98,7.96,否
酒饮,1,22,22,否
休闲,1,9.9,16.9,是
酒饮,3,90,39,是
日配,0.298,5.66,19,否
蔬果,0.114,1.92,16.8,否
休闲,1,9.9,16.9,是
休闲,1,32.9,33.9,是
蔬果,0.748,2.96,3.96,否
文体,1,1.7,1.7,否
休闲,1,15.9,15.9,否
蔬果,0.52,2.6,5,否
蔬果,0.448,3.49,7.8,否
休闲,1,5.9,5.9,否
家居,1,5,5,否
洗化,1,9.9,9.9,否
洗化,1,22.9,22.9,否
蔬果,0.34,4.08,12,否
酒饮,1,138,138,否
粮油,1,7.9,8.5,否
蔬果,0.514,6.17,12,否
休闲,1,9.5,9.5,否
休闲,1,3.3,3.3,否
蔬果,0.806,8.63,1.98,否
蔬果,0.68,4.46,6.56,否
蔬果,0.884,14.47,30,否
休闲,1,4.9,4.9,否
日配,1,9.7,9.7,否
休闲,1,7.5,7.9,是
蔬果,0.248,1.39,5.6,否
粮油,1,7.9,7.9,否
粮油,1,2.7,2.7,否
休闲,1,5.7,5.7,否
休闲,1,5.5,5.5,否
休闲,1,3.9,3.9,否
文体,1,49,109,是
文体,1,42,42,否
家居,1,6.5,6.5,否
休闲,1,5.3,5.3,否
日配,1,49,62,是
肉禽,0.268,5.25,19.6,否
粮油,4,5.2,1.3,否
休闲,1,3.3,3.3,否
洗化,1,3,3,否
蔬果,0.608,5.47,9,否
蔬果,0.214,1.07,5,否
蔬果,0.134,1.07,7.96,否
日配,1,13.3,13.3,否
日配,1,5.7,5.7,否
休闲,1,5.7,5.7,否
蔬果,0.652,3.65,5.6,否
粮油,1,8,8,否
休闲,1,9.9,14,是
洗化,1,2.9,2.9,否
休闲,1,2.3,2.3,否
粮油,1,3.9,5.3,是
休闲,1,8.9,8.9,否
蔬果,0.348,3.48,10,否
肉禽,0.198,3.92,19.8,否
蔬果,0.254,2.02,7.96,否
粮油,0.44,4.75,10.8,否
休闲,1,7.9,9.3,是
蔬果,0.384,2.92,7.6,否
蔬果,0.462,1.83,3.96,否
蔬果,0.694,4.14,5.96,否
蔬果,1.001,3.96,3.96,否
酒饮,1,2.9,2.9,否
休闲,2,13,6.5,否
洗化,1,18.9,24.9,是
肉禽,0.692,24.77,35.8,否
蔬果,0.136,2.12,15.6,否
蔬果,1.794,3.52,1.96,否
日配,1,12.9,18.5,是
日配,1,4.2,4.2,否
粮油,1,7.7,7.7,否
日配,1,5.9,5.9,否
粮油,1,1.9,1.9,否
粮油,1,5.7,5.7,否
休闲,0.266,11.63,51.6,是
休闲,1,2.7,2.7,否
洗化,1,9.9,9.9,否
蔬果,0.672,2.66,3.96,否
针织,1,30,30,否
蔬果,0.732,2.9,3.96,否
粮油,1,3.9,3.9,否
蔬果,0.424,3.22,7.6,否
休闲,1,7.5,7.5,否
休闲,1,2.9,2.9,否
洗化,1,4.9,4.9,否
酒饮,1,3,3,否
肉禽,0.276,8.22,29.8,否
蔬果,0.7,7.64,1.98,否
粮油,1,7.3,7.3,否
日配,1.324,8.98,6.78,否
休闲,1,3.3,3.3,否
休闲,1,10.9,10.9,否
休闲,1,3.5,3.5,否
粮油,1,17.3,17.3,否
蔬果,0.158,0.94,5.98,否
休闲,1,4.5,4.5,否
休闲,1,9.9,16.9,是
洗化,1,6.9,6.9,否
休闲,1,8.5,8.5,否
休闲,1,17.9,19.9,是
酒饮,1,22,22,否
蔬果,2.116,16.84,7.96,否
休闲,1,5.7,5.7,否
蔬果,1.064,2.13,2,否
蔬果,1.4,6.38,4.56,否
酒饮,1,13.9,13.9,否
蔬果,0.132,1.27,9.6,否
酒饮,12,152.4,12.7,否
粮油,1,12.9,12.9,否
休闲,1,8.5,8.5,否
蔬果,0.52,2.08,4,否
休闲,1,2.3,2.3,否
熟食,0.001,0.02,20,否
家居,1,2.9,2.9,否
蔬果,1.894,11.29,5.96,否
休闲,1,4.3,4.3,否
休闲,1,2.3,2.3,否
蔬果,0.418,23.41,56,否
日配,1,6.9,6.9,否
日配,1,6.9,6.9,否
休闲,1,38.9,38.9,否
家居,1,16,16,否
日配,1.466,9.94,6.78,否
蔬果,0.386,3.01,7.8,否
休闲,1,5.2,5.2,否
休闲,1,6.5,6.5,否
休闲,2,13,6.5,否
休闲,1,3.3,3.3,否
日配,1,11.9,11.9,否
粮油,1,6.3,6.3,否
日配,1,11.9,11.9,否
蔬果,0.214,1.07,5,否
休闲,0.424,4.12,17.8,否
休闲,1,10.8,10.8,否
休闲,1,4.5,4.5,否
蔬果,0.238,1.86,7.8,否
蔬果,0.084,0.81,9.6,否
休闲,1,3.5,3.5,否
洗化,1,8.9,9.9,是
文体,1,25.7,25.7,否
文体,1,26.9,26.9,否
蔬果,0.434,0.86,1.98,否
休闲,1,7.5,7.5,否
文体,1,2.3,2.3,否
文体,1,7.3,7.3,否
酒饮,1,1.5,1.5,否
蔬果,1.042,10.42,10,否
粮油,1,7.9,7.9,否
日配,12,58.8,5.3,是
粮油,1,6.9,7.5,是
洗化,1,6.9,7.9,是
酒饮,1,5.5,5.5,否
蔬果,0.612,3.55,5.8,否
日配,1,76,76,否
蔬果,1.206,19.25,15.96,否
洗化,1,6.9,7.9,是
蔬果,1.242,37.26,30,否
休闲,1,7.9,7.9,否
蔬果,0.532,1.05,1.98,否
蔬果,0.38,0.75,1.98,否
日配,0.596,11.68,19.6,否
蔬果,0.204,3.17,9.6,否
蔬果,0.826,3.3,4,否
休闲,1,10.9,10.9,否
酒饮,1,4.9,4.9,否
酒饮,1,23,23,否
蔬果,1.154,2.26,1.96,否
洗化,1,3.9,3.9,否
酒饮,1,11.3,11.3,否
酒饮,1,13.8,13.8,否
蔬果,0.306,9.18,30,否
日配,1,5.5,5.5,否
休闲,1,9.5,9.5,否
粮油,0.656,9.05,13.8,否
蔬果,1.406,16.84,11.98,否
休闲,1,7.3,7.3,否
休闲,1,4.5,4.5,否
蔬果,0.492,2.46,5,否
蔬果,1.102,4.36,3.96,否
蔬果,1,4.98,4.98,否
蔬果,0.956,1.89,1.98,否
休闲,0.508,20.22,39.8,否
酒饮,1,6.9,6.9,否
水产,1,15.75,15.75,否
日配,1,4.9,5.5,是
肉禽,0.12,3.58,29.8,否
蔬果,0.394,1.58,4,否
粮油,0.372,4.02,10.8,否
休闲,1,5.5,5.5,否
熟食,0.21,18.9,90,否
蔬果,0.364,2.11,5.8,否
酒饮,1,8.9,11,是
蔬果,0.55,0.88,1.6,否
休闲,1,5.9,5.9,否
洗化,1,3.9,4.9,是
酒饮,1,3,3,否
粮油,1,5.7,5.7,否
粮油,1,9.9,9.9,否
休闲,0.402,13.52,39.8,是
蔬果,0.504,3.31,6.56,否
日配,1,7.7,7.7,否
日配,1.166,22.39,19.2,否
日配,1,18.5,18.5,否
针织,1,2.9,2.9,否
蔬果,0.296,2.66,9,否
蔬果,0.36,1.43,3.96,否
蔬果,0.946,3.75,3.96,否
蔬果,0.948,1.86,1.96,否
洗化,1,9.9,19.9,是
冲调,1,25.9,25.9,否
文体,1,1,1,否
蔬果,0.216,1.2,5.56,否
休闲,1,16.9,16.9,否
熟食,0.54,19.22,35.6,否
洗化,1,5,6.9,是
蔬果,2.252,13.42,5.96,否
蔬果,0.124,0.74,5.98,否
日配,1,11.9,11.9,否
休闲,1,4.2,4.2,否
洗化,1,5.9,5.9,否
蔬果,1.266,8.83,5.96,否
蔬果,0.804,2.07,2.58,否
蔬果,0.644,1.66,2.58,否
蔬果,0.346,3.11,9,否
蔬果,0.522,15.66,30,否
休闲,1,2.5,2.5,否
洗化,1,10,10,否
洗化,1,6.5,7.7,是
休闲,0.31,6.13,25,是
休闲,0.348,6.15,31.8,是
粮油,1,4.5,4.7,否
蔬果,1.554,6.15,3.96,否
蔬果,0.646,1.27,6.56,否
酒饮,10,120,12,否
粮油,1,1.7,1.7,否
日配,1,13.9,16.3,是
蔬果,0.512,1.32,2.58,否
粮油,1,3,3,否
休闲,1,5.9,5.9,否
休闲,1,3.9,3.9,否
蔬果,0.362,1.07,2.96,否
酒饮,1,3.5,3.5,否
休闲,1,9.9,16.9,是
蔬果,0.802,6.1,7.6,否
休闲,0.092,5.13,55.8,否
粮油,1,5.7,5.7,否
蔬果,5.042,50.42,10,否
蔬果,1.318,26.1,19.8,否
蔬果,0.618,18.54,30,否
粮油,1,4.7,4.7,否
洗化,1,6.7,6.7,否
蔬果,0.568,5.45,9.6,否
粮油,1,3.9,3.9,否
日配,12,55,5.8,是
蔬果,0.196,1.53,7.8,否
蔬果,0.596,3.46,5.8,否
蔬果,0.25,3,12,否
日配,1,8.9,12.9,是
蔬果,0.098,1.18,12,否
日配,1,10.9,13.5,是
日配,1,8.3,8.3,否
粮油,1,3,3,否
蔬果,0.236,1.64,6.96,否
日配,0.374,7.33,19.6,否
蔬果,0.46,0.91,1.98,否
蔬果,0.44,1.14,2.58,否
蔬果,0.854,4.25,3.96,否
蔬果,0.352,6.34,18,否
日配,1,2,2,否
粮油,1,3,3,否
休闲,0.18,8.96,49.8,否
酒饮,1,5.5,5.5,否
日配,1,23.3,23.3,否
日配,1,11.9,11.9,否
冲调,1,23.3,23.3,否
休闲,1,1.8,1.8,否
蔬果,6.878,82.4,11.98,否
蔬果,0.567,1.45,2.56,否
休闲,1,32.9,33.9,是
休闲,1,6.9,6.9,否
洗化,1,5.7,5.7,否
日配,1,5.3,5.3,否
蔬果,0.072,0.57,7.96,否
蔬果,0.33,1.91,5.8,否
家居,1,17,17,否
蔬果,0.18,1.08,5.98,否
文体,1,19,19,否
日配,12,55,5.8,是
日配,0.47,3.19,6.78,否
酒饮,1,12.3,12.3,否
日配,1,17.3,17.3,否
日配,1,8.9,8.9,否
休闲,1,4.9,4.9,否
熟食,0.354,31.86,90,否
蔬果,0.6,2.38,3.96,否
蔬果,0.176,2.75,15.6,否
洗化,1,39.9,51.9,是
洗化,1,11.9,14.5,是
文体,1,3.3,3.3,否
洗化,1,13.9,13.9,否
蔬果,0.376,2.47,6.56,否
蔬果,0.462,1.19,2.58,否
粮油,1,9.9,9.9,否
粮油,1,2.5,2.5,否
酒饮,2,15,7.5,否
休闲,1,15.9,15.9,否
休闲,1,8.2,9.5,是
蔬果,0.492,2.93,5.96,否
针织,1,5,5,否
蔬果,0.544,0.98,1.8,否
休闲,1,5.7,5.7,否
休闲,0.178,9.61,54,否
粮油,1,8.7,8.7,否
酒饮,1,9.8,9.8,否
休闲,1,32.9,33.9,是
蔬果,0.474,3.77,7.96,否
粮油,1,1.5,1.5,否
休闲,1,23.9,23.9,否
蔬果,0.52,3.41,6.56,否
蔬果,0.51,2.04,4,否
休闲,1,3.5,3.5,否
休闲,1,2.5,2.5,否
日配,1,13.9,13.9,否
粮油,1,2.9,2.9,否
日配,1,7.5,7.5,否
蔬果,1.546,9.21,5.96,否
休闲,1,2.9,2.9,否
休闲,1,3.5,3.5,否
文体,1,1.5,1.5,否
粮油,1,87.9,87.9,否
酒饮,1,13.8,13.8,否
冲调,1,20.9,20.9,否
蔬果,1.504,8.96,5.96,否
日配,1,2,2.3,否
休闲,0.546,13.1,24,否
休闲,1,29.9,49,是
日配,1,2.4,2.4,否
蔬果,0.4,1.58,3.96,否
粮油,1,3.9,4.7,是
酒饮,1,22,22,否
蔬果,0.336,1.95,5.8,否
蔬果,0.732,4.8,6.56,否
洗化,1,38.9,38.9,否
蔬果,0.508,2.84,5.6,否
文体,1,11.3,11.3,否
粮油,0.114,1.8,19.8,是
蔬果,1.63,3.19,1.96,否
休闲,1,23.5,23.5,否
文体,1,2.9,2.9,否
粮油,1,3,3,否
休闲,1,3.5,3.5,否
蔬果,0.282,2.41,3.96,否
日配,1,3.3,3.3,否
蔬果,0.23,1.78,7.76,否
蔬果,0.368,20.61,56,否
粮油,0.994,7.75,7.8,否
蔬果,0.642,3.72,5.8,否
休闲,1,4.5,4.5,否
粮油,12,38.4,3.2,否
蔬果,0.234,1.54,6.56,否
蔬果,1.03,1.85,1.8,否
蔬果,0.97,54.32,56,否
酒饮,1,13.8,13.8,否
酒饮,1,13.8,13.8,否
蔬果,1,5.5,5.5,否
蔬果,0.198,1.38,6.96,否
粮油,1,3.8,3.8,否
蔬果,3.292,32.92,10,否
酒饮,3,36.9,12.3,否
蔬果,1.161,2.97,2.56,否
休闲,1,13.9,13.9,否
日配,1,78,78,否
蔬果,0.55,1.41,2.56,否
蔬果,0.124,0.96,7.76,否
日配,1,7.5,7.5,否
蔬果,0.26,3.05,16.8,否
休闲,1,2.7,2.7,否
蔬果,0.806,4.51,5.6,否
蔬果,0.684,2.74,4,否
休闲,1,6.5,6.5,否
休闲,1,5.9,5.9,否
粮油,6,88.2,14.7,否
冲调,1,24.3,24.3,否
日配,2.214,15.01,6.78,否
粮油,1,21.9,21.9,否
酒饮,1,5,5,否
蔬果,0.338,6.08,18,否
蔬果,0.338,2.02,5.98,否
粮油,12,38.4,3.2,否
蔬果,0.568,5.66,9.96,否
蔬果,0.192,1.08,5.6,否
蔬果,2.2,26.36,11.98,否
日配,1,4.5,4.5,否
粮油,1,2.3,2.3,否
休闲,2,8.4,4.3,否
蔬果,0.436,3.3,6.56,否
蔬果,0.374,3.59,9.6,否
日配,1,3.9,5.9,是
蔬果,0.215,0.55,2.58,否
蔬果,0.324,3.23,9.96,否
洗化,1,8.7,8.7,否
休闲,1,4.9,4.9,否
日配,1.706,11.57,6.78,否
日配,1,11,11,否
蔬果,0.69,4,5.8,否
洗化,1,6.5,7.7,是
休闲,1,3.3,3.3,否
蔬果,1.456,8.68,5.96,否
洗化,1,2.9,2.9,否
休闲,0.25,9.95,39.8,否
休闲,0.54,26.89,49.8,否
休闲,1,9.9,9.9,否
蔬果,0.906,3.59,3.96,否
蔬果,1.299,2.55,1.96,否
蔬果,1.091,2.14,1.96,否
粮油,1,30.9,30.9,否
蔬果,0.38,11.4,30,否
冲调,1,15.5,21.9,是
蔬果,0.41,4.92,12,否
日配,1,5.3,5.3,否
酒饮,1,2.9,2.9,否
蔬果,1.928,3.78,1.96,否
休闲,1,6,6,否
蔬果,0.484,2.42,5,否
蔬果,0.22,1.71,7.76,否
冲调,1,12.9,12.9,否
粮油,1,2.3,2.3,否
休闲,1,8.7,8.7,否
日配,1,10.3,10.3,否
熟食,0.794,15.88,20,否
蔬果,0.244,2.2,9,否
蔬果,0.718,2.84,3.96,否
日配,12,58.8,5.3,是
休闲,1,3.9,3.9,否
休闲,1,4,4,否
休闲,0.168,2.31,19.8,是
日配,1,14.5,14.5,否
日配,1,7.7,7.7,否
蔬果,0.348,1.39,4,否
蔬果,0.42,2.44,5.8,否
粮油,1,1,1,否
休闲,0.43,7.74,18,否
蔬果,0.396,1.58,4,否
蔬果,0.536,2.14,4,否
日配,1,9.9,9.9,否
日配,1,4.2,4.2,否
洗化,1,10.9,10.9,否
家居,1,10,10,否
粮油,1,2.3,2.3,否
休闲,0.404,17.69,51.6,是
日配,1,2.4,2.4,否
蔬果,0.718,4.86,2.58,否
日配,1,11.5,11.5,否
休闲,1,2.3,2.3,否
休闲,0.204,28.15,138,否
蔬果,0.392,2.2,5.6,否
蔬果,0.284,1.7,6,否
蔬果,0.32,3.07,9.6,否
休闲,1,19.9,21.9,是
休闲,1,6.5,6.9,是
休闲,1,6.3,6.3,否
休闲,0.168,2.3,19.8,是
休闲,1,22,22,否
蔬果,0.332,2.18,6.56,否
粮油,1,2.5,3,否
粮油,1,3,3,否
休闲,1,11.3,11.3,否
粮油,2,8.6,4.3,否
日配,1,12.3,12.3,否
蔬果,0.348,1.38,3.96,否
蔬果,0.88,3.52,4,否
酒饮,1,5,5,否
酒饮,1,5,5,否
粮油,0.05,4.49,89.8,否
蔬果,0.708,11.89,16.8,否
蔬果,0.534,2.11,3.96,否
粮油,1,8.9,8.9,否
休闲,1,10.9,10.9,否
洗化,1,4.7,4.7,否
蔬果,1.066,31.98,30,否
洗化,1,5.6,6.3,是
洗化,1,11.5,15.9,是
日配,12,58.8,5.3,是
粮油,1,6.9,6.9,否
粮油,1,3,3,否
日配,1,5,6.6,是
家居,1,8.5,8.5,否
蔬果,0.304,1.76,5.8,否
蔬果,0.37,2.15,5.8,否
蔬果,0.544,0.98,1.8,否
蔬果,0.524,2.09,3.98,否
蔬果,0.492,1.95,3.96,否
休闲,1,9.8,11.5,是
粮油,1,3.8,3.8,否
蔬果,2.684,32.15,11.98,否
蔬果,0.748,4.91,6.56,否
休闲,1,4.5,4.5,否
蔬果,0.501,1.29,2.58,否
休闲,1,4.5,4.5,否
洗化,1,7.9,7.9,否
蔬果,1.16,16.2,17.6,否
蔬果,1.426,2.79,1.96,否
粮油,1,3.9,3.9,否
休闲,1,4.9,4.9,否
蔬果,0.566,3.4,6,否
蔬果,0.4,1.58,3.96,否
粮油,1,3,3,否
蔬果,1.274,12.7,5.8,否
休闲,1,4.7,4.7,否
酒饮,1,6.5,6.5,否
蔬果,0.311,2.04,6.56,否
蔬果,0.314,2.39,7.6,否
洗化,1,12.9,17.7,是
休闲,2,9.4,4.7,否
蔬果,0.486,1.85,3.8,否
蔬果,0.896,3.55,3.96,否
日配,1,5.9,8.3,是
休闲,1,12,12,否
蔬果,0.49,1.94,3.96,否
休闲,1,22.9,22.9,否
粮油,1,1.1,1.1,否
日配,1,13.9,16.3,是
粮油,1,2.9,2.9,否
家居,1,9,9,否
家居,1,5,5,否
洗化,1,6.5,7.7,是
日配,1,3.9,5.9,是
酒饮,4,7.6,2.2,是
蔬果,0.55,13.75,25,否
蔬果,0.466,3.54,7.6,否
粮油,1,10.7,10.7,否
休闲,1,5.5,5.5,否
休闲,1,4.7,4.7,否
日配,2,17.2,11.5,是
蔬果,0.3,1.74,5.8,否
日配,1,10.8,14.9,是
粮油,1,10.7,10.7,否
酒饮,1,6.5,6.5,否
休闲,0.28,15,66,是
酒饮,1,3.8,3.8,否
蔬果,1.032,2.02,1.96,否
蔬果,0.799,1.57,1.96,否
蔬果,0.43,1.7,3.96,否
粮油,1,2.8,2.8,否
休闲,0.434,5.1,19.6,是
蔬果,0.848,3.36,3.96,否
酒饮,1,4,4,否
蔬果,1.274,7.59,5.96,否
日配,16,26.9,2.1,是
粮油,1,3,3,否
休闲,1,4.7,4.7,否
日配,1,10.9,13.3,是
粮油,1,3,3,否
粮油,0.296,4.08,13.8,否
蔬果,0.682,1.76,2.58,否
蔬果,0.603,1.18,1.96,否
休闲,1,17,17,否
蔬果,0.124,0.74,5.98,否
休闲,1,17.9,19.9,是
粮油,1,2.5,2.5,否
家居,1,10,10,否
蔬果,0.178,0.89,5,否
日配,12,49,5.5,是
休闲,1,7.3,7.3,否
粮油,1,13.9,13.9,否
针织,1,4.9,4.9,否
洗化,1,3.5,3.5,否
粮油,0.414,4.47,10.8,否
蔬果,0.884,10.59,11.98,否
粮油,1,1.7,1.7,否
粮油,1,4.1,5.5,否
休闲,1,3.9,3.9,否
蔬果,0.642,4.21,6.56,否
蔬果,0.603,1.19,1.98,否
粮油,1,8.5,8.5,否
蔬果,0.526,2.1,4,否
蔬果,1.518,13.6,4,否
酒饮,1,13.8,13.8,否
家居,1,10,10,否
休闲,1,9.9,12.9,是
休闲,0.198,3.52,27.8,是
蔬果,0.376,1.11,2.96,否
蔬果,0.196,1.1,5.6,否
熟食,0.82,16.4,20,否
蔬果,0.678,1.74,2.56,否
蔬果,0.438,1.73,3.96,否
蔬果,0.252,1.46,5.8,否
日配,1,8.9,12.9,是
蔬果,0.963,3.81,3.96,否
洗化,2,13,7.7,是
蔬果,0.372,3.57,9.6,否
蔬果,0.466,7.41,15.9,否
休闲,0.314,18.78,59.8,否
酒饮,4,7.6,2.2,是
洗化,1,4.9,4.9,否
洗化,1,4.7,4.7,否
蔬果,1.5,2.94,1.96,否
洗化,1,39.9,51.9,是
蔬果,0.93,2.96,3.18,否
酒饮,1,7.5,7.5,否
日配,2.642,17.91,6.78,否
蔬果,0.652,1.29,1.98,否
蔬果,1.196,21.05,17.6,否
蔬果,0.726,2.87,3.96,否
蔬果,0.12,0.93,7.76,否
蔬果,0.378,1.5,3.96,否
休闲,1,5.5,5.5,否
蔬果,0.63,3.65,5.8,否
蔬果,0.902,5.41,6,否
蔬果,0.507,0.91,1.8,否
蔬果,0.302,2.72,9,否
洗化,1,11.9,15.7,是
粮油,1,4.9,4.9,否
蔬果,1.2,23.76,19.8,否
粮油,0.354,3.82,10.8,否
粮油,1,5.3,5.3,否
休闲,0.4,6.24,15.6,否
休闲,0.256,7.11,39.6,是
蔬果,0.64,7.68,12,否
酒饮,1,3,3,否
蔬果,0.73,4.8,2.58,否
粮油,4,7.6,1.9,否
粮油,1.55,10.82,6.98,否
休闲,1,10.9,10.9,否
休闲,1,15.9,15.9,否
蔬果,0.361,0.65,1.8,否
日配,0.29,5.51,19,否
休闲,1,5.3,5.3,否
日配,1,8.9,12.9,是
冲调,1,8.9,8.9,否
日配,1,6.9,6.9,否
酒饮,1,1.8,1.8,否
粮油,0.328,6.49,19.8,否
蔬果,0.362,2.81,7.76,否
粮油,1,2.7,2.7,否
酒饮,1,2.8,2.8,否
休闲,1,3.5,3.5,否
休闲,1,9.5,9.5,否
酒饮,1,56,56,否
蔬果,0.316,1.77,5.6,否
休闲,1,6.9,6.9,否
蔬果,0.856,6.51,7.6,否
蔬果,0.48,0.96,11.98,否
蔬果,0.469,1.39,2.96,否
粮油,3,8.4,2.8,否
休闲,1,8.6,8.6,否
日配,1,9.7,9.7,否
休闲,1,5.9,5.9,否
洗化,1,11.5,15.9,是
洗化,1,4.9,4.9,否
日配,1.03,19.78,19.2,否
休闲,1,12.8,12.8,否
蔬果,0.384,2.23,5.8,否
休闲,1,6.3,6.3,否
日配,1,3.9,5.9,是
蔬果,1.22,3.88,3.18,否
粮油,1,3.9,3.9,否
日配,1,11.9,14.9,是
休闲,0.242,12.49,51.6,否
酒饮,1,4.2,6,是
冲调,1,3.8,3.8,否
蔬果,0.44,2.2,5,否
蔬果,0.366,0.72,1.98,否
粮油,1,1.9,1.9,否
蔬果,0.521,2.06,3.96,否
粮油,0.624,12.36,19.8,否
蔬果,0.43,0.77,1.8,否
粮油,1,4.2,4.2,否
洗化,1,27,27,否
蔬果,2,20,10,否
洗化,1,8.5,8.9,是
蔬果,0.161,0.61,3.8,否
蔬果,0.596,10.49,17.6,否
蔬果,0.62,1.6,2.58,否
蔬果,0.664,3.85,5.8,否
蔬果,0.558,5.56,9.96,否
休闲,0.272,11.9,51.6,是
粮油,1,2.7,2.7,否
休闲,0.356,6.04,17,否
休闲,1,8.3,8.3,否
日配,15,39.9,3.6,是
休闲,1,19,19,否
洗化,1,8.7,8.7,否
日配,0.44,2.98,6.78,否
冲调,1,15.5,15.5,否
蔬果,0.372,4.46,12,否
日配,0.932,6.32,6.78,否
洗化,1,5.6,6.3,是
洗化,1,5.9,5.9,否
熟食,0.652,23.21,35.6,否
日配,1,8.9,8.9,否
蔬果,0.886,3.51,3.96,否
蔬果,0.34,3.06,9,否
蔬果,0.434,5.63,5,否
家居,1,7,7,否
粮油,1,4.3,4.3,否
蔬果,0.342,0.88,2.56,否
蔬果,0.414,3.97,9.6,否
日配,24,72,3,否
休闲,1,38.9,38.9,否
蔬果,0.268,1.61,6,否
休闲,0.114,3.85,39.8,是
蔬果,0.846,2.18,2.58,否
洗化,1,8.5,8.9,是
蔬果,0.716,12.6,17.6,否
日配,1,8.9,12.9,是
熟食,0.494,9.88,20,否
休闲,0.158,3.13,19.8,否
蔬果,0.302,1.68,5.56,否
蔬果,0.386,1,2.58,否
洗化,1,19.9,19.9,否
蔬果,0.676,1.73,2.56,否
酒饮,1,12.7,12.7,否
洗化,1,10.9,10.9,否
家居,1,19,19,否
蔬果,0.72,21.6,30,否
蔬果,0.89,1.74,1.96,否
粮油,1,3.8,3.8,否
酒饮,1,6.5,6.5,否
蔬果,0.456,3.47,7.6,否
日配,2,3.2,2,是
日配,4,6.4,2,是
休闲,1,7.5,7.5,否
粮油,0.12,10.78,89.8,否
粮油,0.092,6.44,70,否
熟食,0.442,15.74,35.6,否
蔬果,0.816,2.09,2.56,否
日配,0.864,5.86,6.78,否
蔬果,0.778,19.45,25,否
日配,1,4,4,否
蔬果,0.504,2,3.96,否
粮油,1,3,3,否
蔬果,0.789,2.02,2.56,否
日配,1,16.9,16.9,否
日配,1,6.9,6.9,否
肉禽,1,38.9,38.9,否
粮油,1,4.5,4.5,否
粮油,1,109.9,109.9,否
粮油,1,3.9,5.9,是
粮油,1,4.3,4.3,否
洗化,1,4.9,4.9,否
蔬果,0.788,1.56,1.98,否
休闲,0.468,4.58,11.8,是
蔬果,0.636,3.18,5,否
日配,0.846,5.74,6.78,否
休闲,1,4.5,4.5,否
家居,1,7,7,否
休闲,0.422,7.17,17,否
休闲,1,8.5,8.5,否
日配,1,9.9,15.9,是
冲调,1,25.7,25.7,否
粮油,1,3.9,3.9,否
粮油,0.956,4.21,4.4,否
休闲,1,7.5,7.5,否
休闲,0.27,4.8,27.8,是
休闲,1,4,4,否
针织,1,25,25,否
粮油,1,2.3,2.3,否
蔬果,0.26,2.03,7.8,否
蔬果,0.132,1.19,9,否
蔬果,1,11.98,11.98,否
休闲,1,6.9,6.9,否
蔬果,0.982,11.76,11.98,否
休闲,1,6.3,6.3,否
休闲,1,17.9,19.9,是
休闲,1,14.5,14.5,否
洗化,1,13.9,21.9,是
蔬果,0.274,2.2,7.98,否
蔬果,1.063,12.73,11.98,否
休闲,1,5.3,5.3,否
粮油,1,6.9,7.3,否
蔬果,0.58,3.25,5.6,否
日配,1,10.9,13.5,是
酒饮,1,3,3,否
蔬果,0.754,4.37,5.8,否
针织,1,9,9,否
休闲,1,3.5,3.5,否
日配,12,55.2,4.6,否
洗化,1,8.7,8.7,否
休闲,1,3.5,3.5,否
日配,4,15.6,5.9,是
休闲,1,4.7,5.9,是
休闲,1,4.7,5.9,是
酒饮,1,3.8,3.8,否
粮油,1,1.7,1.7,否
洗化,1,16.9,16.9,否
蔬果,1.442,2.82,3.96,否
酒饮,1,11.3,11.3,否
日配,1,2.4,2.4,否
粮油,1,3.8,3.8,否
休闲,1,4.7,5.9,是
休闲,1,37.9,37.9,否
日配,0.868,5.89,6.78,否
休闲,1,6.5,6.5,否
休闲,1,3,3.4,是
蔬果,0.288,1.14,3.96,否
蔬果,0.382,0.76,1.98,否
冲调,1,5.3,5.3,否
休闲,1,8.9,8.9,否
蔬果,1,2,2,否
冲调,1,8.9,8.9,否
粮油,1,2.3,2.3,否
粮油,1,8.2,8.2,否
蔬果,0.708,1.83,2.58,否
蔬果,0.114,0.91,7.96,否
蔬果,1.056,4.2,3.98,否
蔬果,0.316,5.02,15.9,否
蔬果,0.66,1.83,2.78,否
蔬果,0.254,1.47,5.8,否
休闲,1,10.3,10.3,否
休闲,1,3.5,3.5,否
粮油,1,4.3,4.3,否
蔬果,0.26,2.5,9.6,否
日配,1,4.3,4.3,否
日配,0.324,2.75,8.5,否
蔬果,0.512,1.32,2.58,否
蔬果,1,4.98,4.98,否
日配,1,3.3,3.9,是
休闲,0.222,11,55.8,是
粮油,1,17.3,17.3,否
休闲,1,8.5,8.5,否
休闲,1,8.9,8.9,否
洗化,1,7.7,7.7,否
休闲,1,10.9,10.9,否
日配,1,9.3,9.3,否
蔬果,0.464,2.32,5,否
蔬果,0.761,1.96,2.58,否
酒饮,1,13.9,13.9,否
酒饮,1,16,16,否
蔬果,0.416,2.73,2.58,否
酒饮,1,5,5,否
休闲,1,2.7,2.7,否
冲调,1,5.3,5.3,否
蔬果,2,9.96,4.98,否
休闲,1,4.9,4.9,否
蔬果,0.598,0.96,1.6,否
日配,1,7.9,7.9,否
洗化,1,7.7,7.7,否
蔬果,0.558,2.23,4,否
粮油,1,3.9,5.3,是
粮油,1,6.8,6.8,否
休闲,0.146,2.01,13.8,否
蔬果,0.496,1.27,2.56,否
休闲,1,3.9,3.9,否
蔬果,0.408,1.04,2.56,否
蔬果,0.178,2.99,16.8,否
休闲,1,1,1,否
蔬果,0.234,1.4,6,否
洗化,1,3,3,否
休闲,1,3.4,3.4,否
蔬果,0.674,1.73,2.56,否
日配,1.566,10.62,6.78,否
粮油,1,8.5,8.5,否
粮油,0.382,4.13,10.8,否
粮油,1,7.9,13.3,是
蔬果,0.254,0.51,2,否
洗化,1,24.9,24.9,否
休闲,1,35.9,39,是
休闲,1,3.3,3.3,否
酒饮,1,7.5,7.5,否
洗化,1,11.5,15.9,是
冲调,1,15.3,15.3,否
蔬果,0.764,1.97,2.58,否
日配,1,7.9,12.8,是
蔬果,0.4,2.4,6,否
蔬果,1.481,5.89,3.98,否
日配,0.304,2.58,8.5,否
蔬果,1.1,4.36,3.96,否
粮油,12,39.6,3.3,否
蔬果,0.13,1.25,9.6,否
蔬果,1.47,9.64,6.56,否
蔬果,0.33,1.91,5.8,否
蔬果,0.634,11.41,18,否
蔬果,0.498,4.78,9.6,否
粮油,1,39.7,39.7,否
肉禽,0.146,4.35,29.8,否
酒饮,1,13.8,13.8,否
洗化,10,10,1.9,是
休闲,1,17.9,19.9,是
洗化,1,14.9,14.9,否
洗化,1,14.9,14.9,否
蔬果,2.018,20.14,9.98,否
粮油,1,3.7,3.7,否
洗化,1,5.7,5.7,否
蔬果,2.386,23.81,9.98,否
蔬果,1.664,8.9,3.98,否
蔬果,2.142,25.66,11.98,否
日配,1,5.9,8.3,是
休闲,1,4.7,5.9,是
洗化,1,11.5,15.9,是
日配,1,17.5,17.5,否
休闲,1,15.9,15.9,否
日配,1,13.9,18.9,是
日配,1,12,12.9,否
酒饮,1,2.7,2.7,否
酒饮,1,4.9,4.9,否
休闲,1,16.9,16.9,否
休闲,1,14.5,14.5,否
粮油,2,5.4,2.7,否
粮油,1.03,4.72,4.58,否
蔬果,0.777,4.63,5.96,否
蔬果,0.685,1.23,1.8,否
蔬果,0.346,3.32,9.6,否
休闲,1,8.5,8.5,否
洗化,1,6.5,7.7,是
蔬果,0.196,3.06,15.6,否
蔬果,1.958,19.58,10,否
休闲,1,2.9,2.9,否
休闲,1,4.7,4.7,否
洗化,1,6.9,6.9,否
家居,1,5,5,否
日配,12,49,5.5,是
蔬果,0.696,2.76,3.96,否
洗化,1,7.9,7.9,否
洗化,1,1.7,1.7,否
洗化,1,24.9,24.9,否
休闲,1,4,4,否
蔬果,0.412,3.96,9.6,否
日配,1,4.9,4.9,否
蔬果,0.247,1.97,7.96,否
粮油,1,7.3,7.3,否
洗化,1,14.9,14.9,否
蔬果,1.006,2.01,2,否
蔬果,1.052,4.19,3.98,否
熟食,0.566,11.32,20,否
休闲,0.316,4.3,19.8,是
休闲,0.088,5.6,73.8,是
日配,0.804,5.45,6.78,否
蔬果,0.154,0.92,6,否
洗化,1,7.9,7.9,否
休闲,1,5.3,5.3,否
蔬果,0.302,2.9,9.6,否
粮油,1,3.9,5.3,是
冲调,1,5.3,5.3,否
粮油,1,0.5,0.5,否
粮油,1,1.3,1.3,否
蔬果,0.692,6.64,9.6,否
酒饮,1,3.7,3.7,否
粮油,1,6.9,6.9,否
蔬果,0.42,2.76,6.56,否
肉禽,0.516,15.38,29.8,否
蔬果,0.558,0.83,1.48,否
粮油,1,22.9,22.9,否
酒饮,1,13.8,13.8,否
洗化,1,12.9,15.7,是
熟食,0.455,2.73,6,否
粮油,1,19.9,24.9,是
蔬果,1.427,2.57,1.8,否
日配,0.782,5.3,6.78,否
粮油,1,1,1,否
酒饮,1,3,3,否
休闲,1,36,36,否
针织,1,23,23,否
粮油,1,4.3,4.3,否
休闲,1,4.5,4.5,否
家居,1,5.9,5.9,否
日配,1,16.8,16.8,否
酒饮,1,23.7,23.7,否
蔬果,0.724,1.43,1.98,否
日配,1.706,11.57,6.78,否
蔬果,0.304,2.37,7.8,否
冲调,1,5.3,5.3,否
蔬果,0.184,1.21,6.56,否
日配,1.608,10.9,6.78,否
休闲,1,5.3,5.3,否
蔬果,0.854,13.63,15.96,否
酒饮,1,2.9,2.9,否
蔬果,0.268,3.04,9.6,否
蔬果,0.79,3.13,3.96,否
日配,0.306,2.6,8.5,否
休闲,1,9.5,9.5,否
蔬果,0.592,2.34,3.96,否
粮油,1,12.9,12.9,否
粮油,1,1.7,1.7,否
休闲,1,9.9,12.9,是
休闲,1,4.5,4.5,否
休闲,1,4.9,4.9,否
蔬果,0.6,2.4,9.96,否
日配,1,10.8,14.9,是
蔬果,1.536,3.01,1.96,否
蔬果,0.318,1.78,5.6,否
休闲,0.218,9.5,51.6,是
休闲,0.214,4.2,31.8,是
蔬果,0.21,3.28,15.6,否
粮油,1,9.9,9.9,否
蔬果,0.21,1.26,6,否
蔬果,0.824,2.11,2.56,否
日配,0.336,2.28,6.78,否
洗化,1,6.9,9.7,是
肉禽,0.222,6.62,29.8,否
日配,0.774,5.25,6.78,否
日配,1.066,21.11,19.8,否
蔬果,0.799,2.52,3.16,否
休闲,1,2.7,2.7,否
蔬果,0.412,0.82,1.98,否
蔬果,0.51,1.32,2.58,否
粮油,1,8.9,8.9,否
熟食,2,2,1,否
粮油,1,15.9,15.9,否
休闲,1,3.6,3.6,否
日配,1,19.3,19.3,否
蔬果,0.494,0.89,1.8,否
日配,0.788,5.34,6.78,否
粮油,1,5.3,5.3,否
粮油,1,2.5,2.5,否
洗化,1,8.7,8.7,否
蔬果,0.184,1.07,5.8,否
蔬果,0.284,1.12,3.96,否
酒饮,1,2,2,否
酒饮,1,3.8,3.8,否
粮油,1,15.5,15.5,否
酒饮,4,88,22,否
蔬果,0.878,1.3,1.48,否
粮油,1,55.9,56.9,否
蔬果,0.242,1.35,5.56,否
休闲,1,1,1,否
洗化,1,12.5,12.5,否
日配,1,13.9,18.9,是
蔬果,0.352,2.04,5.8,否
蔬果,0.442,2.9,6.56,否
洗化,1,8.9,8.9,否
肉禽,0.296,8.82,29.8,否
日配,0.898,6.09,6.78,否
蔬果,0.31,2.36,7.6,否
蔬果,0.787,3.92,3.96,否
蔬果,0.262,1.04,3.96,否
粮油,1,2.3,2.3,否
休闲,0.458,6.32,13.8,否
日配,1,4.9,4.9,否
休闲,1,7.9,9.3,是
蔬果,0.395,2.35,5.96,否
蔬果,0.348,1.38,3.96,否
粮油,1,5.5,5.5,否
休闲,1,3.9,3.9,否
粮油,1,2.7,2.7,否
洗化,1,10.9,10.9,否
肉禽,0.906,37.87,41.8,否
洗化,1,7.9,10.9,是
蔬果,0.148,0.74,5,否
蔬果,0.318,3.18,10,否
蔬果,1.09,2.81,2.58,否
蔬果,0.344,1.02,2.96,否
粮油,1,2.8,2.8,否
蔬果,1.03,2.64,2.56,否
蔬果,0.618,3.58,5.8,否
休闲,0.646,17.9,39.6,是
洗化,1,11.9,15.5,是
蔬果,0.302,2.9,9.6,否
蔬果,0.426,0.83,1.96,否
粮油,1,17.3,17.3,否
蔬果,1.166,3.01,2.58,否
粮油,1,3.9,4.7,是
日配,1,4.9,4.9,否
蔬果,0.424,2.78,6.56,否
粮油,1,3,3,否
蔬果,1.548,86.69,56,否
日配,1,20.8,20.8,否
蔬果,0.072,0.86,12,否
休闲,1,3.5,3.5,否
休闲,1,7.5,7.5,否
蔬果,0.64,1.65,2.58,否
蔬果,1.064,2.13,2,否
休闲,1,7.9,10.3,是
洗化,1,6.9,8.9,是
蔬果,0.42,0.62,1.48,否
日配,1,10.9,13.5,是
日配,1.588,10.77,6.78,否
蔬果,0.58,3.8,6.56,否
粮油,1,7.3,7.3,否
休闲,1,28.8,33.9,是
蔬果,0.192,0.96,5,否
蔬果,1.044,6.22,5.96,否
休闲,1,4.7,4.7,否
蔬果,0.252,4.23,16.8,否
休闲,1,17.9,19.9,是
酒饮,20,240,12,否
休闲,1,3.5,3.5,否
蔬果,0.41,1.62,3.96,否
洗化,1,11.5,15.9,是
蔬果,0.318,5.72,18,否
休闲,0.226,11.2,49.8,否
日配,1,5.9,7.5,是
蔬果,1.934,6.15,1.96,否
蔬果,0.226,1.75,7.76,否
粮油,4.624,25.8,5.58,否
洗化,1,17.9,24.9,是
日配,1,9.9,15.9,是
粮油,1,0.5,0.5,否
针织,1,2.5,2.5,否
休闲,1,4.2,4.2,否
休闲,0.594,10.69,18,否
蔬果,0.742,4.3,5.8,否
粮油,1,3.3,3.3,否
休闲,1,6.9,6.9,否
粮油,1,7.9,13.3,是
休闲,1,4.5,4.5,否
蔬果,0.568,7.7,19.8,否
粮油,1,0.5,0.5,否
日配,0.298,5.66,19,否
蔬果,0.508,0.81,1.6,否
蔬果,1.283,2.51,1.96,否
粮油,1,0.5,0.5,否
肉禽,0.586,20.98,35.8,否
蔬果,0.128,0.77,6,否
日配,1,19.3,19.3,否
蔬果,0.24,1.44,6,否
粮油,1,5.9,5.9,否
针织,1,39.9,50,是
日配,0.318,2.7,8.5,否
蔬果,0.27,1.5,5.56,否
日配,1.372,9.3,6.78,否
蔬果,0.512,2.03,3.96,否
日配,1,18.9,18.9,否
粮油,1,3,3,否
蔬果,1.116,4.46,4,否
蔬果,0.406,2.35,5.8,否
日配,0.736,4.99,6.78,否
日配,1,2.3,2.3,否
粮油,1,0.5,0.5,否
蔬果,0.284,1.58,5.56,否
日配,1,10.8,14.9,是
休闲,0.164,7.18,51.6,是
休闲,3,22.5,7.5,否
休闲,1,6.5,6.5,否
蔬果,0.331,1.85,5.6,否
休闲,1,3.3,3.3,否
蔬果,1.712,6.85,4,否
洗化,1,13.9,15.9,是
蔬果,4.206,50.39,11.98,否
洗化,1,2.7,2.7,否
蔬果,0.783,3.1,3.96,否
日配,1,6.6,6.6,否
粮油,1,0.5,0.5,否
粮油,1,1.7,1.7,否
洗化,1,4.3,4.3,否
家电,1,19,19,否
酒饮,4,7.6,2.2,是
蔬果,3.667,7.19,1.96,否
蔬果,1.5,8.94,5.96,否
休闲,0.384,9,29.8,是
粮油,1,8.9,8.9,否
蔬果,0.326,2.48,7.6,否
粮油,1,1.9,1.9,否
休闲,1,4.2,4.2,否
日配,0.782,5.3,6.78,否
日配,1,3.9,5,是
粮油,1,19.9,24.9,是
洗化,1,5.9,5.9,否
蔬果,1.09,5.41,3.96,否
休闲,1,3.9,3.9,否
休闲,1,5.7,5.7,否
蔬果,1.256,15.05,11.98,否
蔬果,1.066,2.73,2.56,否
日配,1,90,90,否
蔬果,0.308,2.14,6.96,否
休闲,0.316,5.62,17.8,否
粮油,1,3,3,否
休闲,1,5.3,5.3,否
蔬果,0.564,5.41,9.6,否
粮油,1,3,3,否
粮油,1,3,3,否
粮油,1,3,3,否
蔬果,1,4.98,4.98,否
蔬果,0.322,1.87,5.8,否
蔬果,0.332,1.31,3.96,否
粮油,0.408,4.41,10.8,否
日配,1,5.5,6.5,是
休闲,0.236,12.18,51.6,否
蔬果,1.164,4.61,3.96,否
蔬果,0.577,3.35,5.8,否
蔬果,0.38,0.98,2.58,否
蔬果,0.96,3.8,3.96,否
冲调,1,35.7,35.7,否
粮油,1,3.9,4.9,否
蔬果,0.575,1.04,1.8,否
熟食,2,2,1,否
粮油,1,3,3,否
休闲,0.264,10.51,39.8,否
休闲,1,10,10,否
日配,1,2.7,2.7,否
酒饮,1,2,2,否
蔬果,0.628,6.25,9.96,否
蔬果,0.37,3.33,9,否
文体,1,2.3,2.3,否
休闲,1,2.9,4.5,是
粮油,0.328,4.53,13.8,否
粮油,1,5.3,5.3,否
针织,1,6.9,6.9,否
休闲,1,0.8,0.8,否
日配,12,29.9,3,是
蔬果,0.692,6.23,9,否
针织,1,8.8,10,是
蔬果,0.328,5.9,18,否
蔬果,0.512,2.97,5.8,否
蔬果,0.168,1.61,9.6,否
蔬果,0.18,1.8,10,否
冲调,1,3,3,否
蔬果,0.994,27.63,27.8,否
熟食,4,4,1,否
休闲,1,5.7,5.7,否
粮油,1,4.7,4.7,否
蔬果,0.515,1.63,3.16,否
休闲,1,4.9,4.9,否
粮油,1,3,3,否
蔬果,0.304,0.9,2.96,否
蔬果,0.286,4.8,16.8,否
休闲,1,25,25,否
粮油,1,3.9,3.9,否
粮油,1,15.9,15.9,否
休闲,1,5.9,7.5,是
休闲,1,3.9,3.9,否
休闲,1,8.5,8.5,否
蔬果,0.461,1.63,2.56,否
休闲,1,5.5,5.5,否
蔬果,0.098,1.18,12,否
蔬果,0.661,3.69,5.8,否
蔬果,0.316,3.79,12,否
日配,1,4.5,4.5,否
日配,1,13.3,13.3,否
休闲,1,8.5,8.5,否
休闲,1,5.5,5.5,否
蔬果,0.17,0.3,1.76,否
休闲,1,7.5,7.5,否
日配,1,11.8,11.8,否
休闲,1,23,23,否
蔬果,0.296,1.78,6,否
粮油,1,7.3,7.3,否
休闲,1,6.9,6.9,否
蔬果,4.206,50.39,11.98,否
蔬果,0.362,2.17,6,否
休闲,1,7.9,7.9,否
洗化,1,4.9,4.9,否
家居,1,19,19,否
日配,0.354,11.54,32.6,否
粮油,1,0.5,0.5,否
日配,1,16.8,16.8,否
休闲,1,4.7,4.7,否
蔬果,0.748,11.95,15.98,否
蔬果,1,2,2,否
蔬果,0.858,25.74,30,否
粮油,1,7.9,7.9,否
蔬果,0.778,23.34,30,否
休闲,1,4.3,4.3,否
蔬果,1.228,7.32,5.96,否
酒饮,1,3.9,3.9,否
日配,1,4.9,5.5,是
休闲,1,28.8,33.9,是
蔬果,0.409,2.68,6.56,否
粮油,1,3.9,3.9,否
休闲,1,4.5,4.5,否
冲调,1,3,3,否
冲调,1,4.9,4.9,否
休闲,0.364,6.55,18,否
休闲,1,3.9,3.9,否
粮油,1,5.3,5.3,否
蔬果,0.316,9.48,30,否
休闲,1,5.5,5.5,否
日配,1,31.7,31.7,否
肉禽,0.17,4.76,28,否
家居,1,16,16,否
蔬果,0.62,4.07,6.56,否
日配,1,11.9,11.9,否
休闲,1,4.5,4.5,否
蔬果,0.294,5.29,18,否
酒饮,1,9.7,9.7,否
蔬果,0.819,3.24,3.96,否
休闲,0.446,8.82,31.8,是
蔬果,0.524,29.34,56,否
粮油,1,2.9,2.9,否
酒饮,1,8.7,8.7,否
休闲,0.224,24.64,110,否
蔬果,1.938,23.22,11.98,否
熟食,0.502,10.04,20,否
休闲,1,12.9,18.9,是
休闲,1,6.7,6.7,否
休闲,1,3,3,否
洗化,1,9.9,9.9,否
蔬果,1.032,2.06,2,否
蔬果,0.382,3.82,10,否
粮油,1,0.5,1.9,是
酒饮,1,3.8,3.8,否
粮油,1,6.9,6.9,否
蔬果,0.26,1.51,5.8,否
洗化,1,11.9,15.5,是
休闲,1,4.3,4.3,否
针织,1,15,15,否
休闲,0.124,4.94,39.8,否
洗化,1,12.9,14.9,是
休闲,1,3.5,3.5,否
粮油,1,2.8,2.8,否
休闲,1,3.5,3.5,否
休闲,1,1,1,否
粮油,1,14.7,14.7,否
休闲,1,9.9,13.9,是
蔬果,1.052,3.55,5,否
粮油,1,9.9,9.9,否
日配,1,11.9,11.9,否
粮油,1,5.3,5.3,否
蔬果,1.078,4.27,3.96,否
洗化,1,4.5,5.9,是
休闲,1,3.9,3.9,否
粮油,1,2,2,否
酒饮,-1,-136,136,否
日配,1,19.7,19.7,否
蔬果,0.388,11.64,30,否
酒饮,4,7.6,2.2,是
蔬果,0.854,27.16,31.8,否
蔬果,0.464,1.86,4,否
休闲,1,4.7,5.9,是
日配,1,4.9,4.9,否
休闲,1,4.7,6,是
酒饮,1,3.9,3.9,否
熟食,0.848,16.96,20,否
熟食,0.52,18.51,35.6,否
日配,1,8.9,8.9,否
冲调,1,3,3,否
肉禽,0.176,5.24,29.8,否
休闲,1,8.3,8.3,否
休闲,0.226,5.8,35.8,是
日配,0.724,4.91,6.78,否
日配,1,5.3,5.3,否
粮油,1,6.9,6.9,否
洗化,1,12.9,14.5,是
粮油,25,105,4.2,否
日配,1,3.3,3.9,是
休闲,1,4.9,4.9,否
蔬果,0.648,19.44,30,否
粮油,1,9.9,9.9,否
蔬果,0.336,0.86,2.56,否
蔬果,0.44,2.55,5.8,否
日配,12,39.9,5,是
休闲,1,17.9,25.9,是
日配,1,3.7,3.7,否
蔬果,0.284,5.11,18,否
蔬果,0.296,2.06,6.96,否
洗化,1,12.9,14.5,是
休闲,1,3.5,3.5,否
洗化,1,7.9,7.9,否
日配,1,12,12,否
日配,0.304,5.78,19,否
休闲,0.152,7.5,55.8,是
蔬果,0.956,5.54,5.8,否
日配,1.494,10.13,6.78,否
蔬果,0.509,1.3,2.56,否
蔬果,0.362,2.16,5.98,否
蔬果,0.592,2.37,4,否
洗化,1,11.5,15.9,是
家居,1,30,30,否
日配,0.878,5.95,6.78,否
粮油,1,12.3,12.3,否
蔬果,2,3,1.5,否
休闲,0.43,15.05,35,否
休闲,1,5.9,6,否
熟食,0.698,4.19,6,否
蔬果,0.706,1.81,2.56,否
蔬果,0.214,3.4,15.9,否
酒饮,1,9.7,9.7,否
休闲,1,3,3,否
蔬果,0.364,3.7,7.76,否
日配,1,49,62,是
蔬果,0.713,2.82,3.96,否
粮油,0.182,5.42,33.8,是
粮油,1,2.5,3,否
蔬果,0.74,2.93,3.96,否
日配,0.308,2.62,8.5,否
粮油,1,1.7,1.7,否
休闲,0.124,1.2,11.8,是
粮油,1,7.7,7.7,否
家居,1,5.5,6.5,是
蔬果,1.11,6.62,5.96,否
日配,0.662,21.58,32.6,否
粮油,1,3.9,3.9,否
粮油,0.084,2.18,26,否
蔬果,1,2,2,否
蔬果,0.41,3.69,9,否
蔬果,0.552,3.09,5.6,否
洗化,1,2.9,2.9,否
蔬果,0.612,18.36,30,否
日配,0.764,5.18,6.78,否
酒饮,1,136,136,否
休闲,1,3.5,3.5,否
粮油,1,3.8,3.8,否
蔬果,0.526,3.45,6.56,否
日配,20,28,2,是
酒饮,1,30.7,30.7,否
酒饮,1,15,15,否
休闲,1,4.7,5.9,是
酒饮,1,9.7,9.7,否
肉禽,0.352,10.49,29.8,否
休闲,0.344,8.19,23.8,否
蔬果,2,3,1.5,否
熟食,0.001,0.02,20,否
家居,1,10,10,否
蔬果,0.651,1.67,2.56,否
休闲,1,3.9,3.9,否
休闲,1,12.9,18.9,是
洗化,1,7.9,8.9,是
日配,1,15.9,21.9,是
肉禽,0.378,11.26,29.8,否
日配,1,8.9,8.9,否
粮油,1,3,3,否
日配,0.296,5.62,19,否
蔬果,0.524,1.35,2.58,否
粮油,1,4.3,4.3,否
休闲,1,8.5,8.5,否
蔬果,0.208,1.61,7.76,否
休闲,1,9.9,9.9,否
粮油,3.286,18.34,5.58,否
蔬果,1,1.5,1.5,否
粮油,1,8.9,8.9,否
蔬果,0.258,2.48,9.6,否
粮油,1,3.8,3.8,否
休闲,1,12.8,12.8,否
粮油,1,6.9,6.9,否
休闲,0.298,14.84,55.8,是
蔬果,0.552,2.21,4,否
休闲,1,4.9,6.9,是
酒饮,1,9.7,9.7,否
蔬果,1,18,18,否
休闲,1,3.5,3.5,否
洗化,1,4.7,4.7,否
熟食,0.512,3.07,6,否
粮油,1,145,145,否
粮油,1,1.7,1.7,否
酒饮,1,3,3,否
蔬果,0.444,2.58,5.8,否
休闲,0.42,7.48,25.8,是
洗化,1,6.7,6.7,否
洗化,1,6.9,9.7,是
蔬果,0.53,5.09,9.6,否
酒饮,1,1.9,1.9,否
蔬果,0.522,1.03,1.98,否
蔬果,0.404,2.65,6.56,否
粮油,1,9.5,9.5,否
蔬果,1.382,24.6,17.8,否
休闲,1,4.5,4.5,否
肉禽,0.508,14.12,27.8,否
粮油,1,7.9,13.3,是
粮油,4,2,0.5,否
休闲,1,19.9,19.9,否
蔬果,0.656,3.9,9.96,否
蔬果,1.201,3.82,3.18,否
粮油,1,7.3,7.3,否
休闲,1,4.7,4.7,否
日配,0.374,2.54,6.78,否
蔬果,0.712,21.36,30,否
蔬果,0.148,1.42,9.6,否
休闲,1,4.5,4.5,否
家居,2,8,4,否
粮油,1,6.3,6.3,否
蔬果,0.43,4.13,9.6,否
蔬果,0.34,1.7,5,否
洗化,1,1.7,1.7,否
日配,1,1.6,2,是
粮油,1,0.5,0.5,否
蔬果,0.928,5.2,5.6,否
蔬果,0.504,8.87,17.6,否
洗化,1,12.9,14.5,是
蔬果,1.79,31.86,17.8,否
酒饮,1,9.7,9.7,否
蔬果,0.222,1.69,7.6,否
休闲,1,4.2,4.2,否
日配,0.86,5.83,6.78,否
日配,12,29.9,3,是
酒饮,1,161.9,161.9,否
冲调,1,3,3,否
蔬果,0.484,3.18,6.56,否
日配,12,29.9,3,是
休闲,1,4.7,4.7,否
洗化,1,1.7,1.7,否
蔬果,0.228,6.84,30,否
休闲,0.32,4.42,13.8,否
休闲,1,17.9,19.9,是
休闲,1,29.9,29.9,否
蔬果,0.256,1.68,6.56,否
蔬果,0.466,13.98,30,否
蔬果,0.27,4.54,16.8,否
酒饮,1,4.9,4.9,否
休闲,1,4.7,4.7,否
休闲,0.22,4.3,31.8,是
休闲,1,6.9,6.9,否
日配,0.798,5.41,6.78,否
蔬果,0.748,4.91,6.56,否
休闲,1,31.8,31.8,否
蔬果,0.752,1.2,1.6,否
针织,1,19.9,39.9,是
日配,0.782,5.3,6.78,否
蔬果,0.134,1.55,9.6,否
休闲,1,4.7,4.7,否
蔬果,0.274,1.91,6.96,否
休闲,1,2.8,2.8,否
日配,1,13.9,18.9,是
洗化,1,12.9,15.9,是
洗化,1,1.7,1.7,否
蔬果,0.782,3.13,4,否
酒饮,6,18.6,3.1,否
蔬果,0.368,0.54,1.48,否
休闲,1,5.5,5.5,否
休闲,1,2.8,2.8,否
蔬果,2,4,2,否
蔬果,0.986,29.58,30,否
蔬果,0.362,2.37,6.56,否
粮油,1.643,9.17,5.58,否
家居,1,9,9,否
休闲,1,3,3,否
酒饮,1,8.3,8.3,否
蔬果,0.168,0.97,12,否
蔬果,0.452,3.6,7.96,否
日配,1,8.9,8.9,否
日配,1,8.9,8.9,否
粮油,1,0.5,0.5,否
冲调,1,39.9,56,是
蔬果,0.288,1.15,4,否
家居,1,15,15,否
日配,1,12.9,12.9,否
酒饮,1,9.8,9.8,否
蔬果,1.1,33,30,否
蔬果,0.448,3.4,7.6,否
蔬果,0.214,1.93,9,否
蔬果,1.946,15.49,7.96,否
蔬果,1.442,25.38,17.6,否
休闲,1,4.3,4.3,否
洗化,1,8.9,8.9,否
蔬果,0.36,2,5.56,否
蔬果,0.34,1.89,5.56,否
粮油,1,4.9,4.9,否
蔬果,0.196,1.88,9.6,否
蔬果,1,1.5,1.5,否
休闲,1,2.7,2.7,否
休闲,1,9.3,9.3,否
休闲,1,12,12,否
日配,0.894,6.06,6.78,否
蔬果,2.998,23.86,7.96,否
冲调,1,4.7,4.7,否
文体,1,1.7,1.7,否
休闲,1,4.5,4.5,否
休闲,1,3.3,3.3,否
休闲,1,5.5,5.5,否
酒饮,1,3.9,3.9,否
酒饮,1,3,3,否
休闲,1,28.8,33.9,是
日配,1,1.5,1.5,否
休闲,1,4.9,4.9,否
家居,1,8,8,否
蔬果,1.072,10.68,9.96,否
日配,1,62,62,否
休闲,2,57.6,33.9,是
休闲,0.208,22.88,110,否
休闲,1,3.5,3.5,否
休闲,1,2,2,否
蔬果,2.702,75.12,27.8,否
肉禽,0.256,7.63,29.8,否
日配,4,19.6,5.3,否
休闲,0.41,21.16,51.6,否
蔬果,1.76,34.85,19.8,否
粮油,1,3.9,3.9,否
肉禽,0.884,26.34,29.8,否
休闲,1,8.3,8.3,否
蔬果,0.644,10.3,16,否
蔬果,0.292,2.28,7.8,否
休闲,1,2.7,2.7,否
休闲,1,5.5,5.5,否
洗化,1,3.2,3.9,是
粮油,1,6.5,6.5,否
粮油,0.244,5.4,22.4,否
休闲,1,28.8,33.9,是
粮油,1,2.7,2.7,否
休闲,1,6.5,6.5,否
酒饮,1,4.7,4.7,否
熟食,0.598,3.59,6,否
熟食,4,2,0.5,否
日配,1,7.9,10.3,是
日配,1,75,75,否
蔬果,0.584,17.52,30,否
休闲,0.306,3.61,19.6,是
酒饮,1,2,2,否
洗化,1,8.9,9.9,是
酒饮,2,27.6,13.8,否
洗化,1,12.9,14.5,是
蔬果,0.306,1.84,6,否
粮油,1,7.3,7.3,否
蔬果,1.37,24.11,17.6,否
蔬果,0.584,3.2,1.98,否
蔬果,2,3,1.5,否
日配,1,5.9,7.7,是
休闲,1,7.9,8.3,否
蔬果,0.461,1.84,4,否
休闲,1,1,1,否
蔬果,2,9.96,4.98,否
蔬果,0.606,1.09,1.8,否
蔬果,1.04,16.6,15.96,否
粮油,1,1.7,1.7,否
休闲,0.41,5.66,13.8,否
家居,1,7,7,否
蔬果,0.418,4.01,9.6,否
酒饮,2,30,15,否
肉禽,0.288,8.58,29.8,否
蔬果,0.606,4.73,7.8,否
洗化,1,1.7,1.7,否
蔬果,0.89,8.86,9.96,否
休闲,1,2.9,2.9,否
粮油,1,4.5,4.5,否
蔬果,0.45,1.78,3.96,否
蔬果,2,3,1.5,否
蔬果,1,2,2,否
蔬果,0.84,8.37,9.96,否
蔬果,2.918,5.84,2,否
日配,12,42,3.5,否
蔬果,0.814,24.42,30,否
酒饮,1,2.2,2.2,否
蔬果,0.522,0.84,1.6,否
洗化,1,11.9,11.9,否
蔬果,0.432,2.16,5,否
洗化,1,12.9,12.9,否
日配,1,8.9,8.9,否
蔬果,0.334,0.86,2.58,否
粮油,1,4.9,4.9,否
蔬果,2,112,56,否
日配,24,54.9,3,是
蔬果,0.483,3.17,6.56,否
酒饮,1,33,33,否
粮油,1,39.9,39.9,否
蔬果,0.3,2.7,9,否
日配,1,8.9,8.9,否
休闲,1,5.3,5.3,否
粮油,1,3.9,3.9,否
蔬果,0.359,1.42,3.96,否
蔬果,0.41,3.94,9.6,否
休闲,0.098,1.15,21.6,是
休闲,0.122,1.68,27.8,是
日配,4,36.8,9.2,否
休闲,1,1,1,否
休闲,0.232,13.92,60,否
家居,1,15,15,否
蔬果,0.19,1.25,6.56,否
蔬果,0.378,4.83,18,否
肉禽,0.224,6.23,27.8,否
休闲,0.644,28.2,51.8,是
洗化,1,12.9,14.5,是
粮油,1,8.2,8.2,否
粮油,1,12.3,12.3,否
粮油,1,2.7,2.7,否
水产,0.482,0.48,1,否
蔬果,0.686,3,1.8,否
休闲,1,58,58,否
休闲,1,13.9,16.9,是
蔬果,2.276,30.95,13.6,否
蔬果,2.079,4.07,1.96,否
日配,5,14,2.8,否
休闲,1,5.5,5.5,否
洗化,1,7.9,9.5,是
蔬果,0.49,1.96,4,否
蔬果,1.282,15.36,11.98,否
休闲,1,7.5,7.5,否
休闲,1,5.7,5.7,否
日配,1,8.6,8.6,否
家居,1,10.8,10.8,否
休闲,1,39.8,39.8,否
休闲,1,2.7,2.7,否
蔬果,0.964,3.82,3.96,否
酒饮,3,6.6,2.2,否
休闲,1,3.7,3.7,否
酒饮,1,3,3,否
蔬果,0.17,0.95,5.56,否
粮油,1,2.9,2.9,否
粮油,1,5.9,5.9,否
蔬果,0.627,2.48,3.96,否
日配,1,4.5,4.5,否
蔬果,0.538,5.38,10,否
粮油,1,155,155,否
蔬果,0.972,7.54,7.76,否
粮油,1,1.7,1.7,否
蔬果,0.142,0.71,5,否
洗化,1,4.9,4.9,否
洗化,1,5.7,5.7,否
家居,1,7,7,否
洗化,1,17.9,17.9,否
蔬果,0.763,1.51,1.98,否
洗化,1,6.9,6.9,否
粮油,1,6.3,6.3,否
休闲,1,37,37,否
休闲,0.254,4.5,27.8,是
蔬果,0.826,4.79,5.8,否
蔬果,0.258,2.32,9,否
冲调,1,8.9,8.9,否
粮油,1,2.7,2.7,否
蔬果,2.102,25.18,11.98,否
日配,1,10.9,13.3,是
日配,1.794,12.16,6.78,否
水产,0.534,16.02,30,否
蔬果,0.95,5.66,5.96,否
蔬果,1.154,10.39,9,否
休闲,1,28.8,33.9,是
酒饮,2,27.6,13.8,否
蔬果,0.387,3.85,9.96,否
酒饮,8,33.6,6,是
日配,0.966,6.55,6.78,否
蔬果,0.6,0.96,1.6,否
日配,1,5.9,8.3,是
蔬果,0.656,2.6,3.96,否
蔬果,0.586,3.84,6.56,否
休闲,1,1,1,否
肉禽,0.662,18.4,27.8,否
休闲,0.544,6.41,19.6,是
休闲,1,3.9,3.9,否
洗化,25,42.5,1.7,否
蔬果,0.685,3.97,5.8,否
熟食,0.666,4,6,否
粮油,1,1.3,1.3,否
蔬果,0.712,3.99,5.6,否
蔬果,0.344,3.43,9.96,否
蔬果,0.16,1.05,6.56,否
熟食,0.528,3.17,6,否
休闲,0.26,7.2,39.6,是
蔬果,0.66,5.15,7.8,否
熟食,2,2,1,否
蔬果,0.474,2.83,5.98,否
蔬果,0.24,2.97,7.8,否
蔬果,0.28,2.69,9.6,否
休闲,1,3.9,3.9,否
蔬果,0.274,2.18,7.96,否
日配,1,5.9,8.3,是
蔬果,2.221,7.06,3.18,否
日配,24,98,5.5,是
粮油,1,4.2,4.3,否
休闲,1,10.8,10.8,否
蔬果,0.726,4.33,5.96,否
酒饮,1,2.9,2.9,否
熟食,0.242,21.78,90,否
蔬果,0.766,4.57,5.96,否
蔬果,0.512,15.36,30,否
蔬果,0.374,1.48,3.96,否
蔬果,0.778,2.01,2.58,否
粮油,1,7.7,7.7,否
熟食,2,2,1,否
蔬果,2.054,12.24,5.96,否
蔬果,0.448,2.69,6,否
熟食,3,3,1,否
洗化,1,12.9,14.5,是
蔬果,0.234,1.83,7.8,否
蔬果,0.351,2.1,6.56,否
蔬果,1,24,24,否
休闲,1,38,38,否
蔬果,0.792,2.04,2.58,否
蔬果,0.47,3.08,6.56,否
酒饮,1,6.5,6.5,否
蔬果,0.332,2.59,7.8,否
蔬果,0.352,2.31,6.56,否
休闲,1,9.9,13.9,是
蔬果,0.34,1.36,4,否
蔬果,1.16,4.62,3.98,否
休闲,1,5.7,5.7,否
粮油,1,5.5,5.5,否
日配,1,10.9,13.3,是
肉禽,0.228,6.79,29.8,否
蔬果,0.24,0.62,2.58,否
洗化,1,19.9,19.9,否
酒饮,1,12.3,12.3,否
蔬果,0.788,3.12,3.96,否
粮油,1,85.9,85.9,否
酒饮,1,3.3,3.3,否
蔬果,0.646,2.57,2.56,否
蔬果,0.664,3.85,5.8,否
蔬果,0.314,2.44,7.76,否
蔬果,0.34,2.23,6.56,否
蔬果,0.542,9.11,16.8,否
酒饮,2,27.6,13.8,否
酒饮,2,27.6,13.8,否
肉禽,0.484,14.42,29.8,否
蔬果,0.504,3.31,6.56,否
蔬果,0.464,13.92,30,否
日配,4,8.4,2.1,否
日配,1.614,10.94,6.78,否
粮油,1,3.9,3.9,否
蔬果,0.75,2.37,3.16,否
蔬果,0.588,4.59,7.8,否
日配,1,7.3,7.3,否
粮油,1,14.7,14.7,否
粮油,1,2.3,2.3,否
蔬果,0.469,4.5,9.6,否
蔬果,0.897,1.61,1.8,否
蔬果,2.348,13.99,5.96,否
休闲,1,3.3,3.3,否
洗化,-1,-6.9,6.9,否
蔬果,0.286,2.57,9,否
蔬果,0.404,2.26,5.6,否
蔬果,0.82,2.12,2.58,否
休闲,0.224,13.22,59,否
肉禽,0.596,13.71,23,否
日配,1,8.9,12.9,是
粮油,1,71.9,71.9,否
休闲,1,3.9,3.9,否
休闲,1,10.8,10.8,否
休闲,1,4.5,4.5,否
休闲,1,1,1,否
酒饮,1,12.3,12.3,否
蔬果,0.92,2.36,2.56,否
蔬果,0.264,1.53,5.8,否
熟食,2,2,1,否
粮油,1,2.9,2.9,否
休闲,1,21.7,21.7,否
休闲,1,23.9,23.9,否
日配,1,2,2,否
休闲,0.152,2.09,15.6,是
日配,1,6.9,6.9,否
洗化,1,12.9,14.5,是
粮油,3.45,19.25,5.58,否
蔬果,0.31,2.79,9,否
日配,1.806,12.24,6.78,否
粮油,1,3.7,3.7,否
家居,1,12,12,否
酒饮,12,70.8,5.9,否
针织,1,12,12,否
日配,1,5.9,8.3,是
蔬果,1,24,24,否
蔬果,0.559,2.21,3.96,否
蔬果,0.718,6.89,9.6,否
肉禽,0.326,9.71,29.8,否
日配,1,78,78,否
休闲,1,1,1,否
洗化,1,4.9,4.9,否
休闲,1,14.9,14.9,否
蔬果,0.316,1.77,5.6,否
蔬果,0.21,1.67,7.96,否
蔬果,0.134,0.75,5.56,否
粮油,1,14.7,14.7,否
蔬果,0.17,1.05,5.98,否
酒饮,1,29.7,29.7,否
蔬果,0.096,0.48,4.98,否
蔬果,1.046,2.09,2,否
蔬果,0.15,1.19,7.96,否
蔬果,0.13,1.25,9.6,否
日配,0.772,5.23,6.78,否
蔬果,0.249,0.49,1.98,否
蔬果,0.426,2.13,5,否
洗化,1,18.9,18.9,否
粮油,1,84.9,84.9,否
蔬果,0.435,1.4,5.6,否
蔬果,0.602,3.37,5.6,否
蔬果,0.242,0.96,3.96,否
休闲,0.294,8.1,39.6,是
冲调,1,20.3,20.3,否
休闲,0.174,8.98,51.6,否
蔬果,0.693,4.55,6.56,否
日配,1,1.8,1.8,否
粮油,1,0.5,0.5,否
休闲,0.56,9.9,25,是
日配,1.556,10.55,6.78,否
熟食,0.73,14.6,20,否
休闲,0.238,4.71,31.8,是
洗化,1,6.9,6.9,否
蔬果,0.264,2.53,9.6,否
蔬果,0.524,3.44,6.56,否
日配,1,5.9,5.9,否
休闲,0.418,18.3,51.6,是
休闲,1,15.9,15.9,否
洗化,1,11.7,11.7,否
肉禽,0.348,10.37,29.8,否
蔬果,0.515,2.58,5,否
洗化,1,1.7,1.7,否
熟食,0.001,0.02,20,否
蔬果,2,3,1.5,否
洗化,1,6.9,6.9,否
肉禽,0.678,28.34,41.8,否
蔬果,0.516,4.95,9.6,否
洗化,1,6.9,7.9,是
酒饮,1,5.5,5.5,否
蔬果,0.261,2.08,7.96,否
粮油,1,3.3,3.3,否
蔬果,0.846,1.52,1.8,否
蔬果,1.234,7.35,5.96,否
洗化,1,4.3,4.3,否
蔬果,0.399,1.52,3.8,否
熟食,0.234,6.55,28,否
日配,1,16.3,16.3,否
休闲,1,10.4,10.4,否
蔬果,0.58,10.32,17.8,否
蔬果,0.174,1.39,7.96,否
蔬果,0.737,2.33,3.16,否
洗化,1,4.9,4.9,否
粮油,1,6.9,6.9,否
休闲,1,49.9,49.9,否
洗化,1,8.9,9.9,是
蔬果,2.014,8.02,3.98,否
洗化,1,12.9,12.9,否
文体,1,3,3,否
蔬果,0.374,9.35,25,否
肉禽,0.334,9.29,27.8,否
蔬果,1.234,7.16,5.8,否
酒饮,1,3.9,3.9,否
蔬果,1.038,7.45,2.58,否
肉禽,0.714,21.28,29.8,否
蔬果,0.444,4.42,9.96,否
休闲,0.164,18.04,110,否
洗化,1,9.9,9.9,否
熟食,0.001,0.02,20,否
粮油,1,94.9,94.9,否
粮油,1.004,12.95,12.9,否
蔬果,0.402,2.33,5.8,否
休闲,0.134,1.58,11.8,否
蔬果,1.543,9.2,5.96,否
日配,1,11.9,14.9,是
粮油,1,5.3,5.3,否
蔬果,0.354,1.05,2.96,否
蔬果,0.635,1.63,2.56,否
蔬果,0.518,0.77,1.48,否
粮油,1,3.9,3.9,否
休闲,0.416,7.49,18,否
蔬果,0.327,1.31,4,否
肉禽,0.252,7.01,27.8,否
休闲,1,3.5,3.5,否
休闲,1,15.9,15.9,否
蔬果,0.774,4.33,5.6,否
蔬果,0.302,1.2,3.96,否
休闲,1,10,10,否
蔬果,0.223,1.46,6.56,否
蔬果,1.058,2.12,2,否
休闲,1,10.9,10.9,否
粮油,1,8.5,8.5,否
蔬果,0.517,1.02,1.98,否
粮油,1,5.9,5.9,否
洗化,1,8.9,8.9,否
针织,1,12,12,否
休闲,1,5.2,5.2,否
蔬果,1,2,2,否
日配,1,5.8,5.8,否
休闲,0.288,12.03,39.8,是
休闲,0.624,7.33,21.6,是
休闲,1,12.8,12.8,否
文体,1,4.3,4.3,否
休闲,0.468,5.52,19.6,是
肉禽,0.344,10.25,29.8,否
蔬果,0.386,2.53,6.56,否
冲调,1,17.3,17.3,否
蔬果,0.594,2.38,4,否
蔬果,0.996,1.97,1.98,否
家居,1,11,11,否
蔬果,0.434,4.32,9.96,否
蔬果,3,4.5,1.5,否
蔬果,0.946,2.42,2.56,否
蔬果,0.6,3.94,6.56,否
蔬果,0.52,2.06,3.96,否
蔬果,0.458,3.28,2.58,否
洗化,1,7.9,7.9,否
蔬果,1,5.96,5.96,否
粮油,1,7.9,7.9,否
休闲,1,6.7,6.7,否
蔬果,0.348,3.34,9.6,否
粮油,1,0.5,0.5,否
蔬果,2.28,4.47,1.96,否
日配,1,10.3,10.3,否
蔬果,0.466,1.53,5.6,否
酒饮,1,2.5,2.5,否
蔬果,0.276,1.09,3.96,否
蔬果,0.482,7.71,16,否
粮油,1,5.3,5.3,否
休闲,0.25,4.45,27.8,是
日配,1,1.8,1.8,否
酒饮,1,3,3,否
蔬果,1.296,10.34,7.98,否
蔬果,0.246,1.92,7.8,否
蔬果,1.08,2.16,2,否
蔬果,1,4.98,4.98,否
洗化,1,4.9,4.9,否
蔬果,0.308,2.77,9,否
蔬果,0.988,3.91,3.96,否
蔬果,0.502,2.91,5.8,否
蔬果,0.47,14.1,30,否
粮油,1,5.9,5.9,否
洗化,1,8.7,8.7,否
洗化,1,5.3,5.3,否
粮油,1,4.5,4.7,否
洗化,1,6.5,7.7,是
蔬果,1.136,9.07,7.98,否
休闲,0.306,4.21,27.8,是
蔬果,0.505,2.93,5.8,否
肉禽,0.332,6.57,19.8,否
蔬果,0.219,1.23,5.6,否
蔬果,0.47,1.86,3.96,否
蔬果,0.53,2.97,5.6,否
休闲,1,8.5,9.5,是
熟食,0.001,0.02,20,否
肉禽,0.376,11.2,29.8,否
日配,1,4.3,4.3,否
家居,1,14,14,否
日配,1,3.3,3.3,否
蔬果,0.242,2.18,9,否
洗化,1,6.9,6.9,否
熟食,0.168,15.12,90,否
酒饮,1,9.3,9.3,否
文体,1,0.8,0.8,否
休闲,1,8.5,9.5,是
蔬果,0.902,1.62,1.8,否
粮油,2,1,0.5,否
蔬果,0.624,34.94,56,否
蔬果,1.306,15.65,11.98,否
粮油,1,2.8,2.8,否
蔬果,0.416,1.65,3.96,否
蔬果,0.312,2.84,3.96,否
蔬果,0.314,9.42,30,否
肉禽,0.508,18.19,35.8,否
熟食,0.492,17.52,35.6,否
蔬果,0.596,1.19,2,否
蔬果,0.634,1.14,1.8,否
熟食,0.15,11.4,76,否
蔬果,1.028,5.12,4.98,否
水产,1.426,1.43,1,否
家居,1,8,8,否
蔬果,4,6,1.5,否
休闲,0.632,11.24,25,是
蔬果,0.566,2.24,3.96,否
蔬果,0.31,9.3,30,否
粮油,1,3.9,3.9,否
熟食,0.514,3.08,6,否
日配,1,8.9,12.8,是
冲调,1,9.9,9.9,否
肉禽,0.676,11.9,17.6,否
休闲,0.408,16.23,43.8,是
酒饮,1,1.9,3,是
蔬果,1,2,2,否
蔬果,0.308,3.08,10,否
蔬果,2.178,4.27,1.96,否
蔬果,0.328,3.27,9.96,否
粮油,1,2.3,2.3,否
粮油,1,8.5,8.5,否
日配,1,13.9,18.9,是
休闲,1,8.5,8.5,否
家居,1,20,20,否
蔬果,0.306,2.01,6.56,否
蔬果,0.535,2.12,3.96,否
粮油,1,7.9,7.9,否
休闲,1,15.9,15.9,否
肉禽,0.344,12.32,35.8,否
蔬果,0.334,1.32,3.96,否
家居,1,10,10,否
洗化,1,5.7,5.7,否
蔬果,0.41,6.89,16.8,否
粮油,0.23,5.15,22.4,否
熟食,0.546,10.92,20,否
粮油,1,7.7,7.7,否
洗化,1,13.9,13.9,否
粮油,1,3.9,3.9,否
蔬果,1.056,16.85,15.96,否
日配,1,1.8,1.8,否
粮油,1,3.8,3.8,否
粮油,1,9.5,9.5,否
粮油,1,1.9,1.9,否
休闲,0.32,5.69,25.8,是
洗化,1,3.9,3.9,否
蔬果,1.126,2.23,1.98,否
酒饮,20,76,3.8,否
酒饮,1,3,3,否
休闲,0.154,7.95,51.6,否
蔬果,0.55,1.1,2,否
蔬果,0.323,0.63,3.8,否
蔬果,0.34,2.58,7.6,否
蔬果,2.281,4.47,1.96,否
蔬果,0.307,1.22,3.96,否
蔬果,0.274,1.64,5.98,否
日配,0.916,6.21,6.78,否
蔬果,1,4.98,4.98,否
洗化,1,14.9,22.9,是
酒饮,1,5,5,否
日配,1,13.9,16.9,是
家电,1,13,13,否
休闲,1,5.2,5.2,否
肉禽,0.572,11.21,19.6,否
蔬果,0.288,3.04,9.96,否
日配,1,3.9,6,是
休闲,1,6.5,6.5,否
蔬果,1.617,6.4,3.96,否
休闲,0.37,5.84,19.8,是
日配,1,5.5,5.5,否
粮油,1,6.8,6.8,否
熟食,0.454,2.72,6,否
休闲,1,4.5,4.5,否
休闲,1,4.9,4.9,否
蔬果,0.37,0.95,2.58,否
蔬果,0.216,3.63,16.8,否
洗化,1,11.9,15.9,是
休闲,1,3.9,3.9,否
蔬果,0.51,3.35,6.56,否
酒饮,6,17.4,2.9,否
蔬果,0.674,6.47,9.6,否
休闲,0.27,13.99,51.8,否
肉禽,0.308,8.56,27.8,否
蔬果,0.56,2.8,5,否
蔬果,0.74,4.29,5.8,否
休闲,1,3,3,否
休闲,0.248,12.8,51.6,否
蔬果,0.31,2.03,6.56,否
蔬果,1,1.5,1.5,否
蔬果,0.589,3.42,5.8,否
蔬果,0.242,1.45,5.98,否
粮油,1,5.9,5.9,否
粮油,2.959,16.51,5.58,否
蔬果,0.344,2.74,7.96,否
日配,1,10.8,14.9,是
蔬果,0.62,3.6,5.8,否
水产,0.49,14.7,30,否
休闲,0.342,4.03,19.6,是
日配,1.098,21.08,19.2,否
酒饮,4,10.8,2.7,否
日配,1,38.9,38.9,否
蔬果,0.37,2.87,7.76,否
熟食,0.984,5.9,6,否
休闲,1,6.9,6.9,否
休闲,0.454,10.9,24,否
蔬果,0.554,1.11,2,否
粮油,1,2.8,2.8,否
洗化,1,4.9,4.9,否
水产,0.62,4.95,7.98,否
蔬果,0.204,1.59,7.8,否
蔬果,0.34,2.71,7.96,否
蔬果,1.738,17.38,10,否
蔬果,0.482,2.68,5.56,否
蔬果,0.766,7.66,10,否
蔬果,0.188,2.93,15.6,否
蔬果,0.54,3.13,5.8,否
肉禽,0.386,13.82,35.8,否
蔬果,0.098,1.18,12,否
蔬果,0.364,2.37,6.56,否
蔬果,0.35,2.72,7.76,否
冲调,1,15.3,15.3,否
蔬果,0.346,5.54,16,否
粮油,1,7.7,7.7,否
冲调,1,18.9,18.9,否
肉禽,0.418,11.62,27.8,否
蔬果,0.55,0.88,1.6,否
洗化,1,4.3,4.3,否
洗化,1,5.7,5.7,否
日配,2.612,17.71,6.78,否
蔬果,1.244,2.46,1.98,否
日配,0.778,5.27,6.78,否
肉禽,0.484,8.52,17.6,否
蔬果,1,24,24,否
蔬果,0.21,0.42,1.98,否
蔬果,0.404,4.5,9.6,否
蔬果,1.15,2.94,2.56,否
蔬果,0.166,0.92,5.56,否
蔬果,0.33,1.91,5.8,否
日配,1,10.8,14.9,是
冲调,1,12.9,12.9,否
酒饮,1,4.9,4.9,否
日配,1.026,20.31,19.8,否
粮油,1,8.5,8.5,否
粮油,1,9.9,9.9,否
休闲,1,3.5,3.5,否
休闲,1,1.3,1.3,否
家居,1,9,9,否
蔬果,0.328,10.43,31.8,否
休闲,1,2.3,2.3,否
蔬果,0.584,0.93,1.6,否
冲调,1,4.7,4.7,否
洗化,1,19.9,19.9,否
粮油,1,5.7,5.7,否
粮油,1,11.3,11.3,否
肉禽,0.712,19.79,27.8,否
蔬果,0.166,1.59,9.6,否
冲调,1,39.9,39.9,否
洗化,1,2.9,2.9,否
洗化,1,8.7,8.7,否
粮油,1,3.9,5.9,是
蔬果,0.926,6.07,6.56,否
日配,0.766,5.19,6.78,否
蔬果,0.14,0.92,6.56,否
蔬果,0.158,2.65,16.8,否
熟食,0.174,9.74,56,否
蔬果,0.299,1.49,5,否
日配,1,9.7,9.7,否
日配,0.71,4.81,6.78,否
日配,0.814,5.52,6.78,否
休闲,4,4.8,1.2,否
日配,15,57,3.8,否
蔬果,1.102,6.17,5.6,否
熟食,2,2,1,否
日配,1,9.7,9.7,否
粮油,1,3.7,3.7,否
日配,1,35.7,35.7,否
熟食,2,2,1,否
熟食,2,2,1,否
日配,8,16.8,2.1,否
休闲,1,5.3,5.3,否
休闲,1,13.5,13.5,否
粮油,1,17.3,17.3,否
日配,1,2,2,否
粮油,1,3,3,否
粮油,3,1.5,0.5,否
肉禽,0.358,7.02,19.6,否
蔬果,0.438,1.73,3.96,否
日配,1.482,10.05,6.78,否
洗化,1,14.9,14.9,否
酒饮,1,13.8,13.8,否
洗化,1,2.9,2.9,否
粮油,0.576,3.21,5.58,否
休闲,0.18,10.04,55.8,否
蔬果,0.376,6.32,16.8,否
熟食,4,2,0.5,否
洗化,1,41.9,41.9,否
粮油,0.606,4.23,6.98,否
休闲,1.142,20.3,25.8,是
洗化,1,12.9,12.9,否
肉禽,0.394,10.95,27.8,否
蔬果,0.286,2.75,9.6,否
日配,1,59,76,是
洗化,1,4.3,4.3,否
蔬果,0.384,0.57,1.48,否
熟食,0.55,3.3,6,否
粮油,1,22.9,25.3,否
粮油,1,7.3,7.3,否
日配,1,78,78,否
冲调,1,7.7,7.7,否
蔬果,0.656,11.55,17.6,否
粮油,1,7.9,13.3,是
休闲,0.338,4.66,27.8,是
休闲,1,32.8,49.8,是
粮油,1,6.7,6.7,否
休闲,1,4.9,4.9,否
酒饮,2,31.8,15.9,否
熟食,0.48,2.88,6,否
休闲,1,11.9,14.3,是
蔬果,0.786,1.57,2,否
蔬果,0.206,3.21,15.6,否
熟食,0.256,18.43,72,否
蔬果,4,6,1.5,否
粮油,1,3,3,否
蔬果,2.724,5.34,1.96,否
蔬果,0.282,2.71,9.6,否
蔬果,0.182,2.84,15.6,否
休闲,1,1.3,1.3,否
休闲,1,1.3,1.3,否
蔬果,0.624,6.22,9.96,否
休闲,1,3.9,3.9,否
日配,1,31.7,31.7,否
蔬果,0.418,1.66,3.96,否
休闲,1,13.5,13.5,否
粮油,1,1.9,1.9,否
日配,1,7.3,7.3,否
粮油,1,11.7,11.7,否
粮油,1,6.9,6.9,否
冲调,1,60.3,60.3,否
蔬果,0.987,2.53,2.56,否
蔬果,0.268,1.06,3.96,否
蔬果,0.586,2.21,5.8,否
肉禽,0.376,10.45,27.8,否
肉禽,0.366,10.91,29.8,否
休闲,1,3.5,3.5,否
休闲,1,5.9,5.9,否
蔬果,0.95,3.76,3.96,否
蔬果,0.178,1.6,9,否
蔬果,0.23,3.59,15.6,否
蔬果,0.166,1.59,9.6,否
蔬果,0.174,2.04,7.8,否
粮油,0.252,2.97,11.8,否
蔬果,0.592,2.34,3.96,否
洗化,1,6.7,6.7,否
蔬果,0.349,1.4,4,否
蔬果,1.06,31.8,30,否
蔬果,0.574,3.19,5.56,否
酒饮,1,13.8,13.8,否
粮油,1,1.7,1.7,否
粮油,1,1.7,1.7,否
蔬果,0.628,3.52,5.6,否
休闲,1,7.9,7.9,否
休闲,1,8.9,8.9,否
日配,2.328,15.78,6.78,否
休闲,1,2.9,2.9,否
日配,0.752,5.1,6.78,否
粮油,4,2,0.5,否
蔬果,0.606,1.55,2.56,否
蔬果,0.632,1.63,2.58,否
休闲,1,1.3,1.3,否
蔬果,0.252,1.65,6.56,否
日配,1,14.3,14.3,否
蔬果,0.498,1.27,2.56,否
蔬果,0.644,36.06,56,否
蔬果,0.274,0.71,2.58,否
粮油,1,5.9,5.9,否
蔬果,0.604,1.56,2.58,否
蔬果,0.585,1.16,1.98,否
熟食,2,2,1,否
休闲,1,6.8,6.9,否
休闲,1,3,3,否
休闲,1,1,1,否
蔬果,1.139,4.51,3.96,否
休闲,1,4.7,4.7,否
酒饮,4,13.2,3.3,否
休闲,1,12.9,12.9,否
蔬果,0.16,1.27,7.96,否
蔬果,0.416,3.16,7.6,否
粮油,1,16.9,18.9,是
休闲,1,6.7,6.7,否
休闲,1,6.7,6.7,否
粮油,1,8.9,8.9,否
酒饮,1,9.7,9.7,否
蔬果,0.614,3.07,5,否
蔬果,1.962,3.85,1.96,否
蔬果,-0.328,-10.43,31.8,否
蔬果,0.64,3.58,5.6,否
酒饮,1,22,22,否
蔬果,0.51,2.86,5.6,否
蔬果,0.834,3.31,2.56,否
日配,1,15.9,15.9,否
蔬果,0.502,3.29,6.56,否
洗化,1,12.9,14.9,是
蔬果,0.36,2.09,5.8,否
蔬果,0.696,1.25,1.8,否
日配,1,59,76,是
冲调,1,59.3,59.3,否
蔬果,0.462,0.91,1.98,否
蔬果,2,4,2,否
肉禽,0.31,6.14,19.8,否
酒饮,1,22,22,否
日配,1,11.9,11.9,否
洗化,1,16.9,19.9,是
蔬果,0.632,3.67,5.8,否
日配,1,3.9,6,是
蔬果,0.506,3.04,6,否
蔬果,0.268,1.34,5,否
休闲,0.454,10.9,24,否
蔬果,0.423,1.09,2.58,否
蔬果,0.303,1.2,3.96,否
休闲,1,3.5,3.5,否
洗化,1,10.9,10.9,否
粮油,1,25.9,25.9,否
粮油,2,13.8,7.9,是
蔬果,0.583,1.73,2.96,否
熟食,0.342,2.05,6,否
休闲,1,9.9,13.9,是
休闲,1,2.6,2.6,否
粮油,1,4.7,4.7,否
粮油,0.822,3.45,4.2,否
粮油,1,7.9,7.9,否
蔬果,0.228,3.83,16.8,否
日配,1,11,11,否
休闲,1,39.8,39.8,否
家居,1,12,12,否
家居,1,8,8,否
休闲,1,6.2,6.2,否
冲调,1,7.7,7.7,否
休闲,0.254,4.5,25.8,是
日配,16,44.8,2.8,否
蔬果,0.426,2.47,5.8,否
蔬果,2.248,4.41,1.96,否
粮油,1,6.9,6.9,否
休闲,1.14,13.4,17.8,是
休闲,1,1.2,1.2,否
冲调,1,18.3,18.3,否
蔬果,0.354,1.5,5.56,否
肉禽,0.206,6.14,29.8,否
日配,1,11.9,11.9,否
洗化,1,19.9,29.9,是
蔬果,0.086,0.83,9.6,否
熟食,4,2,0.5,否
粮油,1,1.3,1.3,否
蔬果,0.174,3.13,18,否
休闲,1,2.9,4.3,是
蔬果,0.523,1.05,2,否
粮油,1,4.9,4.9,否
休闲,1,1,1,否
粮油,1,1.2,1.3,否
蔬果,0.384,1.52,3.96,否
熟食,0.44,2.64,6,否
肉禽,0.338,10.07,29.8,否
蔬果,0.35,3.15,9,否
针织,1,6.5,6.5,否
粮油,1,6.9,6.9,否
蔬果,0.308,1.17,3.8,否
休闲,0.25,3.9,19,是
蔬果,0.256,1.68,6.56,否
休闲,0.336,5.9,25,是
针织,1,6,6,否
日配,0.526,3.57,6.78,否
蔬果,0.642,1.27,1.98,否
酒饮,1,4.9,4.9,否
蔬果,0.628,2.49,3.96,否
蔬果,0.52,1.34,2.58,否
蔬果,0.272,1.52,5.6,否
休闲,1,1.3,1.3,否
家居,1,26,26,否
蔬果,0.24,3.06,9,否
休闲,1,3.5,3.5,否
熟食,0.228,12.77,56,否
日配,0.784,5.32,6.78,否
熟食,2,2,1,否
蔬果,0.2,1.2,5.98,否
粮油,1,7.7,7.7,否
洗化,1,1.7,1.7,否
休闲,1,13.5,13.5,否
休闲,0.88,13.9,15.8,否
蔬果,0.507,3.85,7.6,否
休闲,1,17.9,17.9,否
日配,16,32.8,2.7,是
粮油,0.274,3.78,13.8,否
粮油,1,8.2,8.2,否
休闲,1,10.9,14.9,是
休闲,1,4.9,4.9,否
休闲,0.324,6.41,31.8,是
日配,1,2.3,2.3,否
休闲,1,4.3,4.3,否
休闲,1,3.6,3.6,否
水产,0.788,6.29,7.98,否
粮油,1,7.9,7.9,否
粮油,1,8.9,8.9,否
粮油,1,7.9,7.9,否
休闲,1,7.7,7.7,否
熟食,0.437,2.62,6,否
家居,1,12.9,12.9,否
休闲,1,4,4,否
粮油,1,6.8,6.8,否
蔬果,0.738,4.4,5.96,否
洗化,1,28.9,35.9,是
蔬果,0.112,0.56,4.98,否
粮油,1,6.9,6.9,否
家居,1,10,10,否
休闲,1,6.9,6.9,否
日配,1,5.8,8.3,是
蔬果,0.194,0.77,3.96,否
蔬果,0.958,2.45,2.56,否
蔬果,0.458,1.81,3.96,否
洗化,1,9.9,13.9,是
熟食,0.48,2.88,6,否
粮油,1,2.9,2.9,否
酒饮,1,2,2,否
洗化,1,5.9,5.9,否
冲调,1,20.9,20.9,否
洗化,1,15.9,15.9,否
酒饮,1,14,14,否
蔬果,0.35,3.36,9.6,否
蔬果,0.324,0.58,1.8,否
蔬果,0.206,1.23,5.98,否
蔬果,0.462,3.51,7.6,否
粮油,1,3.8,3.8,否
日配,24,72,3,否
蔬果,0.218,1.96,9,否
日配,1.72,11.66,6.78,否
休闲,0.378,21.09,55.8,否
蔬果,0.548,3.27,5.96,否
休闲,1,2.9,4.3,是
蔬果,1.008,28.02,27.8,否
洗化,1,14.5,14.5,否
洗化,1,12.9,14.5,是
粮油,1,3,3,否
洗化,1,3.9,3.9,否
粮油,1,3.8,3.8,否
蔬果,0.294,1.18,4,否
粮油,1,11.9,11.9,否
休闲,1,4.7,4.7,否
蔬果,5.108,16.24,3.18,否
蔬果,0.24,0.36,1.48,否
粮油,1,6.8,6.8,否
休闲,1,4.9,4.9,否
粮油,1,7.7,7.7,否
蔬果,0.548,0.81,1.48,否
洗化,1,2,2,否
休闲,1,1,1,否
日配,1,4.9,4.9,否
粮油,1,1.5,1.5,否
日配,1,13.9,16.3,是
蔬果,0.182,1.3,6.56,否
粮油,1,1.9,1.9,否
休闲,1,2.3,2.3,否
休闲,0.186,2.56,27.8,是
蔬果,0.914,2.34,2.56,否
蔬果,0.842,3.33,3.96,否
休闲,1,4.7,4.7,否
日配,1,5.8,5.9,否
洗化,1,37.9,37.9,否
洗化,1,15.9,21.9,是
肉禽,1.356,25.76,19,否
蔬果,0.848,1.53,1.8,否
日配,1,13.9,16.3,是
休闲,1,4.9,4.9,否
蔬果,0.282,1.85,6.56,否
洗化,1,19.9,19.9,否
针织,1,9.5,9.5,否
蔬果,0.862,25.86,30,否
洗化,1,27.9,27.9,否
日配,1,8.9,12.9,是
肉禽,0.486,9.62,19.8,否
蔬果,0.462,13.86,30,否
蔬果,3.03,5.94,1.96,否
粮油,1,5.3,5.3,否
休闲,1,4.5,4.5,否
蔬果,0.856,25.68,30,否
肉禽,1.534,64.12,41.8,否
蔬果,2.232,62.05,27.8,否
蔬果,0.774,3.07,3.96,否
蔬果,2.735,4.92,1.8,否
休闲,1,8,8,否
休闲,0.24,4.27,25.8,是
蔬果,0.498,1.97,3.96,否
粮油,1,1.9,1.9,否
蔬果,0.667,1.31,1.96,否
休闲,1,4.5,4.5,否
日配,0.82,5.56,6.78,否
冲调,1,20.9,20.9,否
蔬果,1.055,4.2,5.96,否
蔬果,0.548,2.19,4,否
洗化,1,19.9,24.9,是
粮油,4,6.8,1.7,否
酒饮,1,13.9,13.9,否
酒饮,1,4,4,否
蔬果,0.408,0.81,1.98,否
蔬果,1.476,44.28,30,否
蔬果,0.42,12.6,30,否
日配,0.774,5.25,6.78,否
蔬果,0.431,2.41,5.6,否
蔬果,2.158,6.86,3.18,否
休闲,1,19.9,21.9,是
休闲,1,3.9,3.9,否
针织,1,6,6,否
休闲,1,8.5,9.5,是
日配,1,5.8,8.3,是
蔬果,0.318,3.05,9.6,否
蔬果,0.876,24.35,27.8,否
休闲,0.444,12.34,39.6,是
蔬果,0.338,3.24,9.6,否
粮油,1,0.5,0.5,否
蔬果,0.428,6.81,15.9,否
休闲,1,6.5,6.5,否
蔬果,0.258,0.38,1.48,否
粮油,1,8.2,8.2,否
蔬果,0.163,0.98,6,否
休闲,0.474,5.5,17.8,是
水产,0.466,0.47,1,否
蔬果,0.962,3.81,3.96,否
日配,1,4.9,4.9,否
日配,1,8.9,12.9,是
洗化,1,15.9,15.9,否
蔬果,1.076,9.4,4,否
粮油,1,4.9,6.7,是
洗化,1,4.7,4.7,否
粮油,1,9.5,9.5,否
日配,1,10.3,10.3,否
肉禽,0.438,8.67,19.8,否
日配,1,5.9,8.7,是
洗化,1,20.9,24.9,是
洗化,1,4.9,4.9,否
休闲,1,13.9,16.3,是
蔬果,0.99,29.7,30,否
休闲,1,5.3,5.3,否
日配,1,8.9,8.9,否
粮油,1,14.7,14.7,否
粮油,-1,-17.9,17.9,否
针织,1,7.5,7.5,否
休闲,0.26,5.1,19.8,否
日配,16,32.8,2.7,是
熟食,0.668,4.01,6,否
粮油,1,5.9,7.9,是
蔬果,0.616,4.8,7.8,否
日配,15,26.9,2.4,是
粮油,1,2.5,2.5,否
肉禽,1.048,20.75,19.8,否
日配,12,63.6,5.3,否
休闲,1,5.5,5.5,否
休闲,1,2.9,4.3,是
日配,1,2,2,否
蔬果,0.254,1.47,5.8,否
休闲,1,3.5,3.5,否
休闲,1,3.9,3.9,否
洗化,1,4.9,4.9,否
日配,1,5.9,8.7,是
蔬果,1.216,3.87,3.18,否
粮油,1,8.9,8.9,否
蔬果,0.492,2.76,5.6,否
粮油,0.116,9.01,89.8,否
粮油,1,2.3,2.3,否
休闲,0.448,5.28,17.8,是
肉禽,1,10.8,10.8,否
休闲,1,6.5,6.5,否
休闲,1,4.9,4.9,否
休闲,1,5.7,5.7,否
粮油,1,0.5,0.5,否
蔬果,0.292,1.46,5,否
洗化,1,4.9,4.9,否
休闲,0.344,8.87,39.8,是
蔬果,1.388,8.27,5.96,否
冲调,1,3,3,否
洗化,4,6.8,1.7,否
蔬果,0.1,2.72,27.2,否
蔬果,0.57,1.47,2.58,否
粮油,0.296,3.49,11.8,否
蔬果,5.454,17.34,3.18,否
蔬果,0.234,1.86,7.96,否
家居,1,6.9,6.9,否
文体,1,11.9,17,是
日配,1,11.5,11.5,否
洗化,1,17.7,17.7,否
休闲,2,2.2,1.1,否
蔬果,0.458,2.56,5.6,否
蔬果,0.188,1.69,9,否
日配,1,7.9,7.9,否
日配,1,13.9,16.3,是
休闲,1,9.7,9.7,否
休闲,1,3.5,3.5,否
蔬果,0.598,2.39,4,否
粮油,1,9.5,9.5,否
粮油,0.142,3.07,21.6,否
日配,1,8.9,12.8,是
水产,1.05,8.38,7.98,否
熟食,0.001,0.02,20,否
日配,0.784,5.32,6.78,否
蔬果,0.718,1.85,2.58,否
蔬果,0.568,9.54,16.8,否
蔬果,0.803,4.5,5.6,否
洗化,1,19.9,19.9,否
肉禽,1.122,22.22,19.8,否
休闲,1,4.2,4.2,否
粮油,1,7.9,7.9,否
蔬果,1.842,5.86,3.18,否
粮油,1,7.9,7.9,否
酒饮,1,12.9,12.9,否
洗化,1,8.5,8.5,否
日配,1.556,10.55,6.78,否
蔬果,1.346,23.96,17.8,否
酒饮,1,3.8,3.8,否
日配,1,11.5,16.5,是
蔬果,0.382,3.67,9.6,否
休闲,1,8.5,10.5,是
蔬果,0.436,0.7,1.6,否
日配,16,32.8,2.7,是
休闲,4,4.8,1.2,否
蔬果,1.52,5.44,1.96,否
粮油,1,4.2,4.2,否
蔬果,0.267,1.55,5.8,否
蔬果,1.182,3.05,2.58,否
蔬果,0.23,1.32,6.56,否
蔬果,0.32,2.55,7.96,否
休闲,0.124,1.7,19.8,是
蔬果,1.092,30.36,27.8,否
洗化,1,9.9,9.9,否
洗化,2,17.8,8.9,否
休闲,1,6.7,6.7,否
蔬果,1,2,2,否
粮油,4,22.8,5.7,否
休闲,1,2.9,4.3,是
休闲,1,3.3,3.3,否
蔬果,1.006,12.05,11.98,否
日配,12,49.9,5.5,是
蔬果,0.372,2.59,6.96,否
粮油,1,8.5,8.5,否
蔬果,0.596,2.98,5,否
文体,1,1.5,1.5,否
休闲,1,4.9,4.9,否
蔬果,0.346,0.89,2.56,否
休闲,1,7.7,7.7,否
蔬果,0.092,1.1,12,否
休闲,1,2.9,4.3,是
蔬果,3.54,98.41,27.8,否
蔬果,0.344,1.38,4,否
蔬果,1.059,1.91,1.8,否
日配,1,5.7,5.7,否
粮油,1,4.9,4.9,否
日配,1.522,10.32,6.78,否
休闲,1,6.5,7.9,是
日配,1,5.8,8.3,是
蔬果,0.38,2.96,7.8,否
蔬果,1.422,42.66,30,否
蔬果,0.55,16.5,30,否
肉禽,0.418,12.46,29.8,否
熟食,0.538,19.15,35.6,否
文体,1,23.5,23.5,否
休闲,1,8.3,8.3,否
蔬果,0.836,25.08,30,否
熟食,0.548,3.29,6,否
蔬果,0.491,0.97,1.98,否
蔬果,1.62,3.24,2,否
日配,12,39.9,5,是
休闲,0.204,4.04,19.8,否
家居,1,10,10,否
肉禽,1.162,48.57,41.8,否
日配,1,8.9,12.9,是
粮油,1,7.3,7.3,否
休闲,1,2.7,2.7,否
洗化,1,8.9,8.9,否
家居,1,8,8,否
粮油,1,14.9,14.9,否
粮油,1,2,2,否
休闲,1,12.9,12.9,否
蔬果,1.2,14.38,11.98,否
休闲,1,5.9,5.9,否
粮油,1,3.9,3.9,否
洗化,1,3.9,4.9,是
蔬果,0.29,1.62,5.6,否
休闲,0.09,7.9,87.8,否
粮油,7,6.3,1.3,是
熟食,1.462,29.24,20,否
粮油,1,4.9,4.9,否
休闲,1,8.5,10.9,是
休闲,1,5.3,5.3,否
日配,0.364,2.47,6.78,否
粮油,1,6.7,6.7,否
蔬果,0.568,1.12,1.98,否
休闲,1,2.9,4.3,是
蔬果,1.414,4.5,3.18,否
家居,1,4.5,4.5,否
文体,1,1.5,1.5,否
日配,1,6.9,6.9,否
粮油,1,3.3,3.3,否
粮油,1,11.3,11.3,否
粮油,1,6.7,6.7,否
粮油,1,0.5,0.5,否
休闲,1,4.9,4.9,否
休闲,0.184,2.17,19.6,是
文体,1,9.3,9.3,否
粮油,1,4.9,6.7,是
休闲,0.316,4.93,19,是
洗化,1,4.9,4.9,否
文体,1,0.5,0.5,否
蔬果,0.873,6.63,7.6,否
蔬果,0.772,23.16,30,否
日配,16,32.8,2.7,是
休闲,1,11.5,11.5,否
蔬果,0.178,1.6,9,否
休闲,1,13.9,13.9,否
蔬果,0.11,0.86,7.8,否
休闲,1,7.5,7.5,否
洗化,1,25.9,25.9,否
针织,1,4.5,7,是
酒饮,1,6.9,6.9,否
洗化,1,15.9,15.9,否
洗化,1,6.7,6.7,否
粮油,1,2.8,2.8,否
蔬果,0.409,1.2,2.78,否
休闲,0.342,20.4,64,是
蔬果,0.437,1.13,2.58,否
蔬果,0.194,1.75,9,否
洗化,1,7.9,7.9,否
洗化,1,7.9,7.9,否
蔬果,0.368,0.95,2.58,否
蔬果,0.274,3.29,12,否
日配,0.903,6.12,6.78,否
肉禽,0.912,18.06,19.8,否
休闲,0.89,9.7,11.8,是
休闲,2,11.8,5.9,否
肉禽,0.582,11.41,19.6,否
休闲,0.108,1.49,19.8,是
休闲,0.262,30.65,117,否
蔬果,0.778,3.08,3.96,否
蔬果,0.318,1.59,5,否
日配,12,49,5.5,是
家居,1,12,12,否
粮油,1,6.7,6.7,否
水产,0.83,6.62,7.98,否
休闲,1,16,16,否
洗化,1,25.9,25.9,否
日配,1,2.3,2.3,否
休闲,1,4.5,4.5,否
休闲,0.274,12,51.6,是
粮油,1,1.3,1.3,否
休闲,1,1.3,1.3,否
粮油,1,5.7,5.7,否
蔬果,0.434,13.02,30,否
粮油,1,17.9,17.9,否
肉禽,0.788,32.94,41.8,否
洗化,2,5.8,2.9,否
洗化,3,14.1,4.7,否
日配,1.536,10.41,6.78,否
水产,0.094,2.82,30,否
酒饮,1,11.9,11.9,否
日配,1.526,10.35,6.78,否
休闲,0.122,1.68,19.8,是
洗化,1,4.7,4.7,否
洗化,1,12.9,12.9,否
针织,1,44.9,65,是
日配,1.13,22.37,19.8,否
粮油,1,3.8,4.3,否
蔬果,0.852,5.08,5.96,否
家居,1,10.9,13,是
针织,1,3.5,6,是
家居,1,9,9,否
肉禽,0.246,6.84,27.8,否
粮油,1,18.5,18.5,否
粮油,1,21.3,21.3,否
休闲,3,3.9,1.3,否
蔬果,0.331,2.16,7.96,否
休闲,1,2.3,2.3,否
蔬果,1.299,5.14,3.96,否
蔬果,0.508,15.24,30,否
粮油,1,5.9,5.9,否
洗化,1,6.9,9.7,是
蔬果,1.407,8.39,5.96,否
粮油,1,6.8,6.8,否
蔬果,0.098,1.18,12,否
蔬果,0.302,1.2,3.96,否
粮油,1,3.9,3.9,否
洗化,1,3.9,3.9,否
休闲,1,1,1,否
洗化,1,11.5,15.9,是
蔬果,0.766,22.98,30,否
休闲,1,5.3,5.3,否
休闲,1,8.5,8.5,否
蔬果,0.412,9.48,23,否
粮油,1,14.7,14.7,否
洗化,2,15.8,9.5,是
蔬果,0.676,10.8,15.98,否
蔬果,0.456,2.73,5.98,否
日配,0.87,5.9,6.78,否
蔬果,0.696,1.8,2.58,否
蔬果,0.374,4.49,12,否
蔬果,0.75,1.5,2,否
日配,1,10.3,10.3,否
蔬果,0.506,0.91,1.8,否
粮油,1,1.7,1.7,否
粮油,1,5.9,5.9,否
休闲,0.282,3.66,19.8,是
家居,1,10,10,否
蔬果,0.694,1.79,2.58,否
日配,1,65,65,否
休闲,1,16.9,16.9,否
粮油,1,1.7,1.7,否
蔬果,0.4,3.18,7.96,否
休闲,1,6,6,否
洗化,1,2.9,2.9,否
粮油,1,2.3,2.3,否
蔬果,0.288,1.14,3.96,否
文体,1,9.3,9.3,否
蔬果,0.886,2.64,2.78,否
日配,2.756,18.69,6.78,否
休闲,1,1.1,1.1,否
休闲,1,4.3,4.3,否
休闲,1,13.5,13.5,否
家居,1,7,7,否
蔬果,0.312,0.46,1.48,否
日配,0.6,19.56,32.6,否
蔬果,0.718,1.84,2.56,否
蔬果,0.334,2.66,7.96,否
日配,1,13.9,16.3,是
休闲,1,6.2,6.2,否
家居,1,4.5,4.5,否
日配,1,2.3,2.3,否
冲调,1,16.3,16.3,否
休闲,1,8.7,8.7,否
日配,1,18.9,18.9,否
粮油,1,6.8,6.8,否
粮油,1,2.8,2.8,否
粮油,1,1.7,1.7,否
肉禽,0.938,18.57,19.8,否
洗化,1,2.9,2.9,否
肉禽,0.264,5.17,19.6,否
日配,1,4.5,4.5,否
肉禽,1,29.9,29.9,否
蔬果,0.838,13.39,15.98,否
洗化,1,10.9,10.9,否
文体,1,0.5,0.5,否
休闲,1,9.7,9.7,否
酒饮,1,1.5,1.5,否
粮油,1,8.5,8.5,否
粮油,1,8.9,8.9,否
蔬果,0.366,4.39,12,否
休闲,0.344,4.7,19.6,是
肉禽,0.204,6.08,29.8,否
休闲,1,3.2,3.2,否
粮油,1,3.8,3.8,否
蔬果,0.31,1.8,5.8,否
粮油,1,7.9,7.9,否
酒饮,10,120,12,否
蔬果,0.212,6.36,30,否
冲调,1,15.3,15.3,否
文体,1,2.3,2.3,否
蔬果,0.18,1,5.56,否
蔬果,0.222,1.33,5.98,否
日配,1,6.3,6.3,否
休闲,0.408,8.07,23.8,是
休闲,1,13.9,13.9,否
蔬果,0.81,2.07,2.56,否
冲调,1,4.9,4.9,否
蔬果,0.392,2.27,5.8,否
日配,1,13.3,13.3,否
粮油,1,4.9,6.7,是
日配,0.756,5.13,6.78,否
蔬果,0.378,1.58,6.56,否
酒饮,1,13.8,13.8,否
蔬果,0.25,1.5,5.98,否
酒饮,1,8.7,8.7,否
蔬果,1.142,34.26,30,否
肉禽,0.588,16.35,27.8,否
蔬果,1.432,5.67,3.96,否
休闲,1,3.9,3.9,否
蔬果,0.472,7.55,16,否
蔬果,0.558,1.43,2.56,否
休闲,1,16.9,16.9,否
粮油,0.23,2.25,9.8,否
蔬果,0.321,1.27,3.96,否
蔬果,0.37,2.81,7.6,否
休闲,1,2.8,2.9,否
洗化,1,5.9,5.9,否
文体,1,9,13,是
日配,1,11.9,14.9,是
蔬果,1.894,33.71,17.8,否
肉禽,0.412,12.28,29.8,否
休闲,1,25.6,25.6,否
蔬果,1.07,4.24,3.96,否
蔬果,0.138,0.8,5.8,否
蔬果,0.578,1.49,2.58,否
蔬果,1,1.5,1.5,否
粮油,1,5.3,5.3,否
休闲,1,3.5,3.5,否
日配,0.346,2.94,8.5,否
休闲,1,9.9,9.9,否
休闲,1,3.2,3.2,否
洗化,1,8.5,12,是
洗化,1,6.7,6.7,否
粮油,0.328,3.21,9.8,否
洗化,1,11.9,11.9,否
蔬果,0.976,6.4,5.8,否
熟食,0.298,5.96,20,否
蔬果,0.098,1.18,12,否
蔬果,0.721,2.86,3.96,否
粮油,2,1,0.5,否
粮油,1,3.9,4.7,是
休闲,1,11.3,11.3,否
蔬果,0.312,1.19,3.8,否
蔬果,0.437,1.73,3.96,否
肉禽,0.526,15.67,29.8,否
蔬果,0.864,5.67,6.56,否
日配,1,65,65,否
休闲,1,9.3,9.3,否
蔬果,0.266,1.05,3.96,否
粮油,1,2.5,2.5,否
粮油,1,3.9,5.3,是
肉禽,0.53,14.73,27.8,否
蔬果,0.306,6.12,20,否
日配,0.834,5.65,6.78,否
蔬果,0.514,15.42,30,否
粮油,1,8.9,8.9,否
蔬果,0.166,1.09,6.56,否
粮油,1.156,6.43,6.98,是
蔬果,0.361,2.37,6.56,否
肉禽,0.36,10.73,29.8,否
蔬果,0.28,2.69,9.6,否
粮油,1,2.7,2.7,否
蔬果,0.398,2.97,7.47,否
洗化,1,7.9,7.9,否
肉禽,0.616,17.12,27.8,否
休闲,1,10.5,10.5,否
休闲,1,79,79,否
蔬果,0.156,1.02,6.56,否
洗化,1,6.9,9.7,是
粮油,0.258,2.53,9.8,否
粮油,0.326,3.19,9.8,否
日配,1,5.8,8.3,是
休闲,0.28,4.4,17,是
日配,1,10.4,10.4,否
蔬果,1.428,17.11,11.98,否
蔬果,0.504,1.01,2,否
酒饮,1,4.9,4.9,否
蔬果,2.704,8.6,3.18,否
酒饮,1,11.3,11.3,否
酒饮,1,38.5,38.5,否
文体,1,9.3,9.3,否
粮油,1,11.9,11.9,否
蔬果,0.502,8.84,17.6,否
蔬果,0.418,12.54,30,否
粮油,1,6.7,6.7,否
蔬果,0.908,3.6,3.96,否
洗化,1,12.9,12.9,否
酒饮,1,12.7,12.7,否
冲调,1,51.3,51.3,否
日配,1,5.5,5.5,否
休闲,1,6.9,6.9,否
蔬果,0.168,1.34,7.96,否
日配,0.196,3.49,17.8,否
休闲,1,13.9,16.9,是
蔬果,0.968,1.74,1.8,否
蔬果,0.314,1.24,3.96,否
粮油,1,6.8,7.9,否
休闲,1,5.9,5.9,否
熟食,0.545,3.27,6,否
蔬果,0.218,3.47,15.9,否
蔬果,0.726,2.87,3.96,否
蔬果,1.148,3.65,3.18,否
日配,1,10.3,10.3,否
粮油,1,3.8,3.8,否
休闲,1,3.3,3.3,否
酒饮,1,12.9,12.9,否
粮油,1,11.7,11.7,否
蔬果,0.774,1.98,2.56,否
蔬果,0.172,1.3,15.6,否
蔬果,0.564,1.11,1.96,否
蔬果,0.264,2.53,9.6,否
蔬果,0.701,1.79,2.56,否
粮油,1,0.5,0.5,否
粮油,1,8.2,8.2,否
粮油,1,3.9,5.9,是
休闲,1,4.3,4.3,否
洗化,1,7.9,9.5,是
休闲,1,2.9,2.9,否
洗化,1,3.9,4.9,是
蔬果,1.04,3.31,3.18,否
粮油,1,7.3,7.3,否
蔬果,1.936,6.16,3.18,否
休闲,1,11.9,11.9,否
洗化,1,20,20,否
洗化,1,10.7,10.7,否
蔬果,0.612,34.27,56,否
酒饮,1,13.8,13.8,否
酒饮,10,220,22,否
蔬果,1.274,7.59,5.96,否
粮油,1,1.7,1.7,否
粮油,1,89.9,109,是
休闲,0.346,6.85,19.8,否
熟食,2,2,1,否
蔬果,0.09,0.54,5.98,否
酒饮,1,4.9,4.9,否
粮油,0.572,5.61,9.8,否
熟食,0.21,1.26,6,否
粮油,1,14.7,14.7,否
蔬果,0.265,0.52,1.98,否
休闲,1,11.8,11.8,否
日配,12,39.9,5,是
蔬果,0.098,1.18,12,否
蔬果,0.082,0.79,9.6,否
粮油,1,3.9,5.3,是
粮油,1,2.3,2.3,否
蔬果,0.458,2.29,5,否
蔬果,0.15,0.98,6.56,否
蔬果,0.564,3.16,5.6,否
蔬果,0.188,1.13,6,否
日配,1,9.8,9.8,否
日配,1,7.3,7.3,否
洗化,1,12.9,14.5,是
洗化,1,5.8,6.9,是
休闲,1,2.9,2.9,否
蔬果,0.456,1.82,4,否
蔬果,0.228,1.28,5.6,否
洗化,1,9.9,9.9,否
蔬果,2,3,1.5,否
粮油,2,1,0.5,否
粮油,0.798,3.19,4,否
熟食,0.836,29.76,35.6,否
酒饮,1,12.9,15.9,是
蔬果,2,3,1.5,否
休闲,1,10,10,否
粮油,1,2.7,2.7,否
粮油,1,4.9,6.7,是
粮油,1,76.9,76.9,否
熟食,0.692,4.15,6,否
肉禽,0.238,7.09,29.8,否
粮油,1,4.3,4.3,否
蔬果,0.496,5.95,12,否
蔬果,0.484,4.65,9.6,否
粮油,1,9.9,9.9,否
蔬果,0.186,1.44,7.76,否
蔬果,1.244,8.93,2.58,否
熟食,0.001,0.02,20,否
洗化,1,9.9,15.3,是
酒饮,1,13.8,13.8,否
洗化,1,3.5,3.5,否
酒饮,1,5,5,否
蔬果,0.316,1.25,3.96,否
洗化,1,1.5,1.5,否
洗化,1,18.9,24.9,是
冲调,1,8.9,8.9,否
蔬果,0.656,2.07,3.16,否
蔬果,0.362,0.93,2.58,否
蔬果,0.566,6.79,12,否
休闲,1,3.3,3.3,否
蔬果,0.42,3.19,7.6,否
粮油,1,18.9,18.9,否
日配,1,10.9,13.3,是
蔬果,0.484,1.84,3.8,否
蔬果,0.332,2.18,6.56,否
蔬果,0.374,0.74,1.98,否
熟食,4,2,0.5,否
酒饮,1,5.5,5.5,否
洗化,1,9.9,13.9,是
蔬果,1.274,2.55,2,否
休闲,1,19.9,21.9,是
酒饮,1,11.9,11.9,否
日配,0.764,5.18,6.78,否
休闲,1,9.9,9.9,否
粮油,0.284,6.13,21.6,否
洗化,1,7.9,9.5,是
肉禽,0.654,23.41,35.8,否
蔬果,0.506,1.3,2.56,否
蔬果,0.366,2.12,5.8,否
蔬果,0.256,2.55,9.96,否
肉禽,0.864,25.75,29.8,否
蔬果,0.742,4.45,6,否
熟食,0.698,4.19,6,否
日配,16,44.8,2.8,否
休闲,0.11,7.81,71,否
蔬果,2,3,1.5,否
日配,1,7.7,7.7,否
休闲,1,4.3,4.3,否
日配,1.338,9.07,6.78,否
休闲,1,10.9,10.9,否
蔬果,0.532,2.11,3.96,否
粮油,0.764,8.84,13.8,是
日配,1,59,76,是
酒饮,1,2.8,2.8,否
酒饮,8,31.2,3.9,否
洗化,1,3.9,4.9,是
蔬果,0.392,0.78,1.98,否
粮油,1,3.9,3.9,否
日配,1,18.5,18.5,否
粮油,1,7.3,7.3,否
酒饮,1,15.9,15.9,否
蔬果,1.75,48.65,27.8,否
肉禽,0.158,4.71,29.8,否
蔬果,0.546,16.38,30,否
日配,1,3.9,5.9,是
粮油,2,4.6,2.3,否
蔬果,1,1.5,1.5,否
粮油,1,1.7,1.7,否
休闲,0.404,4.7,19.6,是
蔬果,0.716,1.15,1.6,否
粮油,1,8.2,8.2,否
休闲,1,2.3,2.3,否
酒饮,1,2.9,2.9,否
蔬果,0.67,3.99,5.96,否
酒饮,1,2,8.9,是
蔬果,0.38,1.43,1.98,否
粮油,12,38.4,3.2,否
粮油,1,6.8,6.8,否
粮油,1,3.8,3.8,否
蔬果,0.554,3.08,5.56,否
文体,1,1.5,1.5,否
熟食,0.498,2.99,6,否
休闲,0.198,23.17,117,否
休闲,2,57.6,33.9,是
蔬果,4.084,26.79,6.56,否
粮油,2.864,12.6,4.4,否
粮油,1,5.7,5.7,否
日配,1,9.3,9.3,否
休闲,1,3.5,3.5,否
文体,1,2.5,2.5,否
日配,1,2.3,2.3,否
蔬果,0.426,7.58,17.8,否
蔬果,0.658,1.3,1.98,否
蔬果,0.666,1.72,2.58,否
蔬果,0.196,1.29,6.56,否
蔬果,0.266,2.06,7.76,否
休闲,1,7.9,9.3,是
休闲,0.28,14.45,51.6,否
粮油,1,11.7,11.7,否
日配,0.67,10.7,19.6,否
粮油,1,1,1,否
粮油,1,1.3,1.3,否
休闲,0.248,10.86,51.6,是
洗化,1,9.8,11.9,是
日配,1,18.9,18.9,否
蔬果,0.354,0.91,2.58,否
蔬果,0.22,3.43,15.6,否
酒饮,1,3,3,否
酒饮,1,2.9,4,是
熟食,2,2,1,否
蔬果,0.192,1.08,5.6,否
粮油,1,35.9,35.9,否
蔬果,0.258,1.8,9.6,否
休闲,1,4.3,4.3,否
休闲,1,3.7,3.7,否
日配,0.384,3.26,8.5,否
粮油,1,12.9,12.9,否
文体,1,4.5,4.5,否
洗化,1,3.6,4.7,是
洗化,1,11.9,15.5,是
蔬果,1.456,7.25,4.98,否
蔬果,0.335,2,5.98,否
蔬果,0.495,2.97,6,否
休闲,0.166,9.91,71.8,是
粮油,1,14.7,14.7,否
粮油,1,0.5,0.5,否
休闲,1,5.3,5.3,否
休闲,1,1,1,否
酒饮,1,2.5,3.5,是
蔬果,0.526,4.08,7.76,否
蔬果,0.73,12.26,16.8,否
洗化,1,5.9,5.9,否
粮油,1,8.5,8.5,否
日配,1,11.9,11.9,否
冲调,1,21.9,21.9,否
休闲,1,3.9,4.3,否
休闲,1,11.9,14.3,是
酒饮,1,4,4,否
粮油,1,13.9,13.9,否
粮油,0.31,3.04,9.8,否
休闲,1,1,1,否
休闲,1,1,1,否
休闲,0.448,6.18,15.6,是
蔬果,0.358,3.58,10,否
日配,1,5.5,6,是
日配,16,32.8,2.7,是
休闲,0.116,11.32,97.6,否
蔬果,0.346,3.11,9,否
粮油,1,14.7,14.7,否
粮油,1,5.7,5.7,否
蔬果,1.072,3.41,3.18,否
粮油,1,7.9,7.9,否
洗化,1,8.5,9.9,是
蔬果,0.603,1.19,1.98,否
洗化,1,11.5,15.9,是
日配,0.914,6.2,6.78,否
家电,1,19.5,19.5,否
日配,1,8.9,8.9,否
酒饮,1,4,4,否
日配,1,14.9,14.9,否
日配,1,2.5,2.5,否
粮油,1,8.9,8.9,否
冲调,1,50.9,50.9,否
蔬果,0.286,3,5,否
酒饮,1,9.3,9.3,否
熟食,0.306,27.54,90,否
文体,1,4.7,4.7,否
熟食,4,2,0.5,否
休闲,1,4,4,否
粮油,1,14.7,14.7,否
酒饮,1,4,4,否
休闲,1,3.9,3.9,否
日配,1,59,76,是
休闲,1,9.9,13.9,是
蔬果,1.342,8,5.96,否
酒饮,1,4.5,5.9,是
蔬果,0.814,1.47,1.8,否
日配,0.454,14.8,32.6,否
粮油,1,5.7,5.7,否
休闲,1,9.3,9.3,否
日配,15,36,2.4,否
休闲,1,9.9,9.9,否
日配,0.954,6.47,6.78,否
蔬果,1.243,2.24,1.8,否
酒饮,4,10.8,2.7,否
熟食,0.242,13.55,56,否
粮油,1,6.5,6.7,否
酒饮,1,7.3,7.3,否
蔬果,0.194,1.27,6.56,否
粮油,1,6.7,6.7,否
休闲,1,4.9,4.9,否
蔬果,0.642,2.56,3.98,否
蔬果,0.451,2.62,5.8,否
蔬果,1,2,2,否
日配,1,5.5,5.5,否
粮油,1,20.9,20.9,否
蔬果,0.54,16.2,30,否
洗化,1,31.9,31.9,否
家居,1,3,3,否
蔬果,1.31,15.69,11.98,否
蔬果,0.098,1.18,12,否
蔬果,0.252,5.04,20,否
休闲,1,5.9,5.9,否
酒饮,1,22.3,22.3,否
洗化,1,6.9,6.9,否
家居,1,55,55,否
休闲,1,3.7,3.7,否
休闲,1,12.8,12.8,否
蔬果,0.65,1.29,1.98,否
粮油,1,5.9,7.9,是
蔬果,0.376,0.6,1.6,否
酒饮,1,5,5,否
蔬果,0.548,5.47,9.98,否
日配,1,3,3,否
蔬果,0.364,1.46,4,否
蔬果,0.788,4.41,5.6,否
蔬果,1.842,9.17,4.98,否
文体,1,2.3,2.3,否
熟食,0.001,0.02,20,否
肉禽,0.412,7.83,19,否
酒饮,1,4,4,否
日配,1,5.8,8.3,是
酒饮,1,9.3,9.3,否
洗化,1,59,59,否
肉禽,3.024,90.12,29.8,否
蔬果,5.652,90.21,15.96,否
蔬果,0.504,1,1.98,否
蔬果,0.683,2.17,3.18,否
洗化,1,4.1,5.7,是
蔬果,0.316,2.52,7.96,否
蔬果,0.671,2.66,3.96,否
蔬果,0.7,2.21,3.16,否
休闲,1,3.3,3.3,否
粮油,1,2.5,2.5,否
日配,1,3,3,否
酒饮,1,4,4,否
日配,1.052,7.13,6.78,否
休闲,1,9.9,9.9,否
休闲,0.124,6.18,49.8,否
日配,0.34,2.89,8.5,否
蔬果,0.548,3.14,3.96,否
洗化,1,1.7,1.7,否
日配,2,6,3,否
蔬果,1.309,4.16,3.18,否
肉禽,0.274,10.96,40,否
蔬果,0.442,0.8,1.8,否
蔬果,1.646,45.76,27.8,否
日配,1,5.9,7.7,是
酒饮,1,3,3,否
蔬果,0.658,19.74,30,否
日配,1,10.9,15.9,是
熟食,0.422,2.53,6,否
粮油,1,8.5,8.5,否
粮油,1,2.3,2.3,否
洗化,1,8.9,10.9,是
文体,1,2.3,2.3,否
粮油,1,2.7,2.7,否
休闲,1,2.5,3.5,是
日配,1,18.9,18.9,否
休闲,1,5.7,5.7,否
蔬果,0.53,4.03,7.6,否
洗化,1,15.9,15.9,否
休闲,1,4.3,4.3,否
蔬果,1.082,12.96,11.98,否
日配,1,11.9,11.9,否
休闲,0.364,10.11,39.6,是
粮油,1,7.7,7.7,否
蔬果,0.6,19.08,31.8,否
日配,3,9,3,否
日配,0.356,3.03,8.5,否
熟食,0.758,15.16,20,否
粮油,1,7.9,11.3,是
日配,16,32.8,2.7,是
酒饮,1,15,15,否
粮油,2.66,11.17,4.2,否
粮油,1,1.7,1.7,否
蔬果,10.265,49.06,5.6,否
休闲,1,2.7,2.7,否
蔬果,0.33,0.49,1.48,否
休闲,1,8.7,8.7,否
休闲,0.292,4.61,15.8,否
休闲,1,5.3,5.9,是
休闲,1,2.4,2.4,否
粮油,0.828,9.58,13.8,是
休闲,1,3.7,3.7,否
酒饮,1,69.7,69.7,否
洗化,1,9.9,14.7,是
休闲,1,13.9,13.9,否
肉禽,0.332,9.89,29.8,否
蔬果,0.648,1.67,2.58,否
粮油,7,3.5,0.5,否
粮油,10,5,0.5,否
蔬果,0.756,3.78,5,否
蔬果,0.594,1.05,1.76,否
熟食,2,2,1,否
蔬果,0.818,1.62,1.98,否
粮油,1,1.5,1.5,否
酒饮,1,5,5,否
休闲,1,19.8,19.8,否
粮油,1,7.7,7.7,否
休闲,1,11.3,11.3,否
蔬果,0.298,3.58,12,否
粮油,1,5.7,5.7,否
蔬果,0.946,5.26,5.56,否
冲调,1,3,3,否
洗化,1,12.9,19.9,是
蔬果,0.448,1.16,2.58,否
粮油,1,2.5,2.5,否
粮油,4.52,21.6,5.58,是
蔬果,0.622,3.61,5.8,否
粮油,0.556,3.4,6.8,是
休闲,1,7.3,7.3,否
酒饮,1,5.5,5.5,否
日配,1,4.9,4.9,否
蔬果,0.476,1.9,4,否
蔬果,0.286,5.15,18,否
日配,1,8.9,12.9,是
蔬果,0.754,1.95,2.58,否
蔬果,0.84,25.2,30,否
蔬果,0.299,2.98,9.96,否
酒饮,4,7.6,1.9,否
蔬果,0.818,3.24,3.96,否
粮油,1,6.7,6.7,否
休闲,0.182,5,39.6,是
蔬果,0.722,1.85,2.56,否
休闲,1,6.9,6.9,否
蔬果,1,4.98,4.98,否
家居,1,17,17,否
粮油,1,17.3,17.3,否
熟食,0.5,3,6,否
酒饮,6,15,2.5,否
蔬果,1.161,4.3,1.96,否
休闲,1,3.9,3.9,否
酒饮,1,14,14,否
蔬果,0.6,3.36,5.6,否
蔬果,0.756,2.4,3.18,否
休闲,0.264,11.53,51.8,是
蔬果,0.93,9.26,9.96,否
蔬果,7.126,41.33,5.8,否
粮油,1,5.7,5.7,否
蔬果,1.542,9.19,5.96,否
家居,1,13,13,否
洗化,1,11.9,11.9,否
熟食,0.598,3.59,6,否
蔬果,0.404,2.65,6.56,否
休闲,1,3.7,3.7,否
日配,1,9.9,9.9,否
休闲,1,1,1,否
休闲,1,2.9,2.9,否
蔬果,0.358,2.35,6.56,否
蔬果,0.55,4.18,7.6,否
蔬果,0.366,2.03,5.56,否
蔬果,0.746,22.38,30,否
蔬果,0.528,9.29,17.6,否
日配,1,9.7,9.7,否
蔬果,0.11,0.55,4.98,否
粮油,1,3.3,3.3,否
蔬果,0.432,0.86,12,否
蔬果,1.187,3.04,2.56,否
蔬果,0.862,25.86,30,否
酒饮,1,2.9,2.9,否
蔬果,0.202,1.12,5.56,否
蔬果,0.147,0.85,5.8,否
酒饮,1,1,2.5,是
洗化,13,22.1,1.7,否
日配,1,9.9,9.9,否
粮油,1,56.9,56.9,否
针织,1,9.9,20,是
日配,24,36,1.8,是
洗化,1,12.9,12.9,否
休闲,1,28.8,33.9,是
日配,1,59,76,是
洗化,1,12.9,17.7,是
粮油,1,7.5,7.7,否
休闲,1,13.9,13.9,否
日配,1,11.8,11.8,否
日配,1,12.9,14.9,是
酒饮,1,18.7,18.7,否
洗化,1,11.5,15.9,是
洗化,1,3.9,4.9,是
针织,1,44.9,99,是
洗化,1,18.9,18.9,否
休闲,0.314,16.2,51.6,否
粮油,1,7.3,7.3,否
蔬果,0.456,3.56,7.8,否
蔬果,0.69,2.73,3.96,否
日配,1,17.8,17.8,否
粮油,1,1.3,1.3,否
酒饮,1,3,3,否
酒饮,1,4.9,4.9,否
休闲,0.424,21.11,66,是
粮油,1,3.8,3.8,否
休闲,0.28,3.8,27.8,是
休闲,1,11.9,14.3,是
休闲,1,5.9,5.9,否
蔬果,1,2,2,否
熟食,2,1,0.5,否
日配,12,49,5.5,是
蔬果,0.496,1.28,2.58,否
蔬果,0.442,2.48,5.6,否
酒饮,3,15.9,5.3,否
冲调,1,4.9,4.9,否
冲调,1,4.9,4.9,否
洗化,1,8.9,16.9,是
蔬果,0.868,5.03,5.8,否
蔬果,0.22,4.4,20,否
休闲,0.21,9.12,51.6,是
休闲,1,5.5,5.5,否
休闲,1,1,1,否
粮油,1,2.8,2.8,否
酒饮,1,2.7,2.7,否
休闲,1,4.9,4.9,否
蔬果,1.116,13.37,11.98,否
肉禽,0.192,5.72,29.8,否
蔬果,1.164,34.92,30,否
休闲,1,2.9,2.9,否
休闲,0.278,4.94,25.8,是
蔬果,0.299,4.66,15.6,否
蔬果,0.556,6.67,12,否
洗化,1,13.5,15.9,是
蔬果,0.571,3.75,6.56,否
休闲,1,17.9,17.9,否
针织,1,24.9,24.9,否
粮油,1,4.8,4.8,否
蔬果,1.884,22.57,11.98,否
蔬果,0.278,1.61,5.8,否
粮油,1,8.5,8.5,否
粮油,4.094,19.5,5.58,是
休闲,1,16.9,16.9,否
洗化,1,8.9,16.9,是
休闲,1,10.9,10.9,否
蔬果,0.279,0.55,1.98,否
粮油,1,3.7,3.7,否
休闲,0.272,9.73,39.8,否
粮油,1,89.9,109,是
洗化,1,5.7,5.7,否
休闲,1,4.9,4.9,否
休闲,1,14.9,18.9,是
蔬果,1.354,8.07,5.96,否
蔬果,1.445,8.61,5.96,否
休闲,1,3.5,3.5,否
蔬果,0.59,10.38,17.6,否
酒饮,10,120,12,否
蔬果,0.588,1.03,1.76,否
日配,16,32.8,2.7,是
休闲,0.298,4.1,19.6,是
日配,1,13.9,16.3,是
粮油,1,1.7,1.7,否
酒饮,1,99,99,否
日配,16,32.8,2.7,是
日配,1,10.9,13.3,是
休闲,1,8.9,8.9,否
粮油,1,8.9,8.9,否
日配,1,8.9,8.9,否
冲调,1,4.9,4.9,否
蔬果,0.244,2.19,3.96,否
肉禽,0.534,19.12,35.8,否
蔬果,0.482,0.95,1.98,否
洗化,1,3.7,3.7,否
蔬果,1.79,53.7,30,否
休闲,1,5.5,5.5,否
蔬果,0.299,2.87,9.6,否
蔬果,1,4.4,4.98,否
蔬果,0.246,2.36,9.6,否
粮油,12,38.4,3.2,否
蔬果,1.558,3.12,2,否
日配,12,48,4,否
洗化,1,11.9,11.9,否
洗化,1,2.4,2.9,是
日配,0.366,11.93,32.6,否
蔬果,1.306,7.78,5.96,否
蔬果,0.742,1.34,1.8,否
粮油,1,7.5,7.5,否
酒饮,1,3,3,否
蔬果,1,4.98,4.98,否
熟食,2,2,1,否
肉禽,1.082,16.88,15.6,否
休闲,1,2.9,4.3,是
休闲,1,31.8,31.8,否
蔬果,0.986,2.54,2.58,否
酒饮,9,22.5,2.5,否
日配,1.03,19.78,19.2,否
粮油,1,3.9,3.9,否
洗化,1,6.7,6.7,否
洗化,1,23.9,23.9,否
洗化,1,12.9,14.5,是
粮油,1,9.9,15.9,是
家居,1,14,14,否
酒饮,1,3.8,3.8,否
酒饮,1,15.9,15.9,否
酒饮,1,4.9,4.9,否
蔬果,0.226,3.53,15.6,否
洗化,1,12.9,14.5,是
冲调,1,13.9,13.9,否
休闲,0.252,15.07,59.8,否
蔬果,0.908,9.06,9.98,否
休闲,1,6.2,6.2,否
休闲,1,47,47,否
文体,1,4.7,4.7,否
休闲,1,9.3,9.3,否
蔬果,0.472,1.87,3.96,否
洗化,1,11.9,15.5,是
洗化,1,14.9,14.9,否
粮油,1,2.9,2.9,否
蔬果,0.964,2.49,2.58,否
熟食,0.972,5.83,6,否
蔬果,2,4,2,否
洗化,1,20.9,24.9,是
肉禽,0.23,6.39,27.8,否
休闲,1,2.9,4.3,是
日配,1,3.9,6,是
洗化,1,61.9,77.9,是
蔬果,0.328,2.15,6.56,否
肉禽,0.262,5.19,19.8,否
蔬果,0.672,4.03,6,否
粮油,1,14.3,14.3,否
洗化,1,12.9,14.5,是
蔬果,0.336,2.2,6.56,否
粮油,1,6.7,6.7,否
针织,1,50,50,否
蔬果,0.892,10.7,12,否
蔬果,1,18,18,否
蔬果,0.193,3.01,15.6,否
日配,1.82,12.34,6.78,否
酒饮,1,15.9,15.9,否
酒饮,1,7.5,7.5,否
粮油,1,49.9,71.9,是
蔬果,0.282,2.54,9,否
粮油,1,2.9,2.9,否
蔬果,0.794,3.18,4,否
休闲,0.43,20.55,47.8,否
粮油,0.911,4.01,4.4,否
日配,1,1.6,2,是
休闲,1,2.3,2.3,否
洗化,1,9.9,9.9,否
蔬果,0.814,3.22,3.96,否
蔬果,2.41,28.87,11.98,否
蔬果,0.327,1.31,4,否
冲调,1,4.9,4.9,否
蔬果,0.58,3.36,5.8,否
洗化,1,3.9,4.9,是
日配,1.572,10.66,6.78,否
休闲,1,2.9,4.2,是
蔬果,0.244,1.37,5.6,否
蔬果,0.406,3.09,7.6,否
蔬果,1.324,7.89,5.96,否
蔬果,2.119,12.63,5.96,否
粮油,1,5.9,7.9,是
蔬果,0.806,10.3,30,否
蔬果,1.831,3.59,1.96,否
蔬果,0.786,12.5,10,否
酒饮,1,10.9,10.9,否
日配,0.75,5.09,6.78,否
日配,12,52.8,4.4,否
休闲,1,5.9,5.9,否
休闲,1,2.9,2.9,否
针织,1,44.9,99,是
日配,1,8,8,否
日配,1,10.9,13.5,是
粮油,1,6.3,6.3,否
酒饮,2,3.6,1.8,否
日配,1,6.3,6.3,否
粮油,0.34,3.33,9.8,否
蔬果,0.506,0.91,1.8,否
蔬果,1.55,43.09,27.8,否
粮油,1,9.9,9.9,否
休闲,1,3.5,3.5,否
粮油,1,3.8,3.8,否
酒饮,1,15.9,15.9,否
蔬果,0.538,8.61,16,否
冲调,1,4.9,4.9,否
冲调,1,4.9,4.9,否
日配,1,10.9,13.3,是
蔬果,2.526,15.05,5.96,否
熟食,0.294,5.88,20,否
洗化,1,15.9,15.9,否
熟食,4,2,0.5,否
肉禽,1.478,38.13,25.8,否
水产,0.448,13.44,30,否
休闲,0.12,1.65,19.8,是
蔬果,0.244,2.93,12,否
粮油,1,9.9,9.9,否
蔬果,0.457,3,6.56,否
休闲,1,6.3,6.3,否
休闲,0.17,10.83,73.8,是
日配,1,5.3,5.3,否
日配,0.666,4.52,6.78,否
日配,1,9.9,9.9,否
蔬果,1,1.5,1.5,否
蔬果,0.784,23.52,30,否
酒饮,1,27,27,否
蔬果,0.242,1.88,7.76,否
日配,1,3.3,3.3,否
休闲,1,8.3,8.3,否
洗化,1,6.9,6.9,否
蔬果,1.202,4.57,3.8,否
蔬果,1.316,23.16,17.6,否
熟食,1.886,11.32,6,否
文体,1,3,3,否
蔬果,0.614,10.81,17.6,否
洗化,1,8.9,8.9,否
蔬果,0.436,2.61,5.98,否
蔬果,0.29,1.16,4,否
蔬果,0.611,1.58,2.58,否
蔬果,0.404,2.65,6.56,否
粮油,1,6.7,6.7,否
文体,1,0.5,0.5,否
蔬果,1.635,6.51,3.98,否
蔬果,2,60,30,否
日配,1,6.8,8.5,是
洗化,1,27.9,27.9,否
日配,1,16.9,16.9,否
休闲,1,29.8,39.8,是
洗化,1,7.7,7.7,否
文体,1,1.5,1.5,否
蔬果,0.422,7.09,16.8,否
酒饮,3,12,4,否
文体,1,8.9,8.9,否
粮油,1,4.7,4.7,否
肉禽,0.734,14.53,19.8,否
酒饮,1,3,3,否
蔬果,0.89,26.7,30,否
日配,1,7.7,7.7,否
日配,8,22.4,2.8,否
休闲,1,8.7,8.7,否
酒饮,1,11.9,11.9,否
休闲,1,6.9,6.9,否
粮油,1,5.7,5.7,否
日配,1,2.5,2.5,否
休闲,0.122,3.39,39.6,是
家居,1,10,10,否
日配,1,3,3,否
粮油,1,6,6.8,否
洗化,1,15.9,15.9,否
熟食,0.816,16.32,20,否
蔬果,1.148,4.55,3.96,否
蔬果,0.712,21.36,30,否
粮油,2,3.4,1.7,否
肉禽,0.448,12.45,27.8,否
粮油,1,7.7,7.7,否
酒饮,1,4,4,否
蔬果,0.446,0.88,1.98,否
日配,1,19.3,19.3,否
酒饮,1,5,5,否
日配,1,8.9,8.9,否
洗化,1,19.9,19.9,否
休闲,0.276,4.91,25,是
休闲,0.516,21.56,39.8,是
粮油,1,12.3,12.3,否
粮油,1,8.9,8.9,否
蔬果,0.994,11.91,11.98,否
蔬果,0.296,1.65,5.56,否
休闲,0.368,5.07,27.8,是
蔬果,0.476,2.38,5,否
蔬果,0.945,2.42,2.56,否
蔬果,0.728,1.86,2.56,否
蔬果,0.676,1.08,1.6,否
休闲,1,5.7,5.7,否
蔬果,1.61,16.38,30,否
蔬果,1.255,8.26,5.96,否
粮油,1,3.7,3.7,否
休闲,1,13.9,16.3,是
休闲,0.084,3.6,51.6,是
家居,1,3.9,3.9,否
酒饮,1,9.9,9.9,否
蔬果,0.216,1.25,5.8,否
蔬果,0.41,0.81,1.98,否
蔬果,0.496,0.99,2,否
蔬果,0.584,9.29,15.9,否
休闲,0.248,12.8,51.6,否
休闲,1,5.5,5.5,否
休闲,0.188,9.7,51.6,否
蔬果,0.422,3.27,7.76,否
日配,1,11.9,11.9,否
休闲,1,6.9,6.9,否
蔬果,0.492,0.97,1.98,否
蔬果,1.67,9.95,5.96,否
粮油,1,7.5,7.5,否
蔬果,0.258,2.57,9.96,否
蔬果,3.682,24.15,6.56,否
蔬果,5.16,25.8,5,否
日配,1,14.9,14.9,否
粮油,1,1.9,1.9,否
蔬果,1.056,2.09,1.98,否
粮油,1,8.2,8.2,否
日配,1,11.5,16.5,是
蔬果,0.168,0.43,2.58,否
日配,0.768,5.21,6.78,否
蔬果,0.542,3.14,5.8,否
洗化,1,9.9,13.9,是
蔬果,0.58,2.3,3.96,否
休闲,0.406,4.74,19.8,是
家居,1,8.9,13,是
酒饮,1,5,5,否
蔬果,3.712,11.8,3.18,否
日配,24,65,3.3,是
休闲,1,3.9,3.9,否
蔬果,1.64,6.56,4,否
蔬果,0.268,4.82,18,否
休闲,0.15,20.7,138,否
蔬果,0.67,4.8,2.58,否
洗化,1,13.9,16.7,是
蔬果,2.5,16.4,6.56,否
蔬果,1.76,30.98,17.6,否
日配,12,63.6,5.3,否
蔬果,1.361,7.89,5.8,否
休闲,0.132,2.61,31.8,是
蔬果,0.682,6.79,9.96,否
蔬果,0.242,1.89,7.8,否
蔬果,0.512,0.76,1.48,否
酒饮,1,5.5,7.5,是
粮油,1,6.9,6.9,否
酒饮,1,12,12,否
休闲,1,0.8,0.8,否
蔬果,0.469,4.67,9.96,否
蔬果,0.358,3.44,9.6,否
酒饮,1,4,4,否
蔬果,0.478,3.14,6.56,否
蔬果,0.072,0.86,12,否
休闲,0.228,9.07,43.8,是
休闲,0.174,4.48,35.8,是
休闲,0.362,23.1,63.8,否
蔬果,10.02,39.68,3.96,否
蔬果,2.5,14.95,5.98,否
蔬果,0.444,4.26,9.6,否
蔬果,2,3,1.5,否
休闲,0.302,18.03,64,是
蔬果,2.5,24,9.6,否
肉禽,0.356,6.98,19.6,否
洗化,1,6.9,9.7,是
日配,1,3.9,5.9,是
蔬果,1.194,3.77,3.16,否
休闲,0.238,3.75,17,是
蔬果,0.636,19.08,30,否
酒饮,1,12.9,15.9,是
粮油,1,14.7,14.7,否
粮油,1,4.7,4.7,否
洗化,1,8.5,9.9,是
日配,12,49,5.5,是
休闲,1,3.7,3.7,否
粮油,1,3,3,否
蔬果,0.48,14.4,30,否
休闲,1,9.8,9.8,否
文体,1,26.9,26.9,否
粮油,1,8.9,8.9,否
蔬果,0.23,0.34,1.48,否
熟食,2,2,1,否
休闲,1,4.3,4.3,否
洗化,1,5.9,7.9,是
蔬果,0.154,0.9,5.98,否
蔬果,1,2,2,否
日配,2.474,16.77,6.78,否
蔬果,0.333,1.85,5.56,否
蔬果,0.414,2.4,5.8,否
休闲,1,11.9,14.3,是
蔬果,0.432,2.51,5.8,否
蔬果,0.472,4.72,10,否
日配,1,12.5,12.9,否
蔬果,0.654,1.67,2.56,否
肉禽,3.512,97.63,27.8,否
粮油,1,6.9,6.9,否
酒饮,1,12.9,15.9,是
粮油,1,8.5,8.5,否
酒饮,1,12.9,15.9,是
休闲,1,1,1,否
休闲,0.216,12.91,71.8,是
洗化,1,5,6.9,是
粮油,1,4.9,7.9,是
日配,0.762,5.17,6.78,否
粮油,1,2.3,2.3,否
酒饮,1,23.7,23.7,否
蔬果,0.446,4.28,9.6,否
蔬果,1.228,30.7,25,否
休闲,1,9.8,9.8,否
休闲,0.214,9.37,51.6,是
酒饮,1,6.9,6.9,否
肉禽,0.644,17.9,27.8,否
蔬果,0.326,3.13,9.6,否
日配,1,10.9,13.3,是
蔬果,0.072,0.86,12,否
洗化,1,12.9,19.9,是
蔬果,0.942,11.29,11.98,否
粮油,1,18.9,18.9,否
蔬果,0.816,3.23,3.96,否
蔬果,0.724,40.54,56,否
洗化,1,9.5,10.9,是
洗化,1,11.9,11.9,否
蔬果,1.693,3.32,1.96,否
蔬果,0.578,2.89,5,否
蔬果,0.39,2.09,4,否
休闲,1,13.9,13.9,否
洗化,1,5.7,5.7,否
日配,1,59,76,是
粮油,1,0.5,0.5,否
蔬果,0.79,1.17,1.48,否
蔬果,1,2,2,否
蔬果,0.712,4.27,6,否
日配,1,10.5,10.5,否
家居,1,7,7,否
休闲,1,5.3,5.3,否
粮油,1,4.5,4.5,否
粮油,4,2,0.5,否
蔬果,0.234,2.25,9.6,否
蔬果,1.494,8.9,5.96,否
蔬果,1.902,52.88,27.8,否
文体,1,5.5,5.5,否
休闲,1,5.5,5.5,否
休闲,1,28.9,28.9,否
蔬果,1.116,2.86,2.56,否
蔬果,0.588,17.64,30,否
休闲,1,4.3,4.3,否
蔬果,0.212,2.04,9.6,否
蔬果,0.782,4.38,5.6,否
休闲,1,25.9,29.8,是
粮油,1,9.9,9.9,否
粮油,1,7.9,7.9,否
日配,16,44.8,2.8,否
蔬果,0.494,2.77,5.6,否
熟食,0.644,3.86,6,否
蔬果,1.612,112.84,70,否
休闲,0.494,19.66,43.8,是
粮油,1,3.9,3.9,否
粮油,1,1.3,1.3,否
洗化,1,29.9,29.9,否
蔬果,0.368,9.2,25,否
粮油,1.486,17.2,13.8,是
日配,1,12.9,18.5,是
休闲,1,12.9,12.9,否
蔬果,1.664,4.26,2.56,否
熟食,0.452,2.71,6,否
洗化,1,6.7,6.7,否
家居,1,16,16,否
蔬果,0.49,1.94,3.96,否
粮油,1,10.9,11.3,否
蔬果,1,4.98,4.98,否
休闲,0.252,10.28,40.8,否
家居,1,16,16,否
熟食,0.96,5.76,6,否
日配,1,66,66,否
熟食,2,2,1,否
洗化,1,55,55,否
粮油,1,6.9,6.9,否
休闲,1,5.9,5.9,否
休闲,1,10.9,10.9,否
洗化,1,5.7,5.7,否
日配,1,4.9,5.5,是
粮油,1,16.3,16.3,否
日配,15,26.9,2.4,是
日配,1.542,10.45,6.78,否
粮油,1,3.5,3.5,否
蔬果,0.286,1.13,3.96,否
蔬果,1.646,3.2,6.56,否
日配,0.771,5.23,6.78,否
休闲,1,4.3,4.3,否
粮油,1,14.3,14.3,否
肉禽,0.528,14.68,27.8,否
洗化,1,4.9,4.9,否
蔬果,1.102,3.48,3.16,否
粮油,1,6.7,6.7,否
蔬果,0.306,2.94,9.6,否
日配,1,5.9,7.7,是
休闲,1,4.7,4.7,否
粮油,1,12.9,12.9,否
粮油,1,1.9,1.9,否
蔬果,0.488,4.68,9.6,否
休闲,1,9.9,9.9,否
蔬果,0.226,1.48,6.56,否
家居,1,10,10,否
蔬果,1.994,9.93,4.98,否
蔬果,1.002,30.06,30,否
蔬果,1.418,42.54,30,否
蔬果,2,3,1.5,否
粮油,1,1.9,6.3,是
蔬果,0.322,1.87,5.8,否
蔬果,1.722,4.41,2.56,否
蔬果,0.134,2.09,15.6,否
洗化,1,7.9,8.9,是
蔬果,1,1.5,1.5,否
蔬果,0.406,1.54,3.8,否
酒饮,1,39.9,39.9,否
蔬果,5.058,28.32,5.6,否
日配,1,7.7,7.7,否
蔬果,0.398,3.98,10,否
蔬果,0.178,1.7,7.96,否
蔬果,0.72,1.41,1.96,否
熟食,0.212,16.96,80,否
肉禽,1.47,22.93,15.6,否
蔬果,0.515,1.02,1.98,否
蔬果,0.408,2.68,6.56,否
蔬果,0.596,14.9,25,否
蔬果,0.212,2.11,9.96,否
休闲,0.082,4.92,60,否
蔬果,0.924,7.02,7.6,否
蔬果,1.346,7.81,5.8,否
休闲,0.242,3.82,15.8,否
洗化,1,4.5,5.9,是
粮油,1,3.9,3.9,否
日配,0.65,4.41,6.78,否
蔬果,0.258,1.96,7.6,否
家居,1,4,4,否
蔬果,0.764,1.97,2.58,否
粮油,1,3.9,3.9,否
洗化,1,15.7,15.7,否
蔬果,0.378,3.78,10,否
蔬果,0.561,3.68,6.56,否
蔬果,1.316,7.84,5.96,否
粮油,1,7.9,7.9,否
休闲,0.278,4.91,25,是
休闲,0.144,1.69,17.8,是
蔬果,0.214,0.85,3.96,否
蔬果,0.2,1.31,6.56,否
蔬果,0.332,2.18,6.56,否
休闲,1,5.5,5.5,否
洗化,1,3,3,否
蔬果,1.038,4.11,3.96,否
粮油,1,0.5,0.5,否
蔬果,0.39,1.95,5,否
蔬果,0.286,1.99,6.96,否
粮油,1,5.9,5.9,否
蔬果,0.372,1.49,4,否
洗化,1,5.9,5.9,否
蔬果,1.008,2.02,2,否
家居,1,4,4,否
蔬果,0.282,2.13,5,否
粮油,0.302,2.96,9.8,否
洗化,1,12.9,14.5,是
日配,1.12,22.18,19.8,否
粮油,1,2,2,否
洗化,1,5.8,6.9,是
蔬果,0.266,2.39,9,否
蔬果,0.748,8.96,30,否
蔬果,0.262,2.52,9.6,否
蔬果,0.072,0.86,12,否
肉禽,0.878,17.38,19.8,否
休闲,1,2.9,4.3,是
蔬果,0.726,1.16,1.6,否
日配,1,4.3,4.3,否
蔬果,0.457,3.64,7.96,否
蔬果,0.65,19.5,30,否
粮油,1,2.8,2.8,否
蔬果,0.856,1.54,1.8,否
日配,8,22.4,2.8,否
酒饮,1,3.9,3.9,否
酒饮,1,53,53,否
日配,1.63,11.05,6.78,否
蔬果,1.022,2.84,2.78,否
酒饮,1,59,59,否
日配,0.374,3.18,8.5,否
洗化,1,8.9,8.9,否
蔬果,0.708,1.83,2.58,否
粮油,1,4.8,4.8,否
冲调,1,39.9,39.9,否
休闲,0.242,10.58,51.6,是
粮油,1,6.3,6.3,否
蔬果,0.598,3.35,5.6,否
蔬果,3,4.5,1.5,否
休闲,1,5.9,5.9,否
休闲,1,109.9,109.9,否
日配,0.972,6.59,6.78,否
蔬果,0.486,2.82,5.8,否
日配,1,13.9,13.9,否
休闲,1,8.5,8.5,否
休闲,1,10.9,13.9,是
休闲,1,13.9,13.9,否
蔬果,0.404,3.88,9.6,否
日配,2,21.8,13.3,是
蔬果,0.352,2.68,7.6,否
粮油,1,4.7,4.7,否
蔬果,0.923,2.92,3.16,否
休闲,1,17.9,17.9,否
粮油,1,0.5,0.5,否
蔬果,0.752,4.93,6.56,否
日配,0.336,6.38,19,否
休闲,1,4.7,4.7,否
日配,5,5,1,否
熟食,0.001,0.02,20,否
蔬果,0.249,0.99,3.96,否
蔬果,0.238,2.28,9.6,否
粮油,1,6.9,6.9,否
洗化,1,12.9,17.7,是
休闲,1,4.7,4.7,否
蔬果,0.942,2.43,2.58,否
洗化,1,6.9,9.7,是
蔬果,1.22,3.61,2.96,否
休闲,0.218,9.54,51.6,是
蔬果,0.202,1.82,9,否
家居,1,4,4,否
粮油,1,1,1,否
休闲,0.38,4.18,11.8,是
日配,1,7.9,7.9,否
洗化,1,6.7,6.7,否
蔬果,0.606,2.4,3.96,否
肉禽,0.406,11.29,27.8,否
蔬果,0.242,1.68,6.96,否
蔬果,0.633,1.25,1.98,否
蔬果,0.356,4.83,7.8,否
蔬果,0.407,0.72,1.76,否
粮油,6.215,26.1,4.2,否
粮油,1,2.7,2.7,否
蔬果,0.226,2.17,9.6,否
粮油,1,14.7,14.7,否
休闲,1,3.9,3.9,否
蔬果,0.69,2.73,3.96,否
蔬果,1.018,5.7,5.6,否
熟食,1.49,8.94,6,否
粮油,1,2.7,2.7,否
蔬果,0.252,4.54,18,否
粮油,1,10.9,10.9,否
粮油,1,3.9,3.9,否
蔬果,2,4,2,否
粮油,1,22.9,25.9,否
洗化,1,9.5,12.9,是
洗化,1,13.9,13.9,否
酒饮,1,4.9,4.9,否
粮油,1,8.2,8.2,否
蔬果,1.546,3.09,2,否
休闲,1,16.5,16.5,否
蔬果,2.546,20.32,7.98,否
粮油,1,9.9,9.9,否
蔬果,0.478,1.41,2.96,否
休闲,1,5.9,5.9,否
粮油,1,8.5,8.5,否
针织,1,40,40,否
日配,0.771,5.23,6.78,否
蔬果,2,3,1.5,否
休闲,1,3.5,3.5,否
日配,0.782,5.3,6.78,否
蔬果,0.692,4.14,5.98,否
休闲,0.128,1.76,19.8,是
肉禽,0.19,5.28,27.8,否
日配,1.054,20.87,19.8,否
肉禽,0.24,7.15,29.8,否
蔬果,0.902,1.79,1.98,否
日配,1,10.3,10.3,否
日配,0.796,5.4,6.78,否
日配,1,65,65,否
休闲,1,6.9,6.9,否
蔬果,1.868,11.13,5.96,否
家居,1,30,30,否
蔬果,0.76,22.8,30,否
日配,15,26.9,2.4,是
日配,1,8.9,12.8,是
粮油,1,4.9,6.7,是
水产,1,13.5,13.5,否
粮油,3,1.5,0.5,否
蔬果,0.985,1.97,2,否
洗化,1,14.9,14.9,否
蔬果,0.824,1.48,1.8,否
蔬果,0.648,7.71,30,否
蔬果,0.346,3.32,9.6,否
粮油,1,2.8,2.8,否
蔬果,2.217,4.35,1.96,否
日配,0.664,13.01,19.6,否
休闲,1,6.5,6.5,否
蔬果,0.534,2.11,3.96,否
蔬果,0.428,1.1,2.58,否
蔬果,0.358,3.44,9.6,否
蔬果,0.67,0.67,1,否
蔬果,0.334,1.94,5.8,否
蔬果,0.548,13.7,25,否
日配,1,18.9,18.9,否
日配,1,9.9,13.2,是
日配,1,10.8,14.9,是
休闲,0.344,6.12,27.8,是
家电,2,15.8,7.9,否
粮油,0.138,9.66,70,否
休闲,1,4.9,4.9,否
日配,0.756,5.13,6.78,否
蔬果,0.836,25.08,30,否
洗化,1,3.9,3.9,否
休闲,0.24,10.01,39.8,是
蔬果,0.264,1.84,6.96,否
蔬果,0.23,2.21,9.6,否
蔬果,0.234,3.55,9,否
粮油,0.884,12.2,13.8,否
肉禽,0.22,6.12,27.8,否
蔬果,0.366,1.46,4,否
酒饮,1,4.9,4.9,否
蔬果,2.126,5.44,2.56,否
肉禽,0.314,8.73,27.8,否
蔬果,0.19,1.06,5.6,否
肉禽,0.548,15.23,27.8,否
休闲,1,3.9,3.9,否
粮油,1,4.9,6.7,是
日配,1,13.9,16.3,是
蔬果,0.282,1.96,6.96,否
蔬果,0.386,3.71,9.6,否
蔬果,0.505,1.92,3.8,否
洗化,1,6.9,9.7,是
蔬果,0.324,3.24,10,否
日配,12,36,3.5,是
休闲,1,5.9,5.9,否
蔬果,0.318,0.82,2.58,否
水产,0.704,21.12,30,否
肉禽,0.33,9.83,29.8,否
蔬果,0.534,16.98,31.8,否
日配,0.648,4.39,6.78,否
粮油,4,2,0.5,否
酒饮,1,5,5,否
日配,12,49,5.5,是
蔬果,2,3,1.5,否
蔬果,0.407,0.72,1.76,否
粮油,1,2.9,2.9,否
粮油,1,6.9,6.9,否
蔬果,0.2,3.36,16.8,否
蔬果,0.62,6.18,9.96,否
蔬果,0.652,4.28,6.56,否
肉禽,0.774,23.07,29.8,否
蔬果,0.502,4.82,9.6,否
休闲,1,4,4.5,否
粮油,1,5.9,5.9,否
蔬果,0.656,19.68,30,否
蔬果,1,3.5,6,否
休闲,0.204,2.64,19.8,是
休闲,0.086,7.55,87.8,否
蔬果,0.684,12.04,17.6,否
日配,0.338,6.02,17.8,否
洗化,1,10.9,10.9,否
蔬果,0.198,1.1,5.56,否
蔬果,0.528,15.84,30,否
粮油,1,6.9,6.9,否
蔬果,0.522,1.04,2,否
蔬果,1.278,5.11,4,否
熟食,0.596,3.58,6,否
家居,1,10,10,否
蔬果,0.268,1.5,5.6,否
日配,1,9.9,9.9,否
洗化,1,10.9,10.9,否
粮油,1,6.8,6.8,否
蔬果,0.25,1.4,5.6,否
肉禽,1.526,23.81,15.6,否
蔬果,0.694,4.55,6.56,否
蔬果,0.358,1.99,5.56,否
蔬果,0.263,1.53,5.8,否
蔬果,1.312,6.53,4.98,否
洗化,1,15.9,21.9,是
熟食,0.498,2.99,6,否
肉禽,0.602,11.8,19.6,否
日配,20,40,2,否
蔬果,0.438,4.2,9.6,否
蔬果,0.472,14.16,30,否
休闲,0.14,8.93,73.8,是
休闲,0.178,2.1,21.6,是
蔬果,0.947,1.7,1.8,否
熟食,1.076,21.52,20,否
休闲,1,5.3,5.3,否
洗化,1,9.9,13.9,是
休闲,1,2.9,4.2,是
肉禽,0.512,14.23,27.8,否
日配,1,10.3,10.3,否
休闲,1,38,38,否
蔬果,0.348,3.47,9.96,否
日配,16,32.8,2.7,是
洗化,1,14.9,16.9,是
蔬果,0.61,1.56,2.56,否
蔬果,0.686,3.98,5.8,否
粮油,1,17.3,17.3,否
日配,1,16.9,16.9,否
粮油,1,3.5,3.5,否
蔬果,0.539,3.02,5.6,否
肉禽,0.21,5.84,27.8,否
蔬果,0.154,2.18,9,否
蔬果,0.362,1.43,3.96,否
家居,1,35,35,否
冲调,1,9.9,9.9,否
蔬果,0.696,1.38,1.98,否
蔬果,0.582,1.14,1.96,否
家居,1,8.9,8.9,否
粮油,4,2,0.5,否
肉禽,0.818,29.28,35.8,否
休闲,0.774,9.11,21.6,是
蔬果,0.948,5.31,5.6,否
日配,0.536,3.63,6.78,否
冲调,1,9.9,9.9,否
休闲,9,152.1,16.9,否
日配,12,49.9,5.5,是
粮油,1,2.7,2.7,否
日配,1.5,10.17,6.78,否
粮油,75,358.5,5.58,是
蔬果,0.54,16.2,30,否
日配,16,32.8,2.7,是
日配,1,19.9,19.9,否
休闲,1,2.7,2.7,否
蔬果,1.59,5.06,3.18,否
蔬果,0.494,0.99,2,否
蔬果,0.291,1.91,6.56,否
休闲,1,8.5,8.5,否
蔬果,0.33,3.3,10,否
蔬果,0.572,3.87,9.96,否
蔬果,0.292,0.43,1.48,否
日配,1,8.9,12.9,是
粮油,1,2.9,2.9,否
日配,1,13.9,16.3,是
蔬果,0.078,0.3,3.8,否
休闲,1.574,18.57,19.6,是
休闲,0.114,5.69,49.9,否
蔬果,0.488,2.73,5.6,否
粮油,0.124,3.22,26,否
日配,0.466,8.85,19,否
蔬果,0.272,1.08,3.96,否
蔬果,0.258,1.02,3.96,否
蔬果,0.942,28.26,30,否
蔬果,0.886,1.77,2,否
蔬果,0.884,2.26,2.56,否
洗化,1,4.9,4.9,否
洗化,1,28.9,35.9,是
粮油,1,2.9,2.9,否
休闲,1,3.9,7.9,是
休闲,1,9.8,9.8,否
洗化,1,12.9,19.9,是
家电,1,2.7,2.7,否
蔬果,2.868,79.73,27.8,否
日配,16,32.8,2.7,是
日配,1,18.9,19.3,否
蔬果,0.741,1.91,2.58,否
蔬果,0.31,3.72,12,否
洗化,1,9.9,15.9,是
蔬果,1.24,19.79,15.96,否
洗化,1,8.9,8.9,否
蔬果,0.232,0.64,2.78,否
蔬果,0.818,1.47,1.8,否
蔬果,0.502,2.91,5.8,否
蔬果,0.374,3.59,9.6,否
粮油,1,6.7,6.7,否
日配,0.644,12.62,19.6,否
蔬果,0.434,0.69,1.6,否
休闲,1,1.5,1.5,否
休闲,1,4.3,4.3,否
休闲,3,9,3,否
蔬果,2,3,1.5,否
休闲,1,3.9,3.9,否
粮油,1,14.3,14.3,否
休闲,1,4.9,4.9,否
粮油,1,5.3,5.3,否
洗化,1,15.9,19.9,是
洗化,1,9.9,9.9,否
水产,1.01,8.06,7.98,否
日配,0.844,5.72,6.78,否
日配,1,11.9,14.9,是
蔬果,0.214,2.13,9.96,否
休闲,1,1,1,否
休闲,1,5.9,5.9,否
休闲,1,2.9,2.9,否
休闲,1,2.3,2.3,否
日配,1,78,78,否
洗化,1,21.7,21.7,否
蔬果,0.25,1.89,5.56,否
熟食,0.498,2.99,6,否
蔬果,0.276,0.55,1.98,否
蔬果,0.764,21.24,27.8,否
粮油,1,7.3,7.3,否
粮油,1,145,145,否
蔬果,0.518,5.16,9.96,否
休闲,1,6.7,6.7,否
休闲,1,5.9,5.9,否
蔬果,0.924,3.66,3.96,否
日配,1,4.3,4.3,否
粮油,1,12.9,13.3,否
肉禽,0.348,10.37,29.8,否
日配,1,155,155,否
蔬果,0.356,4.27,12,否
日配,1,2.7,2.7,否
蔬果,0.354,1.05,2.96,否
蔬果,0.478,1.23,2.58,否
蔬果,0.51,8.11,15.9,否
蔬果,0.784,4.39,5.6,否
蔬果,0.586,1.85,3.16,否
休闲,1,4.3,4.3,否
粮油,1,1.1,1.1,否
蔬果,0.718,1.84,2.56,否
蔬果,0.344,2.26,6.56,否
粮油,0.246,5.31,21.6,否
熟食,0.456,2.74,6,否
蔬果,1.704,5.42,3.18,否
蔬果,1.054,13.47,17.6,否
蔬果,0.208,1.21,5.8,否
蔬果,0.696,3.48,5,否
休闲,1,6.5,6.5,否
休闲,1,5.3,5.3,否
休闲,1,5.9,5.9,否
蔬果,1.2,5.47,4.56,否
日配,1,15.9,15.9,否
蔬果,0.63,1.25,1.98,否
蔬果,0.36,0.53,1.48,否
熟食,0.662,23.57,35.6,否
休闲,1,3.9,3.9,否
蔬果,1.526,26.86,17.6,否
蔬果,0.698,2.76,3.96,否
粮油,1,1.9,6.3,是
休闲,0.1,3.98,39.8,否
蔬果,0.263,2.52,9.6,否
蔬果,3.266,19.47,5.96,否
休闲,1,9.7,9.7,否
蔬果,0.132,6.6,50,否
休闲,1,6.9,6.9,否
家居,1,8,8,否
休闲,0.69,9.5,15.6,是
蔬果,0.01,0.1,9.6,否
休闲,1,6.2,6.2,否
蔬果,0.54,1.08,2,否
熟食,0.498,2.99,6,否
蔬果,0.546,5.1,5,否
蔬果,1,4.98,4.98,否
休闲,1,7.9,9.3,是
洗化,1,9.9,9.9,否
蔬果,1,4.98,4.98,否
蔬果,0.448,2.67,5.96,否
休闲,1,5.7,5.7,否
洗化,1,15.9,21.9,是
洗化,1,12.9,14.5,是
休闲,1,10.9,10.9,否
洗化,1,7.5,8.7,是
粮油,1,8.9,8.9,否
蔬果,0.256,1.28,5,否
粮油,1,5.3,5.3,否
日配,1,18.9,18.9,否
熟食,2,1,0.5,否
粮油,1,21.3,21.3,否
蔬果,0.14,1.26,9,否
日配,1.258,8.53,6.78,否
粮油,1,5.9,5.9,否
蔬果,0.328,1.64,5,否
粮油,1,7.5,7.5,否
休闲,0.666,18.5,39.6,是
蔬果,2.384,4.67,1.96,否
洗化,1,12.9,12.9,否
蔬果,0.54,1.08,2,否
蔬果,1.352,3.46,2.56,否
蔬果,0.544,9.14,16.8,否
日配,1,8.3,8.3,否
休闲,1,4.3,4.3,否
休闲,1,6.7,6.7,否
休闲,1,3.5,3.5,否
蔬果,0.347,1.39,4,否
洗化,1,11.9,11.9,否
肉禽,0.382,11.38,29.8,否
粮油,1,7.9,7.9,否
熟食,0.46,2.76,6,否
粮油,0.91,3.64,4,否
粮油,1,3.5,3.5,否
蔬果,0.633,3.54,5.6,否
蔬果,0.836,46.82,56,否
蔬果,0.394,1.97,5,否
蔬果,0.374,3.59,9.6,否
休闲,1,1,1,否
家居,1,10,10,否
日配,1,17.9,17.9,否
粮油,1,12.9,12.9,否
蔬果,0.367,2.15,9.6,否
粮油,1,3.8,3.8,否
休闲,1,4.7,4.7,否
日配,1,6.3,6.3,否
蔬果,0.314,5.28,16.8,否
蔬果,0.438,4.2,9.6,否
熟食,1.093,6.56,6,否
休闲,1,2.7,2.7,否
蔬果,0.436,2.18,5,否
洗化,1,4.3,4.3,否
洗化,1,3.9,3.9,否
蔬果,0.252,2.42,9.6,否
熟食,0.448,12.54,28,否
蔬果,0.21,1.22,5.8,否
日配,1,8.9,12.9,是
蔬果,0.32,5.38,16.8,否
肉禽,0.298,8.88,29.8,否
蔬果,1.846,22.12,11.98,否
日配,1,12.9,18.5,是
休闲,1,3.8,3.9,否
休闲,1,13.6,13.6,否
蔬果,0.462,2.31,5,否
蔬果,0.616,3.57,5.8,否
粮油,0.58,6.26,10.8,否
休闲,0.43,5.93,15.6,是
蔬果,0.588,17.64,30,否
日配,0.728,4.94,6.78,否
蔬果,0.808,13.57,16.8,否
粮油,1,1.9,6.3,是
日配,1,6.5,6.5,否
休闲,1,19.9,19.9,否
蔬果,0.492,14.76,30,否
蔬果,1.364,5.43,3.98,否
洗化,1,52,52,否
蔬果,0.418,0.74,1.76,否
蔬果,1.008,5.04,5,否
蔬果,0.148,0.86,5.8,否
蔬果,0.544,3.05,5.6,否
蔬果,0.256,4.07,15.9,否
蔬果,0.505,1.91,1.98,否
蔬果,0.328,0.65,1.98,否
蔬果,0.302,3.01,9.96,否
蔬果,1.212,2.4,1.98,否
蔬果,0.441,1.76,4,否
休闲,1,10.9,10.9,否
洗化,1,12.9,17.7,是
蔬果,0.672,5.11,7.6,否
蔬果,0.531,2.54,6.56,否
蔬果,0.504,1.3,2.58,否
洗化,1,12.9,15.7,是
日配,1,12.9,18.5,是
洗化,1,6.9,7.2,是
粮油,1,0.5,0.5,否
蔬果,0.546,2.16,3.96,否
蔬果,0.228,1.77,7.76,否
蔬果,0.844,1.65,1.96,否
蔬果,0.502,15.06,30,否
酒饮,1,4,4,否
粮油,1,14.7,14.7,否
洗化,1,9.5,9.5,否
休闲,1,9.7,9.7,否
肉禽,0.4,7.92,19.8,否
肉禽,0.432,8.55,19.8,否
休闲,1,12.8,12.8,否
蔬果,1.281,2.31,1.8,否
日配,1.198,23,19.2,否
粮油,1,4.9,6.7,是
蔬果,0.252,1.26,5,否
粮油,1,4.3,4.3,否
蔬果,0.578,3.46,5.98,否
日配,0.728,4.94,6.78,否
休闲,1,5.9,5.9,否
蔬果,0.233,0.46,1.98,否
洗化,1,46.9,46.9,否
肉禽,0.456,8.94,19.6,否
日配,1,2,2,否
粮油,1,3.9,4.7,是
日配,1,8.9,12.9,是
蔬果,0.268,8.04,30,否
日配,0.768,5.21,6.78,否
休闲,1,5.9,5.9,否
休闲,1,3.8,3.8,否
粮油,1,2,2,否
粮油,1,2.8,2.8,否
日配,1,11.9,14.9,是
蔬果,0.354,2.12,6,否
熟食,0.538,3.23,6,否
粮油,0.356,3.84,10.8,否
蔬果,1.694,16.94,10,否
休闲,1,2.3,2.3,否
蔬果,1.762,52.86,30,否
休闲,1,19.9,19.9,否
蔬果,1.698,11.14,6.56,否
粮油,1,3.9,4.7,是
蔬果,0.342,2.05,5.98,否
蔬果,2.038,24.42,11.98,否
休闲,1,5.9,5.9,否
蔬果,0.152,0.88,5.8,否
蔬果,0.458,2.29,5,否
蔬果,0.81,24.3,30,否
蔬果,0.514,3.91,7.6,否
日配,0.27,8.8,32.6,否
粮油,1,3.8,3.8,否
粮油,1,3.8,3.8,否
休闲,1,5.9,5.9,否
休闲,1,3.9,3.9,否
蔬果,0.318,1.78,5.6,否
蔬果,0.464,13.92,30,否
蔬果,0.662,1.19,1.8,否
粮油,1,7.9,7.9,否
洗化,1,12.9,14.5,是
蔬果,0.544,2.7,2.56,否
粮油,1,8.9,8.9,否
蔬果,0.32,1.91,5.98,否
休闲,1,8.3,8.3,否
蔬果,1.232,3.15,2.56,否
日配,1,11.5,11.5,否
休闲,1,2.9,3.5,是
休闲,1,4,4,否
蔬果,0.872,13.92,15.96,否
粮油,1,5.7,5.7,否
粮油,1,3.7,3.7,否
粮油,1,20.3,20.3,否
洗化,1,11.9,15.7,是
粮油,1,7.6,7.7,否
粮油,1,5.3,5.3,否
蔬果,0.696,6.95,9.98,否
蔬果,0.396,3.56,9,否
熟食,0.18,1.08,6,否
日配,0.944,6.4,6.78,否
休闲,1,2.7,2.7,否
粮油,1,2.3,2.3,否
酒饮,1,6.9,6.9,否
休闲,0.148,9.44,63.8,否
蔬果,0.39,1.32,5.8,否
蔬果,0.425,2.55,6,否
蔬果,0.836,8.33,9.96,否
粮油,1,0.9,1.3,是
洗化,1,6.9,6.9,否
蔬果,0.218,1.69,7.76,否
蔬果,0.258,2.57,9.96,否
蔬果,0.444,4.42,9.96,否
休闲,0.476,6.5,15.6,是
日配,1,15.6,15.6,否
粮油,1,1.7,1.7,否
酒饮,1,4,4,否
蔬果,0.856,25.68,30,否
日配,-1,-2.7,2.7,否
粮油,1,8.9,8.9,否
蔬果,0.714,2.83,3.96,否
休闲,0.544,9.6,25,是
蔬果,0.8,15.84,19.8,否
蔬果,1.216,7.25,5.96,否
日配,0.886,6.01,6.78,否
休闲,1,39,39,否
蔬果,0.902,3.57,3.96,否
粮油,1,8.9,8.9,否
家居,1,6,6,否
蔬果,0.618,2.45,3.96,否
休闲,1,6,6,否
蔬果,0.802,9.61,11.98,否
蔬果,0.288,5.18,18,否
酒饮,1,3,3,否
蔬果,0.696,1.36,1.96,否
蔬果,0.219,1.22,5.56,否
洗化,1,11.9,14.5,是
家居,1,8.9,8.9,否
蔬果,0.349,1.95,5.6,否
酒饮,4,8.8,2.2,否
粮油,1,0.5,0.5,否
粮油,1,7.3,7.3,否
日配,1,5.7,5.7,否
蔬果,0.996,1.97,1.98,否
蔬果,0.558,1.76,3.16,否
熟食,2,2,1,否
冲调,1,16.3,16.3,否
蔬果,0.742,1.9,2.56,否
休闲,1,7.5,7.5,否
粮油,1,6.7,6.7,否
粮油,2,8.6,4.3,否
日配,1,4.9,4.9,否
酒饮,1,11.9,11.9,否
蔬果,0.724,21.72,30,否
蔬果,0.248,1.38,5.56,否
蔬果,0.558,5.56,30,否
蔬果,0.945,11.32,11.98,否
肉禽,0.6,25.08,41.8,否
蔬果,0.4,2,5,否
日配,1,7.7,7.7,否
日配,1,4.9,6.3,是
洗化,1,7.9,7.9,否
休闲,3,9.6,3.2,否
日配,1,3.5,3.9,是
蔬果,0.492,4.9,9.96,否
日配,1,2.7,2.7,否
粮油,1,5.7,5.7,否
休闲,1,6.5,6.5,否
洗化,1,6.9,8.9,是
蔬果,-0.396,-3.56,9,否
休闲,1,3.5,3.5,否
蔬果,0.563,1.67,2.96,否
洗化,3,3,1.9,是
休闲,0.184,5.4,39.8,是
蔬果,0.958,5.71,5.96,否
肉禽,0.348,12.46,35.8,否
休闲,1,8.3,8.3,否
酒饮,1,3.9,3.9,否
蔬果,0.43,4.28,9.96,否
蔬果,1.138,13.63,11.98,否
日配,0.986,6.69,6.78,否
粮油,1,6,6.7,是
蔬果,0.621,1.22,1.96,否
蔬果,0.395,2.29,5.8,否
蔬果,0.856,3.39,3.96,否
蔬果,0.271,1.07,3.96,否
休闲,1,2.9,3.5,是
洗化,1,4.9,4.9,否
休闲,1,7.5,7.5,否
休闲,1,10.9,10.9,否
粮油,1,7.5,7.5,否
粮油,1,6.3,6.3,否
蔬果,0.352,2.31,6.56,否
熟食,1.407,8.44,6,否
蔬果,0.625,4.4,2.58,否
蔬果,1.102,2.18,1.98,否
粮油,1,0.5,0.5,否
肉禽,0.492,9.64,19.6,否
休闲,1,2.9,4.3,是
蔬果,0.178,2.14,12,否
日配,1,8.9,12.8,是
酒饮,1,2,2.5,是
休闲,1,6.9,6.9,否
蔬果,0.522,3.97,7.6,否
蔬果,1.3,22.88,17.6,否
洗化,1,12.9,17.7,是
休闲,1,8.7,8.7,否
休闲,2,3.8,1.9,否
洗化,1,5.7,5.7,否
洗化,1,3.9,3.9,否
洗化,1,3.9,3.9,否
蔬果,0.592,0.95,1.6,否
休闲,1,5.5,5.5,否
蔬果,0.972,2.49,2.56,否
粮油,1,29.9,29.9,否
针织,1,19.5,19.5,否
粮油,1,0.5,0.5,否
日配,1,7.3,7.3,否
粮油,1,20.3,20.3,否
粮油,1,0.5,1.9,是
洗化,1,11.5,15.9,是
蔬果,0.32,1.6,5,否
粮油,4,6.8,1.7,否
粮油,0.232,2.27,9.8,否
家电,1,4.5,4.5,否
肉禽,0.178,5.3,29.8,否
蔬果,0.498,4.96,9.96,否
蔬果,1,30,30,否
日配,1,1.5,1.5,否
粮油,1,1.1,1.1,否
洗化,1,6.7,6.7,否
蔬果,0.308,1.3,6,否
蔬果,0.434,2.17,5,否
蔬果,0.394,2.58,6.56,否
洗化,1,11.9,14.5,是
蔬果,0.774,1.55,2,否
日配,1.122,7.61,6.78,否
休闲,1,4,4,否
洗化,1,9.9,15.3,是
蔬果,0.595,3.9,6.56,否
肉禽,0.46,36.8,80,否
休闲,0.302,5.9,25,是
洗化,1,5.1,6.5,是
粮油,1,20.9,33.7,是
日配,1,65,65,否
洗化,1,15.9,21.9,是
日配,1,59,76,是
蔬果,0.882,26.46,30,否
蔬果,0.79,1.58,2,否
蔬果,0.544,9.57,17.6,否
粮油,1,0.5,0.5,否
粮油,1,5.5,5.5,否
粮油,1,8.5,8.5,否
粮油,1,12.9,12.9,否
洗化,1,11.9,14.5,是
蔬果,2.338,18.66,7.98,否
蔬果,1,20,20,否
家居,1,13,13,否
蔬果,0.548,1.62,2.96,否
蔬果,1.106,6.64,6,否
蔬果,1.492,3.85,2.58,否
洗化,1,14.7,14.7,否
蔬果,1.684,50.52,30,否
日配,1,9.9,9.9,否
蔬果,0.506,3.32,6.56,否
蔬果,0.979,5.68,5.8,否
粮油,1,3.9,4.7,是
休闲,1,4.7,4.7,否
休闲,0.19,7.56,39.8,否
休闲,0.188,9.7,51.6,否
休闲,1,2.9,2.9,否
蔬果,0.634,35.5,56,否
蔬果,0.4,1.58,3.96,否
粮油,1,4.2,4.2,否
日配,1,5.9,5.9,否
蔬果,0.376,0.96,2.56,否
休闲,1,8.9,8.9,否
休闲,1,7.9,7.9,否
熟食,0.545,3.27,6,否
蔬果,0.478,14.34,30,否
蔬果,0.801,4.65,5.8,否
休闲,1,5.3,5.3,否
休闲,1,8.5,10.5,是
蔬果,0.268,2.57,9.6,否
冲调,1,4.9,4.9,否
洗化,1,15.9,21.9,是
洗化,1,11.9,15.5,是
蔬果,0.498,0.74,1.48,否
洗化,1,17.9,23.9,是
日配,1,11.9,11.9,否
蔬果,0.338,2.02,4,否
粮油,0.224,1.9,9.8,否
家居,1,8.9,8.9,否
粮油,3,2.7,1.3,是
蔬果,0.806,4.03,5,否
蔬果,1.4,42,30,否
肉禽,0.238,4.71,19.8,否
蔬果,0.494,0.98,1.98,否
蔬果,0.18,1.25,9.6,否
洗化,1,16.9,19.9,是
休闲,1,5.9,5.9,否
洗化,1,4.7,4.7,否
酒饮,1,16,16,否
蔬果,0.394,3.94,10,否
蔬果,1.333,7.94,5.96,否
粮油,0.9,12.42,13.8,否
蔬果,1.05,6.26,5.96,否
休闲,1,2.9,2.9,否
休闲,0.214,12.84,60,否
粮油,0.886,3.53,4.4,是
粮油,1,0.5,0.5,否
粮油,1,11.7,11.7,否
蔬果,0.866,25.98,30,否
洗化,1,6.9,8.9,是
日配,1,13.9,16.3,是
日配,2.092,14.18,6.78,否
洗化,1,22.9,22.9,否
休闲,1,2.5,3.5,是
休闲,1,2.5,3.5,是
日配,1,3.2,3.3,否
蔬果,0.202,1.54,7.6,否
蔬果,0.439,2.63,6,否
粮油,1,0.5,0.5,否
粮油,1,3.7,3.7,否
蔬果,0.434,2.17,5,否
蔬果,1.069,7.01,6.56,否
蔬果,0.616,3.57,5.8,否
蔬果,0.456,4.1,9,否
家居,1,3.9,10,是
洗化,1,9.9,15.9,是
粮油,1,7.9,7.9,否
蔬果,0.658,5.24,7.96,否
蔬果,0.312,2.05,6.56,否
蔬果,1.76,30.98,17.6,否
粮油,1,3.8,3.8,否
休闲,1,9.5,9.5,否
休闲,1,7.5,7.5,否
蔬果,0.634,5.05,7.96,否
休闲,1,9.9,10.3,否
休闲,1,49,65,是
粮油,1,6.8,6.8,否
蔬果,0.51,15.3,30,否
蔬果,1.022,8.16,7.98,否
蔬果,2,3,1.5,否
水产,0.258,0.26,1,否
日配,4,8.4,2.1,否
蔬果,0.202,1.12,5.56,否
蔬果,0.506,3.32,6.56,否
蔬果,0.434,1.3,5.8,否
休闲,1,3,3.4,是
粮油,1,5.9,6.9,是
蔬果,0.292,1.92,6.56,否
休闲,1,3.7,3.7,否
粮油,1,2.3,2.3,否
蔬果,0.308,15.4,50,否
蔬果,0.427,1.69,3.96,否
肉禽,1.008,26.01,25.8,否
休闲,1,3.5,3.5,否
肉禽,0.846,21.83,25.8,否
洗化,1,5,6.9,是
休闲,1,11.9,14.3,是
家电,2,9,4.5,否
粮油,1,14.3,14.3,否
蔬果,0.608,18.24,30,否
休闲,0.36,5.64,19,是
洗化,1,2,2,否
蔬果,0.384,1.54,4,否
蔬果,0.408,2.43,5.96,否
冲调,1,4.9,4.9,否
蔬果,0.09,0.68,7.6,否
粮油,1,3.9,3.9,否
冲调,1,36,36,否
针织,1,3.9,3.9,否
日配,12,49,5.5,是
水产,1,30.75,30.75,否
休闲,1,4.3,4.3,否
蔬果,0.674,2.56,3.8,否
休闲,0.1,3.98,39.8,否
休闲,1,11.9,11.9,否
粮油,1,7.7,7.7,否
蔬果,0.394,2.29,5.8,否
蔬果,0.371,2.23,6,否
蔬果,0.373,1.1,2.96,否
水产,1.088,8.68,7.98,否
酒饮,1,4,4,否
粮油,1,0.5,0.5,否
粮油,1,0.5,0.5,否
粮油,1,3.9,3.9,否
蔬果,0.543,1.4,2.58,否
日配,1,14.9,14.9,否
家居,1,2.5,4,是
蔬果,1.254,3.24,2.58,否
粮油,1,7.9,7.9,否
蔬果,1.946,136.22,70,否
蔬果,1.474,17.66,11.98,否
日配,1,2.4,2.4,否
休闲,1,3.5,3.5,否
休闲,0.202,5.98,29.6,否
蔬果,0.066,0.59,9,否
蔬果,0.867,3.29,3.8,否
蔬果,1.13,6.73,5.96,否
肉禽,0.866,16.97,19.6,否
粮油,1,5.9,5.9,否
休闲,1,9.5,9.5,否
蔬果,1.294,7.71,5.96,否
熟食,0.708,4.25,6,否
洗化,1,69.9,69.9,否
蔬果,0.219,1.74,7.96,否
蔬果,0.492,1.97,4,否
休闲,5,5,1,否
蔬果,0.538,5.36,9.96,否
粮油,2.888,12.13,4.2,否
休闲,0.342,8.13,33.8,是
蔬果,1.048,5.83,5.56,否
蔬果,0.821,4.09,2.56,否
蔬果,0.322,3.21,9.96,否
休闲,1,12,12,否
蔬果,0.246,2.09,9.6,否
冲调,1,9.9,9.9,否
洗化,1,6.9,9.7,是
日配,1,10.8,14.9,是
蔬果,0.228,2.19,9.6,否
蔬果,0.984,29.52,30,否
蔬果,0.402,1.59,3.96,否
蔬果,0.81,4.54,5.6,否
粮油,1,17.9,21.9,是
粮油,1,12.9,12.9,否
蔬果,0.658,4.32,6.56,否
蔬果,1.382,27.36,19.8,否
蔬果,0.933,5.41,5.8,否
肉禽,0.001,0.02,17.6,否
粮油,1,13.9,21.9,是
洗化,1,7.9,8.9,是
蔬果,1.064,2.13,2,否
休闲,0.296,5.86,19.8,否
家居,1,5,5,否
蔬果,0.808,16,19.8,否
蔬果,-0.326,-2.93,9,否
熟食,0.001,0.02,20,否
粮油,0.859,3.42,4.58,是
粮油,0.272,10.28,37.8,否
粮油,1,3,3,否
酒饮,1,3,3,否
粮油,1,7.9,8.9,否
休闲,0.498,21.8,51.6,是
酒饮,1,2.2,2.2,否
粮油,1,0.5,0.5,否
洗化,1,1,1.9,是
肉禽,0.736,14.57,19.8,否
肉禽,0.986,25.44,25.8,否
粮油,6,5.4,1.3,是
粮油,1,145,145,否
休闲,0.422,8.36,19.8,否
蔬果,2,4,2,否
蔬果,0.572,9.61,16.8,否
休闲,0.162,3.21,19.8,否
休闲,1,8.5,10.9,是
蔬果,0.645,2.55,3.96,否
蔬果,0.688,20.64,30,否
日配,10,28,2.8,否
蔬果,0.543,1.09,2,否
蔬果,0.502,2.91,5.8,否
蔬果,0.475,0.94,1.98,否
日配,1,2,2,否
蔬果,1.402,16.8,11.98,否
粮油,1,4.3,4.3,否
粮油,1,1.9,1.9,否
休闲,0.22,8.76,39.8,否
肉禽,2.56,107.01,41.8,否
冲调,1,9.3,9.3,否
休闲,1,12.5,12.5,否
蔬果,0.486,4.84,9.96,否
洗化,1,9.9,14.7,是
蔬果,0.362,4.34,12,否
肉禽,0.474,9.29,19.6,否
洗化,1,11.9,14.5,是
洗化,1,32.9,32.9,否
洗化,1,12.7,12.7,否
洗化,1,5.7,5.7,否
洗化,1,2.9,2.9,否
肉禽,0.303,6,19.8,否
蔬果,0.566,4.51,19.8,否
洗化,1,21.7,21.7,否
休闲,0.256,5.06,25,是
蔬果,0.326,2.93,9,否
洗化,1,13.7,13.7,否
日配,1,8.7,8.7,否
粮油,3,2.7,1.3,是
日配,4,41.2,10.3,否
酒饮,1,2.9,2.9,否
蔬果,0.68,11.97,17.6,否
休闲,0.4,11.11,39.6,是
日配,1,19.3,19.3,否
蔬果,1.386,8.26,5.96,否
蔬果,1.046,31.38,30,否
蔬果,0.862,2.55,2.96,否
粮油,1,1.9,1.9,否
家居,1,10.9,10.9,否
蔬果,0.398,11.94,30,否
蔬果,0.572,2.27,3.96,否
休闲,0.13,9.23,71,否
休闲,1,17.9,17.9,否
蔬果,0.538,1.07,1.98,否
洗化,4,11.6,2.9,否
蔬果,0.22,1.44,6.56,否
日配,1,3.5,3.5,否
蔬果,0.39,2.56,6.56,否
肉禽,0.418,8.28,19.8,否
蔬果,1.442,43.26,30,否
蔬果,0.452,2.62,5.8,否
蔬果,0.188,1.31,6.96,否
休闲,1,3.9,3.9,否
蔬果,0.316,1.83,5.8,否
日配,16,29.6,2.8,是
粮油,0.242,2.37,9.8,否
休闲,0.304,5.4,27.8,是
洗化,1,39.9,51.9,是
酒饮,1,6.3,6.3,否
休闲,1,9.9,9.9,否
蔬果,0.982,5.85,5.96,否
蔬果,0.182,2.89,15.9,否
日配,1,8.9,12.9,是
粮油,1,3.9,4.7,是
休闲,1,11.9,11.9,否
休闲,1,1,1,否
休闲,1,1,1,否
粮油,1,4.7,4.7,否
蔬果,0.486,5.83,12,否
蔬果,1.222,7.28,5.96,否
日配,1.72,11.66,6.78,否
粮油,1,6.9,6.9,否
日配,1,11.9,11.9,否
蔬果,0.447,2.24,5,否
蔬果,0.936,1.85,1.98,否
日配,1.508,10.22,6.78,否
休闲,1,4.9,4.9,否
休闲,1,3,3,否
洗化,1,11.9,15.9,是
日配,1,3.5,3.5,否
洗化,1,8.9,8.9,否
洗化,1,11.9,14.5,是
日配,1,11.9,11.9,否
蔬果,0.986,9.84,30,否
粮油,1,49.9,71.9,是
蔬果,1.238,2.43,1.96,否
洗化,1,11.5,15.9,是
休闲,1,3.7,3.7,否
蔬果,0.55,9.68,17.6,否
蔬果,0.764,7.33,9.6,否
日配,1,13.9,13.9,否
休闲,0.296,4.68,15.8,否
熟食,4,2,0.5,否
粮油,1,6.7,6.7,否
日配,5,45,10.8,是
休闲,1,4.7,4.7,否
洗化,1,1.9,1.9,否
蔬果,0.644,19.32,30,否
蔬果,0.821,3.25,3.96,否
休闲,1,16.9,16.9,否
蔬果,0.489,1.45,2.96,否
日配,1,11.9,14.9,是
洗化,1,15.9,15.9,否
休闲,1,4.3,4.3,否
蔬果,0.832,8.43,7.98,否
蔬果,0.41,1.05,2.56,否
休闲,0.246,5.36,35.8,是
蔬果,1.84,10.97,5.96,否
酒饮,1,6.9,6.9,否
蔬果,0.286,1.66,5.8,否
休闲,20,20,1,否
休闲,0.172,5.8,34,否
休闲,1,6.5,6.5,否
休闲,0.142,4.23,39.8,是
粮油,1,5.9,5.9,否
日配,1,11.9,11.9,否
蔬果,0.07,0.41,5.8,否
日配,1,11.8,11.8,否
休闲,1,10.9,10.9,否
蔬果,0.418,2.42,5.8,否
粮油,1,2.3,2.3,否
酒饮,1,6.9,6.9,否
蔬果,0.254,4.57,18,否
粮油,3,8.1,2.7,否
蔬果,0.924,6.06,6.56,否
休闲,1,3.9,3.9,否
蔬果,0.9,8.98,9.98,否
熟食,2,2,1,否
日配,5,10,2,否
休闲,1,4.7,4.7,否
肉禽,0.486,13.51,27.8,否
休闲,1,6.9,6.9,否
休闲,1,2.7,2.7,否
蔬果,0.588,3.41,5.8,否
日配,8,11.9,1.6,是
蔬果,0.514,8.17,15.9,否
熟食,0.592,11.84,20,否
蔬果,0.228,1.28,5.6,否
日配,1,11.5,16.5,是
休闲,1,4,4,否
蔬果,0.339,4.07,12,否
蔬果,0.434,0.86,1.98,否
烘焙,0.36,0.36,1,否
粮油,1,5.9,5.9,否
蔬果,0.668,4.38,6.56,否
蔬果,0.852,3.05,3.96,否
日配,1.118,22.14,19.8,否
肉禽,0.252,4.94,19.6,否
熟食,4,2,0.5,否
日配,1,11.9,11.9,否
蔬果,1.746,17.46,10,否
蔬果,1.19,4.71,3.96,否
蔬果,0.852,2.2,2.58,否
蔬果,0.388,4.66,12,否
蔬果,2.36,65.61,27.8,否
蔬果,0.376,0.74,1.98,否
蔬果,0.434,8.68,20,否
蔬果,1.079,5.4,5,否
休闲,1,4.5,4.5,否
休闲,1,3.9,3.9,否
肉禽,0.38,11.32,29.8,否
休闲,1,4.3,4.3,否
肉禽,0.644,19.19,29.8,否
粮油,1,14.9,14.9,否
日配,1,2.4,2.4,否
蔬果,0.102,0.98,9.6,否
日配,1,2,2,否
蔬果,0.538,5.36,9.96,否
休闲,1,1.9,1.9,否
休闲,0.266,3.67,15.6,是
日配,1,11.9,11.9,否
洗化,1,9.7,9.7,否
蔬果,0.802,4.78,5.96,否
休闲,1,3,3,否
休闲,1,2.3,2.3,否
休闲,1,4,4,否
休闲,1,13,13,否
洗化,1,4,4,否
家居,1,3,3,否
蔬果,0.216,2.16,10,否
蔬果,0.412,12.36,30,否
休闲,1,10.4,10.4,否
熟食,0.326,9.13,28,否
休闲,1,16.9,16.9,否
蔬果,0.558,10.04,18,否
蔬果,1.31,36.42,27.8,否
蔬果,0.606,18.18,30,否
蔬果,0.908,25.24,27.8,否
日配,12,36,3.5,是
蔬果,0.714,4.68,6.56,否
休闲,1,6.9,6.9,否
蔬果,0.44,2.55,5.8,否
粮油,1,1.9,6.3,是
蔬果,0.23,1.95,9.6,否
蔬果,2,3,1.5,否
粮油,1,14.7,14.7,否
蔬果,1.55,3.07,1.98,否
蔬果,0.214,2.05,9.6,否
蔬果,1.232,7.34,5.96,否
洗化,1,20.9,20.9,否
休闲,0.336,9.3,39.6,是
洗化,1,11.9,14.5,是
蔬果,0.38,1.5,3.96,否
蔬果,0.592,1.65,2.78,否
日配,1,6.9,6.9,否
蔬果,2.296,63.83,27.8,否
粮油,1,7.3,7.3,否
蔬果,0.506,0.81,1.6,否
蔬果,0.76,1.96,2.58,否
蔬果,0.46,3.59,7.8,否
日配,1,6.8,8.5,是
休闲,1,4.3,4.3,否
日配,1,4.2,4.2,否
粮油,1,4.9,4.9,否
休闲,1,3.7,3.7,否
日配,1,3.9,6,是
蔬果,0.284,1.65,5.8,否
粮油,1,5.7,5.7,否
粮油,1,3,3,否
蔬果,0.388,2.7,4,否
蔬果,0.3,1.19,3.96,否
蔬果,0.482,1.24,2.58,否
蔬果,0.611,4.01,6.56,否
洗化,1,13.9,16.7,是
粮油,1,6.9,6.9,否
粮油,1,9.9,9.9,否
蔬果,2.018,10.05,4.98,否
日配,1,65,65,否
蔬果,0.62,2.46,3.96,否
休闲,1,7.5,7.5,否
日配,1,11.9,14.3,是
休闲,1,1,1,否
粮油,24,45.6,6.3,是
粮油,1,1.9,6.3,是
休闲,0.068,3.39,49.8,否
酒饮,1,7.5,7.5,否
蔬果,1.116,2.86,2.56,否
日配,1,20.8,20.8,否
蔬果,0.318,3.82,12,否
熟食,0.602,12.04,20,否
蔬果,1,1.5,1.5,否
日配,1.068,20.51,19.2,否
蔬果,0.546,1.08,1.98,否
熟食,0.558,3.35,6,否
蔬果,1.228,19.6,15.96,否
蔬果,0.279,1.1,3.96,否
家居,1,9,9,否
蔬果,3.15,6.17,1.96,否
粮油,1,4.2,4.3,否
肉禽,0.56,15.68,28,否
蔬果,0.462,4.6,9.96,否
粮油,0.218,2.14,9.8,否
休闲,1,2.7,2.7,否
日配,2.562,17.37,6.78,否
日配,1,7.7,7.7,否
粮油,1,12.9,12.9,否
日配,1,18.3,18.3,否
蔬果,0.6,2.38,3.96,否
日配,1,10.8,14.9,是
蔬果,0.324,2.46,7.6,否
蔬果,1.136,34.08,30,否
日配,1,13.9,16.3,是
粮油,1,3.8,3.8,否
粮油,1,15.5,15.5,否
冲调,1,17.3,17.3,否
粮油,1,1.5,1.5,否
蔬果,0.385,1.52,3.96,否
熟食,0.538,3.23,6,否
日配,1,12.9,12.9,否
粮油,1,8.2,8.2,否
休闲,0.138,6,51.6,是
蔬果,0.788,3.12,3.96,否
日配,1,9.9,9.9,否
休闲,1,6.3,6.3,否
粮油,1,5.5,5.5,否
休闲,1,2,2,否
蔬果,0.342,2.6,7.6,否
蔬果,0.358,2.79,7.8,否
蔬果,0.784,1.2,6.56,否
粮油,1,7.3,7.3,否
粮油,1,25.9,25.9,否
酒饮,4,30.8,7.7,否
日配,0.856,5.8,6.78,否
蔬果,0.23,1.78,7.76,否
洗化,1,1.9,1.9,否
蔬果,0.138,1.24,9,否
日配,0.364,3.09,8.5,否
蔬果,0.454,0.67,1.48,否
酒饮,1,6.3,6.3,否
蔬果,0.634,35.5,56,否
蔬果,1,5.5,5.5,否
日配,0.288,9.39,32.6,否
休闲,0.088,6.25,71,否
蔬果,0.466,5.59,12,否
蔬果,0.172,1.37,7.96,否
蔬果,0.588,1.52,2.58,否
粮油,1,2.3,2.3,否
蔬果,0.67,3.75,5.6,否
洗化,1,17.9,24.9,是
粮油,1,6.7,6.7,否
蔬果,1.346,5.89,3.98,否
酒饮,1,6.3,6.3,否
蔬果,0.747,1.91,2.56,否
蔬果,0.34,3.4,10,否
休闲,0.228,4.51,19.8,否
蔬果,1.202,21.16,17.6,否
休闲,0.3,5.94,19.8,否
休闲,1,4.9,4.9,否
休闲,1,3.9,3.9,否
休闲,1,1.9,1.9,否
日配,1,10.3,10.3,否
日配,1,2.7,2.7,否
粮油,1,8.9,8.9,否
洗化,1,11.5,11.5,否
洗化,1,17.9,17.9,否
蔬果,0.376,2.11,5.6,否
日配,24,62.4,3,是
洗化,1,6.9,8.9,是
蔬果,0.758,4.21,5.56,否
休闲,1,4.2,4.2,否
蔬果,0.439,1.13,2.58,否
休闲,0.222,9.7,51.6,是
蔬果,2.034,20.3,9.98,否
蔬果,0.34,1.9,5.6,否
蔬果,1.084,30.14,27.8,否
蔬果,1.265,4.02,3.18,否
肉禽,0.604,18,29.8,否
蔬果,0.17,2.04,12,否
熟食,0.001,0.02,20,否
粮油,1,12.9,12.9,否
粮油,1,3.9,3.9,否
休闲,1,2.7,2.7,否
休闲,1,3.5,3.5,否
酒饮,1,53,53,否
粮油,1,20.3,20.3,否
粮油,1,3,3,否
休闲,1,2.9,2.9,否
蔬果,0.492,0.73,1.48,否
休闲,1,5.7,5.7,否
粮油,1,7.3,7.3,否
熟食,0.666,4,6,否
蔬果,0.998,2.55,2.56,否
休闲,1,9.9,9.9,否
休闲,1,3.9,3.9,否
粮油,4.276,23.86,5.58,否
酒饮,1,4,4,否
洗化,1,7.9,7.9,否
蔬果,0.582,1.02,1.76,否
洗化,1,1.7,1.7,否
休闲,1,4.3,4.3,否
蔬果,0.446,2.5,5.6,否
蔬果,0.382,2.22,5.8,否
粮油,1,14.3,14.3,否
家居,1,17,17,否
休闲,1,2.9,2.9,否
蔬果,0.234,2.7,16,否
日配,1,7.7,7.7,否
蔬果,0.524,1.55,2.96,否
蔬果,1.136,6.77,5.96,否
蔬果,0.122,0.71,5.8,否
洗化,1,3.5,3.5,否
蔬果,1.528,2.99,1.96,否
蔬果,1.896,3.72,1.96,否
洗化,1,10.9,10.9,否
粮油,1,3.7,3.7,否
粮油,0.79,3.16,4,否
蔬果,0.246,2.36,9.6,否
粮油,1,12.9,12.9,否
日配,12,49,5.5,是
休闲,1,3.3,3.3,否
休闲,1,1,1,否
休闲,1,1,1,否
休闲,1,7.7,7.7,否
休闲,1,5.3,5.3,否
蔬果,1.02,6.69,6.56,否
洗化,1,9.9,10.9,是
蔬果,0.362,3.48,9.6,否
休闲,1,9.9,9.9,否
休闲,1,4.3,4.3,否
洗化,1,11.9,15.5,是
粮油,1,3.8,3.8,否
休闲,1,3.3,3.3,否
休闲,1,5.9,5.9,否
蔬果,1.256,34.92,27.8,否
针织,1,2.9,2.9,否
粮油,1,6.7,6.7,否
日配,0.914,6.2,6.78,否
蔬果,0.3,1.5,5,否
粮油,8,4,0.5,否
熟食,0.242,4.84,20,否
肉禽,0.79,23.54,29.8,否
蔬果,0.536,1.37,2.56,否
熟食,2,2,1,否
蔬果,0.778,2.01,2.58,否
粮油,1,8.5,8.5,否
文体,1,42,42,否
粮油,1,6,6.8,否
蔬果,1.066,2.13,2,否
粮油,1,7.3,7.3,否
蔬果,0.691,2.35,1.98,否
蔬果,0.574,5.17,9,否
蔬果,1,5.8,5.8,否
洗化,1,2.9,2.9,否
休闲,1,7.7,7.7,否
休闲,0.044,2.63,59.8,否
蔬果,0.65,19.5,30,否
休闲,0.288,4.55,15.8,否
蔬果,0.242,1.36,5.6,否
休闲,1,5.5,5.5,否
休闲,1,27,27,否
蔬果,0.356,7.12,20,否
蔬果,0.272,1.78,6.56,否
休闲,1,4.7,4.7,否
蔬果,1.052,2.71,2.58,否
日配,0.46,14.52,32.6,否
日配,1,8.9,12.9,是
洗化,1,19.9,19.9,否
粮油,1,21.8,21.8,否
酒饮,1,11.9,11.9,否
休闲,0.298,11.86,39.8,否
洗化,1,9.9,9.9,否
酒饮,1,4,4,否
洗化,1,9.9,9.9,否
蔬果,0.57,1.46,2.56,否
家居,1,8.9,15,是
休闲,1,6,6,否
休闲,1,2.9,2.9,否
洗化,1,9.9,12.9,是
蔬果,0.37,2.07,5.6,否
洗化,1,25.9,25.9,否
洗化,1,6.9,9.7,是
蔬果,0.262,1.52,5.8,否
蔬果,0.454,2.98,6.56,否
蔬果,0.82,1.48,1.8,否
休闲,1,8.3,8.3,否
蔬果,0.906,10.69,11.8,否
文体,1,10.3,10.3,否
洗化,1,7.7,7.7,否
休闲,1,6.9,6.9,否
肉禽,1.548,36.84,23.8,否
休闲,1,4.2,4.2,否
蔬果,0.603,1.19,1.98,否
蔬果,1.352,5.3,5.96,否
日配,1,6.8,8.3,是
休闲,0.21,2.47,13.8,是
日配,1,3.5,3.5,否
蔬果,0.311,2.36,7.6,否
蔬果,1.104,4.37,3.96,否
粮油,3.9,21.76,5.58,否
休闲,1,6.7,6.7,否
家居,1,22,22,否
蔬果,0.406,2.27,5.6,否
休闲,0.246,10.7,51.6,是
洗化,1,10.9,10.9,否
蔬果,0.338,3.04,9,否
蔬果,0.092,1.1,12,否
休闲,1,4.2,4.2,否
蔬果,0.702,2.78,3.96,否
粮油,10,9,1.3,是
蔬果,0.263,1.32,5,否
熟食,0.477,2.86,6,否
蔬果,0.382,1.53,4,否
蔬果,0.298,8.94,30,否
洗化,1,10.9,10.9,否
蔬果,1.036,1.86,1.8,否
洗化,1,6.9,9.7,是
休闲,1,8.9,8.9,否
休闲,0.346,3.8,11.8,是
粮油,1,7.7,7.7,否
休闲,1,6.9,6.9,否
日配,1,9.9,9.9,否
蔬果,0.278,2.67,9.6,否
休闲,1,4.7,4.7,否
熟食,0.228,1.14,5,否
洗化,1,9.9,9.9,否
蔬果,0.346,2.08,6,否
熟食,0.19,7.6,40,否
休闲,1,4.5,4.5,否
蔬果,0.588,4.47,7.6,否
休闲,0.358,4.2,19.6,是
蔬果,0.296,2.66,9,否
休闲,1,13.9,13.9,否
休闲,0.126,2.97,29.8,是
休闲,1,4.9,4.9,否
肉禽,0.296,8.82,29.8,否
蔬果,0.821,4.1,5,否
粮油,1,2.7,2.7,否
熟食,0.584,11.68,20,否
洗化,1,7.9,9.5,是
休闲,1,10.9,10.9,否
蔬果,0.701,2.78,3.96,否
蔬果,0.558,2.6,1.6,否
休闲,1,4.7,4.7,否
蔬果,0.368,4.42,12,否
休闲,1,30.5,30.5,否
休闲,1,21,21,否
粮油,1,0.5,0.5,否
休闲,1,9.3,9.3,否
蔬果,2.174,21.7,9.98,否
日配,12,63.6,5.3,否
肉禽,0.344,6.81,19.8,否
休闲,1,4.9,4.9,否
蔬果,0.485,1.92,3.96,否
粮油,1,14.7,14.7,否
蔬果,0.642,3.57,5.56,否
洗化,1,14.9,14.9,否
肉禽,0.452,10.4,23,否
蔬果,0.296,4.62,15.6,否
蔬果,0.186,1.48,7.96,否
熟食,0.001,0.02,20,否
休闲,0.156,1.8,19.6,是
日配,1,11.9,14.3,是
休闲,1,3.9,3.9,否
日配,1.054,20.24,19.2,否
蔬果,0.42,2.34,5.56,否
蔬果,1.208,9.18,7.6,否
蔬果,0.178,2.78,15.6,否
蔬果,0.802,2.07,2.58,否
熟食,0.751,4.51,6,否
粮油,1,2.8,2.8,否
休闲,1,3.7,3.7,否
蔬果,0.868,19.96,23,否
酒饮,2,2,1,否
家居,1,15,15,否
休闲,1,7.9,7.9,否
粮油,1,13.3,13.3,否
休闲,1,17.5,17.5,否
蔬果,0.38,2.11,5.56,否
蔬果,0.726,7.24,15.9,否
休闲,1,9.9,9.9,否
蔬果,0.282,1.64,5.8,否
蔬果,0.359,0.92,2.56,否
粮油,1,2,2,否
洗化,2,10.2,6.5,是
粮油,1,0.5,0.5,否
针织,1,4,4,否
蔬果,0.39,1.56,4,否
蔬果,0.236,2.27,9.6,否
日配,2,4.6,2.3,否
休闲,2,5.8,2.9,否
蔬果,0.508,1,1.96,否
家居,1,17,17,否
粮油,0.056,5.03,89.8,否
酒饮,1,1.9,1.9,否
蔬果,0.448,2.68,5.98,否
蔬果,1.259,3.98,3.16,否
粮油,1,1.3,1.3,否
休闲,0.224,4.44,19.8,否
粮油,1,75,75,否
蔬果,1.048,31.44,30,否
日配,1,4.3,4.3,否
蔬果,0.21,1.17,5.56,否
蔬果,0.388,2.31,5.96,否
蔬果,1.452,8.65,5.96,否
蔬果,0.574,17.22,30,否
休闲,0.18,7.5,39.8,是
蔬果,0.544,2.72,5,否
休闲,1,13.9,13.9,否
酒饮,1,14,14,否
休闲,1,4.5,4.5,否
蔬果,0.448,5.38,12,否
肉禽,0.426,12.69,29.8,否
粮油,1,1.9,1.9,否
蔬果,0.204,3.24,15.9,否
酒饮,1,22.3,22.3,否
酒饮,1,4.9,4.9,否
蔬果,0.264,2.53,9.6,否
休闲,1,3.9,3.9,否
熟食,0.45,2.7,6,否
文体,1,1.7,1.7,否
休闲,0.194,8.49,51.6,是
休闲,0.134,2.38,31.8,是
蔬果,1.166,13.97,11.98,否
休闲,1,18.5,23.5,是
休闲,1,4,4,否
休闲,1,6,6,否
休闲,1,3.5,3.5,否
洗化,1,12.9,12.9,否
休闲,1,11.8,11.8,否
蔬果,0.308,1.85,6,否
蔬果,0.584,2.92,5,否
洗化,1,8.7,8.7,否
蔬果,0.726,4.6,2.58,否
蔬果,0.214,1.2,5.6,否
休闲,1,5.7,5.7,否
粮油,1,20.3,20.3,否
酒饮,4,10.8,2.7,否
蔬果,0.335,0.86,2.58,否
休闲,0.112,2.8,35.8,是
蔬果,1.447,2.87,1.98,否
蔬果,1.87,5.91,3.16,否
休闲,0.21,14.91,71,否
粮油,1,6.7,6.7,否
日配,1,10.9,13.3,是
蔬果,0.442,13.26,30,否
蔬果,0.204,1.52,7.47,否
蔬果,0.124,0.47,3.8,否
蔬果,0.525,3.44,6.56,否
蔬果,0.772,1.2,6.56,否
酒饮,1,8.7,8.7,否
粮油,1,12.3,12.3,否
休闲,1,7.9,9.3,是
蔬果,0.593,3.44,5.8,否
蔬果,0.452,4.07,9,否
粮油,0.06,5.39,89.8,否
熟食,0.666,4,6,否
肉禽,0.238,7.09,29.8,否
蔬果,0.432,7.26,16.8,否
日配,1,5.3,5.3,否
休闲,1,8.3,8.3,否
蔬果,0.431,3.28,7.6,否
蔬果,0.234,1.4,6,否
休闲,1,1.9,1.9,否
蔬果,1.026,2.05,2,否
洗化,1,9.9,13.9,是
粮油,1,0.5,0.5,否
粮油,1,25.9,25.9,否
洗化,1,16.9,16.9,否
日配,1,8.9,8.9,否
粮油,1,17.3,17.3,否
休闲,1,2.9,4.3,是
休闲,1,12.9,17.9,是
蔬果,1.326,7.9,5.96,否
针织,1,4,4,否
洗化,1,3.3,4.9,是
蔬果,0.062,0.31,4.98,否
肉禽,0.56,20.05,35.8,否
休闲,0.292,8.1,39.6,是
休闲,0.366,5,15.6,是
休闲,1,10.9,10.9,否
粮油,0.228,5.1,22.4,否
休闲,1,3.9,3.9,否
休闲,0.152,4.5,29.6,否
休闲,1,21,21,否
日配,1,11,11,否
蔬果,0.618,1.58,2.56,否
蔬果,0.402,2.25,5.6,否
休闲,0.154,6.11,43.8,是
蔬果,0.378,2.1,5.56,否
日配,1.01,19.39,19.2,否
粮油,1,11.5,14.7,是
蔬果,0.36,4.32,12,否
蔬果,0.2,1.11,5.56,否
蔬果,0.738,2.8,3.8,否
蔬果,0.603,1.19,1.98,否
日配,1,13.3,13.3,否
蔬果,4,6,1.5,否
休闲,1,5.2,5.2,否
家居,1,8,8,否
休闲,1,3.9,3.9,否
休闲,0.286,8.47,29.6,否
蔬果,0.386,1.54,4,否
休闲,1,12,12,否
蔬果,0.514,4.01,7.8,否
粮油,1,6.7,6.7,否
休闲,1,5.9,5.9,否
蔬果,0.56,3.67,6.56,否
粮油,1,7.9,7.9,否
蔬果,1,30,30,否
针织,2,5,2.5,否
蔬果,0.454,13.62,30,否
蔬果,0.633,4.15,6.56,否
蔬果,0.674,3.49,2.56,否
蔬果,0.761,7.59,9.98,否
洗化,1,15.9,21.9,是
蔬果,0.486,4.67,9.6,否
蔬果,1.252,24.79,19.8,否
蔬果,0.1,0.6,7.6,否
蔬果,1.082,7.1,6.56,否
休闲,1,3.9,3.9,否
蔬果,0.924,27.72,30,否
酒饮,1,4,4,否
蔬果,0.435,2.52,5.8,否
蔬果,1.849,4.73,2.56,否
蔬果,0.9,3.56,3.96,否
粮油,1,2.8,2.8,否
洗化,1,5.3,5.3,否
粮油,1,4.8,4.8,否
蔬果,0.95,28.5,30,否
日配,1.022,19.62,19.2,否
洗化,1,7.9,7.9,否
蔬果,0.808,2.08,2.58,否
蔬果,0.292,1.46,5,否
蔬果,0.291,0.58,1.98,否
蔬果,1,4.98,4.98,否
休闲,0.062,5.44,87.8,否
针织,1,6,6,否
熟食,0.296,5.92,20,否
休闲,1,13.5,13.5,否
休闲,1,8.9,8.9,否
日配,1,17.9,17.9,否
蔬果,1.129,4.52,4,否
蔬果,0.506,28.34,56,否
休闲,1,5.2,5.5,否
日配,4,8.4,2.1,否
蔬果,0.469,1.88,4,否
洗化,1,15.9,24.9,是
肉禽,1,10.8,10.8,否
粮油,1,11.3,11.3,否
蔬果,0.531,0.96,1.8,否
蔬果,0.796,2.04,2.56,否
日配,1.196,8.11,6.78,否
粮油,1,2.3,2.3,否
洗化,1,14.9,14.9,否
蔬果,0.242,1.68,6.96,否
洗化,1,11.7,11.7,否
熟食,4,2,0.5,否
日配,1,17.3,17.3,否
日配,15,26.9,2.4,是
酒饮,1,1,1,否
日配,1,4.3,4.3,否
洗化,1,42.9,42.9,否
蔬果,0.558,3.24,5.8,否
蔬果,0.954,5.3,5.56,否
酒饮,1,4.7,4.7,否
休闲,0.268,10.67,39.8,否
休闲,1,5.3,5.3,否
粮油,1,0.5,0.5,否
蔬果,0.62,3.6,5.8,否
休闲,2,3.4,1.7,否
熟食,0.656,13.12,20,否
蔬果,0.376,2.93,7.8,否
蔬果,0.656,1.29,1.96,否
洗化,1,12.9,12.9,否
蔬果,0.529,1.05,1.98,否
肉禽,0.294,8.76,29.8,否
日配,1,16.9,16.9,否
酒饮,1,6,6,否
休闲,1,7.9,7.9,否
粮油,1,17.3,17.3,否
休闲,4,5.2,1.3,否
蔬果,0.746,1.48,1.98,否
蔬果,0.204,2.11,9,否
粮油,1,5.9,5.9,否
蔬果,0.734,16.88,23,否
家居,1,9,9,否
蔬果,0.384,2.23,5.8,否
休闲,1,5.3,5.3,否
日配,1,8.9,12.9,是
休闲,0.236,3.2,19.8,是
酒饮,4,16,4,否
粮油,5.672,31.65,5.58,否
蔬果,0.428,12.84,30,否
休闲,1,2.9,4.3,是
家居,1,2,2,否
休闲,1,4,4,否
休闲,0.1,7.98,110,是
休闲,1,8.5,8.5,否
洗化,1,1.3,1.3,否
日配,1,8.9,8.9,否
休闲,1,11.8,11.8,否
蔬果,1.487,8.86,5.96,否
蔬果,0.53,4.2,9.96,否
蔬果,0.397,0.79,1.98,否
蔬果,0.408,0.65,1.6,否
休闲,1,2.7,2.7,否
针织,1,25,25,否
蔬果,0.638,1.63,2.56,否
蔬果,0.312,1.24,3.96,否
蔬果,0.359,2.08,5.8,否
冲调,1,7.3,7.3,否
蔬果,0.838,2.16,2.58,否
粮油,1,7.9,7.9,否
蔬果,0.392,2.34,5.98,否
针织,1,3.5,3.5,否
休闲,1,4.9,4.9,否
蔬果,0.22,1.1,5,否
蔬果,0.658,1.7,2.58,否
粮油,1,3.8,3.8,否
休闲,1,0.5,0.5,否
肉禽,0.552,10.82,19.6,否
蔬果,1,2,2,否
蔬果,0.151,0.57,3.8,否
蔬果,0.68,1.22,1.8,否
蔬果,0.316,5.69,18,否
肉禽,1,21.9,21.9,否
蔬果,0.41,12.3,30,否
日配,1,10.3,10.3,否
蔬果,0.304,1.76,5.8,否
日配,1,6.9,6.9,否
肉禽,0.234,6.97,29.8,否
熟食,0.582,3.49,6,否
针织,1,11,11,否
休闲,1,11,11,否
蔬果,0.444,2.66,6,否
日配,1,10.9,13.5,是
肉禽,0.554,16.51,29.8,否
蔬果,1.207,3.09,2.56,否
蔬果,0.358,1.79,5,否
蔬果,0.228,2.19,9.6,否
休闲,1,8.3,8.3,否
蔬果,0.231,0.46,1.98,否
粮油,1,5.3,5.3,否
休闲,1,3.9,3.9,否
蔬果,0.83,3.29,3.96,否
洗化,1,7.9,9.5,是
日配,1,5.9,5.9,否
日配,0.186,6.06,32.6,否
针织,1,11,11,否
蔬果,0.106,1.02,9.6,否
日配,0.759,5.15,6.78,否
蔬果,0.996,69.72,70,否
冲调,1,19.9,19.9,否
休闲,0.074,3.54,47.8,否
熟食,0.716,4.3,6,否
蔬果,0.264,2.06,7.8,否
蔬果,0.541,4.31,7.96,否
休闲,0.55,8.69,15.8,否
蔬果,1,2,2,否
粮油,1,109.9,109.9,否
休闲,1,14.9,14.9,否
休闲,2,1.6,0.8,否
蔬果,0.272,2.61,9.6,否
休闲,4,27.6,6.9,否
日配,1,10.3,10.3,否
粮油,1,7.3,7.3,否
休闲,1,5.5,5.5,否
休闲,1,2.7,2.7,否
蔬果,0.148,0.86,5.8,否
蔬果,0.278,0.77,2.78,否
蔬果,0.372,0.6,1.6,否
蔬果,0.559,2.56,2.96,否
粮油,0.112,2.42,21.6,否
蔬果,0.282,1.95,9.6,否
蔬果,1.955,3.83,1.96,否
日配,12,49,5.5,是
日配,1,10.8,10.8,否
蔬果,0.304,1.22,4,否
肉禽,0.542,10.62,19.6,否
蔬果,0.364,2.04,5.6,否
蔬果,0.352,0.91,2.58,否
休闲,1,15.9,15.9,否
日配,1,3.9,6,是
蔬果,1,2,2,否
酒饮,6,17.4,2.9,否
熟食,4,2,0.5,否
粮油,1,5.9,5.9,否
蔬果,0.8,24,30,否
蔬果,0.092,0.73,7.96,否
休闲,0.188,9.7,51.6,否
肉禽,0.394,7.8,19.8,否
蔬果,0.528,15.84,30,否
蔬果,0.778,4.36,5.6,否
酒饮,1,2.2,2.2,否
日配,1,13.9,16.9,是
蔬果,0.092,1.1,12,否
蔬果,1.904,7.54,3.96,否
蔬果,0.516,4.11,7.96,否
蔬果,0.192,1.07,5.56,否
家居,1,10.8,10.8,否
休闲,0.16,1.7,11.8,是
蔬果,0.266,3.19,12,否
肉禽,0.328,9.77,29.8,否
肉禽,0.186,5.54,29.8,否
粮油,1,7.9,7.9,否
休闲,1,3.5,3.5,否
休闲,1,2.7,2.7,否
蔬果,0.416,2.73,6.56,否
日配,1,9.7,9.7,否
日配,1,6.2,6.9,否
蔬果,0.693,1.36,1.96,否
蔬果,1.3,5.93,4.56,否
蔬果,0.588,1.16,1.98,否
休闲,1,5.7,5.7,否
蔬果,0.472,0.83,1.76,否
洗化,1,15.9,21.9,是
休闲,1,1,1,否
粮油,1,0.5,0.5,否
蔬果,0.892,14.18,15.9,否
文体,2,6,3,否
日配,15,57,3.8,否
蔬果,0.532,0.79,1.48,否
休闲,1,25.9,29.8,是
蔬果,0.506,2,3.96,否
蔬果,2,3,1.5,否
休闲,1,4.5,4.5,否
粮油,1,7.9,7.9,否
蔬果,0.96,6.3,6.56,否
蔬果,0.582,1.15,1.98,否
蔬果,0.202,1.82,9,否
粮油,1,7.5,7.5,否
粮油,1,12.9,12.9,否
蔬果,1.115,33.45,30,否
蔬果,1.194,14.09,11.8,否
蔬果,0.71,5.66,7.8,否
日配,1,13.9,16.9,是
休闲,0.69,8.1,17.8,是
蔬果,0.241,0.95,3.96,否
粮油,1,2.9,2.9,否
蔬果,0.904,1.63,1.8,否
蔬果,0.43,4.13,9.6,否
休闲,0.278,3.83,19.8,是
休闲,0.77,9.08,17.8,是
蔬果,2,3,1.5,否
休闲,1,5.3,5.3,否
蔬果,0.288,2.59,9,否
蔬果,0.525,2.06,3.96,否
蔬果,0.521,2.06,3.96,否
休闲,1,3.5,3.5,否
休闲,1,11.9,11.9,否
蔬果,0.606,18.18,30,否
蔬果,0.626,3.63,5.8,否
洗化,1,4.9,4.9,否
家居,1,5,5,否
粮油,1,69,69,否
蔬果,1.57,15.7,10,否
休闲,0.19,4.48,29.8,是
蔬果,0.434,4.17,9.6,否
休闲,1,22.9,22.9,否
蔬果,0.542,3.56,6.56,否
酒饮,1,8.3,8.3,否
蔬果,0.574,2.87,5,否
日配,0.794,5.38,6.78,否
蔬果,0.92,3.5,3.8,否
蔬果,0.682,2.59,3.8,否
蔬果,0.072,0.86,12,否
休闲,1,3.9,3.9,否
休闲,1,3.5,3.5,否
蔬果,1.96,5.06,2.58,否
蔬果,0.474,7.58,16,否
蔬果,0.268,1.87,6.96,否
休闲,1,4.3,4.3,否
休闲,0.38,6.73,25,是
蔬果,0.656,4.3,6.56,否
粮油,1,4.9,4.9,否
休闲,1,3.7,3.7,否
蔬果,0.147,2.29,15.6,否
酒饮,1,2.5,2.5,否
粮油,1,0.5,0.5,否
日配,1,15.9,21.9,是
休闲,0.14,2.77,19.8,否
肉禽,0.784,23.36,29.8,否
日配,1,11.3,11.3,否
冲调,1,3,3,否
蔬果,0.266,4.79,18,否
蔬果,0.682,1.01,1.48,否
休闲,1,3.7,3.7,否
蔬果,0.78,1.54,1.98,否
休闲,0.1,3.98,39.8,否
蔬果,0.36,3.24,9,否
休闲,0.494,5.82,17.8,是
蔬果,0.476,4.57,9.6,否
蔬果,0.966,16.42,17,否
粮油,1,7.9,7.9,否
蔬果,0.582,4.42,7.6,否
日配,1,68,68,否
蔬果,0.208,1.16,5.56,否
蔬果,0.496,3.95,30,否
粮油,1,3.9,3.9,否
蔬果,0.274,2.14,7.8,否
日配,1.24,8.41,6.78,否
蔬果,0.37,5.92,16,否
蔬果,0.2,0.79,3.96,否
蔬果,1.17,7.68,6.56,否
蔬果,0.993,5.76,5.8,否
休闲,1,2.9,2.9,否
蔬果,0.122,1.09,7.96,否
蔬果,0.822,2.6,3.16,否
休闲,1,3.3,3.3,否
休闲,1,1,1,否
家居,1,15,15,否
家居,1,4,4,否
粮油,1,1.3,1.3,否
休闲,1,5.2,5.2,否
蔬果,0.37,2.43,6.56,否
蔬果,0.318,9.54,30,否
休闲,0.234,2.76,13.8,是
蔬果,0.208,1.21,5.8,否
洗化,1,15.7,15.7,否
蔬果,0.398,1.03,2.58,否
酒饮,1,2.9,4,是
蔬果,0.389,2.18,5.6,否
蔬果,0.218,1.66,7.6,否
洗化,1,3.9,4.9,是
蔬果,0.534,2.11,3.96,否
日配,1,8.9,8.9,否
肉禽,0.314,6.22,19.8,否
粮油,1,0.5,0.5,否
蔬果,0.275,1.6,5.8,否
酒饮,1,6.7,6.7,否
蔬果,0.542,4.12,7.6,否
针织,1,30,30,否
休闲,0.326,9.06,39.6,是
蔬果,1,4.56,4.56,否
粮油,1,3.8,3.8,否
蔬果,0.45,2.61,5.8,否
肉禽,0.772,15.29,19.8,否
蔬果,0.405,2.66,6.56,否
蔬果,1,2,2,否
蔬果,0.581,3.37,5.8,否
蔬果,0.325,3.9,12,否
蔬果,0.5,2.5,5,否
蔬果,0.72,2.28,3.16,否
休闲,0.216,2.3,11.8,是
休闲,1,25.9,29.8,是
粮油,1,3.2,3.2,否
粮油,1,4.5,4.7,否
粮油,1,2.7,2.7,否
粮油,1,5.9,5.9,否
蔬果,0.337,1.35,4,否
蔬果,0.692,2.19,3.16,否
蔬果,0.334,6.01,18,否
休闲,1,3.9,3.9,否
蔬果,0.536,12.33,23,否
蔬果,0.092,1.01,12,否
酒饮,1,1.9,2.5,是
蔬果,0.191,0.49,2.58,否
蔬果,0.35,3.5,10,否
熟食,0.001,0.02,20,否
蔬果,0.714,21.42,30,否
蔬果,0.118,1.42,12,否
休闲,1,3,3.4,是
蔬果,0.288,1.72,5.98,否
酒饮,1,9.8,9.8,否
蔬果,0.086,0.83,9.6,否
蔬果,0.478,1.91,4,否
蔬果,0.242,2.18,9,否
日配,1,3.9,4.9,是
酒饮,1,6.9,6.9,否
蔬果,1,2,2,否
蔬果,1.342,7.78,5.8,否
粮油,1,3.9,3.9,否
日配,16,25.2,2.1,是
蔬果,0.79,23.7,30,否
冲调,1,9.7,9.7,否
洗化,1,36.5,36.5,否
蔬果,0.384,2.52,6.56,否
蔬果,1.076,7.06,6.56,否
蔬果,0.664,4.23,2.58,否
蔬果,1,2,2,否
熟食,0.504,3.02,6,否
粮油,1,17.3,17.3,否
粮油,1,4.9,7.9,是
粮油,1,2.9,2.9,否
粮油,1,4.9,4.9,否
日配,1,4.2,4.2,否
日配,1,10.9,13.5,是
休闲,0.26,10.35,39.8,否
休闲,2,7,3.5,否
熟食,0.746,4.48,6,否
粮油,1,2,2,否
蔬果,1.148,2.94,2.56,否
粮油,3,13.5,5.9,是
水产,0.69,20.7,30,否
粮油,1,4.3,4.3,否
蔬果,0.314,7.22,23,否
休闲,1,8.3,8.3,否
洗化,1,12.9,19.9,是
文体,1,3,3,否
肉禽,0.4,11.92,29.8,否
日配,1,12.9,17.9,是
休闲,1,3.5,3.5,否
酒饮,1,3.5,3.5,否
蔬果,0.626,3.48,5.56,否
蔬果,0.504,2.52,5,否
日配,1,9.9,9.9,否
休闲,0.222,13.27,71.8,是
蔬果,0.492,1.27,2.58,否
蔬果,0.507,2.01,3.96,否
休闲,1,6.5,6.5,否
蔬果,0.476,5.71,12,否
休闲,0.228,4.51,23.8,是
粮油,1,2.9,2.9,否
水产,0.314,9.42,30,否
蔬果,1.287,3.29,2.56,否
粮油,1,1.3,1.3,否
蔬果,0.445,1.78,4,否
日配,1,66,66,否
蔬果,0.458,4.58,10,否
日配,1,4.9,4.9,否
蔬果,1.958,11.67,5.96,否
休闲,1,13.9,16.3,是
蔬果,1.236,14.81,11.98,否
蔬果,0.39,2.56,6.56,否
日配,1,8.9,8.9,否
日配,0.628,11.18,17.8,否
蔬果,-0.436,-2.62,6,否
日配,1,8.9,12.9,是
蔬果,0.358,2.35,6.56,否
蔬果,0.22,1.09,5,否
粮油,1,0.5,0.5,否
休闲,1,3.9,3.9,否
酒饮,1,6,6,否
冲调,1,20.3,20.3,否
蔬果,1.11,6.62,5.96,否
蔬果,0.614,4.03,6.56,否
蔬果,0.32,3.84,12,否
蔬果,0.226,1.72,7.6,否
日配,1,65,65,否
酒饮,10,25,3.9,是
休闲,0.266,16.97,73.8,是
蔬果,0.275,1.1,4,否
粮油,1,1.9,1.9,否
蔬果,0.24,2.16,9,否
日配,1,9.7,9.7,否
蔬果,1.242,37.26,30,否
洗化,4,6.8,1.7,否
日配,1.55,10.51,6.78,否
休闲,0.218,9.54,51.6,是
肉禽,0.618,22.12,35.8,否
日配,1.11,21.31,19.2,否
洗化,1,8.9,8.9,否
酒饮,1,4.5,4.5,否
日配,0.658,4.46,6.78,否
蔬果,1.418,42.54,30,否
日配,12,85.2,7.1,否
休闲,1,128,128,否
粮油,1,7.7,7.7,否
蔬果,0.232,2.31,9.96,否
蔬果,0.694,2.75,3.96,否
休闲,0.274,12,51.6,是
日配,5,45,10.8,是
蔬果,0.514,11.82,23,否
休闲,1,4.3,4.3,否
休闲,0.344,4.7,15.6,是
酒饮,1,3.5,3.5,否
冲调,1,80.9,80.9,否
蔬果,0.352,2.31,6.56,否
粮油,1,14.3,14.3,否
水产,0.424,3.38,7.98,否
蔬果,0.198,1.18,5.98,否
蔬果,0.537,3.11,5.8,否
蔬果,0.832,24.96,30,否
日配,1,5.9,9.3,是
日配,1,4.5,4.5,否
日配,0.759,5.15,6.78,否
洗化,1,12.9,17.7,是
休闲,1,3.5,3.7,否
冲调,1,7.3,7.3,否
粮油,1,2.3,2.3,否
蔬果,0.196,1.49,7.6,否
日配,1,78,78,否
休闲,0.41,16.32,39.8,否
熟食,2,2,1,否
粮油,1,11.3,11.3,否
蔬果,0.698,20.94,30,否
日配,3,14.7,4.9,否
蔬果,0.692,7.32,5.6,否
蔬果,0.494,3.24,6.56,否
蔬果,0.792,23.76,30,否
休闲,0.65,12.8,23.8,是
休闲,0.638,7,11.8,是
洗化,1,4.9,4.9,否
蔬果,0.436,2.62,6,否
日配,1,8.3,8.3,否
水产,0.136,4.08,30,否
蔬果,1,2,2,否
休闲,1,2.9,2.9,否
休闲,1,0.8,0.8,否
蔬果,0.738,4.4,5.96,否
蔬果,0.32,1.86,5.8,否
蔬果,1.046,8.3,30,否
休闲,1,7.5,7.5,否
休闲,1,6.7,6.7,否
酒饮,1,4,4,否
蔬果,0.362,2.82,7.8,否
蔬果,0.459,3.01,6.56,否
肉禽,0.384,11.44,29.8,否
洗化,1,2.7,2.7,否
蔬果,0.273,1.58,5.8,否
休闲,1,1,1,否
蔬果,0.346,2.01,5.8,否
日配,3,11.7,6,是
蔬果,0.442,2.46,5.56,否
蔬果,0.27,1.57,5.8,否
蔬果,0.392,2.18,5.56,否
蔬果,0.328,9.84,30,否
蔬果,0.91,5.28,5.8,否
酒饮,1,2.3,2.3,否
蔬果,1.4,42,30,否
蔬果,0.304,1.2,3.96,否
蔬果,0.308,1.79,5.8,否
蔬果,0.371,2.15,5.8,否
粮油,1,3.3,3.3,否
休闲,1,2.5,2.5,否
酒饮,1,5,5,否
蔬果,0.508,1.93,3.8,否
洗化,1,13.7,13.7,否
洗化,1,17.9,24.9,是
蔬果,0.406,3.09,7.6,否
蔬果,0.31,2.36,7.6,否
蔬果,-0.318,-9.54,30,否
蔬果,0.194,1.86,9.6,否
日配,1,9.9,13.2,是
酒饮,1,6,6,否
家居,1,15,15,否
休闲,1,4.9,4.9,否
蔬果,0.82,2.78,5,否
蔬果,0.602,18.06,30,否
休闲,1,4,4,否
蔬果,0.184,9.2,50,否
休闲,1,1.5,1.5,否
蔬果,0.411,2.7,6.56,否
蔬果,0.504,5.02,9.96,否
蔬果,0.608,2.41,3.96,否
蔬果,0.644,0.95,1.48,否
蔬果,1.444,8.61,5.96,否
日配,0.952,6.45,6.78,否
蔬果,0.266,2.55,9.6,否
蔬果,0.78,3.12,4,否
洗化,1,46.9,46.9,否
蔬果,0.47,3.57,7.6,否
粮油,1,7.9,11.3,是
休闲,1,5.9,5.9,否
蔬果,0.338,0.87,2.58,否
蔬果,0.273,1.58,5.8,否
文体,1,1.7,1.7,否
蔬果,0.808,24.24,30,否
蔬果,0.34,10.2,30,否
休闲,1,1.2,1.2,否
休闲,3,15.9,5.3,否
休闲,1,3.7,3.7,否
蔬果,0.99,31.48,31.8,否
家居,1,9.5,16.9,是
蔬果,0.534,3.1,5.8,否
蔬果,0.702,3.51,5,否
蔬果,2.294,68.82,30,否
休闲,1,2.9,4.3,是
休闲,1,2.9,4.3,是
日配,0.734,4.98,6.78,否
蔬果,0.574,2.27,3.96,否
休闲,1,18.9,18.9,否
休闲,1,8.9,8.9,否
休闲,1,5.5,5.5,否
蔬果,0.377,2,3.96,否
日配,1,23.7,23.7,否
休闲,1,9.9,9.9,否
文体,1,2.3,2.3,否
休闲,1,5.2,5.2,否
粮油,1,35.9,35.9,否
蔬果,0.298,2.86,9.6,否
熟食,4,2,0.5,否
酒饮,1,13.7,13.7,否
蔬果,0.478,0.71,1.48,否
休闲,1,9.3,9.3,否
日配,1,5.5,6,是
休闲,0.27,4.8,31.8,是
粮油,4.904,27.36,5.58,否
粮油,1,0.5,0.5,否
洗化,1,2.5,2.5,否
家居,1,9,9,否
蔬果,0.588,1.51,2.56,否
蔬果,0.682,1.35,1.98,否
洗化,1,7.9,7.9,否
蔬果,1.092,13.08,11.98,否
蔬果,0.125,0.75,5.98,否
家居,1,3.9,10,是
日配,1,13.9,16.3,是
休闲,0.416,7.4,25.8,是
粮油,2,7.8,5.3,是
蔬果,0.412,3.96,9.6,否
休闲,1,4.7,4.7,否
蔬果,0.394,1.96,5.8,否
休闲,1,6.9,6.9,否
日配,1,11.8,11.8,否
粮油,1,4.3,4.3,否
粮油,1,8.9,8.9,否
蔬果,0.153,0.61,3.96,否
蔬果,0.202,1.33,6.56,否
蔬果,0.5,1,2,否
蔬果,0.534,16.02,30,否
休闲,0.13,8.28,73.8,是
肉禽,1.16,32.25,27.8,否
蔬果,0.334,1.34,4,否
休闲,1,18.5,23.5,是
休闲,1,2.3,2.3,否
洗化,1,8.9,8.9,否
蔬果,0.345,1.92,5.56,否
蔬果,0.346,1.73,5,否
蔬果,0.55,0.99,1.8,否
粮油,1,6,6.7,是
休闲,1,2.9,4.3,是
日配,2.892,19.61,6.78,否
蔬果,0.284,1.65,5.8,否
肉禽,0.192,5.72,29.8,否
蔬果,0.16,0.8,4.98,否
粮油,1,2.3,2.3,否
蔬果,0.19,1.25,6.56,否
休闲,0.486,6.7,15.6,是
蔬果,0.387,2.17,5.6,否
日配,1,5.7,5.7,否
粮油,1,4.8,5.3,否
蔬果,0.634,1.64,2.58,否
蔬果,0.51,16.22,31.8,否
休闲,0.394,4.62,17.8,是
日配,1,15.9,21.9,是
休闲,0.37,5.1,15.6,是
蔬果,2,3,1.5,否
休闲,1,7.3,7.3,否
蔬果,0.185,1.47,7.96,否
蔬果,0.44,4.22,9.6,否
粮油,1,3.9,5.3,是
酒饮,1,8.7,8.7,否
蔬果,0.361,2.01,5.56,否
蔬果,0.424,2.37,5.6,否
蔬果,1.094,32.82,30,否
冲调,,1,9.9,9.9
冲调,1,30.7,30.7,否
蔬果,1.297,3.84,2.96,否
蔬果,1.84,22.04,11.98,否
蔬果,0.54,6.47,11.98,否
蔬果,0.62,3.6,5.8,否
休闲,1,3.5,3.5,否
蔬果,1.224,36.72,30,否
休闲,1,13.9,13.9,否
蔬果,0.292,2,23,否
日配,1,15.3,15.3,否
休闲,0.154,1.8,19.6,是
洗化,1,12.9,14.9,是
文体,1,1.5,1.5,否
蔬果,0.498,2.89,5.8,否
酒饮,1,8.3,8.3,否
休闲,1,5.9,5.9,否
肉禽,1.784,42.46,23.8,否
休闲,1,1.5,1.5,否
肉禽,0.38,11.32,29.8,否
肉禽,1,10.8,10.8,否
粮油,1,5.7,5.7,否
休闲,2,2.4,1.2,否
休闲,1,23,23,否
酒饮,1,2.5,2.5,否
酒饮,4,10,2.5,否
粮油,1,6.8,6.8,否
粮油,1,0.5,0.5,否
蔬果,1.521,9.07,5.96,否
粮油,1,0.5,0.5,否
蔬果,0.496,5.74,9.96,否
蔬果,0.186,1.67,9,否
酒饮,1,3.5,3.5,否
蔬果,0.258,0.38,1.48,否
蔬果,0.87,10.42,11.98,否
蔬果,0.644,19.32,30,否
蔬果,0.596,3.91,6.56,否
休闲,2,15,7.5,否
休闲,1,2.7,2.7,否
洗化,1,15.9,19.9,是
蔬果,0.104,1,9.6,否
休闲,1,3.5,3.5,否
洗化,3,17.7,5.9,否
粮油,1,69,80.9,是
洗化,1,4.2,5.9,是
蔬果,0.496,15.77,31.8,否
洗化,1,7.9,7.9,否
洗化,1,29.9,39.9,是
蔬果,0.32,2.5,7.8,否
粮油,0.132,3.43,26,否
家居,1,4.5,8,是
蔬果,0.352,8.1,23,否
日配,1,11,11,否
粮油,0.192,4.15,21.6,否
蔬果,0.256,2.46,9.6,否
休闲,1,18.9,18.9,否
休闲,1,5.9,5.9,否
文体,1,2.5,2.5,否
休闲,1,28,28,否
蔬果,0.412,2.06,5,否
蔬果,0.602,18.06,30,否
蔬果,0.566,1.12,1.98,否
蔬果,0.824,2.6,3.16,否
日配,1,8.9,12.9,是
日配,0.79,5.36,6.78,否
蔬果,0.256,2.46,9.6,否
肉禽,0.434,8.51,19.6,否
休闲,1,6.9,6.9,否
洗化,1,15.9,21.9,是
日配,1,10.7,10.7,否
休闲,0.434,5.99,13.8,否
酒饮,1,49,49,否
蔬果,0.642,14.77,23,否
酒饮,1,13.7,13.7,否
蔬果,0.942,8.48,9,否
蔬果,0.19,1.82,9.6,否
洗化,1,12.7,12.7,否
蔬果,0.892,10.61,31.8,否
肉禽,0.532,22.24,41.8,否
蔬果,0.308,2.77,9,否
休闲,1,8.3,8.3,否
休闲,1,18.9,18.9,否
熟食,0.708,4.25,6,否
酒饮,1,14,14,否
休闲,0.404,4.76,17.8,是
粮油,1,1,1,否
粮油,2,3.8,6.3,是
酒饮,12,60,5,否
休闲,2,2.6,1.3,否
蔬果,0.502,2.91,5.8,否
休闲,1,2.9,4.3,是
蔬果,0.472,1.22,2.58,否
蔬果,0.268,4.82,18,否
蔬果,0.202,3.21,15.9,否
蔬果,0.614,18.42,30,否
蔬果,0.42,2.35,5.6,否
粮油,0.434,4.69,10.8,否
粮油,0.485,3.3,6.8,否
休闲,1,25,25,否
洗化,1,12.9,12.9,否
粮油,1,0.5,0.5,否
粮油,1,0.5,0.5,否
粮油,1,0.5,0.5,否
粮油,1,3.9,5.9,是
酒饮,1,23,23,否
蔬果,0.833,13.29,15.96,否
酒饮,1,8.7,8.7,否
洗化,2,11.4,5.7,否
蔬果,0.232,2.31,9.96,否
蔬果,0.95,28.5,30,否
休闲,1,2.9,2.9,否
肉禽,0.356,10.61,29.8,否
休闲,1,4.9,4.9,否
粮油,1,11.9,11.9,否
粮油,1,1,1,否
熟食,0.585,3.51,6,否
日配,1,13.9,16.3,是
蔬果,0.322,2.45,7.6,否
蔬果,0.214,6.81,31.8,否
蔬果,0.184,1.46,7.96,否
休闲,1,1,1,否
蔬果,2,20,10,否
休闲,0.43,18.8,51.6,是
蔬果,0.554,3.21,5.8,否
蔬果,2.003,3.93,1.96,否
粮油,1,4.3,4.3,否
日配,16,25.2,2.1,是
肉禽,0.326,9.06,27.8,否
蔬果,0.634,3.68,5.8,否
日配,1.672,11.34,6.78,否
洗化,1,3,3.9,是
蔬果,0.578,17.34,30,否
粮油,0.346,3.74,10.8,否
蔬果,0.707,1.4,1.98,否
蔬果,2,3,1.5,否
日配,1,14.9,14.9,否
粮油,1,0.9,1.3,是
肉禽,0.192,5.34,27.8,否
休闲,0.316,5.62,25.8,是
洗化,1,21.8,25.9,是
洗化,1,7.7,7.7,否
粮油,1,0.5,0.5,否
日配,0.766,5.19,6.78,否
休闲,1,3,3,否
洗化,1,39.9,51.9,是
洗化,1,11.9,15.5,是
日配,1,5.5,6.5,是
休闲,1.284,17.7,15.6,是
肉禽,0.604,21.62,35.8,否
冲调,1,18.9,18.9,否
休闲,0.256,17.87,69.8,否
休闲,0.264,10.77,40.8,否
休闲,1,19.9,21.9,是
休闲,1,4.3,4.3,否
粮油,1,7.9,7.9,否
休闲,0.144,2.85,19.8,否
酒饮,1,6.9,6.9,否
蔬果,0.394,0.78,1.98,否
粮油,1,14.9,14.9,否
粮油,1,3.8,3.8,否
蔬果,0.502,3.29,6.56,否
洗化,2,31.8,19.9,是
粮油,1,0.5,0.5,否
洗化,1,7.5,8.9,是
休闲,1,4.5,4.5,否
蔬果,1,3,20,否
粮油,1,7.3,7.3,否
蔬果,0.916,2.55,2.78,否
洗化,1,7.9,7.9,否
洗化,1,17.9,17.9,否
蔬果,0.374,2.9,6.56,否
粮油,1,0.5,0.5,否
蔬果,0.381,0.98,2.58,否
蔬果,0.998,3.95,3.96,否
熟食,2,2,1,否
蔬果,0.456,13.68,30,否
粮油,1,7.7,7.7,否
蔬果,0.268,1.55,5.8,否
日配,1,11.8,11.8,否
蔬果,0.228,3.42,15,否
蔬果,0.428,2.81,6.56,否
酒饮,1,23.7,23.7,否
粮油,1,0.5,0.5,否
肉禽,0.194,5.78,29.8,否
粮油,1,20.9,33.7,是
蔬果,0.192,1.53,7.96,否
家居,1,8.9,15,是
日配,3.134,21.25,6.78,否
蔬果,0.698,13.96,20,否
蔬果,0.6,2.28,3.8,否
休闲,1,12.9,12.9,否
休闲,1,8.5,8.5,否
蔬果,0.454,2.54,5.6,否
蔬果,0.644,19.32,30,否
熟食,4,2,0.5,否
休闲,1,3.5,3.5,否
文体,1,1.5,1.5,否
蔬果,0.504,3.93,7.8,否
蔬果,0.362,1.07,2.96,否
日配,1,8.9,12.8,是
蔬果,0.134,2.68,20,否
日配,0.778,5.27,6.78,否
蔬果,0.106,1.27,12,否
熟食,0.001,0.02,20,否
蔬果,1.288,7.68,5.96,否
粮油,1,14.7,14.7,否
文体,1,3,3,否
熟食,2,2,1,否
日配,12,63.6,5.3,否
休闲,1,3.5,3.5,否
蔬果,1.303,7.77,5.96,否
洗化,1,4.9,4.9,否
洗化,1,15.9,19.9,是
粮油,1,3.8,3.8,否
休闲,1,6,6,否
粮油,1,6.9,6.9,否
蔬果,0.788,12.61,16,否
蔬果,1.132,6.75,5.96,否
粮油,1,3.9,3.9,否
酒饮,1,14,14,否
休闲,1,10.3,10.3,否
蔬果,0.924,2.37,2.56,否
蔬果,1.089,2.79,2.56,否
粮油,1,5.7,5.7,否
酒饮,1,3.8,3.8,否
粮油,1,1.2,1.3,否
粮油,1,1.9,6.3,是
蔬果,0.238,2.83,20,否
蔬果,0.776,23.28,30,否
粮油,1,6.9,6.9,否
休闲,1,3.3,3.3,否
蔬果,0.3,2.09,6.96,否
休闲,1,11.3,11.3,否
洗化,1,13.9,13.9,否
蔬果,1.345,5.33,3.96,否
蔬果,0.416,6.61,15.9,否
休闲,0.476,13.2,39.6,是
洗化,1,9.9,9.9,否
肉禽,0.524,10.27,19.6,否
蔬果,0.308,1.79,5.8,否
蔬果,0.82,1.48,1.8,否
洗化,1,1.5,1.5,否
蔬果,0.196,1.14,5.8,否
蔬果,0.962,6.31,6.56,否
蔬果,0.724,7.23,9.98,否
休闲,1,7.3,7.3,否
熟食,8,4,0.5,否
蔬果,0.764,17.57,23,否
蔬果,0.356,3.42,9.6,否
蔬果,0.335,1.27,3.8,否
粮油,1,12.9,12.9,否
蔬果,0.743,1.47,1.98,否
洗化,1,23.9,23.9,否
休闲,1,4.5,4.5,否
休闲,1,5.3,5.3,否
日配,24,62.4,3,是
蔬果,0.088,0.84,9.6,否
休闲,1,2.9,2.9,否
休闲,1,2.6,2.7,否
休闲,0.214,3.8,31.8,是
粮油,1,6.3,6.3,否
蔬果,1.456,2.85,1.96,否
粮油,1,6.9,6.9,否
冲调,1,16.3,16.3,否
蔬果,1.024,6.1,5.96,否
休闲,1,18.9,18.9,否
休闲,1,2.9,2.9,否
休闲,0.324,19.44,60,否
休闲,1,5.9,5.9,否
蔬果,0.51,3.35,6.56,否
酒饮,1,3,3,否
日配,16,44.8,2.8,否
洗化,1,7.9,7.9,否
蔬果,0.752,42.11,56,否
粮油,1,1,1,否
洗化,1,5.9,5.9,否
粮油,1,12.9,12.9,否
休闲,1,4.3,4.3,否
蔬果,2,4,2,否
冲调,1,30.7,30.7,否
休闲,1,8.3,8.3,否
蔬果,1.279,5.06,3.96,否
蔬果,0.276,0.41,1.48,否
蔬果,0.358,2.08,5.8,否
酒饮,18,52.2,2.9,否
肉禽,0.29,8.64,29.8,否
粮油,1,17.3,17.3,否
日配,1,10.3,10.3,否
休闲,1,3.5,3.5,否
蔬果,1.106,7.71,23,否
休闲,1,7.9,7.9,否
休闲,1,29.9,29.9,否
蔬果,0.322,8.05,25,否
蔬果,0.696,4.57,6.56,否
蔬果,0.458,7.69,16.8,否
蔬果,1.289,7.68,5.96,否
蔬果,0.42,6.72,16,否
粮油,1,3.9,4.7,是
蔬果,0.578,5.55,9.6,否
蔬果,0.132,3.9,4.98,否
蔬果,1,1.5,1.5,否
蔬果,1.448,25.48,17.6,否
洗化,1,9.9,9.9,否
蔬果,0.304,2.92,9.6,否
蔬果,0.332,1.99,5.98,否
蔬果,0.589,3.86,6.56,否
蔬果,0.238,0.48,2,否
洗化,1,18,18,否
休闲,0.138,3.81,39.6,是
日配,0.938,6.36,6.78,否
日配,1,8.9,12.9,是
日配,1.118,22.14,19.8,否
蔬果,0.902,3.57,3.96,否
蔬果,0.685,3.97,5.8,否
酒饮,1,38.5,38.5,否
休闲,1,4.9,4.9,否
熟食,1.18,7.08,6,否
休闲,1,3.9,3.9,否
休闲,0.256,7.1,39.6,是
蔬果,0.262,2.61,9.96,否
粮油,1,3.7,3.7,否
休闲,1,3.5,3.5,否
休闲,1,3.5,3.5,否
日配,0.94,17.84,19.2,否
休闲,1,5.9,5.9,否
蔬果,0.386,4.55,11.8,否
酒饮,1,16.9,16.9,否
休闲,0.336,9.31,39.6,是
针织,1,11,11,否
粮油,1,6.8,6.8,否
粮油,1,6.3,6.3,否
洗化,1,15.9,15.9,否
休闲,1,5.5,5.5,否
休闲,1,5.7,5.7,否
休闲,0.546,16.16,29.6,否
蔬果,0.594,2.97,5,否
蔬果,0.996,3.98,4,否
酒饮,1,7.5,7.5,否
蔬果,0.814,1.61,1.98,否
粮油,1,6.8,6.8,否
蔬果,0.526,3.05,5.8,否
休闲,1,3.3,3.3,否
休闲,1,3,3,否
休闲,1.046,83.4,110,是
冲调,1,19.3,19.3,否
冲调,1,40.9,40.9,否
蔬果,1.276,3.29,2.58,否
冲调,1,25.7,25.7,否
蔬果,1.08,4.28,3.96,否
粮油,1,22.5,22.5,否
蔬果,0.532,0.79,1.48,否
休闲,0.38,19.61,51.6,否
家居,1,13,13,否
休闲,1,5.3,5.3,否
蔬果,0.162,1,6.56,否
休闲,1,8.6,8.6,否
蔬果,0.24,1.34,5.6,否
休闲,1,5.3,5.3,否
蔬果,0.782,6.24,7.98,否
蔬果,2,3,1.5,否
洗化,1,3.9,3.9,否
洗化,1,11.9,11.9,否
休闲,1,11.3,11.3,否
休闲,0.642,17.8,39.6,是
蔬果,1.312,2.57,1.96,否
蔬果,0.148,1.42,9.6,否
文体,1,2.3,2.3,否
蔬果,0.322,3.09,9.6,否
酒饮,1,8.7,8.7,否
洗化,1,11.9,11.9,否
蔬果,2,3,1.5,否
休闲,1,3.9,3.9,否
休闲,1,2.5,2.5,否
蔬果,0.508,1.3,2.56,否
酒饮,1,4.5,4.5,否
休闲,1,3.3,3.3,否
休闲,1,2.9,4.3,是
蔬果,0.216,0.43,1.98,否
蔬果,0.325,1.82,5.6,否
日配,1,65,65,否
冲调,1,17.3,17.3,否
蔬果,0.226,1.72,7.6,否
休闲,1,12.9,12.9,否
休闲,1,11.3,11.3,否
酒饮,1,4,4,否
日配,1,9.9,9.9,否
休闲,1,2.9,2.9,否
休闲,1,1.5,1.5,否
洗化,1,4.9,4.9,否
粮油,0.124,3.22,26,否
蔬果,0.544,5.42,9.96,否
休闲,0.35,6.2,31.8,是
蔬果,0.172,1,5.8,否
蔬果,0.428,12.84,30,否
蔬果,0.18,0.71,3.96,否
冲调,1,3,3,否
水产,0.658,19.74,30,否
蔬果,0.702,21.06,30,否
蔬果,1.198,14.14,11.8,否
粮油,1,13.3,13.3,否
熟食,2,2,1,否
蔬果,1.654,13.2,7.98,否
蔬果,0.958,5.56,5.8,否
蔬果,1.795,3.52,1.96,否
日配,5,49,9.8,否
文体,1,7.7,7.7,否
蔬果,0.99,5,2.58,否
蔬果,0.352,1.97,5.6,否
休闲,1,1.5,1.5,否
洗化,1,3.8,4.9,是
洗化,1,8,8,否
洗化,1,4.9,4.9,否
粮油,1,14,14,否
蔬果,0.288,2.29,7.96,否
蔬果,0.558,3.24,5.8,否
蔬果,0.544,3.26,7.8,否
粮油,1,1,1,否
蔬果,0.308,2.4,7.8,否
蔬果,0.35,1.96,5.6,否
蔬果,0.658,4.32,6.56,否
蔬果,0.5,2.9,5.8,否
蔬果,0.232,1.8,7.76,否
蔬果,0.734,4.82,6.56,否
熟食,0.534,3.2,6,否
洗化,1,11.9,15.5,是
日配,1.63,11.05,6.78,否
粮油,1.43,6.01,4.2,否
粮油,1,11.9,12.3,否
蔬果,1.952,5,2.56,否
粮油,2,13.6,6.8,否
洗化,1,16.9,19.9,是
日配,-16,-44.8,2.8,否
日配,24,72,3,否
蔬果,0.312,9.36,30,否
蔬果,0.628,3.49,5.56,否
洗化,1,9.9,9.9,否
蔬果,0.483,1.34,2.78,否
粮油,1,6,6.7,是
蔬果,0.494,14.82,30,否
粮油,5,9.5,6.3,是
酒饮,1,4,4,否
休闲,1,2.9,2.9,否
洗化,1,5.3,5.3,否
蔬果,0.54,0.86,1.6,否
洗化,1,7.9,9.5,是
蔬果,0.498,8.76,17.6,否
日配,1,7.7,7.7,否
蔬果,1.046,10.42,9.96,否
蔬果,0.219,0.43,1.98,否
酒饮,1,19.3,19.3,否
洗化,1,19.9,19.9,否
日配,1,7.9,7.9,否
休闲,1,5.5,5.5,否
蔬果,1.17,35.1,30,否
酒饮,1,9.9,9.9,否
蔬果,0.32,1.27,3.96,否
蔬果,1.24,8.13,6.56,否
蔬果,0.628,3.14,5,否
蔬果,1.882,3.69,1.96,否
粮油,2.725,11.45,4.2,否
蔬果,0.628,18.84,30,否
休闲,1,7.5,7.5,否
休闲,1,0.8,0.8,否
休闲,0.272,4.8,25,是
蔬果,0.506,12.65,25,否
洗化,1,6.9,9.7,是
蔬果,0.36,5.76,16,否
粮油,1,6.9,6.9,否
蔬果,2,4,2,否
粮油,1.75,7.35,4.2,否
粮油,1,19.9,19.9,否
休闲,1,6.2,6.2,否
蔬果,0.508,1.3,2.56,否
休闲,1,10.9,10.9,否
蔬果,0.38,1.06,2.78,否
蔬果,0.749,22.47,30,否
蔬果,0.502,2.01,4,否
蔬果,0.966,5.6,5.8,否
蔬果,0.352,1.19,5,否
休闲,1,12.9,17.9,是
蔬果,1.209,5.78,2,否
蔬果,0.19,4.1,21.6,否
文体,1,1.7,1.7,否
蔬果,0.792,44.35,56,否
蔬果,1.632,9.73,5.96,否
日配,1,8.9,8.9,否
洗化,1,16.9,16.9,否
冲调,1,3,3,否
粮油,1,4.5,4.5,否
粮油,1,3.7,3.7,否
休闲,1,3.5,3.5,否
蔬果,0.504,11.59,23,否
日配,3,9,3,否
洗化,1,8.9,9.9,是
日配,1,13.9,16.3,是
粮油,1,22.3,22.3,否
日配,0.858,5.82,6.78,否
粮油,1,17.3,17.3,否
蔬果,0.138,1.32,9.6,否
休闲,1,4.3,4.3,否
日配,0.92,6.24,6.78,否
洗化,1,14.7,14.7,否
蔬果,0.15,1.44,9.6,否
肉禽,0.282,7.84,27.8,否
蔬果,0.212,2.11,9.96,否
蔬果,0.274,5.48,20,否
蔬果,0.442,3.45,7.8,否
蔬果,0.302,4.53,15,否
洗化,1,33,33,否
粮油,1,11.9,11.9,否
肉禽,1.308,25.9,19.8,否
酒饮,1,5,5,否
蔬果,0.118,1.42,12,否
蔬果,0.84,8.37,9.96,否
日配,1,16.9,16.9,否
洗化,1,7.9,7.9,否
蔬果,0.658,10.53,16,否
日配,1,8.9,12.9,是
粮油,1,1.9,1.9,否
肉禽,0.3,8.94,29.8,否
蔬果,1.749,10.42,5.96,否
蔬果,2.014,4.03,2,否
蔬果,0.328,3.15,9.6,否
蔬果,0.252,1.75,6.96,否
粮油,1,20.3,20.3,否
粮油,4,5.2,1.3,否
蔬果,0.41,1.62,3.96,否
蔬果,0.596,3.46,5.8,否
蔬果,0.31,2.16,6.96,否
肉禽,0.448,12.45,27.8,否
蔬果,2.078,36.57,17.6,否
日配,1,9.9,9.9,否
洗化,2,25.8,12.9,否
休闲,1,0.8,0.8,否
日配,16,25.2,2.1,是
肉禽,0.796,33.27,41.8,否
蔬果,0.158,0.9,7.96,否
休闲,1.138,20.2,27.8,是
熟食,0.495,2.97,6,否
蔬果,0.54,17.17,31.8,否
休闲,1,4.9,4.9,否
蔬果,0.424,2.54,5.98,否
冲调,1,18.9,18.9,否
蔬果,0.628,12.56,20,否
休闲,0.33,6.5,39.8,是
蔬果,0.43,6.88,16,否
蔬果,0.541,2.71,5,否
休闲,0.184,8.05,51.6,是
蔬果,0.496,1.28,2.58,否
蔬果,0.441,2.56,5.8,否
蔬果,1.862,9.27,4.98,否
洗化,1,5.9,5.9,否
蔬果,1.008,32.05,31.8,否
蔬果,1.246,7.43,5.96,否
洗化,1,17.9,20.7,是
粮油,1,3.9,5.3,是
水产,0.482,14.46,30,否
粮油,1,8.5,8.5,否
蔬果,0.19,1.42,7.47,否
蔬果,0.947,1.86,1.96,否
洗化,1,3.5,3.5,否
蔬果,0.734,12.92,17.6,否
休闲,1,7.5,7.5,否
肉禽,0.33,9.83,29.8,否
日配,12,52.8,4.4,否
日配,1,10.9,10.9,否
蔬果,0.432,5.18,12,否
蔬果,0.638,2.92,1.8,否
熟食,0.218,6.1,28,否
熟食,0.001,0.02,20,否
蔬果,0.516,2.99,5.8,否
蔬果,0.352,2.04,5.8,否
日配,1,5.9,7.5,是
蔬果,0.384,3.06,7.96,否
休闲,0.146,2.31,15.8,否
水产,0.638,11.36,17.8,否
肉禽,0.446,13.29,29.8,否
粮油,1,14.7,14.7,否
粮油,1,1.9,1.9,否
休闲,1,2.9,3.5,是
日配,0.922,30.06,32.6,否
酒饮,1,2.8,2.8,否
蔬果,0.404,1.62,4,否
熟食,0.001,0.02,20,否
蔬果,0.7,2.8,4,否
蔬果,0.352,0.98,2.78,否
肉禽,1.054,20.87,19.8,否
蔬果,2,11.92,5.96,否
冲调,1,10.3,10.3,否
粮油,1,2.3,2.3,否
粮油,1,7.3,7.3,否
休闲,1,6.7,6.7,否
蔬果,0.502,15.06,30,否
蔬果,0.34,1.97,5.8,否
日配,1,9.9,9.9,否
蔬果,0.116,0.69,5.98,否
蔬果,0.658,6.32,9.6,否
粮油,1,53.5,53.5,否
日配,1,3.3,3.3,否
蔬果,0.588,4.69,7.98,否
粮油,1,21.9,21.9,否
熟食,0.001,0.02,20,否
休闲,1,16.9,16.9,否
肉禽,1.018,42.55,41.8,否
洗化,1,11.9,14.5,是
熟食,0.766,4.6,6,否
蔬果,0.592,5.19,30,否
蔬果,1.018,6.07,5.96,否
粮油,1.784,7.1,4.4,是
蔬果,0.485,0.96,1.98,否
蔬果,0.362,2.03,5.6,否
粮油,1,28.9,28.9,否
肉禽,0.422,12.58,29.8,否
日配,1,5.5,6.5,是
粮油,1,1.9,1.9,否
蔬果,0.41,13.04,31.8,否
蔬果,0.331,0.66,1.98,否
蔬果,2.402,14.32,5.96,否
酒饮,1,23,23,否
蔬果,1.066,10.62,9.96,否
针织,1,8,8,否
蔬果,0.348,0.52,1.48,否
蔬果,0.286,2.23,7.8,否
蔬果,0.692,1.79,2.58,否
蔬果,0.266,1.54,5.8,否
蔬果,0.682,2.16,3.16,否
粮油,1,7.9,7.9,否
蔬果,0.344,1.91,5.56,否
休闲,1,7.9,7.9,否
蔬果,0.876,6.99,7.98,否
蔬果,0.978,15.61,15.96,否
熟食,0.2,4,20,否
酒饮,1,9.7,9.7,否
蔬果,0.57,3.31,5.8,否
休闲,1,5.9,5.9,否
酒饮,1,3,3,否
蔬果,0.533,12.26,23,否
蔬果,0.368,1.47,4,否
蔬果,0.212,2.53,9,否
休闲,1,9.3,9.3,否
休闲,1,3.7,3.7,否
日配,1,12.8,12.8,否
粮油,1,2.9,2.9,否
休闲,0.436,12.1,39.6,是
休闲,1,4.7,4.7,否
休闲,1,3.8,4.5,否
蔬果,0.782,24.87,31.8,否
冲调,1,40.3,40.3,否
日配,1,15.9,21.9,是
蔬果,0.322,1.28,3.96,否
粮油,9,4.5,0.5,否
蔬果,1.34,33.5,25,否
日配,1.551,10.52,6.78,否
休闲,1,4.5,4.5,否
洗化,1,59.9,89,是
蔬果,0.386,2.24,5.8,否
蔬果,1.614,9.62,5.96,否
粮油,1,8.9,8.9,否
蔬果,0.34,1.97,5.8,否
休闲,1,8.3,8.3,否
粮油,1,7.5,7.9,否
酒饮,1,3,3,否
粮油,1,4.7,4.7,否
蔬果,0.565,1.57,5.8,否
粮油,1,8.2,8.2,否
日配,1,2.4,2.4,否
日配,12,85.2,7.1,否
蔬果,0.796,9.55,12,否
粮油,1,1.5,1.5,否
粮油,1,22.3,22.3,否
粮油,1,7.9,7.9,否
洗化,1,3.9,3.9,否
蔬果,0.221,1.23,5.56,否
蔬果,0.353,3.52,9.96,否
蔬果,0.326,1.24,3.8,否
酒饮,1,2.8,2.8,否
酒饮,10,220,22,否
肉禽,0.286,8.52,29.8,否
休闲,1,8.9,8.9,否
日配,1,9.8,9.8,否
日配,1,11,11,否
蔬果,0.73,3.65,5,否
蔬果,0.36,4.32,12,否
针织,1,10,10,否
蔬果,0.53,1.06,2,否
洗化,1,7.9,9.5,是
粮油,0.838,3.3,4.4,是
蔬果,0.164,1.57,9.6,否
休闲,1,8.5,10.5,是
蔬果,0.422,2.11,5,否
粮油,4,2,0.5,否
肉禽,0.456,9.03,19.8,否
蔬果,0.826,1.65,2,否
蔬果,0.234,1.54,6.56,否
蔬果,0.552,17.55,31.8,否
粮油,1,11.3,11.3,否
蔬果,0.424,4.07,9.6,否
粮油,1,5.3,5.3,否
休闲,1,2.9,2.9,否
粮油,1,0.5,0.5,否
日配,0.378,12.32,32.6,否
洗化,1,15.9,24.9,是
休闲,1,1.5,1.5,否
家电,1,6.5,6.5,否
粮油,1,8.5,8.5,否
休闲,0.258,5.1,25,是
粮油,1,7.9,7.9,否
蔬果,0.885,4.43,5,否
蔬果,0.288,1.89,6.56,否
蔬果,0.532,2.98,5.6,否
家居,1,4,4,否
蔬果,1,4.98,4.98,否
蔬果,0.718,12.64,17.6,否
粮油,1,32.9,32.9,否
酒饮,1,7.5,7.5,否
蔬果,2,3,1.5,否
蔬果,0.29,7.25,25,否
休闲,0.326,9.7,39.8,是
蔬果,0.352,2.31,6.56,否
蔬果,0.73,1.31,1.8,否
蔬果,0.204,1.84,9,否
蔬果,0.799,3.5,5.96,否
肉禽,0.738,30.85,41.8,否
休闲,1,3.9,3.9,否
休闲,1,2.9,3.5,是
酒饮,1,11.9,11.9,否
蔬果,0.408,1.63,4,否
蔬果,0.38,1.9,5,否
蔬果,0.556,3.65,6.56,否
休闲,0.28,6.6,29.8,是
粮油,1,22.3,22.3,否
蔬果,0.346,0.89,2.56,否
蔬果,0.234,1.31,5.6,否
蔬果,0.536,2.13,3.98,否
粮油,0.822,11.34,13.8,否
粮油,1,69.9,75.9,是
酒饮,1,3,3,否
蔬果,0.186,1.45,7.8,否
蔬果,0.662,18.4,27.8,否
熟食,0.772,15.44,20,否
熟食,0.58,3.48,6,否
蔬果,0.568,18.06,31.8,否
熟食,1,1,1,否
肉禽,0.224,6.23,27.8,否
蔬果,0.208,1.25,6,否
蔬果,0.494,1.27,2.58,否
日配,1,17.9,17.9,否
蔬果,0.416,2.33,5.6,否
冲调,1,10.3,10.3,否
蔬果,0.462,5.53,11.98,否
蔬果,0.157,0.62,3.96,否
针织,1,5.5,7,是
蔬果,0.796,3.6,1.8,否
酒饮,6,39,6.5,否
洗化,1,3.9,4.7,是
洗化,1,6.9,6.9,否
日配,1,11,11,否
粮油,1,7.9,7.9,否
蔬果,0.37,5.92,16,否
蔬果,0.444,2.49,5.6,否
蔬果,0.378,1.12,2.96,否
蔬果,0.23,0.91,3.96,否
洗化,1,29.9,39.9,是
蔬果,0.312,1.25,4,否
休闲,1,5.2,6.9,是
蔬果,0.203,1.14,5.6,否
日配,0.902,6.12,6.78,否
休闲,4,6,1.5,否
蔬果,2.384,19.02,7.98,否
粮油,1,33.9,33.9,否
粮油,1,3.3,3.3,否
熟食,0.534,10.68,20,否
粮油,1,7.9,7.9,否
日配,1,8.9,12.9,是
蔬果,0.264,1.73,6.56,否
粮油,1,3.9,3.9,否
蔬果,0.336,2.01,5.98,否
日配,15,45,3.6,是
蔬果,0.329,1.64,5,否
粮油,1,9.9,9.9,否
日配,1,13.9,16.3,是
休闲,1,19.9,21.9,是
蔬果,0.884,28.11,31.8,否
蔬果,0.946,10.5,31.8,否
蔬果,0.354,5.95,16.8,否
蔬果,0.354,2.32,6.56,否
蔬果,0.982,1.92,1.96,否
蔬果,0.216,1.68,7.8,否
蔬果,0.551,3.61,6.56,否
蔬果,0.962,9.58,9.96,否
蔬果,0.098,1.18,12,否
肉禽,0.35,9.73,27.8,否
蔬果,0.244,1.9,7.8,否
蔬果,0.154,1.48,9.6,否
粮油,1,5.7,5.7,否
休闲,0.316,4.95,19,是
蔬果,0.442,13.26,30,否
蔬果,4.118,24.54,5.96,否
蔬果,1.226,7.31,5.96,否
蔬果,0.116,0.88,7.6,否
蔬果,2,4,2,否
蔬果,0.568,3.29,5.8,否
蔬果,1.194,83.58,70,否
蔬果,0.453,2.26,5,否
洗化,1,8.9,10.7,是
蔬果,2,3,1.5,否
日配,1,19.3,19.3,否
日配,0.868,5.89,6.78,否
蔬果,0.881,5.25,5.96,否
粮油,1,2.8,2.8,否
粮油,1,12.5,12.9,否
蔬果,1.004,13.2,31.8,否
日配,1,8.9,12.8,是
蔬果,0.953,3.81,4,否
蔬果,0.282,2.81,9.96,否
休闲,0.356,6.41,18,否
休闲,0.232,3.2,17.8,是
蔬果,0.524,2.1,4,否
肉禽,0.498,14.84,29.8,否
粮油,1,3.9,3.9,否
熟食,0.224,1.34,6,否
休闲,0.72,9.94,13.8,否
日配,16,29.6,2.8,是
日配,1,2.4,2.4,否
粮油,1,52.9,52.9,否
蔬果,0.828,24.84,30,否
蔬果,1,1.5,1.5,否
休闲,0.328,4.52,15.6,是
蔬果,0.808,6.43,7.96,否
蔬果,0.237,1.32,5.56,否
肉禽,1.166,48.74,41.8,否
蔬果,1.338,7.97,5.96,否
酒饮,4,8,2,否
休闲,1,5.9,5.9,否
洗化,1,11.9,11.9,否
蔬果,0.754,42.22,56,否
熟食,0.538,3.23,6,否
蔬果,0.904,2.86,3.16,否
肉禽,1.01,19.19,19,否
蔬果,1.294,3.83,2.96,否
蔬果,0.724,3.31,3.98,否
休闲,1,4.5,4.5,否
蔬果,0.956,9.52,9.96,否
蔬果,0.45,2.25,5,否
蔬果,1.058,3.36,3.18,否
针织,1,19.9,25,是
蔬果,0.55,2.75,5,否
蔬果,0.366,0.73,2,否
休闲,1,6.2,6.2,否
蔬果,0.313,4.88,15.6,否
粮油,0.5,5.4,10.8,否
蔬果,0.236,3.68,15.6,否
休闲,0.234,4.16,31.8,是
蔬果,0.228,4.56,20,否
粮油,1,3.5,5.9,是
休闲,0.14,2.77,25,是
蔬果,1.41,8.4,5.96,否
蔬果,0.464,13.92,30,否
休闲,0.186,4.46,24,否
蔬果,1.144,34.32,30,否
蔬果,0.44,13.99,31.8,否
休闲,1,3.7,3.9,是
蔬果,0.316,2.3,7.6,否
蔬果,1.04,33.07,31.8,否
蔬果,0.806,4.03,5,否
休闲,0.302,18.06,59.8,否
休闲,0.498,5.42,11.8,是
休闲,0.428,7.61,25,是
蔬果,0.612,18.36,30,否
日配,0.266,4.73,17.8,否
休闲,1,5.9,5.9,否
粮油,1,1.5,1.5,否
粮油,1,1.7,1.7,否
休闲,0.49,5.76,19.8,是
休闲,1,1.3,1.3,否
蔬果,0.834,3.34,4,否
蔬果,0.354,0.57,1.6,否
蔬果,0.135,1.3,9.6,否
蔬果,0.822,4.6,5.6,否
粮油,1,0.5,0.5,否
蔬果,0.171,1.64,9.6,否
洗化,3,17.7,7.7,是
家居,1,12,12,否
休闲,0.218,6.45,39.8,是
熟食,0.56,3.36,6,否
蔬果,0.612,18.36,30,否
日配,1.572,10.66,6.78,否
蔬果,0.418,4.16,9.96,否
蔬果,0.177,1.7,9.6,否
蔬果,0.482,8.1,16.8,否
休闲,0.402,4.74,19.8,是
蔬果,0.092,1.1,12,否
休闲,1,5.9,5.9,否
蔬果,0.802,1.44,1.8,否
蔬果,0.224,1.12,5,否
粮油,1,7.7,7.7,否
家电,1,13.3,13.3,否
蔬果,1.065,6.35,5.96,否
洗化,1,18.9,18.9,否
休闲,1,11.9,14.3,是
蔬果,0.186,1.79,9.6,否
粮油,1,4.9,4.9,否
蔬果,0.77,8.6,31.8,否
日配,1,13.9,16.3,是
蔬果,0.184,1.46,7.96,否
蔬果,0.824,4.61,5.6,否
粮油,1,0.5,0.5,否
蔬果,0.616,3.57,5.8,否
日配,1,31.7,31.7,否
日配,1.554,10.54,6.78,否
休闲,1,3,3.4,是
日配,1,19.9,19.9,否
日配,1.466,9.94,6.78,否
蔬果,0.426,0.84,1.98,否
粮油,1,2.3,2.3,否
蔬果,2,3,1.5,否
蔬果,0.248,2.98,12,否
蔬果,0.576,2.88,5,否
休闲,1,3.9,3.9,否
蔬果,0.972,5.79,5.96,否
蔬果,0.39,3.9,10,否
粮油,1,28.9,28.9,否
粮油,1,0.5,0.5,否
蔬果,1.349,8.04,5.96,否
休闲,1,2.5,2.5,否
日配,1,2.6,3,是
粮油,1,4.3,4.3,否
酒饮,8,17.6,2.2,否
洗化,1,9.9,13.9,是
日配,0.88,5.97,6.78,否
蔬果,0.25,1.25,5,否
蔬果,0.102,0.78,7.6,否
肉禽,1.414,28,19.8,否
日配,1,14.5,14.5,否
蔬果,0.358,5.69,15.9,否
粮油,1,12.3,12.3,否
休闲,1,5.9,5.9,否
粮油,0.14,17.36,124,否
休闲,1,3.9,3.9,否
休闲,1,3.5,3.5,否
蔬果,2.228,7.09,3.18,否
熟食,4,2,0.5,否
粮油,2,3.4,1.7,否
洗化,1,11.9,15.5,是
洗化,1,12.9,14.9,是
蔬果,0.754,4.19,5.56,否
休闲,1,7.9,9,是
粮油,1,9.9,13.3,是
休闲,1,15.9,15.9,否
休闲,1,7.9,7.9,否
蔬果,0.594,2.35,3.96,否
洗化,1,8.9,9.9,是
休闲,1,2.7,2.7,否
蔬果,1.522,3.9,2.56,否
蔬果,0.618,10.88,17.6,否
粮油,1,3.9,3.9,否
蔬果,0.694,6.91,9.96,否
蔬果,2.822,16.82,5.96,否
粮油,1,1.5,1.5,否
休闲,1,16.9,16.9,否
蔬果,0.372,1.89,2.58,否
熟食,2,2,1,否
粮油,9.394,52.42,5.58,否
洗化,1,5.9,7.7,是
蔬果,0.826,14.54,17.6,否
粮油,2,1,0.5,否
洗化,1,5.3,5.3,否
蔬果,0.734,1.88,2.56,否
蔬果,0.62,3.6,5.8,否
蔬果,0.572,2.86,5,否
蔬果,0.23,3,31.8,否
粮油,1,10.9,14.7,是
洗化,1,12.9,12.9,否
蔬果,1.638,28.83,17.6,否
日配,2.742,18.59,6.78,否
文体,1,3.5,3.5,否
蔬果,-0.58,-1.48,2.56,否
蔬果,0.58,1.48,2.56,否
蔬果,0.23,2.21,9.6,否
蔬果,1.006,2.58,2.56,否
蔬果,0.972,5.79,5.96,否
酒饮,1,12.3,12.3,否
蔬果,0.706,1.82,2.58,否
日配,1,4.5,4.5,否
洗化,3,38.7,17.7,是
日配,1,5.3,5.3,否
休闲,0.2,2.33,19.8,是
蔬果,0.986,29.58,30,否
蔬果,0.188,1.8,9.6,否
蔬果,0.612,1.2,1.96,否
粮油,1,10.9,14.7,是
休闲,1,8.5,10.5,是
蔬果,1,2,2,否
蔬果,0.419,12.57,30,否
蔬果,0.486,0.96,1.98,否
日配,1,16.9,16.9,否
酒饮,1,7.3,7.3,否
蔬果,0.918,29.19,31.8,否
休闲,1,11.9,14.3,是
休闲,1,4.9,4.9,否
日配,20,40,2,否
洗化,1,5.9,5.9,否
蔬果,1.028,6.74,6.56,否
蔬果,0.982,29.46,30,否
蔬果,0.988,29.64,30,否
蔬果,0.829,2.14,2.58,否
冲调,1,23.7,23.7,否
蔬果,0.172,0.86,4.98,否
休闲,1,13.9,13.9,否
肉禽,0.296,8.82,29.8,否
休闲,1,5.9,5.9,否
休闲,1,2.9,4.3,是
熟食,0.001,0.02,20,否
蔬果,0.4,2.24,5.6,否
休闲,0.394,7.8,39.8,是
酒饮,1,6.9,6.9,否
洗化,1,9.9,14.7,是
日配,12,49,5,是
家居,1,3.5,5,是
蔬果,2,40,20,否
休闲,1,8.3,8.3,否
洗化,1,5.9,5.9,否
粮油,1,9.8,9.8,否
休闲,1,2.9,2.9,否
蔬果,1.115,4.42,3.96,否
蔬果,0.713,2.4,3.96,否
蔬果,0.353,3.52,9.96,否
蔬果,0.29,7.25,25,否
粮油,10,9,1.3,是
肉禽,1.182,49.41,41.8,否
蔬果,0.884,1.77,2,否
肉禽,0.394,9.06,23,否
休闲,0.258,2.8,11.8,是
蔬果,2.102,37.42,17.8,否
粮油,1,0.5,0.5,否
蔬果,1.212,3.13,2.58,否
粮油,1,1.3,1.3,否
休闲,1,2.3,2.3,否
蔬果,0.364,4.37,12,否
休闲,0.262,3.04,19.8,是
蔬果,1.194,7.12,5.96,否
蔬果,2,3,1.5,否
蔬果,0.74,1.89,2.56,否
粮油,1,8.9,8.9,否
针织,1,19.9,30,是
日配,1,8.9,8.9,否
蔬果,0.532,16.92,31.8,否
日配,1,2.7,2.7,否
蔬果,0.176,1.4,7.96,否
蔬果,1.475,8.79,5.96,否
蔬果,0.762,2.12,2.78,否
休闲,0.214,2.9,19.8,是
蔬果,0.69,1.35,1.96,否
洗化,1,15.9,21.9,是
冲调,1,23.3,23.3,否
酒饮,1,3,3,否
蔬果,0.696,1.78,2.56,否
蔬果,1.754,10.4,3.98,否
蔬果,1.032,2.04,1.98,否
粮油,1,8.2,8.2,否
蔬果,1.049,3.31,3.16,否
蔬果,0.586,7.03,12,否
休闲,1,3.3,3.3,否
休闲,1,2,2,否
休闲,1,3.5,3.5,否
蔬果,1.347,6.73,5,否
粮油,1,5.9,5.9,否
肉禽,0.89,37.2,41.8,否
休闲,0.226,4.4,39.8,是
水产,0.422,8.27,19.6,否
蔬果,0.402,1.04,2.58,否
蔬果,0.869,5.18,5.96,否
休闲,1,6.5,6.5,否
休闲,1,2.9,4.2,是
洗化,1,11.5,15.9,是
洗化,1,9.9,16.9,是
休闲,1,6.9,6.9,否
休闲,0.11,1.51,19.8,是
蔬果,0.192,1.49,7.76,否
蔬果,2.248,13.4,5.96,否
酒饮,20,76,3.8,否
粮油,1,1,1,否
洗化,1,22,22,否
休闲,0.194,2.28,19.8,是
肉禽,1.124,46.98,41.8,否
蔬果,1.764,10.51,5.96,否
日配,1,8.9,8.9,否
休闲,1,15.9,15.9,否
蔬果,0.612,7.34,12,否
洗化,1,3.9,3.9,否
蔬果,0.798,25.38,31.8,否
蔬果,0.382,3.04,30,否
蔬果,1.43,6.52,4.56,否
蔬果,0.822,18.91,23,否
休闲,1,1.2,1.2,否
蔬果,1.5,8.94,5.96,否
日配,1,11.9,11.9,否
日配,0.778,5.27,6.78,否
日配,24,60,3,是
蔬果,0.37,2.95,7.96,否
蔬果,0.35,0.52,1.48,否
粮油,1,3.9,4.7,是
蔬果,0.894,1.61,1.8,否
日配,1,10.9,13.5,是
休闲,1,3.9,3.9,否
蔬果,0.346,1.38,4,否
休闲,1,38,38,否
蔬果,0.433,0.86,1.98,否
蔬果,0.316,3.03,9.6,否
肉禽,0.866,36.2,41.8,否
粮油,1,3.5,5.9,是
蔬果,0.418,1.08,2.58,否
粮油,1,0.5,0.5,否
蔬果,1,24,24,否
蔬果,0.554,9.75,17.6,否
粮油,1,9.9,9.9,否
洗化,1,19.9,25.9,是
日配,1,5,5,否
休闲,0.108,1.9,31.8,是
粮油,1,2.3,2.3,否
蔬果,0.376,8.65,23,否
粮油,1,7.9,7.9,否
日配,16,38.4,2.7,是
休闲,0.42,8.3,39.8,是
蔬果,1.06,33.71,31.8,否
粮油,1,1.9,6.3,是
粮油,1,6.7,6.7,否
冲调,1,3,3,否
日配,1.672,11.34,6.78,否
日配,1,14.3,14.3,否
日配,0.974,6.6,6.78,否
休闲,1,3.5,3.5,否
蔬果,0.408,0.81,1.98,否
洗化,1,7.9,9.5,是
肉禽,0.438,10.07,23,否
休闲,1,2.7,2.7,否
蔬果,0.27,4.29,15.9,否
蔬果,0.902,5.02,5.56,否
休闲,1,0.5,0.5,否
肉禽,1.576,31.2,19.8,否
休闲,1,2.8,2.8,否
休闲,1,3.2,4.9,是
蔬果,0.188,2.93,15.6,否
日配,12,49,5.5,是
蔬果,0.616,34.5,56,否
休闲,1,2.3,2.3,否
肉禽,0.584,11.56,19.8,否
熟食,4,2,0.5,否
蔬果,0.06,0.48,7.96,否
休闲,0.282,5.58,19.8,否
日配,1,3.5,3.7,否
针织,1,19.9,30,是
蔬果,0.71,7.07,9.96,否
蔬果,1.058,31.74,30,否
蔬果,0.372,5.95,16,否
粮油,1,6.9,6.9,否
休闲,1,59,59,否
休闲,0.218,6.06,39.6,是
休闲,0.168,2.99,31.8,是
蔬果,1.289,5.13,5.96,否
蔬果,0.598,5.96,5,否
日配,1,13.9,16.3,是
休闲,1,10.9,10.9,否
蔬果,0.43,12.9,30,否
蔬果,0.464,3.62,7.8,否
洗化,1,6.9,7.9,是
蔬果,0.522,13.05,25,否
粮油,2,1,0.5,否
洗化,1,17.9,19.9,是
洗化,1,11.5,15.9,是
蔬果,0.566,3.28,5.8,否
休闲,1,12.9,12.9,否
蔬果,0.759,4.98,6.56,否
休闲,0.5,5.9,19.8,是
日配,2.51,17.02,6.78,否
肉禽,0.524,10.38,19.8,否
蔬果,0.563,6.76,12,否
熟食,2,2,1,否
肉禽,3.008,89.64,29.8,否
粮油,1,3.5,5.9,是
熟食,0.545,3.27,6,否
肉禽,1.806,35.76,19.8,否
休闲,0.474,5.56,19.8,是
熟食,4,4,1,否
蔬果,0.392,1,2.56,否
粮油,1,6.9,6.9,否
蔬果,1.232,7.34,5.96,否
粮油,1,1,1,否
休闲,1,13.5,13.5,否
蔬果,0.858,2.21,2.58,否
日配,1,10.8,10.8,否
休闲,1,5.9,5.9,否
休闲,1,7.9,7.9,否
蔬果,0.614,3.56,5.8,否
蔬果,1.972,11.75,5.96,否
蔬果,0.182,1.06,5.8,否
肉禽,1.116,46.65,41.8,否
休闲,1,5.5,5.5,否
休闲,0.294,3.46,19.8,是
蔬果,0.316,3.03,9.6,否
蔬果,0.442,13.26,30,否
蔬果,0.934,9.3,9.96,否
蔬果,0.65,36.4,56,否
休闲,1,4.9,4.9,否
粮油,2.686,12.83,5.58,否
休闲,1,2.5,2.5,否
休闲,0.366,10.1,39.6,是
休闲,0.126,1.7,19.8,是
熟食,2,2,1,否
蔬果,2,3,1.5,否
日配,1,4.9,4.9,否
蔬果,0.564,1.13,2,否
水产,0.714,21.42,30,否
熟食,2,1,0.5,否
休闲,1,1.1,1.1,否
休闲,1,6.9,6.9,否
蔬果,0.064,0.38,9.6,否
蔬果,0.392,11.76,30,否
休闲,0.25,4.45,25.8,是
蔬果,0.93,5.54,5.96,否
休闲,1,5.3,5.9,是
粮油,1,10.9,14.7,是
蔬果,0.692,6.64,9.6,否
蔬果,1.044,6.22,5.96,否
熟食,0.656,3.94,6,否
家居,1,55,55,否
肉禽,0.99,41.38,41.8,否
蔬果,0.502,15.06,30,否
休闲,1,3.2,4.9,是
粮油,1,6.7,6.7,否
休闲,1,9.8,11.5,是
日配,1.54,10.44,6.78,否
蔬果,0.778,21.63,27.8,否
蔬果,0.162,0.64,3.96,否
蔬果,0.412,3.13,7.6,否
蔬果,0.496,0.98,1.98,否
熟食,1,1,1,否
蔬果,1.972,11.75,5.96,否
蔬果,0.628,19.97,31.8,否
蔬果,4,6,1.5,否
蔬果,0.618,1.24,2,否
蔬果,0.522,8.3,15.9,否
休闲,1,2.7,2.7,否
蔬果,0.24,1.86,7.76,否
日配,1,10.8,10.8,否
蔬果,0.62,4.07,6.56,否
蔬果,1.596,47.88,30,否
冲调,1,3,3,否
休闲,1,6.5,6.5,否
休闲,1,9.9,9.9,否
肉禽,1.702,71.14,41.8,否
蔬果,0.281,1.84,6.56,否
蔬果,0.688,5.49,30,否
蔬果,0.082,0.79,9.6,否
日配,1.756,11.91,6.78,否
休闲,1,10.9,10.9,否
蔬果,0.618,1.59,2.58,否
休闲,-1,-15.9,15.9,否
肉禽,1.434,42.73,29.8,否
日配,6,12,2,否
蔬果,0.172,0.3,1.76,否
蔬果,0.504,0.99,1.96,否
粮油,1,3.5,5.9,是
休闲,1,5.9,5.9,否
蔬果,1.194,35.82,30,否
酒饮,1,8.9,8.9,否
休闲,0.65,12.8,39.8,是
粮油,1,2,2,否
蔬果,1.058,29.41,27.8,否
休闲,1,7.5,7.5,否
蔬果,0.54,17.17,31.8,否
熟食,-1,-1,1,否
肉禽,1.708,71.39,41.8,否
蔬果,0.395,0.58,1.48,否
洗化,1,11.9,15.5,是
休闲,1,2,2,否
蔬果,0.784,4.55,5.8,否
日配,1,1.8,1.8,否
粮油,1,7.5,7.5,否
蔬果,2.232,8.88,3.98,否
蔬果,0.588,3.41,5.8,否
肉禽,1.016,42.47,41.8,否
粮油,1,67.9,85.9,是
蔬果,0.854,8.51,9.96,否
粮油,0.258,2.53,9.8,否
蔬果,0.564,12.97,23,否
日配,3,10.5,3.5,否
蔬果,1.386,3.55,2.56,否
蔬果,1.59,12.08,7.6,否
蔬果,0.555,3.22,5.8,否
蔬果,0.871,20.03,23,否
休闲,0.554,9.86,25,是
洗化,1,5.3,5.3,否
蔬果,0.61,19.4,31.8,否
粮油,1,3.7,3.7,否
粮油,1,3.8,3.8,否
休闲,1,3.9,3.9,否
蔬果,0.518,2.59,5,否
蔬果,0.746,1.91,2.56,否
蔬果,0.914,3.64,3.98,否
粮油,1,3.3,3.3,否
洗化,1,9.9,9.9,否
洗化,1,4.7,4.7,否
洗化,1,8.7,8.7,否
蔬果,0.628,19.97,31.8,否
粮油,3.568,19.91,5.58,否
粮油,1,0.5,0.5,否
日配,1,9.8,9.8,否
休闲,1,8.3,8.3,否
蔬果,0.773,3.85,6.56,否
蔬果,0.632,11.12,17.6,否
蔬果,1.59,5.4,1.96,否
熟食,0.152,11.55,76,否
休闲,0.228,2.69,19.8,是
水产,0.318,10.11,31.8,否
休闲,1,29.9,29.9,否
休闲,0.462,5.45,19.8,是
蔬果,0.731,1.43,1.96,否
蔬果,0.554,13.85,25,否
粮油,12,38.4,3.2,否
休闲,0.122,1.68,19.8,是
蔬果,0.348,2.08,5.98,否
蔬果,1.43,8.52,5.96,否
蔬果,0.917,1.83,2,否
肉禽,0.612,12.12,19.8,否
蔬果,0.78,23.4,30,否
洗化,2,298,149,否
蔬果,1.251,7.46,5.96,否
肉禽,0.868,36.28,41.8,否
日配,1,31.7,31.7,否
蔬果,0.286,1.13,3.96,否
日配,1,2.3,2.3,否
蔬果,0.295,1.71,5.8,否
休闲,1,5.2,5.2,否
日配,1,6.9,6.9,否
蔬果,1.052,2.06,1.96,否
蔬果,0.269,2.58,9.6,否
蔬果,0.652,15,23,否
蔬果,1.284,7.65,5.96,否
水产,0.582,17.46,30,否
日配,0.79,5.36,6.78,否
休闲,1,3.2,3.2,否
蔬果,0.21,1.38,6.56,否
熟食,4,2,0.5,否
蔬果,2.156,12.85,5.96,否
休闲,1,10.4,10.4,否
蔬果,0.776,13.81,17.8,否
蔬果,0.465,1.86,4,否
休闲,1,5.9,5.9,否
洗化,1,12.9,14.9,是
蔬果,0.574,1.48,2.58,否
洗化,1,9.9,15.9,是
粮油,1,17.3,17.3,否
粮油,1,7.5,7.5,否
蔬果,0.309,1.24,4,否
休闲,0.144,3.43,23.8,否
休闲,1,5.9,5.9,否
日配,4,11.2,2.8,否
休闲,1,11.5,17,是
休闲,1,3.3,3.3,否
蔬果,0.562,3.69,6.56,否
粮油,-1,-10.9,10.9,否
蔬果,0.696,1,6.56,否
休闲,1,16.9,16.9,否
蔬果,0.634,0.94,1.48,否
粮油,1,7.9,7.9,否
蔬果,0.25,0.99,3.96,否
熟食,0.542,3.25,6,否
日配,16,32.8,2.7,是
冲调,7,34.3,4.9,否
蔬果,0.424,7.12,16.8,否
蔬果,0.55,1.42,2.58,否
日配,1,14.9,14.9,否
日配,1,7.7,7.7,否
粮油,1,14.7,14.7,否
休闲,1,29.9,29.9,否
文体,1,1.9,1.9,否
日配,1,8.9,12.9,是
蔬果,0.748,22.44,30,否
粮油,1,10.9,14.7,是
粮油,1,4.8,4.8,否
蔬果,0.933,1.85,1.98,否
粮油,1,16.3,16.3,否
蔬果,0.295,1.71,5.8,否
蔬果,0.256,1.43,5.6,否
日配,1,13.9,16.3,是
蔬果,2.553,15.22,5.96,否
酒饮,1,3.5,3.5,否
洗化,1,8,9.7,是
蔬果,0.298,1.18,3.96,否
日配,1,18.3,18.3,否
蔬果,0.172,1.65,9.6,否
蔬果,0.282,2.54,9,否
蔬果,0.376,0.75,2,否
日配,1,6.3,6.3,否
蔬果,0.497,1.69,2.56,否
蔬果,0.852,2.2,2.58,否
蔬果,0.276,2.65,9.6,否
粮油,1,9.5,9.5,否
蔬果,0.532,2.13,4,否
日配,0.762,5.17,6.78,否
日配,1,2.3,2.3,否
蔬果,1.255,8.23,6.56,否
蔬果,0.281,1.57,5.6,否
蔬果,0.302,1.2,3.96,否
洗化,1,12.9,12.9,否
熟食,0.546,10.92,20,否
洗化,1,5.7,5.7,否
粮油,1,8.9,8.9,否
休闲,0.222,4,18,否
冲调,1,3,3,否
休闲,1,4.3,4.3,否
蔬果,0.346,3.11,9,否
酒饮,1,7.5,7.5,否
蔬果,0.288,2.87,9.96,否
洗化,1,18.9,24.9,是
日配,1,9.7,9.7,否
文体,1,9.3,9.3,否
休闲,1,3.5,3.5,否
休闲,1,9.9,9.9,否
休闲,1,4.3,4.3,否
蔬果,0.469,0.93,1.98,否
蔬果,0.22,2.19,9.96,否
蔬果,1.23,7.33,5.96,否
休闲,1,9.9,9.9,否
粮油,1,9.5,9.5,否
洗化,1,7.2,7.2,否
蔬果,0.296,0.94,3.16,否
粮油,1.574,8.78,5.58,否
蔬果,2.15,12.81,5.96,否
粮油,2.026,9.65,5.58,否
蔬果,0.892,5.85,6.56,否
蔬果,0.342,1.49,6.56,否
粮油,1,6.7,6.7,否
粮油,1,3.9,3.9,否
洗化,1,11.9,11.9,否
冲调,1,50.9,50.9,否
蔬果,1.507,3.86,2.56,否
日配,1,8.9,12.9,是
蔬果,0.3,2.7,9,否
蔬果,0.538,9.47,17.6,否
洗化,1,5.9,7.7,是
蔬果,0.436,1.66,3.8,否
洗化,1,4.3,4.3,否
休闲,1,9.9,9.9,否
粮油,1,7.3,7.3,否
洗化,1,4.9,4.9,否
蔬果,0.716,2.84,3.96,否
休闲,1,2.9,2.9,否
蔬果,0.44,1.76,4,否
蔬果,0.544,17.3,31.8,否
洗化,1,17.9,20.7,是
肉禽,0.302,9,29.8,否
蔬果,0.466,0.84,1.8,否
粮油,1,21.8,21.8,否
蔬果,0.18,9,50,否
酒饮,1,12,12,否
粮油,1,7.9,7.9,否
休闲,0.328,9.75,39.8,是
洗化,1,5.5,6.7,是
蔬果,0.342,1.98,5.8,否
文体,1,3,3,否
休闲,1,4,4,否
洗化,1,19.7,19.7,否
粮油,1,3.9,4.7,是
蔬果,0.422,6.71,15.9,否
蔬果,0.356,2.06,5.8,否
熟食,0.001,0.02,20,否
休闲,0.36,10,39.6,是
冲调,1,1.5,1.5,否
洗化,1,13.9,13.9,否
粮油,1,3.5,5.9,是
肉禽,0.38,11.32,29.8,否
蔬果,0.274,2.63,9.6,否
洗化,1,1.5,1.5,否
休闲,1,3.3,3.3,否
蔬果,0.264,2.06,7.8,否
休闲,1,3.9,3.9,否
休闲,0.494,9.77,39.8,是
蔬果,0.578,1.16,2,否
粮油,1,18.9,18.9,否
日配,0.838,5.68,6.78,否
休闲,1,8.9,8.9,否
洗化,1,10.7,10.7,否
蔬果,0.53,2.95,5.56,否
蔬果,0.376,3.61,9.6,否
蔬果,0.706,1.4,1.98,否
粮油,-1,-9.5,9.5,否
蔬果,0.276,2.47,3.96,否
洗化,1,6.9,6.9,否
蔬果,0.766,5.02,6.56,否
粮油,1,10.9,10.9,否
日配,1,9.9,9.9,否
休闲,1,6.9,6.9,否
蔬果,0.344,1.31,3.8,否
蔬果,0.183,1.06,5.8,否
蔬果,1,4.98,4.98,否
蔬果,0.51,10.09,70,否
休闲,1,6.9,9.5,是
酒饮,4,10.8,2.7,否
蔬果,0.411,9.45,23,否
粮油,1,2.3,2.3,否
洗化,1,8.9,8.9,否
休闲,1,5.3,5.9,是
蔬果,1.025,6.11,5.96,否
肉禽,0.47,13.07,27.8,否
日配,16,29.6,2.8,是
蔬果,0.344,10.94,31.8,否
蔬果,1.004,70.28,70,否
粮油,1,21.9,21.9,否
蔬果,0.368,20.61,56,否
休闲,1,2.7,2.7,否
蔬果,1.128,7.4,6.56,否
粮油,1,3,3,否
洗化,1,11.5,15.9,是
酒饮,1,2.5,2.5,否
家居,1,8,8,否
蔬果,0.257,2.56,9.96,否
洗化,1,12.9,12.9,否
蔬果,0.156,2.43,15.6,否
洗化,1,12.9,14.5,是
酒饮,1,2.8,2.8,否
粮油,1,10.9,14.7,是
蔬果,0.27,0.7,2.58,否
休闲,0.228,3.14,19.8,是
休闲,0.26,3.56,19.8,是
冲调,1,1.5,1.5,否
日配,1,8.9,12.8,是
蔬果,1.24,34.47,27.8,否
休闲,1,6.9,6.9,否
肉禽,0.64,17.79,27.8,否
蔬果,0.724,21.72,30,否
日配,0.947,6.42,6.78,否
蔬果,0.721,1.43,1.98,否
日配,1,3.5,3.5,否
休闲,1,2.9,4.3,是
酒饮,4,13.2,3.3,否
蔬果,0.114,1.09,9.6,否
休闲,1,9.9,9.9,否
蔬果,0.238,2.28,9.6,否
粮油,1,2.3,2.3,否
蔬果,0.288,2.25,7.8,否
粮油,1,9.5,9.5,否
熟食,4,2,0.5,否
蔬果,0.464,0.92,1.98,否
洗化,1,7.9,7.9,否
休闲,1,0.5,0.5,否
洗化,1,15.9,19.9,是
粮油,1,0.5,0.5,否
蔬果,0.117,1.83,15.6,否
针织,2,5,2.5,否
洗化,1,2,2,否
酒饮,1,3.8,3.8,否
蔬果,1.01,4.04,4,否
休闲,1,13.9,19.8,是
日配,1,1.5,1.5,否
蔬果,0.91,2.35,2.58,否
蔬果,0.271,1.36,5,否
蔬果,0.291,0.99,4,否
蔬果,0.382,2.98,7.8,否
蔬果,0.504,0.91,1.8,否
蔬果,0.808,2.07,2.56,否
粮油,1,9.5,9.5,否
粮油,1,8.2,8.2,否
粮油,1,3.7,3.7,否
蔬果,0.126,1.21,9.6,否
蔬果,0.602,1.19,1.98,否
洗化,1,3.9,3.9,否
蔬果,0.324,1.62,5,否
粮油,1,1,1,否
酒饮,1,2.8,2.8,否
洗化,1,3.9,4.9,是
粮油,1,5.3,5.3,否
洗化,1,8.9,10.7,是
熟食,0.001,0.02,20,否
蔬果,1.026,32.63,31.8,否
蔬果,0.468,2.6,5.56,否
蔬果,0.23,1.37,5.96,否
酒饮,1,2.7,2.7,否
蔬果,0.67,1.33,1.98,否
熟食,0.412,23.07,56,否
蔬果,0.554,1.76,3.18,否
休闲,1,4.3,4.3,否
蔬果,0.431,1.71,3.96,否
洗化,1,12.9,12.9,否
洗化,1,6.7,6.7,否
蔬果,0.888,5.83,6.56,否
日配,1,13.9,16.3,是
蔬果,1.576,11.98,7.6,否
熟食,0.422,2.53,6,否
日配,1.136,7.7,6.78,否
日配,1.074,20.62,19.2,否
蔬果,0.246,0.97,3.96,否
蔬果,0.632,14.54,23,否
酒饮,1,2,3,是
日配,24,48,3,是
休闲,1,8.5,8.5,否
蔬果,0.54,16.2,30,否
蔬果,0.64,4.2,6.56,否
文体,1,3,3,否
蔬果,0.274,0.8,2.78,否
蔬果,0.352,3.38,9.6,否
蔬果,0.206,1.6,7.76,否
粮油,1,1.9,1.9,否
水产,0.965,7.7,7.98,否
蔬果,0.318,1.84,5.8,否
粮油,1,13.9,13.9,否
休闲,1,8.5,8.5,否
休闲,1,3.5,3.5,否
蔬果,0.89,26.7,30,否
粮油,1,3.9,3.9,否
蔬果,0.572,1.13,1.98,否
粮油,1,3.5,5.9,是
洗化,1,4.9,4.9,否
蔬果,1.144,6.82,5.96,否
蔬果,0.794,2.05,2.58,否
粮油,1,5.7,5.7,否
肉禽,0.34,10.13,29.8,否
日配,1,8.9,12.9,是
粮油,1,8.9,8.9,否
日配,24,48,3,是
洗化,1,12.9,14.5,是
蔬果,0.388,3.03,7.8,否
蔬果,0.26,2.03,7.8,否
粮油,1,12.9,12.9,否
粮油,2,19.8,13.9,是
洗化,1,6.7,6.7,否
洗化,1,17.9,20.7,是
蔬果,0.462,0.91,1.96,否
粮油,1,4.3,4.3,否
粮油,1,9.5,9.5,否
休闲,1,1,1,否
休闲,1,5.3,5.9,是
粮油,4,39.6,13.3,是
蔬果,0.316,3.76,20,否
蔬果,0.718,21.54,30,否
蔬果,0.169,2.64,15.6,否
粮油,1,14.7,14.7,否
日配,0.842,5.71,6.78,否
洗化,1,11.5,15.9,是
蔬果,0.608,19.33,31.8,否
蔬果,0.589,3.53,6,否
粮油,1,6.5,6.9,否
水产,0.524,16.66,31.8,否
粮油,1,2.3,2.3,否
酒饮,1,8.5,11,是
休闲,0.302,14.44,47.8,否
蔬果,0.3,2.99,9.96,否
蔬果,0.378,3.76,9.96,否
休闲,1,2.7,3.5,是
休闲,1,7.5,7.5,否
日配,1,2.3,2.3,否
蔬果,0.392,3.53,9,否
休闲,1,5.3,5.3,否
粮油,1,6.9,6.9,否
日配,1,8.6,8.6,否
粮油,1,29.9,27.9,是
蔬果,0.19,3.8,20,否
洗化,1,9.9,9.9,否
蔬果,0.85,27.03,31.8,否
粮油,1,1.7,1.7,否
休闲,1,3,3.4,是
洗化,2,11.2,6.3,是
粮油,1,4.3,4.3,否
蔬果,0.458,4.12,9,否
熟食,0.208,18.72,90,否
日配,1,59,76,是
蔬果,0.877,1.74,1.98,否
休闲,1,2.9,4.3,是
蔬果,0.834,25.02,30,否
粮油,1,11.5,14.7,是
酒饮,1,6.9,6.9,否
洗化,1,17.9,20.7,是
粮油,1,7.7,7.7,否
蔬果,0.195,1.87,9.6,否
文体,1,9.3,9.3,否
休闲,0.256,3.53,19.8,是
休闲,1,32.8,49.8,是
粮油,1,20.9,33.7,是
蔬果,0.734,1.45,1.98,否
蔬果,0.65,4.26,6.56,否
日配,0.314,5.59,17.8,否
粮油,1,13.9,13.9,否
冲调,1,19.9,19.9,否
蔬果,0.858,2.54,2.96,否
粮油,1,5.9,5.9,否
休闲,1,23.9,23.9,否
日配,16,32.8,2.7,是
休闲,1,4.3,4.3,否
蔬果,0.364,5.82,16,否
蔬果,0.286,1.88,6.56,否
蔬果,0.915,5.12,5.6,否
蔬果,0.704,1.39,1.98,否
洗化,1,11.9,15.5,是
休闲,1,15.9,15.9,否
蔬果,0.518,7,2,否
蔬果,0.678,10.78,15.9,否
蔬果,1.744,3.42,1.96,否
休闲,1,32.8,49.8,是
日配,0.498,16.23,32.6,否
蔬果,1,1.5,1.5,否
休闲,1,4.2,4.2,否
蔬果,0.442,4.4,9.96,否
蔬果,0.698,1.38,1.98,否
酒饮,1,10.3,10.3,否
蔬果,0.811,5.32,6.56,否
蔬果,0.364,4.94,20,否
蔬果,0.266,4.15,15.6,否
熟食,0.234,21.06,90,否
家电,1,19.9,35,是
日配,1,9.9,9.9,否
日配,1,4.9,4.9,否
休闲,0.426,5,19.8,是
休闲,0.636,25.18,51.6,否
粮油,1,6.5,7.7,是
休闲,1,1.7,1.7,否
日配,1,3.9,6,是
洗化,1,3,3.7,是
蔬果,0.444,2.91,6.56,否
蔬果,0.266,1.6,6,否
蔬果,0.882,26.46,30,否
熟食,0.53,3.18,6,否
洗化,1,15.9,24.9,是
蔬果,0.586,17.58,30,否
蔬果,0.392,11.76,30,否
蔬果,0.354,0.71,2,否
蔬果,0.322,3.09,9.6,否
蔬果,1.028,6.74,6.56,否
熟食,0.544,3.26,6,否
酒饮,1,12,12,否
日配,16,32.8,2.7,是
日配,1,7.7,7.7,否
日配,1,40.9,40.9,否
休闲,0.132,1.5,19.8,是
休闲,1,1,1,否
粮油,1,7.9,7.9,否
日配,24,48,3,是
洗化,1,9.8,11.9,是
蔬果,0.554,1.42,2.56,否
休闲,1,3.9,3.9,否
肉禽,0.582,17.34,29.8,否
蔬果,0.616,3.08,5,否
日配,12,49.9,5.5,是
休闲,1,1,1,否
蔬果,1.002,5.97,5.96,否
日配,12,49,5,是
粮油,1,3.2,3.2,否
休闲,1,4.2,4.2,否
肉禽,1.362,26.97,19.8,否
粮油,1,9.5,9.5,否
粮油,1,4.3,4.3,否
休闲,1,4.5,4.5,否
休闲,1,5.3,5.3,否
蔬果,0.592,5.9,9.96,否
休闲,0.816,9.62,17.8,是
蔬果,0.516,15.48,30,否
蔬果,0.344,2.61,7.6,否
蔬果,0.244,4.88,20,否
日配,1,3,3.3,否
休闲,0.11,5.7,51.8,否
酒饮,1,2.9,2.9,否
蔬果,0.35,0.56,1.6,否
粮油,1,14.9,14.9,否
休闲,1,2.9,4.3,是
休闲,1,2.9,4.3,是
休闲,1,1,1,否
粮油,0.16,11.2,70,否
蔬果,0.326,1.96,6,否
洗化,1,7.9,8.9,是
针织,1,19.9,25,是
粮油,1,12.9,12.9,否
针织,1,30,30,否
休闲,1,2.9,4.3,是
蔬果,1.178,2.33,1.98,否
蔬果,1.591,4.07,2.56,否
日配,1,8,8,否
蔬果,0.623,2.47,3.96,否
熟食,0.437,2.62,6,否
蔬果,0.307,1.22,3.96,否
休闲,1,6.7,6.7,否
家居,1,10,10,否
粮油,1,12.9,12.9,否
蔬果,0.526,3.77,12,否
蔬果,0.422,13.42,31.8,否
日配,12,49.9,5.5,是
酒饮,1,6.9,6.9,否
酒饮,1,5,5,否
休闲,0.276,13.19,47.8,否
蔬果,0.804,1.45,1.8,否
休闲,0.512,9.11,31.8,是
熟食,0.216,19.44,90,否
日配,1,12.9,14.9,是
蔬果,1.294,7.71,5.96,否
酒饮,2,5,2.5,否
酒饮,1,8.9,10.7,是
休闲,1,3.9,3.9,否
熟食,0.58,3.48,6,否
日配,1,13.9,13.9,否
洗化,1,11.9,15.5,是
粮油,1,4.7,4.7,否
洗化,1,11.9,11.9,否
蔬果,0.398,6.33,15.9,否
休闲,1,1,1,否
蔬果,0.539,3.21,5.96,否
家居,1,3.5,3.5,否
蔬果,0.642,11.3,17.6,否
休闲,1,2.9,4.2,是
酒饮,1,3,3,否
蔬果,0.71,1.39,1.96,否
蔬果,0.814,2.57,3.16,否
粮油,1,5.9,5.9,否
日配,2.247,15.23,6.78,否
蔬果,1,2,2,否
熟食,0.691,4.15,6,否
粮油,1,13.5,19.9,是
洗化,1,18.9,18.9,否
洗化,1,3.9,3.9,否
洗化,1,8.5,9.9,是
针织,1,16,16,否
蔬果,0.404,2.57,5.98,否
蔬果,0.51,3.06,6,否
蔬果,0.56,5.58,9.96,否
针织,1,9,9,否
日配,1,6.9,6.9,否
蔬果,0.183,1.76,9.6,否
蔬果,0.655,19.65,30,否
休闲,1,2.7,3.5,是
休闲,0.208,4.12,19.8,否
休闲,0.5,6.9,19.8,是
休闲,1,3.9,3.9,否
蔬果,0.574,1.7,2.96,否
酒饮,1,14,14,否
休闲,1,6.7,6.7,否
蔬果,0.388,12.34,31.8,否
酒饮,1,2.9,2.9,否
家居,1,25,25,否
蔬果,0.534,1.05,1.96,否
肉禽,1.82,43.32,23.8,否
蔬果,0.492,4.9,9.96,否
日配,1,4.9,4.9,否
蔬果,0.6,4.68,7.8,否
蔬果,0.39,3.74,9.6,否
日配,0.806,5.46,6.78,否
蔬果,0.497,4.77,9.6,否
日配,1,11.8,11.8,否
休闲,1,5.3,5.3,否
粮油,1,9.9,9.9,否
休闲,1,4.9,4.9,否
休闲,1,9.9,9.9,否
蔬果,0.534,1.07,2,否
洗化,1,19.9,24.9,是
休闲,1,1.5,1.5,否
粮油,0.152,13.65,89.8,否
洗化,1,4.9,4.9,否
日配,1,5.5,5.5,否
熟食,2,2,1,否
日配,1,11.9,11.9,否
蔬果,1.791,11.75,6.56,否
蔬果,0.74,3.68,5.6,否
蔬果,0.444,0.89,2,否
日配,1,5.5,5.5,否
粮油,1,1.9,1.9,否
休闲,0.384,4.53,13.8,是
蔬果,0.992,5.91,5.96,否
休闲,1,4.7,4.7,否
蔬果,0.378,0.56,1.48,否
蔬果,0.669,1.71,2.56,否
日配,1,10.7,10.7,否
粮油,1,12.9,12.9,否
冲调,2,163.8,81.9,否
蔬果,0.432,2.83,6.56,否
休闲,1,3.5,3.5,否
酒饮,1,5.5,5.5,否
洗化,1,39.9,51.9,是
日配,1,11.9,14.9,是
蔬果,0.118,1.42,12,否
洗化,1,6.9,6.9,否
熟食,0.562,3.37,6,否
蔬果,0.214,1.24,5.8,否
蔬果,0.84,13.44,16,否
休闲,1,6.9,6.9,否
洗化,1,7.9,7.9,否
蔬果,0.278,2.67,9.6,否
休闲,1,14.9,14.9,否
洗化,1,11.9,15.5,是
蔬果,0.608,1.57,2.58,否
熟食,0.568,3.41,6,否
蔬果,1.331,15.95,11.98,否
水产,0.346,11,31.8,否
日配,12,49,5.5,是
休闲,0.208,2.4,17.8,是
蔬果,0.224,3.49,15.6,否
休闲,0.196,21.56,110,否
休闲,1,14.5,14.5,否
蔬果,0.359,2.36,6.56,否
休闲,1,4.5,4.5,否
休闲,1,1,1,否
洗化,1,8.9,10.7,是
蔬果,0.44,2.55,5.8,否
休闲,1,12.9,12.9,否
休闲,0.426,5,19.8,是
粮油,1,20.3,20.3,否
日配,1,8.9,12.9,是
休闲,1,4.5,4.5,否
酒饮,1,8.7,8.7,否
蔬果,0.242,1.84,7.6,否
粮油,1,4.8,4.8,否
冲调,1,23.3,23.3,否
蔬果,0.565,1.12,1.98,否
粮油,5,2.5,0.5,否
休闲,1,2.5,2.5,否
蔬果,0.664,1.71,2.58,否
蔬果,0.17,1.53,9,否
休闲,0.27,4.8,31.8,是
酒饮,1,53,53,否
日配,1,14.3,14.3,否
日配,1,7.7,7.7,否
蔬果,0.718,21.54,30,否
洗化,1,8,9.7,是
蔬果,0.272,5.44,20,否
家居,1,19.9,29,是
蔬果,0.278,3.33,9,否
蔬果,0.402,2.64,6.56,否
休闲,1,15.9,15.9,否
休闲,1,6.5,6.5,否
洗化,1,9.9,13.9,是
休闲,1,9.9,9.9,否
酒饮,1,2.5,2.5,否
酒饮,1,2.5,2.5,否
酒饮,1,2,2,否
蔬果,0.572,5.7,9.96,否
酒饮,1,4.5,4.5,否
休闲,1,2.7,3.5,是
蔬果,0.528,3.46,6.56,否
蔬果,0.378,3.63,9.6,否
蔬果,0.512,0.7,6.56,否
休闲,1,116,116,否
家居,1,16,16,否
针织,1,11,11,否
蔬果,2.422,19.28,7.96,否
酒饮,1,60,60,否
日配,12,49,5.5,是
洗化,1,9.9,9.9,否
洗化,1,11.5,15.9,是
洗化,1,8.9,8.9,否
洗化,1,7.9,8.9,是
粮油,1,16.9,16.9,否
休闲,1,2.9,2.9,否
休闲,1,8,8,否
休闲,1,19.9,19.9,否
休闲,1,5.5,5.5,否
日配,1,10.8,14.9,是
蔬果,0.208,2,9.6,否
蔬果,0.136,0.89,6.56,否
熟食,2,2,1,否
洗化,1,5.9,5.9,否
休闲,1,4.2,4.2,否
酒饮,1,8.9,10.7,是
冲调,1,22.3,22.3,否
蔬果,0.27,2.59,9.6,否
日配,1.176,7.97,6.78,否
家居,1,13,13,否
休闲,1,10.9,10.9,否
蔬果,0.796,23.88,30,否
蔬果,1.189,7.09,5.96,否
粮油,1,17.3,17.3,否
休闲,1,10.9,10.9,否
酒饮,1,6,6,否
洗化,1,32.9,32.9,否
粮油,1,1,1.5,否
休闲,1,3.9,3.9,否
休闲,1,4,4,否
蔬果,1.434,25.24,17.6,否
休闲,2,2,1,否
洗化,1,15.9,21.9,是
洗化,1,5.7,5.7,否
酒饮,1,7.7,7.7,否
洗化,1,4.3,4.3,否
蔬果,3.006,17.98,5.98,否
蔬果,0.55,2.75,5,否
休闲,1,9.9,9.9,否
家居,1,6,6,否
蔬果,1.734,48.21,27.8,否
日配,1,13.9,13.9,否
酒饮,1,7.5,7.5,否
休闲,1,3.9,3.9,否
蔬果,0.508,2.54,5,否
蔬果,2.523,10.04,3.98,否
蔬果,1.351,8.05,5.96,否
日配,4,19.6,4.9,否
酒饮,1,3,3,否
日配,12,42,3.5,否
粮油,1,2.7,2.7,否
日配,1,5.3,5.3,否
粮油,1,11.7,11.7,否
日配,1,15.9,21.9,是
休闲,1,5.7,5.7,否
酒饮,1,5.7,5.7,否
日配,1,6.6,6.6,否
酒饮,1,1.5,1.5,否
蔬果,0.326,2.59,7.96,否
蔬果,0.8,22.24,27.8,否
粮油,4,14,5.9,是
粮油,1,5.5,5.5,否
粮油,1,3.8,3.8,否
休闲,0.172,2.37,13.8,否
休闲,1,14.9,14.9,否
休闲,1,7,7,否
休闲,0.216,13.78,73.8,是
蔬果,0.96,1.9,1.98,否
洗化,1,11.9,11.9,否
休闲,1,4.7,4.7,否
蔬果,0.251,1.41,5.6,否
日配,1,3.9,4.9,是
休闲,0.148,8.26,55.8,否
冲调,1,12.9,12.9,否
蔬果,0.596,1.18,1.98,否
粮油,1,1.3,1.3,否
蔬果,0.687,1.77,2.58,否
洗化,1,4.9,4.9,否
休闲,1,8.3,8.3,否
蔬果,0.984,7.8,30,否
休闲,1,6.9,6.9,否
休闲,1,3.2,3.2,否
酒饮,1,22,22,否
酒饮,1,5.5,5.5,否
粮油,1,10,10,否
粮油,1,2.9,2.9,否
蔬果,1.278,10.2,7.98,否
家居,1,13,13,否
蔬果,0.818,4.74,5.8,否
蔬果,0.227,0.4,1.76,否
粮油,1,9.5,9.5,否
休闲,0.308,15.89,51.6,否
休闲,0.108,6.91,64,否
家居,1,45,45,否
蔬果,0.248,4.46,18,否
蔬果,0.717,4.16,5.8,否
休闲,1,3.5,3.5,否
肉禽,0.344,12.32,35.8,否
粮油,1,5.5,5.5,否
休闲,1,6.3,6.3,否
蔬果,0.476,14.28,30,否
休闲,1,5.9,5.9,否
粮油,1,6.9,6.9,否
粮油,1,8.9,8.9,否
休闲,1,4.9,4.9,否
酒饮,1,6.5,6.5,否
粮油,1,4.7,4.7,否
粮油,1,39.7,39.7,否
冲调,1,27.7,27.7,否
冲调,1,80.9,80.9,否
蔬果,0.776,1.99,2.56,否
蔬果,0.45,2.61,5.8,否
休闲,1,8.9,8.9,否
蔬果,0.756,22.68,30,否
洗化,1,1.7,1.7,否
粮油,1,9.5,9.5,否
蔬果,0.634,1.26,1.98,否
粮油,1,4.9,4.9,否
休闲,1,6.9,6.9,否
粮油,5,2.5,0.5,否
蔬果,0.273,4.26,15.6,否
蔬果,0.534,16.02,30,否
日配,5,42,10.4,是
蔬果,0.66,6.34,9.6,否
洗化,1,6.9,6.9,否
粮油,1,6.9,6.9,否
家居,1,20,20,否
洗化,1,12.9,24.9,是
休闲,1,7.5,7.5,否
日配,1,2.4,2.4,否
休闲,1,3.5,3.5,否
蔬果,0.454,0.9,1.98,否
休闲,0.314,3.71,11.8,否
酒饮,1,4,4,否
蔬果,0.702,2.78,3.96,否
家居,1,11,11,否
日配,1.164,22.35,19.2,否
熟食,0.001,0.02,20,否
休闲,1,18.9,18.9,否
蔬果,0.74,11.77,15.9,否
日配,1,59,76,是
粮油,1,3.9,3.9,否
休闲,1,10.9,10.9,否
休闲,1,5.9,5.9,否
蔬果,0.154,1.48,9.6,否
休闲,1,2.5,2.5,否
针织,1,11,11,否
针织,1,12.5,12.5,否
蔬果,0.269,4.84,18,否
休闲,0.3,10.2,34,否
蔬果,0.266,1.74,6.56,否
熟食,0.462,2.77,6,否
蔬果,0.668,4.38,6.56,否
粮油,1,4.3,4.3,否
粮油,4,14,5.9,是
蔬果,0.98,17.25,17.6,否
日配,12,49,5.5,是
蔬果,2.299,13.7,3.98,否
日配,1,13.3,13.3,否
酒饮,1,2.9,4,是
休闲,1,8.9,8.9,否
蔬果,0.212,2.04,9.6,否
酒饮,10,30,3,否
肉禽,0.252,7.51,29.8,否
休闲,1,4.3,4.3,否
休闲,1,5.5,5.5,否
熟食,0.472,2.83,6,否
蔬果,0.6,7.08,11.8,否
酒饮,1,17.9,21.9,是
粮油,2,3.8,1.9,否
日配,12,57,5.3,是
蔬果,0.268,1.1,6.56,否
休闲,1,2.8,2.8,否
酒饮,1,13.9,13.9,否
熟食,4,2,0.5,否
休闲,1,3.3,3.3,否
粮油,1,11.5,14.7,是
日配,1,59,76,是
洗化,1,3.7,3.7,否
休闲,1,2.9,2.9,否
粮油,1,3.8,3.8,否
洗化,1,4.9,4.9,否
洗化,1,15.9,15.9,否
休闲,0.3,8.3,39.6,是
酒饮,1,4,4,否
日配,2.196,42.16,19.2,否
蔬果,1,2,2,否
蔬果,0.628,7.41,11.8,否
酒饮,1,1.8,1.8,否
蔬果,0.282,1.69,5.98,否
粮油,7,3.5,0.5,否
日配,1,11.3,11.3,否
蔬果,0.654,1.69,2.58,否
酒饮,1,6.9,6.9,否
粮油,1,3.5,5.9,是
日配,1,8.9,12.9,是
休闲,1,1,1,否
日配,0.53,3.59,6.78,否
粮油,3,6,4.5,是
洗化,1,9.9,9.9,否
水产,0.358,11.38,31.8,否
蔬果,0.301,1.75,5.8,否
休闲,1,39.8,39.8,否
家居,1,10,10,否
洗化,1,3.7,3.7,否
洗化,1,15.9,15.9,否
日配,24,48,3,是
粮油,4,5.2,1.3,否
休闲,1,6.9,9.5,是
冲调,1,25.7,25.7,否
休闲,1,11.9,14.3,是
文体,1,11.3,11.3,否
蔬果,0.801,2.05,2.56,否
休闲,1,9.7,9.7,否
粮油,1,7.3,7.3,否
粮油,1,12.9,12.9,否
粮油,1,9.5,9.5,否
休闲,1,2.9,4.3,是
蔬果,0.68,1.74,2.56,否
酒饮,1,3,3,否
蔬果,0.437,0.87,1.98,否
休闲,1,3.5,3.5,否
洗化,1,9.9,14.7,是
蔬果,1.236,7.37,5.96,否
休闲,1,4.3,4.3,否
蔬果,0.446,1.78,4,否
洗化,1,26.9,26.9,否
针织,1,16,16,否
休闲,1,6.9,9.5,是
日配,1,4.3,4.3,否
粮油,1,6.5,6.5,否
冲调,1,23.7,23.7,否
休闲,1,4.9,4.9,否
休闲,1,9.5,9.5,否
酒饮,1,7.7,7.7,否
粮油,1,6.7,6.7,否
洗化,1,4.9,4.9,否
休闲,1,4.5,4.5,否
蔬果,0.282,2.71,9.6,否
蔬果,2,3,1.5,否
蔬果,0.438,2.54,5.8,否
日配,1,8.9,12.9,是
日配,1,10.9,15.9,是
日配,1.693,11.48,6.78,否
蔬果,0.638,7.53,11.8,否
蔬果,0.302,6.04,20,否
休闲,1,2.3,2.3,否
休闲,0.066,4.61,69.8,否
休闲,1,5.5,5.5,否
酒饮,1,3,3,否
粮油,1,1.5,1.7,否
水产,0.348,11.07,31.8,否
蔬果,0.357,1.98,5.56,否
蔬果,0.334,6.01,18,否
酒饮,1,22,22,否
日配,1,9.9,9.9,否
休闲,1,5.9,5.9,否
休闲,3,8.7,2.9,否
蔬果,0.916,27.48,30,否
休闲,1,10.9,10.9,否
休闲,1,4.9,4.9,否
熟食,1.05,6.3,6,否
粮油,1,14.3,14.3,否
熟食,2,2,1,否
日配,1,6.6,6.6,否
蔬果,0.634,11.29,17.8,否
蔬果,0.144,1.38,9.6,否
日配,0.254,4.52,17.8,否
休闲,0.468,6.45,15.6,是
蔬果,0.207,1.2,5.8,否
洗化,1,13.9,13.9,否
休闲,0.422,10.04,23.8,否
蔬果,0.216,1.2,5.56,否
休闲,1,3.3,4.5,是
蔬果,0.78,1.15,1.48,否
休闲,1,3,3,否
酒饮,6,19.8,3.3,否
日配,0.904,6.13,6.78,否
蔬果,0.475,1.22,2.56,否
休闲,1,19.6,19.6,否
蔬果,0.489,2.84,5.8,否
日配,16,32.8,2.7,是
蔬果,0.57,4.5,30,否
蔬果,0.302,5.07,16.8,否
蔬果,0.288,4.49,15.6,否
洗化,1,16.9,19.9,是
洗化,1,5.7,5.7,否
蔬果,0.636,1.63,2.56,否
蔬果,0.912,1.81,1.98,否
粮油,1.316,7.34,5.58,否
休闲,1,11.5,11.5,否
肉禽,0.18,5.36,29.8,否
蔬果,0.694,2.05,2.96,否
粮油,1,7.7,7.7,否
肉禽,0.566,11.09,19.6,否
日配,1,8.3,8.3,否
蔬果,0.634,19.02,30,否
日配,0.854,5.79,6.78,否
蔬果,0.358,2.86,7.98,否
蔬果,0.218,1.96,9,否
休闲,1,4.9,4.9,否
洗化,1,9.9,9.9,否
洗化,1,9.9,11.7,是
洗化,1,8.9,9.9,是
蔬果,0.476,2.76,5.8,否
日配,1,10.5,11.9,否
粮油,1,7.9,7.9,否
休闲,1,13.9,13.9,否
熟食,0.344,2.06,6,否
日配,4,36.8,9.2,否
熟食,0.518,3.11,6,否
日配,4,14,3.5,否
休闲,1,9.9,9.9,否
粮油,1,5.9,5.9,否
日配,1,13.9,16.3,是
日配,16,32.8,2.7,是
熟食,0.436,39.24,90,否
蔬果,0.318,1.78,5.6,否
肉禽,0.56,15.57,27.8,否
肉禽,0.076,2.26,29.8,否
酒饮,1,26.7,26.7,否
肉禽,0.228,6.79,29.8,否
粮油,1,3.8,3.8,否
家居,1,3,3,否
蔬果,0.278,2.67,9.6,否
蔬果,0.56,5.59,9.98,否
休闲,1,2.9,2.9,否
休闲,1,6.9,6.9,否
休闲,1,2.9,2.9,否
日配,1,6.8,8.3,是
休闲,0.252,15.07,59.8,否
家居,1,6.9,6.9,否
洗化,1,7.9,9.5,是
家居,1,5,5,否
蔬果,0.696,20.88,30,否
粮油,1,11.5,14.7,是
休闲,1,2.9,2.9,否
蔬果,0.45,2.1,3.96,否
粮油,0.338,3.65,10.8,否
粮油,1,6.9,6.9,否
酒饮,10,220,22,否
蔬果,0.312,0.46,1.48,否
蔬果,0.222,1.77,7.96,否
粮油,1,6.7,6.7,否
休闲,1,3,3,否
休闲,1,52,52,否
蔬果,0.799,6.36,7.96,否
休闲,1,2.9,2.9,否
休闲,1,4.9,4.9,否
酒饮,1,13.8,13.8,否
洗化,1,7.9,8.9,是
蔬果,1,4.98,4.98,否
蔬果,0.45,4.32,9.6,否
蔬果,0.304,0.6,1.98,否
休闲,1,5.7,5.7,否
休闲,1,7.8,8.5,否
休闲,1,12.5,12.5,否
蔬果,0.528,2.09,3.96,否
休闲,1,2.9,4.2,是
粮油,0.424,4.58,10.8,否
粮油,1,4.8,4.8,否
休闲,1,16.9,16.9,否
酒饮,1,5,5,否
休闲,1,5.5,5.5,否
休闲,1,3.3,3.3,否
家居,1,7,7,否
粮油,1,16.3,16.3,否
蔬果,0.189,1.24,6.56,否
日配,0.912,6.18,6.78,否
蔬果,0.253,0.5,1.98,否
日配,1,5.5,6,是
休闲,1,8.5,8.5,否
休闲,1,7.9,9.3,是
日配,16,32.8,2.7,是
休闲,1,5.7,5.7,否
休闲,1,2.9,2.9,否
休闲,1,2.5,2.5,否
粮油,0.118,2.55,21.6,否
家居,1,10,10,否
蔬果,0.494,4.9,15.9,否
蔬果,0.671,1.72,2.56,否
蔬果,0.322,2.11,6.56,否
蔬果,0.308,0.46,1.48,否
蔬果,0.6,3.6,6,否
日配,1,5.5,6.5,是
休闲,1,3,3,否
日配,15,60,4,否
蔬果,0.742,2.97,4,否
蔬果,0.646,12.92,20,否
酒饮,1,3,3,否
日配,1,13.9,18.9,是
粮油,1,2.3,2.3,否
粮油,0.114,2.96,26,否
休闲,1,6.9,6.9,否
粮油,3,6.9,2.3,否
粮油,1,3,3,否
熟食,4,2,0.5,否
蔬果,0.16,0.89,5.56,否
蔬果,0.618,1.95,3.16,否
粮油,0.438,4.73,10.8,否
日配,1,8.6,8.6,否
酒饮,1,26.7,26.7,否
蔬果,0.724,1.43,1.98,否
休闲,1,3.5,3.5,否
蔬果,0.206,3.21,15.6,否
粮油,1,2.8,2.8,否
蔬果,0.526,0.95,1.8,否
蔬果,0.536,3.52,6.56,否
蔬果,0.33,1.85,5.6,否
日配,1,13.3,13.3,否
蔬果,0.58,10.21,17.6,否
日配,1,5.9,5.9,否
蔬果,0.468,1.21,2.58,否
蔬果,0.578,1.48,2.56,否
蔬果,0.172,1.31,7.6,否
酒饮,4,8.8,2.2,否
酒饮,1,8.3,8.3,否
蔬果,1.104,7.24,6.56,否
蔬果,0.762,22.86,30,否
蔬果,0.29,1.73,5.98,否
休闲,0.234,3.2,19,是
休闲,1,6.9,6.9,否
蔬果,0.939,2.42,2.58,否
日配,1,3.5,3.5,否
休闲,0.14,2.77,19.8,否
休闲,1,9.9,9.9,否
休闲,0.29,3.4,17.8,是
休闲,1,6.9,9.5,是
蔬果,0.51,2.96,5.8,否
蔬果,0.398,3.82,9.6,否
日配,1,13.9,18.9,是
蔬果,1.03,10.2,7.98,否
针织,1,3.5,6,是
休闲,1,2.9,2.9,否
蔬果,0.934,1.85,1.98,否
休闲,1,2.5,2.5,否
休闲,1,6.9,6.9,否
休闲,1,5.7,5.7,否
休闲,1,4,4,否
蔬果,0.536,3.52,6.56,否
休闲,1,2.7,2.7,否
洗化,1,9.9,9.9,否
休闲,1,3.5,3.5,否
休闲,1,10.5,10.5,否
蔬果,1,2,2,否
日配,24,48,3,是
粮油,1,3.9,3.9,否
日配,4,8,2,否
休闲,1,6.5,6.5,否
酒饮,1,2.5,2.5,否
肉禽,0.24,8.59,35.8,否
粮油,1,4.9,5.9,否
休闲,1,4,4,否
蔬果,0.542,1.4,2.58,否
日配,1,9.9,9.9,否
休闲,1,1,1,否
休闲,0.424,5,19.6,是
蔬果,0.608,3.99,6.56,否
粮油,1,2.8,2.8,否
蔬果,0.11,0.98,9.6,否
休闲,1,2.5,2.5,否
休闲,1,4,4,否
休闲,1,3.6,3.6,否
休闲,1,5.3,5.9,是
蔬果,0.474,2.75,5.8,否
日配,1,10.3,10.3,否
休闲,1,3.3,4.5,是
休闲,1,15.2,15.2,否
酒饮,1,3,3,否
粮油,0.07,8.68,124,否
休闲,1,5.2,5.2,否
酒饮,1,2.2,2.2,否
蔬果,0.27,13.5,50,否
水产,0.326,9.78,30,否
休闲,1,9.9,13.9,是
休闲,1,62.9,62.9,否
蔬果,0.44,2.89,6.56,否
蔬果,0.074,0.71,9.6,否
蔬果,0.18,1.4,7.8,否
粮油,1,3.9,3.9,否
休闲,1,13.3,13.3,否
休闲,1,3.5,3.5,否
休闲,1,10.9,10.9,否
休闲,1,9.3,9.3,否
蔬果,0.892,10.53,11.8,否
粮油,1,8.9,8.9,否
休闲,1,21.7,21.7,否
蔬果,0.54,0.8,1.48,否
蔬果,0.264,1.73,6.56,否
休闲,0.142,1.67,19.8,是
休闲,1,3.5,3.5,否
熟食,0.7,14,20,否
休闲,1,4.2,4.2,否
蔬果,0.17,0.65,3.8,否
酒饮,10,120,12,否
粮油,1,14.7,14.7,否
粮油,1,3.7,3.7,否
蔬果,0.994,5.92,5.96,否
粮油,2,25.8,12.9,否
休闲,1,6.9,6.9,否
粮油,1,17.3,17.3,否
休闲,1,2.3,2.3,否
酒饮,1,22,22,否
家居,1,8,8,否
粮油,1,7.9,7.9,否
洗化,1,18.9,24.9,是
蔬果,0.36,2.09,5.8,否
休闲,1,10.9,10.9,否
休闲,1,3.5,3.5,否
肉禽,0.218,4.14,19,否
蔬果,0.286,2.23,7.8,否
粮油,1,4.7,4.7,否
洗化,1,9.9,16.9,是
酒饮,24,43.2,1.8,否
休闲,1,9.9,9.9,否
蔬果,0.849,1.68,1.98,否
休闲,1,3.5,3.5,否
休闲,1,2.5,2.5,否
休闲,1,2.3,2.3,否
家居,1,10,10,否
休闲,1,8.3,8.3,否
粮油,0.768,5.22,6.8,否
休闲,1,11.9,11.9,否
休闲,1,3.5,3.5,否
日配,12,49,5.5,是
休闲,1,4,4,否
休闲,1,2.3,2.3,否
蔬果,2.094,8.33,3.98,否
蔬果,0.732,1.87,2.56,否
蔬果,0.306,1.7,5.56,否
休闲,1,9.9,9.9,否
酒饮,1,13.8,13.8,否
休闲,1,29.9,29.9,否
蔬果,0.152,4.13,27.2,否
蔬果,0.968,6.35,6.56,否
蔬果,0.57,14.25,25,否
蔬果,0.303,1.21,4,否
洗化,1,2.9,2.9,否
蔬果,0.358,2.15,6,否
肉禽,0.67,23.99,35.8,否
休闲,1,5.3,5.3,否
家居,1,4,4,否
蔬果,0.963,4.99,5.96,否
休闲,1,3.5,3.5,否
粮油,1,3,3,否
粮油,1,5.5,5.5,否
休闲,1,2.5,2.7,否
休闲,1,2.9,4.3,是
蔬果,0.776,4.31,5.56,否
蔬果,1.523,9.08,5.96,否
休闲,0.364,6.4,27.8,是
蔬果,0.18,1,5.56,否
洗化,1,4.9,4.9,否
日配,1,5.9,5.9,否
蔬果,1.034,6.16,5.96,否
蔬果,0.592,2.34,3.96,否
酒饮,1,2.5,2.5,否
蔬果,0.202,1.61,7.96,否
蔬果,2,3,1.5,否
休闲,1,39.8,39.8,否
洗化,1,5.8,6.9,是
洗化,1,8,9.7,是
休闲,1,11.9,14.3,是
蔬果,0.658,1.68,2.56,否
蔬果,0.851,2.2,2.58,否
蔬果,0.244,1.22,5,否
蔬果,0.461,3.67,7.96,否
蔬果,0.142,0.71,4.98,否
蔬果,0.498,3.27,6.56,否
蔬果,0.322,2.57,5.98,否
蔬果,0.366,2.4,6.56,否
粮油,1,14.7,14.7,否
日配,1,2.3,2.3,否
家居,1,4,4,否
蔬果,0.638,19.14,30,否
洗化,1,12.9,14.5,是
蔬果,0.63,7.56,12,否
日配,0.808,5.48,6.78,否
粮油,1,2.8,2.8,否
蔬果,0.322,1.79,5.56,否
休闲,1,4.9,4.9,否
粮油,1,0.5,0.5,否
蔬果,0.496,2.78,5.6,否
粮油,1,9.6,9.6,否
休闲,0.386,7.64,34,是
蔬果,0.11,1.06,9.6,否
休闲,1,2.9,2.9,否
蔬果,0.27,13.5,50,否
蔬果,0.588,1.86,3.16,否
蔬果,0.494,3.92,30,否
酒饮,1,5,5,否
针织,1,6.9,13,是
蔬果,0.51,1.32,2.58,否
休闲,1,2.9,2.9,否
蔬果,0.522,1.03,1.98,否
洗化,1,8.5,9.9,是
粮油,-1,-145,145,否
蔬果,0.194,1.08,5.56,否
家居,1,13,13,否
休闲,0.78,9.2,17.8,是
休闲,1,8.9,8.9,否
洗化,6,10.2,1.7,否
蔬果,0.497,0.98,1.98,否
蔬果,0.51,12.75,25,否
蔬果,0.63,2.49,3.96,否
蔬果,0.531,1.05,1.98,否
休闲,0.206,9,51.8,是
酒饮,4,8.8,2.2,否
蔬果,0.197,3.07,15.6,否
日配,0.762,5.17,6.78,否
休闲,0.232,3.2,19,是
休闲,0.176,4.54,25.8,否
蔬果,0.344,0.89,2.58,否
蔬果,0.452,2.26,5,否
休闲,1,3.7,3.7,否
蔬果,0.936,2.4,2.56,否
蔬果,0.294,2.82,9.6,否
蔬果,0.774,23.22,30,否
蔬果,0.26,1.71,6.56,否
日配,1,8.9,8.9,否
蔬果,0.776,1.54,1.98,否
蔬果,0.964,28.92,30,否
休闲,0.39,5.3,15.6,是
蔬果,0.238,2.14,9,否
粮油,1,6.7,6.7,否
粮油,1,17.3,17.3,否
休闲,1,3.7,3.7,否
蔬果,0.737,2.8,3.8,否
蔬果,1,2,2,否
日配,1,18.9,18.9,否
粮油,2,1,0.5,否
洗化,1,7.9,7.9,否
蔬果,0.197,3.07,15.6,否
蔬果,0.868,15.45,17.8,否
洗化,1,1.5,1.5,否
蔬果,0.358,3.44,9.6,否
冲调,1,25.9,33.9,是
洗化,1,6.9,6.9,否
日配,1,66,66,否
蔬果,0.562,9.89,17.6,否
蔬果,0.68,12.1,17.8,否
蔬果,0.194,0.5,2.56,否
蔬果,-2.084,-20.79,7.98,否
粮油,1,2.3,2.3,否
蔬果,0.954,1.89,1.98,否
日配,12,59.9,5.8,是
蔬果,1.265,7.54,5.96,否
蔬果,0.688,20.64,30,否
日配,1.54,10.44,6.78,否
蔬果,1.18,32.8,27.8,否
蔬果,0.552,3.2,5.8,否
粮油,1,5.3,5.3,否
日配,16,32.8,2.7,是
蔬果,2.1,16.76,7.98,否
粮油,1,1.9,1.9,否
日配,1,9.9,13.2,是
洗化,1,19.9,24.9,是
蔬果,0.7,4.17,5.96,否
蔬果,0.484,2.71,5.6,否
日配,1,3.5,3.5,否
粮油,1,1.5,1.7,否
日配,1,5.9,9.3,是
蔬果,0.154,0.92,5.98,否
粮油,1,2.9,2.9,否
蔬果,1.974,5.92,2.58,否
蔬果,0.802,6.26,7.8,否
蔬果,1,1.5,1.5,否
蔬果,0.232,1.29,5.56,否
蔬果,2.084,16.63,7.98,否
酒饮,2,246,138,是
蔬果,1.176,2.3,1.96,否
粮油,1,2.3,2.3,否
日配,24,48,3,是
水产,0.438,13.14,30,否
洗化,1,9.5,11.9,是
洗化,2,23.8,15.5,是
酒饮,1,9.5,11.7,是
洗化,1,10.9,10.9,否
蔬果,0.877,2.26,2.58,否
蔬果,0.355,0.53,1.48,否
洗化,1,5.9,6.9,是
洗化,1,4.9,4.9,否
蔬果,0.316,2.46,7.8,否
粮油,1,64.9,64.9,否
蔬果,0.503,3.01,5.98,否
日配,1,10.7,10.7,否
蔬果,0.234,2.25,9.6,否
粮油,1,0.5,0.5,否
蔬果,1,4.98,4.98,否
粮油,1,5.7,5.7,否
酒饮,1,38.5,38.5,否
日配,1,78,78,否
家居,1,4,4,否
蔬果,0.328,2.56,7.8,否
日配,0.843,5.72,6.78,否
粮油,1,145,145,否
酒饮,1,5.5,5.5,否
家居,1,10,10,否
家居,1,8,8,否
粮油,1,12.9,12.9,否
蔬果,0.528,5.26,9.96,否
熟食,0.455,2.73,6,否
休闲,1,3.9,3.9,否
蔬果,0.272,2.17,7.96,否
休闲,0.362,17.3,47.8,否
蔬果,0.266,1.99,7.47,否
粮油,1,5.3,5.3,否
蔬果,0.64,1.89,2.96,否
蔬果,0.092,1.1,12,否
粮油,1,1.3,1.3,否
蔬果,0.724,21.72,30,否
日配,1.68,11.39,6.78,否
休闲,0.306,3.6,19.8,是
日配,1.522,10.32,6.78,否
蔬果,2.02,3.96,1.96,否
休闲,0.736,13.25,18,否
家居,1,4.5,4.5,否
蔬果,0.897,1.78,1.98,否
日配,1,3.5,3.5,否
粮油,1,7.9,7.9,否
蔬果,0.472,1.65,1.98,否
蔬果,0.488,14.64,30,否
休闲,1,8.9,8.9,否
日配,1,11.8,11.8,否
粮油,1,2.3,2.3,否
粮油,1,15.3,15.3,否
蔬果,0.206,3.21,15.6,否
日配,1,11.9,14.9,是
酒饮,10,120,12,否
洗化,1,21.7,21.7,否
蔬果,0.568,3.18,5.6,否
蔬果,1.204,3.11,2.58,否
休闲,1,5.2,5.2,否
休闲,1,4,4,否
蔬果,1.274,2.29,1.8,否
休闲,0.192,4.18,29.8,是
家居,1,9.9,9.9,否
蔬果,0.503,1.7,5,否
休闲,0.264,16.84,73.8,是
蔬果,1.59,28.3,17.8,否
蔬果,0.682,20.46,30,否
蔬果,0.99,7.52,7.6,否
酒饮,1,6.9,6.9,否
蔬果,0.586,1.5,2.56,否
肉禽,0.246,4.87,19.8,否
蔬果,0.734,14.53,19.8,否
粮油,2,5.8,2.9,否
熟食,4,4,1,否
粮油,1,1.9,1.9,否
日配,1,30.9,30.9,否
日配,1,8.9,8.9,否
粮油,1,8.2,8.2,否
洗化,1,14.9,14.9,否
蔬果,0.427,0.85,1.98,否
粮油,1,3.9,3.9,否
蔬果,2,3,1.5,否
洗化,1,12.9,14.5,是
蔬果,0.218,1.7,7.8,否
粮油,1,9.5,12.9,是
蔬果,0.226,1.35,5.98,否
粮油,1,4.3,4.3,否
蔬果,2,20,10,否
蔬果,1.138,18.16,15.96,否
休闲,0.088,7.73,87.8,否
休闲,1,3.9,3.9,否
蔬果,0.596,4.53,7.6,否
酒饮,1,15.3,15.3,否
蔬果,0.66,1.69,2.56,否
日配,4,11.2,2.8,否
蔬果,1.034,6.16,5.96,否
洗化,1,8.9,8.9,否
蔬果,0.594,11.76,19.8,否
蔬果,0.394,1.58,4,否
家居,1,10,10,否
蔬果,0.775,5.08,6.56,否
粮油,1,8.5,8.5,否
休闲,3,8.7,2.9,否
粮油,1,4.7,4.7,否
家居,1,4.5,4.5,否
蔬果,0.592,17.76,30,否
日配,1,8.9,12.8,是
蔬果,1.194,83.58,70,否
家电,1,10.3,10.3,否
休闲,0.304,3.56,19.8,是
粮油,1,7.9,7.9,否
蔬果,0.636,1.77,2.78,否
休闲,1,3.5,3.5,否
粮油,1,1.9,1.9,否
蔬果,0.186,0.7,5.8,否
蔬果,0.377,3.75,9.96,否
酒饮,1,2.9,2.9,否
蔬果,0.464,4.62,9.96,否
蔬果,0.118,1.42,12,否
蔬果,1.808,14.43,7.98,否
休闲,1,2.8,2.8,否
日配,0.278,4.95,17.8,否
蔬果,0.066,0.63,9.6,否
蔬果,0.18,0.9,5,否
蔬果,1.026,30.78,30,否
洗化,1,9.9,16.9,是
蔬果,0.906,27.18,30,否
粮油,1,8.5,8.9,否
蔬果,0.756,3.01,3.98,否
蔬果,0.162,0.97,5.98,否
日配,12,57,5.3,是
蔬果,1.224,8.03,6.56,否
日配,2.224,15.08,6.78,否
洗化,1,7.9,7.9,否
休闲,1,1.1,1.1,否
蔬果,0.272,2.12,7.8,否
日配,1.512,10.25,6.78,否
休闲,0.146,5.81,39.8,否
休闲,0.186,9.6,51.6,否
蔬果,0.738,4.84,6.56,否
休闲,1,10.5,14.9,是
蔬果,0.246,4.13,16.8,否
家居,1,4,4,否
蔬果,0.108,1.04,9.6,否
日配,24,48,3,是
蔬果,0.244,2.34,9.6,否
蔬果,0.316,5.69,18,否
粮油,1,1.5,1.5,否
洗化,1,9.9,16.9,是
日配,1,11.5,11.5,否
粮油,1,3.3,3.3,否
蔬果,1.008,10.04,9.96,否
蔬果,1.018,8.12,7.98,否
熟食,0.826,16.52,20,否
蔬果,0.234,1.82,7.76,否
休闲,1,2.9,2.9,否
粮油,1,8.9,8.9,否
酒饮,10,220,22,否
洗化,1,11.9,11.9,否
洗化,1,5.9,8.9,是
家居,1,22,22,否
日配,1,3.5,3.5,否
冲调,1,23,29,是
休闲,1,3.5,3.5,否
蔬果,0.752,6,30,否
熟食,0.792,15.84,20,否
蔬果,0.298,2.86,9.6,否
蔬果,0.217,1.69,7.8,否
酒饮,1,9.9,12.3,是
粮油,1,2.7,2.7,否
蔬果,1,2,2,否
粮油,1,8.9,8.9,否
蔬果,1.018,30.54,30,否
蔬果,2.388,7.59,3.18,否
日配,1,6.6,6.6,否
粮油,1,1.9,1.9,否
蔬果,2.17,26,11.98,否
蔬果,0.23,2.61,9,否
蔬果,0.784,5.96,7.6,否
蔬果,0.399,3.18,7.96,否
洗化,1,3.9,3.9,否
蔬果,0.394,0.78,1.98,否
洗化,1,12.9,17.7,是
蔬果,0.786,6.27,7.98,否
休闲,1,4.3,4.3,否
蔬果,1.14,6.79,5.96,否
洗化,1,6.9,7.9,是
休闲,0.366,10.13,39.6,是
蔬果,0.236,1.64,6.96,否
休闲,0.124,9.87,79.6,否
蔬果,0.506,3.32,6.56,否
肉禽,0.33,9.83,29.8,否
蔬果,0.174,1.67,9.6,否
酒饮,6,9.9,2,是
蔬果,0.42,0.62,1.48,否
蔬果,0.46,5.52,12,否
蔬果,2.093,8.33,3.98,否
日配,0.77,5.22,6.78,否
日配,0.904,6.13,6.78,否
蔬果,1.758,21.03,11.96,否
蔬果,0.8,1.6,2,否
蔬果,0.206,1.85,9,否
蔬果,1.376,2.75,2,否
蔬果,2.086,24.95,11.96,否
洗化,1,11.9,11.9,否
休闲,0.24,2.81,19.8,是
家居,1,3,3,否
粮油,1,1.7,1.7,否
粮油,1,4.7,4.7,否
粮油,1,5.7,5.7,否
休闲,0.122,6.08,49.8,否
蔬果,0.579,6.95,12,否
蔬果,0.766,1.96,2.56,否
蔬果,0.236,2.1,9.6,否
酒饮,1,3.9,3.9,否
休闲,1,5.9,5.9,否
洗化,1,8.9,9.9,是
日配,1,6.8,8.3,是
休闲,1,9.9,9.9,否
日配,1.562,10.59,6.78,否
酒饮,1,17.9,21.9,是
蔬果,0.332,3.98,12,否
日配,1,8.9,12.9,是
洗化,1,9.5,11.9,是
蔬果,0.398,0.59,1.48,否
蔬果,0.118,3.21,27.2,否
休闲,0.352,4.15,19.8,是
蔬果,0.6,3.94,6.56,否
蔬果,1.382,8.24,5.96,否
酒饮,1,15.3,15.3,否
蔬果,0.286,1.09,3.8,否
洗化,1,4.7,4.7,否
休闲,1,19.9,19.9,否
日配,1,18.9,18.9,否
日配,1,10.7,10.7,否
蔬果,0.27,1.5,5.56,否
洗化,1,10.9,10.9,否
蔬果,0.6,1.08,1.8,否
家居,1,5,5,否
酒饮,1,40,40,否
日配,1,11.9,11.9,否
蔬果,0.238,2.14,9,否
日配,1,4.7,4.7,否
酒饮,1,3,3,否
蔬果,0.746,22.38,30,否
粮油,1,3.9,3.9,否
粮油,0.82,3.28,4,否
蔬果,0.57,2.85,5,否
蔬果,0.246,1.38,5.6,否
粮油,1,69.9,75.9,是
蔬果,1.105,2.17,1.96,否
粮油,1,6.9,6.9,否
家居,1,8.5,15,是
蔬果,0.474,8.44,17.8,否
蔬果,1.12,6.68,5.96,否
粮油,1,3,3,否
蔬果,0.194,1.16,5.98,否
蔬果,0.394,2.21,5.6,否
蔬果,0.512,3.36,6.56,否
蔬果,0.578,0.86,1.48,否
蔬果,1.882,22.51,11.96,否
休闲,0.26,3.59,13.8,否
蔬果,0.356,1.06,5.8,否
蔬果,1.002,4.01,4,否
熟食,0.653,3.92,6,否
日配,1,3.5,3.5,否
蔬果,0.332,0.86,1.98,否
蔬果,0.272,2.61,9.6,否
日配,1.864,12.64,6.78,否
粮油,1,2.7,2.7,否
蔬果,0.934,3.74,4,否
家居,1,10,10,否
蔬果,0.63,1.61,2.56,否
酒饮,1,22,22,否
酒饮,1,5,5,否
粮油,1,7.9,7.9,否
家居,1,8,8,否
蔬果,0.22,2.19,9.96,否
日配,0.828,5.61,6.78,否
休闲,0.268,4.77,31.8,是
蔬果,0.348,0.52,1.48,否
休闲,1,10.9,10.9,否
熟食,4,2,0.5,否
日配,1,10.7,10.7,否
蔬果,0.673,2.13,3.16,否
粮油,1,9.5,9.5,否
肉禽,0.266,7.93,29.8,否
肉禽,0.244,6.78,27.8,否
蔬果,1.202,7.16,5.96,否
休闲,0.322,19.26,59.8,否
粮油,0.712,11.25,15.8,否
熟食,0.364,32.76,90,否
蔬果,0.642,3.83,5.96,否
蔬果,0.646,19.38,30,否
日配,1,3.3,3.3,否
洗化,1,7.9,8.9,是
日配,1,4.5,4.5,否
洗化,1,4.9,4.9,否
蔬果,0.902,5.38,5.96,否
蔬果,0.24,2.3,9.6,否
蔬果,0.53,15.9,30,否
休闲,0.52,8.74,16.8,否
休闲,0.57,15.85,27.8,否
粮油,1,19.9,19.9,否
蔬果,1.386,4.41,3.18,否
冲调,1,28.7,28.7,否
洗化,1,1.7,1.7,否
蔬果,1.522,2.98,1.96,否
蔬果,0.498,7.97,16,否
酒饮,12,34.8,2.9,否
蔬果,0.486,1.94,4,否
蔬果,0.37,11.1,30,否
休闲,1,2.9,2.9,否
休闲,0.206,2.84,13.8,否
蔬果,0.694,4.03,5.8,否
休闲,1,2.6,2.7,否
日配,1,4.3,4.3,否
休闲,0.31,6.73,29.8,是
酒饮,1,3.3,3.3,否
酒饮,1,43,43,否
蔬果,0.536,6.42,11.98,否
蔬果,0.432,1.45,5,否
蔬果,0.57,1.69,2.96,否
蔬果,1.123,6.69,5.96,否
休闲,0.104,4.14,39.8,否
休闲,1,2.5,3.5,是
休闲,1,3.9,3.9,否
洗化,1,4.9,4.9,否
熟食,0.367,2.2,6,否
蔬果,0.99,9.88,9.98,否
粮油,1,3.5,3.5,否
蔬果,0.596,10.49,17.6,否
酒饮,30,450,15,否
休闲,1,6.9,9.5,是
蔬果,0.779,4.36,5.6,否
日配,1,17.3,17.3,否
粮油,1,10.9,14.7,是
酒饮,1,2,2,否
日配,1,21.5,21.5,否
酒饮,1,22,22,否
洗化,1,12.9,12.9,否
洗化,1,9.7,9.7,否
蔬果,1.344,8.01,5.96,否
水产,1,19.5,19.5,否
日配,1,5.5,5.5,否
休闲,2,15,7.5,否
休闲,0.166,9.93,59.8,否
休闲,0.21,3.73,31.8,是
日配,1,14.9,14.9,否
蔬果,0.836,25.08,30,否
蔬果,1,4,4,否
酒饮,-1,-22,22,否
肉禽,0.268,7.45,27.8,否
蔬果,0.452,5.42,12,否
日配,1,13.9,16.3,是
休闲,1,4.3,4.3,否
肉禽,0.264,7.34,27.8,否
蔬果,0.296,0.52,1.76,否
蔬果,0.424,4.22,9.96,否
蔬果,0.628,1,1.6,否
蔬果,0.644,19.32,30,否
粮油,1,2.3,2.3,否
蔬果,0.235,1.54,6.56,否
蔬果,0.262,1.72,6.56,否
粮油,1,11.3,11.3,否
休闲,1,3.6,3.6,否
蔬果,0.33,3.17,9.6,否
蔬果,0.576,0.85,1.48,否
休闲,1,10,10,否
洗化,1,13.8,16.9,是
蔬果,0.52,0.83,1.6,否
粮油,1,11.5,14.7,是
蔬果,0.438,2.45,5.6,否
蔬果,0.455,0.9,1.98,否
洗化,1,14.9,14.9,否
蔬果,0.144,0.86,5.98,否
冲调,1,10.3,10.3,否
蔬果,1.168,35.04,30,否
肉禽,0.2,5.96,29.8,否
针织,1,15,15,否
洗化,1,7.8,8.9,是
蔬果,0.77,7.68,7.98,否
日配,1,5,5,否
酒饮,6,24,4,否
蔬果,0.578,9.25,16,否
蔬果,0.424,2.46,5.8,否
水产,0.15,2.53,16.9,否
休闲,0.676,7.97,17.8,是
家电,1,5.9,5.9,否
熟食,0.887,5.32,6,否
粮油,1,5.5,5.5,否
蔬果,0.688,2.04,6.56,否
休闲,1,8.9,8.9,否
休闲,1,4.3,4.3,否
粮油,1,7.3,7.3,否
蔬果,0.466,2.59,5.56,否
日配,2.39,16.2,6.78,否
酒饮,1,2.5,2.5,否
粮油,1,6.7,6.7,否
蔬果,0.665,1.2,1.8,否
洗化,6,10.2,1.7,否
洗化,1,15.9,17.9,是
休闲,0.378,7.45,34,是
休闲,0.346,6.85,19.8,否
蔬果,0.687,2.72,3.96,否
蔬果,2,3,1.5,否
蔬果,1.664,4.29,2.58,否
休闲,0.31,6.1,34,是
休闲,1,4.7,4.7,否
休闲,0.104,1.23,11.8,否
蔬果,0.496,14.88,30,否
日配,1,9.9,9.9,否
洗化,1,19.9,19.9,否
粮油,1,20.3,20.3,否
洗化,1,9.9,16.9,是
蔬果,0.318,1.84,5.8,否
粮油,1,6.8,7.9,否
洗化,1,9.9,11.7,是
洗化,1,6.9,9.7,是
文体,1,2.3,2.3,否
日配,1,9.8,9.8,否
粮油,1,3.9,3.9,否
日配,1.556,10.55,6.78,否
水产,0.21,6.3,30,否
休闲,0.372,16.29,43.8,否
粮油,1,5.5,5.5,否
蔬果,1.286,7.66,5.96,否
粮油,1,6.9,6.9,否
洗化,1,5.7,5.7,否
针织,1,28.9,28.9,否
日配,1.52,10.31,6.78,否
休闲,1,9.9,9.9,否
洗化,1,11.9,15.7,是
蔬果,0.658,3.68,5.6,否
蔬果,1.198,35.94,30,否
蔬果,0.624,4.97,7.96,否
蔬果,2.651,15.8,5.96,否
洗化,1,23.9,23.9,否
洗化,1,5.9,5.9,否
蔬果,0.266,2.02,7.6,否
蔬果,1.152,20.51,17.8,否
家电,1,18.5,18.5,否
日配,1,12,13.9,是
休闲,1,4.7,4.7,否
休闲,0.186,4.05,29.8,是
酒饮,1,6.5,9.3,是
洗化,1,6.5,6.5,否
粮油,1,3.8,3.8,否
休闲,1,18.9,18.9,否
蔬果,0.668,4.38,6.56,否
酒饮,1,2,2,否
蔬果,3.551,106.53,30,否
蔬果,0.452,2.51,5.56,否
肉禽,0.822,15.62,19,否
酒饮,1,3,3,否
蔬果,2,20,10,否
蔬果,0.216,3.63,16.8,否
肉禽,0.438,12.18,27.8,否
日配,1,9.7,9.7,否
粮油,1,3.5,5.9,是
休闲,0.14,1.65,11.8,否
蔬果,0.088,0.84,9.6,否
粮油,1,8.9,8.9,否
蔬果,0.776,23.28,30,否
洗化,1,14.9,14.9,否
蔬果,0.274,0.8,6.56,否
蔬果,0.228,2.19,9.6,否
蔬果,0.722,4.19,5.8,否
蔬果,0.422,5.06,12,否
粮油,1,7.9,7.9,否
蔬果,1.33,7.93,5.96,否
冲调,1,163,163,否
日配,0.762,5.17,6.78,否
日配,12,57,5.3,是
日配,1,5,5,否
蔬果,0.472,2.74,5.8,否
蔬果,0.244,1.22,5,否
日配,1,10.9,15.9,是
洗化,1,2.7,2.7,否
家电,1,47,47,否
针织,1,6.9,13,是
蔬果,0.98,3.88,3.96,否
休闲,0.362,7.1,34,是
粮油,1,9.5,9.5,否
蔬果,0.62,10.42,16.8,否
蔬果,0.656,3.91,5.96,否
洗化,1,9.9,9.9,否
日配,3,6.3,2.1,否
粮油,1,5.7,5.7,否
蔬果,0.15,1.19,7.96,否
家居,1,8,8,否
休闲,0.528,10.45,19.8,否
洗化,1,26.9,26.9,否
休闲,1,18,18,否
休闲,1,4.9,4.9,否
粮油,1,3.7,3.7,否
日配,1.692,11.47,6.78,否
日配,1.574,10.67,6.78,否
日配,7,23.1,3.3,否
水产,1.168,9.32,7.98,否
家居,1,18,18,否
蔬果,0.606,18.18,30,否
休闲,0.434,19,51.6,是
休闲,0.378,5.2,19,是
蔬果,0.349,1.74,5,否
家居,1,4,4,否
休闲,1,13.9,13.9,否
熟食,0.256,5.12,20,否
休闲,1,4.5,4.5,否
休闲,1,2.6,2.6,否
休闲,1,8.7,8.7,否
蔬果,0.382,0.76,1.98,否
酒饮,1,3.9,3.9,否
蔬果,0.544,0.87,1.6,否
蔬果,0.353,1.98,5.6,否
蔬果,2.026,3.97,1.96,否
蔬果,0.446,1.15,2.58,否
日配,1,3,3,否
酒饮,1,11.9,12.3,是
休闲,1,6.9,9.5,是
蔬果,0.502,12.55,25,否
粮油,0.228,4.92,21.6,否
粮油,1,3.9,3.9,否
休闲,1,3.9,3.9,否
休闲,0.392,6.92,27.8,是
熟食,0.585,3.51,6,否
熟食,0.001,0.02,20,否
蔬果,0.316,2.3,5.56,否
熟食,0.62,3.72,6,否
蔬果,0.288,0.74,2.58,否
蔬果,0.653,3.89,5.96,否
粮油,1,3.8,3.8,否
蔬果,1.904,11.35,5.96,否
日配,1,2.3,2.3,否
粮油,1,3.5,3.5,否
蔬果,1.45,14.7,11.98,否
酒饮,1,15.9,15.9,否
洗化,1,9.9,16.9,是
酒饮,1,3.2,3.2,否
粮油,1,69.9,69.9,否
粮油,1,8.9,8.9,否
蔬果,0.548,1.09,1.98,否
蔬果,0.506,2.93,5.8,否
日配,1,59,76,是
冲调,1,10.3,10.3,否
休闲,0.538,9.04,16.8,否
家居,1,39.9,55,是
日配,1,9.8,9.8,否
蔬果,0.346,6.92,20,否
蔬果,0.914,1.81,1.98,否
粮油,1,6.7,6.7,否
休闲,0.396,5.45,15.6,是
休闲,0.214,4.24,19.8,否
洗化,1,6.9,7.9,是
洗化,1,7.9,8.9,是
蔬果,0.7,21,30,否
日配,1,7.9,7.9,否
洗化,1,4.9,4.9,否
日配,1.052,7.13,6.78,否
日配,15,101.7,6.78,否
粮油,1,2.8,2.8,否
粮油,1,11.3,11.3,否
休闲,0.482,9.5,34,是
蔬果,0.486,3.19,6.56,否
日配,1,3.3,3.3,否
蔬果,0.352,2.75,7.8,否
休闲,1,3.5,3.5,否
蔬果,0.986,1.93,1.96,否
洗化,1,5.9,5.9,否
蔬果,0.183,0.92,5,否
休闲,1,3.9,3.9,否
蔬果,0.341,2.24,6.56,否
水产,1.264,10.09,7.98,否
蔬果,0.194,0.97,5,否
水产,1.102,8.79,7.98,否
休闲,0.522,8.77,16.8,否
粮油,1,2,2,否
蔬果,0.288,1.67,5.8,否
日配,1.458,9.89,6.78,否
洗化,1,9.9,9.9,否
酒饮,24,24,1,否
蔬果,0.082,0.98,12,否
蔬果,0.738,5.61,7.6,否
蔬果,0.912,5.98,6.56,否
蔬果,0.184,1.43,7.76,否
蔬果,0.248,3.97,16,否
蔬果,2.578,20.57,7.98,否
蔬果,1.006,23.14,23,否
粮油,1,5.9,5.9,否
粮油,1,69.9,84.9,是
粮油,1,1.7,1.7,否
肉禽,1.594,66.63,41.8,否
蔬果,0.214,2.05,9.6,否
休闲,0.464,4.5,16.8,是
熟食,2,2,1,否
家居,1,6,6,否
家居,1,9,9,否
蔬果,0.472,4.3,16.8,否
日配,0.418,7.94,19,否
蔬果,0.93,2.4,2.58,否
休闲,0.604,5.9,16.8,是
熟食,2,2,1,否
肉禽,0.596,9.3,15.6,否
蔬果,0.27,4.32,16,否
蔬果,0.404,4.85,12,否
酒饮,1,2.5,2.5,否
酒饮,1,1.9,1.9,否
家居,1,27,27,否
蔬果,0.18,1.18,6.56,否
休闲,0.388,5.35,15.6,是
蔬果,0.256,1.28,5,否
日配,2.42,16.41,6.78,否
酒饮,1,53.3,53.3,否
日配,0.814,10.56,14,否
蔬果,1.688,10.06,5.96,否
蔬果,0.97,7.74,7.98,否
日配,24,48,3,是
蔬果,0.309,2.97,9.6,否
家居,1,11,11,否
休闲,0.306,6.06,19.8,否
粮油,0.872,3.84,4.4,否
蔬果,0.438,1.73,3.96,否
蔬果,0.494,7.9,16,否
日配,1,3.5,3.5,否
休闲,0.296,12.9,51.6,是
蔬果,0.308,3.7,12,否
休闲,0.554,5.41,16.8,是
休闲,1,4,4,否
蔬果,0.248,3.94,15.9,否
蔬果,0.276,3.31,12,否
蔬果,0.817,5.36,6.56,否
日配,1,2.7,2.7,否
蔬果,0.916,27.48,30,否
蔬果,0.63,18.9,30,否
蔬果,0.404,2.34,5.8,否
洗化,1,4.7,4.7,否
洗化,1,29.9,29.9,否
日配,1,11.9,14.9,是
蔬果,0.65,7.26,31.8,否
休闲,1,3.9,7.9,是
休闲,0.434,4.25,16.8,是
日配,0.768,10.75,14,否
蔬果,0.495,0.73,1.48,否
蔬果,0.956,3.82,4,否
蔬果,0.442,2.56,5.8,否
洗化,1,5.9,5.9,否
洗化,1,39.9,51.9,是
蔬果,0.502,1.91,3.8,否
休闲,1.042,20.6,34,是
蔬果,0.577,2.89,5,否
粮油,1,2.9,2.9,否
蔬果,0.264,2.05,7.76,否
蔬果,0.24,2.88,12,否
粮油,1,17.3,17.3,否
酒饮,4,10.8,2.7,否
肉禽,1.914,37.9,19.8,否
粮油,1,8.2,8.2,否
休闲,1,11.9,14.3,是
蔬果,2.444,14.57,5.96,否
蔬果,0.458,3.57,7.8,否
日配,8,11.9,1.6,是
蔬果,0.94,1.84,1.96,否
蔬果,0.582,3.38,5.8,否
蔬果,1.887,11.25,5.96,否
日配,12,57,5.3,是
酒饮,1,8.9,10.7,是
蔬果,0.271,3.25,12,否
粮油,1,9.9,9.9,否
蔬果,1.004,8.01,7.98,否
蔬果,0.316,3.03,9.6,否
蔬果,0.138,2.75,4.98,否
蔬果,0.574,1.15,2,否
蔬果,0.294,2.29,7.8,否
日配,0.744,24.25,32.6,否
休闲,0.402,7.95,34,是
休闲,1,5.9,5.9,否
文体,1,4.7,4.7,否
粮油,3,5.1,1.7,否
粮油,1,7.3,7.3,否
蔬果,0.278,1.61,5.8,否
休闲,0.252,6,23.8,否
粮油,1,6.9,6.9,否
蔬果,0.184,5,27.2,否
日配,1,59,76,是
蔬果,0.446,0.88,1.98,否
蔬果,0.642,3.21,5,否
日配,1.52,10.31,6.78,否
蔬果,0.594,4.74,30,否
日配,1,12.8,12.8,否
日配,1,1,1,否
休闲,1,2.9,2.9,否
粮油,1,11.6,14.7,否
文体,1,1.7,1.7,否
粮油,1,14.7,14.7,否
日配,1,11.8,11.8,否
肉禽,0.304,6.02,19.8,否
酒饮,1,7.5,7.5,否
日配,1,5.6,5.6,否
蔬果,1.348,8.03,5.96,否
日配,1,10.3,10.3,否
休闲,0.16,7,51.6,是
蔬果,0.764,22.92,30,否
粮油,1,3.9,3.9,否
家居,1,7.9,10,是
肉禽,0.61,9.52,15.6,否
蔬果,1.093,6.51,5.96,否
针织,1,14.9,23,是
蔬果,0.396,0.7,1.76,否
蔬果,0.651,1.29,1.98,否
蔬果,0.358,1.79,4.99,否
洗化,1,4.7,4.7,否
休闲,1,5.7,5.7,否
洗化,1,23.9,23.9,否
粮油,0.072,6.47,89.8,否
蔬果,0.956,28.68,30,否
休闲,1,6.5,6.7,否
蔬果,0.932,27.96,30,否
休闲,0.496,4.86,16.8,是
熟食,4,2,0.5,否
酒饮,1,5.5,5.5,否
蔬果,0.298,2.68,9,否
蔬果,1.117,3.55,3.18,否
酒饮,1,22,22,否
肉禽,0.16,4.45,27.8,否
蔬果,0.462,13.86,30,否
日配,1,7.7,7.7,否
肉禽,1.148,22.73,19.8,否
蔬果,0.372,2.16,5.8,否
蔬果,0.544,12.51,23,否
休闲,1,4.3,4.3,否
休闲,1,19.9,21.9,是
日配,15,25.9,2.4,是
蔬果,2.554,5.11,2,否
洗化,1,5.9,5.9,否
休闲,1,9.5,9.5,否
洗化,1,12.9,17.7,是
洗化,1,8.9,8.9,否
洗化,1,16.9,19.9,是
家居,1,7,7,否
蔬果,0.364,1.82,5,否
蔬果,0.432,4.3,9.96,否
蔬果,0.906,2.34,2.58,否
酒饮,24,31.2,1.3,否
休闲,1,9.8,12.9,是
蔬果,0.698,4.58,6.56,否
蔬果,0.614,4.03,6.56,否
休闲,0.478,9.46,19.8,否
家居,1,6.5,6.5,否
洗化,1,23.9,26.9,是
日配,0.68,4.61,6.78,否
蔬果,0.504,3.31,6.56,否
蔬果,1.19,20.94,17.6,否
蔬果,0.61,1.21,1.98,否
休闲,1,32,32,否
休闲,1,78,78,否
蔬果,0.316,2.07,6.56,否
日配,0.78,5.29,6.78,否
蔬果,0.604,3.36,7.96,否
休闲,1,3.6,3.6,否
粮油,1,4.2,4.2,否
粮油,1,3.5,5.9,是
洗化,1,2,2,否
肉禽,0.32,8.9,27.8,否
家居,1,12,12,否
蔬果,0.408,2.68,6.56,否
粮油,1,6.9,6.9,否
蔬果,4.764,38.02,7.98,否
肉禽,0.448,8.87,19.8,否
日配,1,22.5,22.5,否
日配,1.593,10.8,6.78,否
休闲,0.214,4.24,19.8,否
家居,1,3,3,否
蔬果,0.488,9.76,20,否
熟食,0.778,4.67,6,否
蔬果,0.538,1.38,2.56,否
休闲,0.782,9.2,17.8,是
蔬果,0.884,5.8,6.56,否
蔬果,0.423,0.76,1.8,否
蔬果,0.5,15.9,31.8,否
肉禽,0.96,26.69,27.8,否
日配,0.238,4.24,17.8,否
日配,15,25.9,2.4,是
粮油,1,8.9,8.9,否
针织,1,14.9,23,是
日配,2,4,2,否
粮油,1,2,4.5,是
蔬果,0.872,2.23,2.56,否
日配,1.252,8.49,6.78,否
蔬果,0.639,3.2,5,否
蔬果,0.65,3.23,2.58,否
洗化,1,7.9,9.5,是
洗化,1,9.5,11.9,是
粮油,0.74,8.28,13.8,是
洗化,1,19.9,24.9,是
酒饮,1,8.5,11,是
日配,0.758,5.14,6.78,否
休闲,1,7.5,7.5,否
蔬果,0.134,2.09,15.6,否
蔬果,0.246,1.91,7.76,否
蔬果,0.912,5.11,5.6,否
日配,1,5.3,5.3,否
蔬果,1.212,9.67,7.98,否
休闲,-0.16,-7,51.6,是
粮油,1,2.8,2.8,否
粮油,1,39.9,39.9,否
肉禽,0.532,14.79,27.8,否
蔬果,0.342,1.98,5.8,否
粮油,1,1.5,1.5,否
粮油,1,2.5,2.5,否
蔬果,0.636,19.08,30,否
蔬果,0.954,28.62,30,否
休闲,1,7.5,7.5,否
蔬果,0.226,0.45,1.98,否
蔬果,0.784,23.52,30,否
蔬果,0.463,1.85,4,否
休闲,0.524,5.1,16.8,是
休闲,1,5.7,5.7,否
水产,0.36,0.36,1,否
家居,1,6,6,否
蔬果,0.492,0.96,1.96,否
洗化,1,9.5,11.9,是
肉禽,0.418,12.46,29.8,否
日配,24,48,3,是
洗化,1,4.9,4.9,否
日配,1.343,9.11,6.78,否
休闲,1,23,23,否
粮油,0.328,7.08,21.6,否
休闲,0.234,5.56,35.8,是
蔬果,2,4,2,否
蔬果,1.66,13.25,7.98,否
日配,1,59,76,是
烘焙,0.242,0.24,1,否
粮油,1,3,3,否
蔬果,1.094,32.82,30,否
休闲,0.262,6.23,35.8,是
日配,1,13.9,16.3,是
休闲,0.886,24.6,39.6,是
蔬果,0.476,2.84,9.6,否
洗化,1,14.7,14.7,否
肉禽,0.93,38.87,41.8,否
文体,3,6,2,否
日配,0.222,3.95,17.8,否
蔬果,0.266,4.79,18,否
蔬果,0.43,5.16,12,否
肉禽,2.124,25.06,11.8,否
休闲,0.416,4.03,16.8,是
蔬果,0.232,2.09,9,否
粮油,0.194,1.9,9.8,否
肉禽,0.286,7.95,27.8,否
蔬果,0.894,5.86,6.56,否
蔬果,0.69,2.73,3.96,否
蔬果,0.655,4.3,6.56,否
洗化,1,32.9,32.9,否
洗化,1,4,4,否
日配,1,11.8,11.8,否
粮油,1,7.3,7.3,否
蔬果,0.842,5.02,5.96,否
蔬果,1,30,30,否
休闲,0.438,4.24,16.8,是
日配,1,2.9,2.9,否
粮油,3.688,20.58,5.58,否
日配,1,3.5,3.9,是
蔬果,0.765,5.02,6.56,否
蔬果,0.67,1.31,1.96,否
粮油,0.9,13.41,14.9,否
粮油,1,11.9,11.9,否
蔬果,1.488,2.92,1.96,否
蔬果,0.726,1.28,1.76,否
粮油,1,7.3,7.3,否
蔬果,0.324,1.88,5.8,否
蔬果,0.968,7.36,7.6,否
粮油,4,14,5.9,是
蔬果,0.852,4.94,5.8,否
蔬果,0.142,1.42,10,否
家居,1,7,7,否
蔬果,0.286,1.43,5,否
洗化,1,12.9,17.7,是
蔬果,0.512,15.36,30,否
蔬果,0.339,0.67,1.98,否
蔬果,0.412,4.12,10,否
蔬果,0.098,1.13,9,否
日配,12,57,5.3,是
酒饮,1,13.7,13.7,否
休闲,1.284,12.56,16.8,是
休闲,3,3,1,否
蔬果,0.174,1.57,9,否
休闲,0.242,5.7,35.8,是
洗化,1,7.9,7.9,是
休闲,1,13.9,17.9,是
洗化,1,4.9,4.9,否
蔬果,0.322,3.09,9.6,否
家居,1,4,4,否
蔬果,0.633,1.87,2.96,否
粮油,1,14.7,14.7,否
粮油,1,9.9,11.9,是
休闲,1,10.9,10.9,否
休闲,1,6.5,6.5,否
蔬果,0.778,23.34,30,否
日配,1.474,9.99,6.78,否
洗化,1,4.9,4.9,否
家居,1,7,7,否
蔬果,0.59,3.5,9.6,否
蔬果,0.542,1.39,2.56,否
蔬果,0.61,18.3,30,否
休闲,0.216,8.6,39.8,否
休闲,0.272,5.39,19.8,否
粮油,1,17.9,17.9,否
日配,16,32.8,2.7,是
休闲,1,4.7,4.7,否
蔬果,0.318,2.86,9,否
粮油,2.69,15.01,5.58,否
蔬果,0.39,2.96,7.6,否
粮油,1,1.3,1.3,否
粮油,1,3.2,3.2,否
酒饮,1,6.9,6.9,否
肉禽,0.542,10.73,19.8,否
蔬果,0.434,2.41,5.56,否
粮油,1,6.9,6.9,否
蔬果,0.5,15,30,否
蔬果,0.656,1.18,1.8,否
蔬果,0.676,3.92,5.8,否
粮油,1,2.5,2.9,否
酒饮,3,12,4,否
肉禽,0.384,11.44,29.8,否
肉禽,0.312,9.3,29.8,否
日配,12,39,3.5,是
休闲,0.23,4.55,19.8,否
休闲,1,5.9,5.9,否
家居,1,10,10,否
蔬果,0.916,27.48,30,否
蔬果,0.402,3.62,9,否
日配,16,38.4,2.7,是
蔬果,0.128,2,15.6,否
蔬果,0.361,0.71,1.96,否
休闲,0.196,5.05,33.8,是
蔬果,1.726,10.29,5.96,否
蔬果,0.774,1.55,2,否
文体,1,12.9,12.9,否
日配,0.786,5.33,6.78,否
休闲,0.194,5,33.8,是
蔬果,0.778,5.1,6.56,否
日配,1,5.3,5.3,否
休闲,0.324,4.47,15.6,是
蔬果,0.572,4.55,7.96,否
蔬果,0.922,9.18,9.96,否
粮油,1,15.3,15.3,否
蔬果,0.264,1.48,5.6,否
蔬果,0.644,19.32,30,否
蔬果,0.878,1.72,1.96,否
蔬果,0.244,0.97,3.96,否
蔬果,0.37,3.55,9.6,否
蔬果,0.262,0.88,5,否
蔬果,0.936,3.74,4,否
洗化,1,15.9,19.9,是
蔬果,0.278,1.61,5.8,否
蔬果,0.456,0.73,1.6,否
日配,1,8.9,12.9,是
蔬果,0.342,1.01,2.96,否
蔬果,0.292,1.64,5.6,否
蔬果,1.201,2.16,1.8,否
日配,1.574,10.67,6.78,否
蔬果,1.284,3.29,2.56,否
肉禽,1.58,66.04,41.8,否
蔬果,0.268,2,5,否
肉禽,0.554,10.97,19.8,否
休闲,0.13,1.5,19.6,是
日配,1,3.9,6,是
日配,1,19.3,19.3,否
休闲,0.872,11.31,19.8,是
蔬果,0.604,4.71,7.8,否
休闲,0.502,4.9,16.8,是
休闲,1,27,27,否
日配,1,22.9,22.9,否
粮油,1,24.9,24.9,否
粮油,1,6.9,6.9,否
肉禽,1.348,37.47,27.8,否
粮油,0.758,13.57,17.9,否
肉禽,0.32,25.6,80,否
蔬果,4.764,38.02,7.98,否
蔬果,0.468,1.2,2.56,否
蔬果,0.686,2.03,2.96,否
蔬果,1,5.2,5.2,否
粮油,1,6.8,6.8,否
家居,1,15,15,否
肉禽,0.302,5.98,19.8,否
蔬果,0.516,2.99,5.8,否
家居,1,7.5,7.5,否
休闲,0.358,4.9,17.8,是
日配,0.368,6.99,19,否
蔬果,0.312,2.43,7.8,否
蔬果,0.3,2.34,7.8,否
洗化,1,12.9,12.9,否
蔬果,0.49,1.26,2.58,否
蔬果,2,20,10,否
蔬果,0.916,5.46,5.96,否
粮油,1,6.9,6.9,否
蔬果,0.66,6.34,9.6,否
蔬果,0.504,1.49,2.96,否
休闲,1,1,1,否
洗化,1,5.9,7.7,是
蔬果,0.349,2.02,5.8,否
日配,1,8,8,否
休闲,0.258,6.6,33.8,是
日配,1,3.5,3.5,否
日配,1,59,76,是
粮油,1,8.9,8.9,否
熟食,0.001,0.02,20,否
粮油,1,3.9,3.9,否
文体,1,6.7,6.7,否
肉禽,0.388,10.79,27.8,否
蔬果,0.518,11.91,23,否
日配,1,3.5,3.5,否
蔬果,2.075,12.37,5.96,否
日配,0.806,11.28,14,否
家居,1,16,16,否
水产,0.632,18.96,30,否
蔬果,0.554,3.63,6.56,否
蔬果,0.656,4.3,6.56,否
蔬果,0.172,1.12,7.96,否
日配,1,5.5,5.5,否
蔬果,0.873,26.19,30,否
粮油,1,7.3,7.3,否
家居,1,4.9,7,是
洗化,1,5.9,5.9,否
酒饮,1,13.8,13.8,否
休闲,1,23,23,否
蔬果,0.67,1.73,2.58,否
酒饮,1,2.5,2.5,否
蔬果,0.358,0.57,1.6,否
日配,1,4.3,4.3,否
休闲,0.548,5.34,16.8,是
蔬果,0.74,1.3,1.76,否
洗化,1,12.9,14.9,是
日配,4,8.4,2.1,否
酒饮,1,46.9,46.9,否
肉禽,0.318,9.48,29.8,否
蔬果,0.668,1.71,2.56,否
粮油,1,0.5,0.5,否
肉禽,0.232,4.59,19.8,否
酒饮,1,2.9,2.9,否
文体,1,0.5,0.5,否
家居,1,13,13,否
粮油,0.35,13.23,37.8,否
粮油,8,4,0.5,否
蔬果,0.282,2.19,7.76,否
休闲,1,1,1,否
粮油,1,1.1,1.1,否
蔬果,0.418,7.02,16.8,否
粮油,1,3.9,3.9,否
休闲,1,7.5,7.5,否
家居,1,11,11,否
冲调,1,42,42,否
休闲,0.316,5.6,31.8,是
休闲,0.216,6.42,39.8,是
蔬果,2,3,1.5,否
蔬果,0.818,1.6,1.96,否
日配,1,1.8,1.8,否
冲调,1,3,3,否
休闲,1,4.5,4.5,否
休闲,0.212,2.9,15.6,是
针织,2,15,7.5,否
粮油,1,7.9,7.9,否
休闲,1,4.5,4.5,否
日配,1,4.2,4.2,否
日配,1,4.2,4.2,否
休闲,1,4.7,4.7,否
蔬果,0.398,0.64,1.6,否
蔬果,0.476,10.95,23,否
蔬果,0.186,0.93,5,否
蔬果,0.928,6.09,6.56,否
休闲,0.468,6.42,15.6,是
休闲,1,6.9,6.9,否
休闲,1,3.5,3.5,否
休闲,1,2.7,2.7,否
蔬果,0.828,24.84,30,否
蔬果,0.67,10.65,15.9,否
日配,24,48,3,是
蔬果,0.346,17.3,50,否
熟食,0.344,2.06,6,否
粮油,1,4.8,4.8,否
蔬果,0.138,1.32,9.6,否
蔬果,0.718,12.64,17.6,否
蔬果,0.504,2,3.96,否
粮油,10,5,0.5,否
冲调,1,14.5,14.5,否
蔬果,0.682,20.46,30,否
日配,1,9.9,11.5,是
日配,0.912,6.18,6.78,否
粮油,1,6.7,6.7,否
洗化,1,14.9,14.9,否
休闲,0.428,8.47,19.8,否
休闲,0.184,11,59.8,否
休闲,1,5.9,5.9,否
粮油,7,3.5,0.5,否
粮油,1,4.3,4.3,否
家居,1,8,8,否
酒饮,1,15.3,15.3,否
酒饮,1,5,5,否
休闲,1,5.3,5.3,否
休闲,0.19,4.1,39.8,是
休闲,0.362,10,39.6,是
蔬果,0.2,3.12,15.6,否
蔬果,0.218,1.69,7.76,否
蔬果,0.316,2.1,6.56,否
洗化,1,11.5,15.9,是
休闲,0.048,0.62,19.8,是
熟食,0.562,11.24,20,否
休闲,1,3.5,3.5,否
蔬果,2.716,10.81,3.98,否
洗化,1,9.9,9.9,否
休闲,0.402,5.54,19,是
粮油,1,6.7,6.7,否
酒饮,1,10.5,10.5,否
粮油,4,2,0.5,否
蔬果,0.464,10.21,25,否
粮油,1,3.9,3.9,否
休闲,1,3.5,3.5,否
蔬果,0.322,0.52,1.6,否
蔬果,0.714,1.83,2.56,否
粮油,1,14.7,14.7,否
蔬果,0.26,4.37,16.8,否
蔬果,0.284,1.65,5.8,否
日配,24,48,3,是
蔬果,0.392,1.57,4,否
粮油,1,6.5,6.5,否
蔬果,2,3,1.5,否
休闲,0.396,11.01,27.8,否
休闲,0.264,4.69,31.8,是
蔬果,0.82,4.89,5.96,否
酒饮,4,13.2,3.3,否
休闲,0.146,1.89,19.8,是
洗化,1,9.9,9.9,否
粮油,1,3.5,5.9,是
冲调,1,25.9,33.9,是
粮油,1,2.9,3.9,是
休闲,1,7.3,7.3,否
休闲,0.246,4.3,27.8,是
蔬果,0.278,2.11,7.6,否
日配,0.8,5.42,6.78,否
日配,1,15.6,15.6,否
粮油,1,1.3,1.3,否
休闲,1,16.9,16.9,否
蔬果,0.33,1.91,5.8,否
蔬果,1.284,35.7,27.8,否
粮油,1,4.5,4.5,否
蔬果,0.429,1.36,3.16,否
蔬果,0.492,11.32,23,否
日配,1,2,2,否
日配,1,13.9,16.3,是
休闲,1,3.7,3.7,否
蔬果,0.61,0.98,1.6,否
休闲,0.416,4.01,16.8,是
休闲,1,8.9,8.9,否
粮油,-1,-5.9,5.9,否
粮油,1,5.9,5.9,否
粮油,1,5.3,5.3,否
水产,1.008,19.76,19.6,否
蔬果,0.224,2.15,9.6,否
日配,1,23.7,23.7,否
蔬果,0.803,1.57,1.96,否
肉禽,0.418,8.19,19.6,否
休闲,1,11.9,14.3,是
肉禽,0.26,10.4,40,否
冲调,1,32,32,否
休闲,0.356,4.91,19,是
酒饮,1,6.9,6.9,否
洗化,1,4.7,4.7,否
肉禽,0.336,10.01,29.8,否
蔬果,0.188,1.43,7.6,否
蔬果,0.066,0.63,9.6,否
日配,1,9.9,9.9,否
蔬果,0.912,1.81,1.98,否
休闲,1,4.2,4.2,否
粮油,1,6.9,6.9,否
家居,1,10,10,否
家居,1,13.5,13.5,否
粮油,1,9.5,12.9,是
蔬果,0.67,2.55,3.8,否
蔬果,0.192,1.49,7.76,否
蔬果,0.202,11.31,56,否
休闲,1,3.7,3.7,否
蔬果,0.351,2.04,5.8,否
休闲,0.42,12.52,29.8,否
肉禽,0.292,5.78,19.8,否
休闲,1,2.9,4.3,是
休闲,0.5,4.9,16.8,是
休闲,0.374,3.6,16.8,是
粮油,3,1.5,0.5,否
蔬果,0.654,1.18,1.8,否
蔬果,0.922,27.66,30,否
蔬果,0.763,1.97,2.58,否
粮油,1,11.5,14.7,是
蔬果,0.286,6.58,23,否
休闲,1,3.9,3.9,否
酒饮,1,10.9,10.9,否
酒饮,1,2.5,2.5,否
粮油,2,1,0.5,否
水产,0.504,9.88,19.6,否
蔬果,0.26,3.9,56,否
粮油,1,1.7,1.7,否
针织,1,7.5,7.5,否
蔬果,0.386,1,2.58,否
洗化,1,5.3,5.3,否
蔬果,0.382,6.88,18,否
酒饮,1,6.3,6.3,否
蔬果,0.556,3.65,6.56,否
粮油,1,139.8,155,是
日配,1,12.3,12.3,否
蔬果,0.294,2.23,7.6,否
休闲,0.322,4.44,19,是
日配,1,4.9,5.3,否
肉禽,0.422,15.11,35.8,否
休闲,1,3.5,3.9,否
休闲,-1,-5.7,5.7,否
休闲,1,5.7,5.7,否
日配,1,18.3,18.3,否
粮油,1,14.5,14.9,否
熟食,0.358,7.16,20,否
熟食,0.256,23.04,90,否
蔬果,0.746,1.46,1.96,否
日配,1,3.3,3.3,否
蔬果,0.44,2.45,5.56,否
蔬果,0.322,1.22,3.8,否
蔬果,0.372,5.05,7.8,否
蔬果,0.15,0.75,5,否
日配,0.914,6.2,6.78,否
休闲,1,6.5,6.5,否
休闲,1,1,1,否
休闲,0.42,4.1,16.8,是
蔬果,0.603,2.4,3.98,否
肉禽,0.656,19.55,29.8,否
休闲,1,4.3,4.3,否
休闲,1,8.5,8.5,否
休闲,1,2.3,2.3,否
蔬果,0.5,2.9,5.8,否
酒饮,1,1.5,1.5,否
蔬果,0.568,3.29,5.8,否
粮油,1,7.9,7.9,否
日配,1,13.9,16.3,是
休闲,1,2.5,2.5,否
酒饮,1,5.5,5.5,否
粮油,1,7.5,7.5,否
休闲,1,4.5,4.5,否
肉禽,0.214,13.7,64,否
蔬果,0.331,0.85,2.58,否
蔬果,1.878,22.46,11.96,否
休闲,0.22,5.24,23.8,否
粮油,1,14.7,14.7,否
休闲,1,1,1,否
蔬果,0.453,1.26,2.78,否
休闲,0.326,4.46,15.6,是
休闲,1,10.9,10.9,否
蔬果,0.396,1.25,3.16,否
蔬果,1.27,2.49,1.96,否
日配,1,18.9,18.9,否
粮油,1,7.9,7.9,否
洗化,1,5.9,5.9,否
蔬果,0.352,1.41,4,否
粮油,1,3.5,5.9,是
粮油,1,1.7,1.7,否
日配,1,8.9,12.9,是
休闲,0.238,3.28,19.8,是
粮油,1,2.8,2.8,否
日配,1,10.9,13.5,是
日配,1,8,8,否
蔬果,0.316,1.89,5.98,否
休闲,1,5.3,5.3,否
粮油,1,7.9,7.9,否
粮油,2,1,0.5,否
粮油,1,4.2,4.2,否
日配,12,49,5.5,是
日配,1,8.9,12.9,是
粮油,1,5.9,10.7,是
粮油,1,3.2,3.2,否
粮油,1,8.9,8.9,否
休闲,1,6.7,6.7,否
蔬果,0.55,2.18,3.96,否
肉禽,0.916,17.95,19.6,否
蔬果,0.444,3.53,7.96,否
日配,0.954,6.47,6.78,否
酒饮,1,9.9,9.9,否
粮油,1,2.8,2.8,否
粮油,1,7.9,7.9,否
粮油,1,8.9,8.9,否
休闲,1,3.5,3.5,否
蔬果,1,2,2,否
蔬果,0.308,0.55,1.8,否
粮油,1,3.5,5.9,是
蔬果,0.306,2.94,9.6,否
蔬果,0.374,8.6,23,否
休闲,1,3,3.4,是
蔬果,0.924,1.66,1.8,否
洗化,1,18.9,18.9,否
休闲,2,39,19.5,否
粮油,1,9.5,12.9,是
休闲,1,17.5,17.5,否
日配,1,12,13.9,是
蔬果,0.361,2.02,5.6,否
蔬果,1.356,7.86,5.8,否
休闲,1,4.5,4.5,否
蔬果,1,1.5,1.5,否
粮油,1,7.7,7.7,否
休闲,1,5.3,5.3,否
休闲,0.958,11.3,19.6,是
蔬果,0.512,3.36,6.56,否
蔬果,0.292,1.74,7.96,否
蔬果,0.956,5.7,5.96,否
针织,1,6.9,13,是
粮油,1,2,2,否
粮油,1,4.3,4.3,否
粮油,1,3.7,3.7,否
粮油,1,2.9,2.9,否
粮油,4,2,0.5,否
蔬果,0.251,1.65,6.56,否
蔬果,0.504,8.47,16.8,否
洗化,1,29.9,29.9,否
家居,1,20,20,否
家居,1,8,8,否
休闲,0.216,2.98,13.8,否
粮油,1,7.9,7.9,否
休闲,-1,-17.5,17.5,否
休闲,1,2,2,否
蔬果,0.286,2.23,7.8,否
日配,0.36,6.41,17.8,否
洗化,1,4.7,4.7,否
针织,1,20,20,否
粮油,1,74.9,74.9,否
蔬果,0.757,1.95,2.58,否
休闲,1,3.5,3.5,否
休闲,0.318,4.3,15.6,是
蔬果,1.05,2.69,2.56,否
日配,1,3.7,3.7,否
休闲,1,12.9,12.9,否
蔬果,0.91,4.34,3.96,否
蔬果,0.2,1.92,9.6,否
蔬果,0.604,1.55,2.56,否
蔬果,0.288,1.44,5,否
蔬果,0.563,3.69,6.56,否
休闲,0.208,4.12,19.8,否
日配,1,10.7,10.7,否
休闲,0.16,2.2,19,是
蔬果,0.36,2.81,7.8,否
粮油,1,7.7,7.7,否
酒饮,1,12,12,否
日配,1,1.6,2,是
粮油,1,14.7,14.7,否
日配,1,10.9,15.9,是
蔬果,0.092,1.1,12,否
蔬果,1.756,6.99,3.98,否
家居,1,12,12,否
蔬果,0.288,0.43,1.48,否
家居,1,7,7,否
蔬果,1.12,3.54,3.16,否
家居,1,10,10,否
休闲,1,3.5,3.5,否
粮油,1,11.5,14.7,是
粮油,1,139.8,155,是
休闲,1,11.9,14.3,是
粮油,1,69.9,69.9,否
蔬果,0.146,0.87,5.98,否
日配,1,2.3,2.3,否
蔬果,3.323,19.81,5.96,否
肉禽,0.24,7.15,29.8,否
休闲,1,5.3,5.3,否
洗化,1,19.9,19.9,否
酒饮,1,1.5,1.5,否
酒饮,1,4.5,4.5,否
洗化,1,19,19,否
洗化,1,12.9,24.9,是
休闲,1,2.9,4.3,是
家居,1,6.5,6.5,否
粮油,1,25.9,25.9,否
日配,1,18.9,18.9,否
蔬果,1.618,19.38,11.98,否
休闲,1,5.9,5.9,否
休闲,3,8.7,4.3,是
蔬果,0.9,7.18,7.98,否
蔬果,0.5,0.8,1.6,否
休闲,1,12.8,12.8,否
酒饮,1,6.9,6.9,否
休闲,0.558,5.4,16.8,是
蔬果,0.13,1.17,9,否
蔬果,0.198,1.9,9.6,否
休闲,1,6.5,6.5,否
休闲,1,2.7,2.7,否
粮油,1,8.5,8.5,否
休闲,1,9.9,9.9,否
蔬果,0.492,2.93,5.96,否
蔬果,0.272,2.11,7.76,否
休闲,0.438,4.26,16.8,是
休闲,1,8.7,8.7,否
休闲,1,1,1,否
蔬果,0.794,23.82,30,否
熟食,0.454,25.42,56,否
休闲,1,25.8,25.8,否
家居,1,6.5,6.5,否
粮油,1,9.9,13.9,是
蔬果,0.876,49.06,56,否
休闲,1,2.9,2.9,否
冲调,1,22.7,22.7,否
洗化,1,7.9,7.9,否
休闲,1,4.3,4.3,否
休闲,1,6.3,6.3,否
休闲,1,1,1,否
酒饮,1,3.8,3.8,否
日配,15,25.9,2.4,是
酒饮,1,3.8,3.8,否
洗化,1,9.9,9.9,否
蔬果,0.538,3,7.96,否
粮油,1,12.9,12.9,否
粮油,1,1.9,1.9,否
休闲,1,14.5,14.5,否
蔬果,1.414,2.83,2,否
休闲,1,2.7,3.5,是
蔬果,0.292,2.63,9,否
蔬果,0.212,1.06,5,否
日配,1,10.3,10.3,否
蔬果,0.176,0.98,5.56,否
日配,1,6.7,6.7,否
休闲,1,8.5,8.5,否
蔬果,0.524,2.62,5,否
洗化,1,19.7,19.7,否
蔬果,0.308,2.77,9,否
酒饮,1,9.9,12.3,是
粮油,1,3,3.5,否
蔬果,0.525,3.44,6.56,否
熟食,0.184,7.36,40,否
蔬果,0.602,1.19,1.98,否
休闲,1,2.9,2.9,否
休闲,1,12.9,12.9,否
日配,15,25.9,2.4,是
日配,1,11,11,否
洗化,1,11.9,15.5,是
洗化,1,7.7,7.7,否
酒饮,1,7,7,否
蔬果,1.606,4.75,1.96,否
洗化,1,12.9,14.5,是
蔬果,0.586,9.38,16,否
文体,1,3,3,否
日配,1,8.9,12.9,是
酒饮,1,3.5,3.5,否
粮油,1,6.5,8.9,是
粮油,1,11.3,11.3,否
蔬果,0.664,21.12,31.8,否
洗化,1,9.5,9.5,否
蔬果,0.883,1.73,1.96,否
休闲,1,13.9,13.9,否
粮油,1,3.7,3.7,否
蔬果,1.388,16.63,11.98,否
休闲,1,6.3,6.3,否
休闲,1,15.9,15.9,否
休闲,1,8.5,8.5,否
蔬果,0.772,13.59,17.6,否
休闲,1,9.8,11.5,是
粮油,1,8.9,8.9,否
酒饮,1,22,22,否
熟食,0.854,5.12,6,否
冲调,1,25.5,32.7,是
蔬果,0.862,6.86,7.96,否
休闲,1,19.9,19.9,否
酒饮,1,26.7,26.7,否
酒饮,1,13.8,13.8,否
休闲,1,10.9,10.9,否
酒饮,6,15,2.5,否
蔬果,0.686,3.81,5.56,否
蔬果,1.042,18.34,17.6,否
蔬果,0.62,1.23,1.98,否
家电,1,19,19,否
粮油,1,9.5,9.5,否
蔬果,0.492,1.97,4,否
粮油,0.382,4.13,10.8,否
休闲,1,3,3.4,是
粮油,1,1.3,1.3,否
蔬果,0.439,2.55,5.8,否
粮油,1,4.3,4.3,否
酒饮,6,9.9,2,是
粮油,1,11.3,11.3,否
休闲,0.198,9.86,49.8,否
文体,1,3,3,否
蔬果,0.588,2.94,5,否
休闲,1,4.5,4.5,否
休闲,1,4.7,4.7,否
休闲,1,2.4,2.4,否
休闲,1,5.7,5.7,否
休闲,1,6,6,否
蔬果,1.08,24.84,23,否
粮油,1,29.9,36.9,是
洗化,1,6.9,9.7,是
洗化,1,7.9,7.9,否
日配,1,5.3,5.3,否
蔬果,0.41,0.81,1.98,否
日配,1,1.5,1.5,否
蔬果,0.588,10.35,17.6,否
休闲,1,25.9,25.9,否
粮油,1,4.9,4.9,否
蔬果,0.894,1.77,1.98,否
蔬果,0.726,16.7,23,否
熟食,0.661,3.97,6,否
休闲,1,2.3,2.3,否
休闲,1,5.5,5.5,否
蔬果,0.216,1.68,7.8,否
蔬果,0.408,1.83,12,否
日配,1,11.9,14.9,是
日配,24,48,3,是
蔬果,0.6,4.79,7.98,否
蔬果,0.262,2.52,9.6,否
休闲,1,1.3,1.3,否
洗化,1,7.9,7.9,否
洗化,1,12.7,12.7,否
休闲,1,11.8,12,否
蔬果,0.76,4.99,6.56,否
休闲,1,2.3,2.3,否
蔬果,0.74,22.2,30,否
蔬果,0.566,5.43,9.6,否
粮油,1,9.9,9.9,否
蔬果,0.202,1.61,7.96,否
蔬果,2.018,3.96,1.96,否
蔬果,1.504,3.01,2,否
蔬果,2.076,4.15,2,否
蔬果,0.368,4.42,12,否
洗化,1,14.9,14.9,否
洗化,1,5.3,5.3,否
蔬果,0.276,1.09,3.96,否
蔬果,1.837,4.7,2.56,否
洗化,1,4.9,4.9,否
洗化,1,3.9,3.9,否
蔬果,0.25,1.5,5.98,否
洗化,1,16.9,16.9,否
蔬果,0.646,1.67,2.58,否
日配,0.796,5.4,6.78,否
休闲,1,18.5,23.5,是
蔬果,0.466,2,2.56,否
日配,24,48,3,是
蔬果,2,3,1.5,否
日配,1.614,10.94,6.78,否
休闲,1,4.5,4.5,否
休闲,1,3.9,3.9,否
蔬果,0.737,2.92,3.96,否
休闲,1,8.7,8.7,否
休闲,0.242,3.3,19,是
蔬果,1.016,3.21,3.16,否
洗化,4,10.8,2.7,否
蔬果,0.836,19.23,23,否
休闲,1,1,1,否
休闲,1,3.5,3.5,否
蔬果,0.257,0.51,1.98,否
休闲,0.54,11.75,39.8,是
蔬果,0.166,2.59,15.6,否
休闲,1,2.9,2.9,否
洗化,1,5.7,5.7,否
洗化,1,7.9,11.9,是
洗化,1,9.5,9.5,否
休闲,1,16.9,16.9,否
肉禽,0.672,28.09,41.8,否
蔬果,0.6,3,5,否
蔬果,0.74,23.53,31.8,否
蔬果,0.93,1.82,1.96,否
洗化,1,4.7,4.7,否
家居,1,7,7,否
休闲,1,3.3,3.3,否
洗化,1,1.5,1.5,否
蔬果,1.412,5.59,3.96,否
日配,4.826,32.72,6.78,否
休闲,1,3.5,3.5,否
粮油,1,14.5,14.5,否
休闲,1,10.9,10.9,否
休闲,1,1,1,否
蔬果,0.338,3.04,9,否
休闲,1,2.7,2.7,否
肉禽,0.212,6.32,29.8,否
蔬果,0.196,3.06,15.6,否
蔬果,0.137,2.14,15.6,否
冲调,1,25.5,32.7,是
蔬果,0.536,2.14,16,否
休闲,1,5.9,5.9,否
休闲,1,7,7,否
休闲,1,1.1,1.1,否
休闲,1,1,1,否
洗化,1,6.9,6.9,否
肉禽,0.598,21.41,35.8,否
蔬果,0.825,4.78,5.8,否
蔬果,1.422,42.66,30,否
休闲,1,1,1,否
蔬果,0.238,2.28,9.6,否
休闲,1,2.8,2.8,否
蔬果,0.408,2.37,5.8,否
休闲,1,12.9,12.9,否
休闲,1,14.9,14.9,否
休闲,1,29.8,39.8,是
休闲,1,5.5,5.5,否
蔬果,0.282,2.71,9.6,否
蔬果,0.86,2.2,2.56,否
蔬果,0.706,6.78,9.6,否
日配,1,8.9,12.9,是
日配,1,13.3,13.3,否
粮油,0.914,16.36,17.9,否
酒饮,2,246,138,是
休闲,1,10.4,10.4,否
蔬果,0.358,0.92,2.58,否
酒饮,1,78,78,否
休闲,0.434,12,39.6,是
蔬果,0.514,2.57,5,否
粮油,1,7.7,7.7,否
洗化,1,3.9,3.9,否
休闲,1,7.9,7.9,否
蔬果,0.786,5.97,7.6,否
日配,1,4,4,否
酒饮,20,110,5.5,否
休闲,-1,-3.5,3.5,否
蔬果,0.862,1.69,1.96,否
日配,1,8.9,12.9,是
粮油,1,6.8,6.8,否
休闲,1,5.9,5.9,否
休闲,1,4.5,4.5,否
休闲,1,5.5,5.5,否
洗化,1,20.9,20.9,否
日配,1,8.3,8.3,否
日配,1.68,11.39,6.78,否
日配,3,15,5,否
酒饮,24,36,1.5,否
蔬果,0.126,0.75,5.98,否
休闲,1,4.3,4.3,否
洗化,1,1.5,1.5,否
熟食,0.432,2.59,6,否
日配,1,10.9,15.9,是
休闲,0.184,3.2,31.8,是
酒饮,1,4,4,否
蔬果,0.254,2.29,9,否
休闲,1,14.5,14.5,否
休闲,1,3.7,3.7,否
蔬果,0.498,1.47,2.96,否
蔬果,0.714,5.7,7.98,否
蔬果,1.022,6.7,6.56,否
蔬果,1.218,6.3,2.58,否
蔬果,0.859,1.7,1.98,否
日配,1,4.9,5.5,是
蔬果,0.394,0.78,1.98,否
蔬果,0.32,3.07,9.6,否
粮油,1,4.7,4.7,否
日配,1,8.9,8.9,否
蔬果,0.908,2.52,2.78,否
蔬果,0.64,3.56,5.56,否
日配,1,68,68,否
粮油,1,3.5,5.9,是
休闲,0.192,2.64,15.6,是
粮油,1,0.5,0.5,否
粮油,1,0.5,0.5,否
蔬果,0.266,2.55,9.6,否
蔬果,2,4,2,否
休闲,1,11.9,14.3,是
蔬果,0.498,14.94,30,否
蔬果,0.288,2.25,7.8,否
休闲,1,4.2,4.2,否
休闲,1,3.9,3.9,否
洗化,1,4.9,9.9,是
日配,2.222,15.07,6.78,否
休闲,1,47,47,否
蔬果,1.082,6.45,5.96,否
蔬果,0.242,2.32,9.6,否
蔬果,0.492,3.74,7.6,否
酒饮,1,4,4,否
日配,4,20,5,否
蔬果,0.518,1.64,3.96,否
日配,1,7.3,7.3,否
休闲,1,4.3,4.3,否
休闲,1,3.9,3.9,否
休闲,1,3.5,3.5,否
酒饮,4,24,6,否
冲调,1,14.5,14.5,否
粮油,0.122,3.17,26,否
蔬果,0.436,5.23,12,否
蔬果,1.28,7.63,5.96,否
蔬果,1.226,7.31,5.96,否
熟食,0.63,12.6,20,否
日配,15,25.9,2.4,是
蔬果,1.036,31.08,30,否
休闲,1,4.5,4.5,否
洗化,1,3.9,4.9,是
休闲,1,6.9,6.9,否
蔬果,0.228,2.19,9.6,否
蔬果,0.554,3.32,6,否
酒饮,1,4.9,4.9,否
洗化,1,7.9,8.9,是
酒饮,1,5,5,否
日配,1,8.6,8.6,否
蔬果,0.528,1.05,1.98,否
粮油,1,17.9,17.9,否
休闲,1,5.9,5.9,否
休闲,1,4.3,4.3,否
休闲,0.432,7.78,18,否
休闲,0.208,14.52,69.8,否
蔬果,0.342,2.67,7.8,否
蔬果,1.189,3.07,2.58,否
肉禽,0.546,10.81,19.8,否
休闲,1,4.3,4.3,否
酒饮,1,4.9,4.9,否
休闲,1,4.3,4.3,否
蔬果,0.322,3.22,10,否
蔬果,0.245,1.61,6.56,否
休闲,1,6,6,否
休闲,-1,-4.3,4.3,否
蔬果,0.544,4.24,7.8,否
蔬果,0.834,3.34,4,否
肉禽,0.458,9.07,19.8,否
粮油,1,4.3,4.3,否
蔬果,1.82,11.94,6.56,否
休闲,1,6.2,6.2,否
蔬果,0.118,1.42,12,否
冲调,1,18.3,18.3,否
休闲,1,3.5,3.5,否
休闲,1,4,4,否
粮油,1,56.9,56.9,否
日配,1,8.9,8.9,否
蔬果,0.334,3.21,9.6,否
蔬果,0.36,4.32,12,否
家居,1,13,13,否
粮油,1,0.5,0.5,否
日配,1,8,8,否
蔬果,0.255,0.38,1.48,否
水产,0.228,6.84,30,否
蔬果,0.766,4.26,5.56,否
水产,0.704,13.8,19.6,否
蔬果,1.298,5.14,3.96,否
粮油,1,14.7,14.7,否
休闲,1,5.3,5.3,否
蔬果,0.45,1.8,4,否
蔬果,0.966,7.34,7.6,否
休闲,1,4.5,4.5,否
休闲,1,3.5,3.5,否
洗化,1,39.9,51.9,是
洗化,1,2.9,2.9,否
洗化,1,6.9,9.7,是
蔬果,1,2,2,否
蔬果,0.96,3.65,3.8,否
休闲,1,3.3,3.3,否
蔬果,0.504,0.89,2.56,否
蔬果,0.914,5.3,5.8,否
蔬果,0.458,1.81,3.96,否
休闲,1,4.3,4.3,否
日配,1,8.9,8.9,否
蔬果,1.89,6.01,3.18,否
洗化,1,9.9,11.7,是
日配,0.952,31.04,32.6,否
日配,1,6.8,8.3,是
粮油,1,0.5,0.5,否
蔬果,1.586,4.4,1.96,否
蔬果,0.438,1.3,2.96,否
熟食,4,2,0.5,否
酒饮,1,40,40,否
蔬果,0.37,1.85,5,否
休闲,0.11,2.16,25,是
日配,0.386,3.28,8.5,否
蔬果,0.172,1.13,6.56,否
蔬果,0.728,2.9,3.98,否
休闲,1,5.9,5.9,否
休闲,1,1.7,1.7,否
文体,1,4.7,4.7,否
休闲,1,11.9,11.9,否
休闲,1,3.9,3.9,否
酒饮,1,5.5,5.5,否
休闲,1,4.3,4.3,否
洗化,1,19.9,19.9,否
休闲,1,3.9,3.9,否
蔬果,0.224,2.02,9,否
酒饮,1,39.9,39.9,否
休闲,0.338,8.1,24,否
日配,1,9.7,9.7,否
蔬果,1.688,10.06,5.96,否
洗化,1,12.9,14.5,是
休闲,1,3.3,3.3,否
休闲,1,5,5,否
蔬果,0.448,1.16,2.58,否
日配,1,15.3,15.3,否
酒饮,1,13.8,13.8,否
酒饮,24,24,1,否
粮油,2.258,10.78,5.58,否
蔬果,0.314,2.19,6.96,否
休闲,1,5.9,5.9,否
休闲,-1,-3.5,3.5,否
蔬果,1.779,10.6,5.96,否
蔬果,0.784,3.14,4,否
蔬果,1.065,2.73,2.56,否
粮油,1,5.9,5.9,否
酒饮,1,2.7,2.7,否
酒饮,1,3,3,否
蔬果,0.496,14.88,30,否
蔬果,0.532,9.36,17.6,否
日配,1,3.5,3.5,否
休闲,0.184,3.2,27.8,是
蔬果,0.206,1.57,7.6,否
酒饮,1,3.5,3.5,否
蔬果,0.297,0.88,2.96,否
蔬果,1.342,3.46,2.58,否
蔬果,0.598,5.74,9.6,否
酒饮,1,13.8,13.8,否
休闲,1,4.3,4.3,否
休闲,1,5.5,5.5,否
休闲,1,4.7,4.7,否
日配,0.752,5.1,6.78,否
蔬果,0.82,24.6,30,否
洗化,1,12.9,14.5,是
文体,1,7.5,7.5,否
文体,1,1.7,1.7,否
肉禽,0.122,2.15,17.6,否
休闲,1,10.9,10.9,否
粮油,1.044,5.83,5.58,否
日配,1,13.9,16.3,是
休闲,1,2.9,2.9,否
日配,1,13.9,16.3,是
洗化,1,4.9,6.7,是
日配,1,18.5,18.9,否
休闲,1,5.3,5.3,否
日配,1,5.5,5.5,否
休闲,1,3.5,3.5,否
酒饮,1,7.5,7.5,否
蔬果,0.995,1.97,1.98,否
肉禽,1.474,35.08,23.8,否
休闲,1,3.9,3.9,否
日配,12,49,5,是
休闲,1,9.9,9.9,否
休闲,1,3.5,3.5,否
蔬果,1,30,30,否
休闲,1,8,8,否
蔬果,2.678,21.37,7.98,否
休闲,1,7.3,7.3,否
休闲,1,10.9,10.9,否
洗化,1,15.9,15.9,否
日配,1,8.9,12.9,是
家居,1,20,20,否
日配,1.524,10.33,6.78,否
粮油,1,4.8,4.8,否
蔬果,2.43,72.9,30,否
日配,1,1.6,2,是
粮油,1,75,75,否
洗化,1,9.5,9.5,否
日配,1.534,10.4,6.78,否
休闲,0.302,5.9,34,是
蔬果,0.258,1.69,6.56,否
蔬果,0.48,2.4,5,否
蔬果,0.372,1.47,3.96,否
粮油,1,17.3,17.3,否
蔬果,0.217,0.68,5.6,否
休闲,1,4.3,4.3,否
休闲,1,3,3,否
休闲,1,6.9,6.9,否
休闲,1,2.9,2.9,否
休闲,1,3.5,3.5,否
粮油,1,9.9,9.9,否
休闲,1,3.5,3.5,否
熟食,8,4,0.5,否
休闲,1,8.7,8.7,否
蔬果,0.82,2.43,2.96,否
文体,1,4.3,4.3,否
粮油,0.364,3.93,10.8,否
蔬果,0.489,2.24,2.96,否
休闲,1,4.3,4.3,否
休闲,1,3.9,3.9,否
日配,1,9.9,9.9,否
休闲,1.884,18.46,16.8,是
蔬果,-1.259,-7.5,5.96,否
蔬果,1.259,7.5,5.96,否
文体,1,2.9,2.9,否
日配,1,12.9,12.9,否
蔬果,0.504,2.92,5.8,否
酒饮,1,12,12,否
洗化,1,23.9,23.9,否
日配,1,5.5,5.5,否
蔬果,0.442,4.24,9.6,否
蔬果,0.372,2.96,7.96,否
蔬果,0.348,1.39,4,否
休闲,1,3.9,3.9,否
酒饮,1,7.5,7.5,否
粮油,1,0.5,0.5,否
蔬果,0.393,2.2,5.6,否
粮油,1,20.3,20.3,否
熟食,0.256,7.17,28,否
日配,1,8.9,12.9,是
日配,1,8.9,8.9,否
休闲,1,3.9,3.9,否
酒饮,1,1,1,否
酒饮,1,3.5,3.5,否
洗化,1,1.5,1.5,否
日配,1,9.9,9.9,否
蔬果,2.468,16.19,6.56,否
日配,1,3.5,3.9,是
休闲,1,3.3,3.3,否
蔬果,0.454,2.72,6,否
日配,0.84,5.7,6.78,否
休闲,0.084,7.38,87.8,否
熟食,0.598,11.96,20,否
蔬果,0.42,7.56,18,否
蔬果,1,1.5,1.5,否
洗化,1,9.7,9.7,否
蔬果,0.744,4.88,6.56,否
冲调,1,36,36,否
蔬果,0.32,8,25,否
日配,1,6.9,6.9,否
休闲,1,1.3,1.3,否
蔬果,0.438,2.44,5.56,否
蔬果,0.58,4.62,7.96,否
酒饮,1,13.8,13.8,否
酒饮,20,110,5.5,否
休闲,1,10.4,10.4,否
休闲,1,14.3,14.3,否
休闲,1,5.3,5.3,否
蔬果,0.588,1.51,2.56,否
蔬果,0.788,23.64,30,否
休闲,0.45,23.22,51.6,否
蔬果,1.248,4.94,3.96,否
蔬果,1.022,3.03,2.96,否
熟食,0.374,7.48,20,否
洗化,1,1,1.9,是
蔬果,0.424,2.7,18,否
日配,1,4.3,4.3,否
日配,1,6.9,8.9,是
蔬果,0.376,1.49,3.96,否
日配,1,18.9,18.9,否
蔬果,0.776,1.4,1.8,否
蔬果,1.342,8,5.96,否
蔬果,0.502,12.55,25,否
蔬果,0.289,1.68,5.8,否
酒饮,1,2.5,2.5,否
洗化,1,17.9,19.9,是
洗化,1,12.9,12.9,否
洗化,1,4,5.9,是
粮油,1,3.7,3.7,否
肉禽,0.58,16.12,27.8,否
蔬果,0.398,2.31,5.8,否
休闲,1,4,4,否
酒饮,1,9.9,12.3,是
蔬果,0.518,2.07,4,否
日配,1,6.8,8.5,是
酒饮,1,2.7,2.7,否
休闲,1,8.9,8.9,否
日配,1,2.7,2.7,否
蔬果,0.474,0.94,1.98,否
酒饮,1,9.7,9.7,否
日配,1,8.9,12.9,是
日配,1,19.3,19.3,否
洗化,1,7.9,7.9,否
休闲,1,10.9,10.9,否
日配,1,2,2,否
日配,1,8.9,8.9,否
粮油,1,6.9,6.9,否
洗化,1,13.9,13.9,否
日配,3,8.4,2.8,否
洗化,1,6.9,9.7,是
蔬果,2.251,13.42,5.96,否
休闲,1,3.3,3.3,否
粮油,1,5.9,5.9,否
休闲,1,3.3,3.3,否
休闲,1,20.9,20.9,否
休闲,1,4,4,否
粮油,1,7.3,7.3,否
休闲,1,5.3,5.3,否
休闲,1,3.9,3.9,否
休闲,1,2.9,2.9,否
休闲,1,4,4,否
日配,1,4.3,4.3,否
肉禽,0.136,4.05,29.8,否
蔬果,0.208,1.87,9,否
洗化,1,9.9,9.9,否
蔬果,0.372,3.35,9,否
日配,1,2,2,否
休闲,0.33,6.53,25,是
蔬果,0.516,15.48,30,否
粮油,1,5.5,5.5,否
蔬果,1.148,2.27,1.98,否
肉禽,1.398,58.44,41.8,否
日配,1,18.9,18.9,否
日配,1,6.9,6.9,否
蔬果,0.382,4.58,12,否
日配,1,6.3,6.3,否
蔬果,1.062,6.33,5.96,否
日配,0.266,4.73,17.8,否
粮油,1,7.9,7.9,否
休闲,1,3.5,3.5,否
粮油,1,3.3,3.3,否
蔬果,0.19,1.1,5.8,否
休闲,1,4,4,否
蔬果,0.596,3.46,5.8,否
日配,1,9.9,13.2,是
酒饮,1,11.9,12.3,是
蔬果,1.702,10.14,5.96,否
休闲,0.51,25.4,49.8,否
酒饮,1,2.5,2.5,否
洗化,1,13.9,13.9,否
洗化,1,6.7,6.7,否
蔬果,0.857,3.24,1.98,否
冲调,1,36,36,否
蔬果,0.812,4.71,5.8,否
休闲,1,45,45,否
休闲,1,5.3,5.3,否
洗化,1,14.7,14.7,否
蔬果,0.418,3.33,7.96,否
蔬果,0.792,1.58,2,否
粮油,1,3,3,否
休闲,1,5.3,5.3,否
日配,1,8,8,否
粮油,4,2,0.5,否
日配,1,75,75,否
蔬果,1.522,12.15,7.98,否
蔬果,-0.596,-3.46,5.8,否
蔬果,0.236,2.27,9.6,否
蔬果,0.386,4.63,12,否
日配,15,54,3.6,否
粮油,1,4.3,4.3,否
休闲,1,12,12,否
日配,1,11.9,11.9,否
休闲,1,19,19,否
蔬果,0.718,5.7,15,否
日配,1,12,13.9,是
日配,1,11.9,14.9,是
粮油,1,9.5,12.9,是
蔬果,1,4.98,4.98,否
洗化,1,6.9,6.9,否
肉禽,0.37,10.29,27.8,否
休闲,1,4.3,4.3,否
休闲,1,22,22,否
休闲,1,10.9,10.9,否
蔬果,0.544,3.57,6.56,否
日配,1,9.9,9.9,否
日配,1,8.3,8.3,否
日配,1,59,76,是
粮油,1,6.8,6.8,否
粮油,1,11.7,11.7,否
休闲,1,4,4,否
蔬果,1.046,2.09,2,否
蔬果,0.336,3.23,9.6,否
蔬果,1.912,34.03,17.8,否
蔬果,0.52,3.41,6.56,否
休闲,1,2,2,否
酒饮,12,34.8,2.9,否
粮油,1,8.7,8.7,否
休闲,0.226,5.81,33.8,是
休闲,1,24.9,24.9,否
蔬果,1.592,9.49,5.96,否
日配,1,5,5,否
针织,1,8,8,否
蔬果,0.45,1.78,3.96,否
蔬果,0.14,1.34,9.6,否
粮油,1,2.2,2.3,否
家居,1,7,7,否
休闲,1,39,39,否
日配,1,6.8,8.3,是
日配,0.838,5.68,6.78,否
洗化,1,10,10,否
休闲,1,8.5,10.5,是
日配,1,2.1,2.1,否
蔬果,0.388,1.94,5,否
日配,1,8.9,12.9,是
蔬果,0.388,2.25,5.8,否
蔬果,0.85,5.07,5.96,否
休闲,0.474,6.5,19,是
休闲,1,11.9,14.3,是
文体,1,1.7,1.7,否
粮油,6,10.2,1.7,否
酒饮,4,15.2,3.8,否
蔬果,2.68,21.39,7.98,否
日配,1.597,10.83,6.78,否
蔬果,0.18,1.08,5.98,否
蔬果,0.314,3.13,9.96,否
熟食,2,2,1,否
酒饮,1,60,60,否
粮油,1,3.8,3.8,否
蔬果,2.1,12.56,5.98,否
酒饮,1,2.5,4,是
休闲,1,5.9,5.9,否
休闲,1,2.9,4.3,是
日配,1,6.3,6.3,否
洗化,4,16.8,5.9,是
休闲,1,2.9,2.9,否
粮油,1,1.7,1.7,否
休闲,1,6.2,6.2,否
蔬果,0.844,2.16,2.56,否
粮油,1,16.3,16.3,否
休闲,1,2.9,4.3,是
粮油,1,8.2,8.2,否
休闲,0.356,15.59,51.6,是
休闲,1,3.5,3.5,否
休闲,1,5.3,5.3,否
休闲,1,3.9,3.9,否
休闲,0.456,12.6,39.6,是
蔬果,1.458,2.86,1.96,否
蔬果,4,80,20,否
粮油,1,2.3,2.3,否
蔬果,0.432,6.91,16,否
洗化,1,14.9,14.9,否
粮油,1,3,3,否
粮油,1,4.5,4.5,否
休闲,1,3.9,3.9,否
日配,1,9.9,9.9,否
酒饮,1,10.9,10.9,否
蔬果,0.23,2.29,9.96,否
酒饮,1,2.7,2.7,否
蔬果,0.914,6,6.56,否
蔬果,0.489,1.45,2.96,否
洗化,1,6.7,6.7,否
蔬果,0.894,26.82,30,否
日配,1,2.8,2.8,否
洗化,1,9.9,9.9,否
休闲,1,11.3,11.3,否
休闲,1,4.9,4.9,否
蔬果,0.284,0.5,1.76,否
蔬果,0.458,3.28,5.8,否
日配,12,49,5.5,是
粮油,1,7.3,7.3,否
休闲,1,3.3,3.3,否
粮油,1,1.7,1.7,否
休闲,1,7.9,7.9,否
休闲,0.624,27.3,51.6,是
休闲,1,2.9,2.9,否
蔬果,2.291,13.65,5.96,否
酒饮,1,4.9,4.9,否
粮油,1,6.7,6.7,否
洗化,1,5.9,5.9,否
日配,1,8.3,8.3,否
休闲,1,8.7,8.7,否
肉禽,0.392,7.68,19.6,否
日配,0.714,4.84,6.78,否
酒饮,10,140,14,否
肉禽,0.718,19.96,27.8,否
日配,4,36.8,9.2,否
洗化,1,5.9,5.9,否
休闲,1,7.9,8.3,否
酒饮,1,3.9,3.9,否
粮油,5,2.5,0.5,否
粮油,1,4.5,4.5,否
休闲,1,5.9,5.9,否
粮油,1,2.8,2.8,否
熟食,0.927,5.56,6,否
蔬果,1.195,2.34,1.96,否
休闲,1,18.9,18.9,否
日配,1,59,76,是
粮油,1,5.9,8.9,是
蔬果,0.43,1.5,30,否
蔬果,0.374,1.87,5,否
蔬果,0.761,1.51,1.98,否
日配,0.79,5.36,6.78,否
休闲,0.326,4.49,19,是
日配,1,16.5,16.5,否
日配,0.734,4.98,6.78,否
家居,1,4.9,7,是
洗化,1,4.9,4.9,否
蔬果,0.596,9.54,16,否
日配,15,49,3.6,是
蔬果,0.504,1.01,2,否
日配,1,2.8,2.8,否
休闲,1,11.3,11.3,否
蔬果,0.108,0.97,9,否
蔬果,3,4.5,1.5,否
洗化,1,11.9,11.9,否
日配,1,8.9,8.9,否
休闲,1,2.8,2.8,否
粮油,1,1.1,1.1,否
休闲,1,9.8,11.5,是
休闲,0.284,5.62,34,是
酒饮,1,8.7,8.7,否
蔬果,1.01,16.16,16,否
粮油,1,6.7,6.7,否
洗化,1,4.7,4.7,否
蔬果,0.295,1.12,3.8,否
冲调,1,3,3,否
蔬果,0.396,11.88,30,否
蔬果,0.498,0.88,1.76,否
日配,1,3.5,3.5,否
休闲,1,2.5,3.5,是
休闲,1,6.5,6.5,否
蔬果,0.397,1.59,4,否
日配,1,65,65,否
日配,1,13.9,16.3,是
休闲,1,2.3,2.3,否
休闲,1,4.7,4.7,否
水产,1.132,33.96,30,否
蔬果,0.162,8.1,50,否
休闲,0.19,3.38,31.8,是
家电,1,4.5,4.5,否
洗化,1,8.5,8.5,否
蔬果,0.768,1.97,2.56,否
蔬果,0.506,1.31,2.58,否
蔬果,2,3,1.5,否
蔬果,0.812,6.33,7.8,否
蔬果,0.23,2.07,9,否
休闲,0.178,3.5,25,是
粮油,1,6.8,6.8,否
粮油,1,6.9,6.9,否
日配,24,72,3,否
粮油,1,4.3,4.3,否
蔬果,0.502,4,7.96,否
粮油,1,3.5,3.9,是
粮油,1,3.8,4.7,是
蔬果,1.294,22.77,17.6,否
休闲,1,9.5,9.5,否
休闲,1,2,2,否
日配,1,8.9,12.9,是
日配,4,8,2,否
粮油,1,6.9,6.9,否
酒饮,1,9.9,12.3,是
蔬果,1.332,53.01,39.8,否
蔬果,0.53,2.12,4,否
酒饮,1,9.9,12.3,是
蔬果,1.534,3.07,2,否
蔬果,1.288,12.83,9.96,否
粮油,1,0.5,0.5,否
休闲,1.002,11.8,19.8,是
休闲,1,5.2,5.2,否
日配,-1,-6.8,8.5,是
肉禽,0.222,6.62,29.8,否
蔬果,0.589,2.57,6.56,否
休闲,0.186,11.12,59.8,否
粮油,1,4.8,4.8,否
熟食,6,6,1,否
粮油,1,2.8,2.8,否
蔬果,0.552,4.31,7.8,否
蔬果,0.148,1.78,12,否
蔬果,0.858,4.29,5,否
休闲,0.248,12.8,51.6,否
休闲,1,5.9,5.9,否
日配,0.793,5.38,6.78,否
熟食,0.588,3.53,6,否
粮油,0.286,3.09,10.8,否
熟食,2,2,1,否
粮油,1,17.9,22.9,是
蔬果,0.752,4.36,5.8,否
针织,1,2.9,2.9,否
酒饮,1,4,4,否
熟食,0.248,6.94,28,否
日配,0.764,5.18,6.78,否
粮油,1,2.8,2.8,否
休闲,1,5.3,5.3,否
粮油,1,4.5,4.7,否
休闲,1,4,4,否
蔬果,0.964,15.33,15.9,否
酒饮,1,2.8,2.8,否
蔬果,0.27,1.77,6.56,否
日配,0.74,5.02,6.78,否
日配,1,59,76,是
休闲,1,5.7,5.7,否
粮油,1,9.5,9.5,否
休闲,1,5.5,5.5,否
酒饮,1,16,16,否
蔬果,0.498,5.98,12,否
文体,1,1.7,1.7,否
蔬果,0.596,13.71,23,否
休闲,0.344,4.45,19.8,是
休闲,1,2.7,2.7,否
蔬果,0.162,12.96,80,否
粮油,1,0.5,0.5,否
日配,1,12.8,12.8,否
粮油,0.764,8.25,10.8,否
粮油,1,2.8,2.8,否
休闲,1,6.5,6.5,否
蔬果,0.572,3.32,5.8,否
休闲,1,29.9,29.9,否
洗化,1,39.9,39.9,否
洗化,1,11.9,15.5,是
休闲,1,9.3,9.3,否
休闲,0.304,18.18,59.8,否
休闲,0.208,3.7,31.8,是
蔬果,0.886,2.29,2.58,否
洗化,1,6,6,否
蔬果,0.388,6.21,16,否
休闲,0.4,3.91,16.8,是
蔬果,0.636,1.63,2.56,否
酒饮,12,70.8,5.9,否
肉禽,0.232,6.91,29.8,否
粮油,1,3.8,4.7,是
蔬果,0.908,14.53,16,否
休闲,1,2.9,2.9,否
酒饮,1,14,14,否
粮油,0.522,3.55,6.8,否
粮油,1,13.9,13.9,否
熟食,0.001,0.02,20,否
蔬果,0.896,6.81,7.6,否
洗化,1,7.2,7.2,否
日配,1,2.3,2.3,否
休闲,1,5.3,5.3,否
休闲,1,4.7,4.7,否
洗化,1,15.9,19.9,是
蔬果,0.304,0.6,1.98,否
日配,1,19.3,19.3,否
洗化,1,13.9,13.9,否
肉禽,0.394,11.03,28,否
休闲,1,9.9,9.9,否
酒饮,1,9.9,9.9,否
洗化,1,7.9,11.9,是
日配,1,5.7,5.9,否
粮油,0.736,11.63,15.8,否
休闲,1,5.5,5.5,否
酒饮,1,4,4,否
洗化,1,12.9,14.5,是
蔬果,0.132,12.79,96.9,否
蔬果,1.52,3,1.98,否
粮油,1,3.5,3.9,是
休闲,1,4.5,4.5,否
粮油,1,1.9,1.9,否
蔬果,0.812,9.74,12,否
蔬果,0.75,18.75,25,否
粮油,1,7.7,7.7,否
粮油,1,6.8,6.8,否
日配,1,18.3,18.3,否
休闲,1,5.3,5.3,否
粮油,1,8.8,11.3,是
日配,1,17.9,17.9,否
蔬果,0.274,3.29,12,否
蔬果,0.545,1.4,2.56,否
粮油,4,15.2,4.7,是
蔬果,0.376,2.18,5.8,否
休闲,0.426,11.84,27.8,否
熟食,0.68,13.6,20,否
针织,1,19.9,19.9,否
粮油,1,14.7,14.7,否
粮油,1,6.8,6.8,否
肉禽,0.578,17.22,29.8,否
蔬果,0.494,0.99,2,否
休闲,0.222,4.39,25,是
休闲,1,5.7,5.7,否
酒饮,1,29.9,29.9,否
粮油,1,1.9,1.9,否
酒饮,6,17.4,2.9,否
蔬果,0.352,1.41,4,否
粮油,1,10,10,否
休闲,1,4,4,否
休闲,1,1,1,否
休闲,1,1,1,否
休闲,1,1,1,否
蔬果,0.401,2.33,5.8,否
蔬果,0.34,3.26,9.6,否
休闲,0.388,10,33.8,是
熟食,0.001,0.02,20,否
蔬果,0.24,1.33,5.56,否
蔬果,1.124,6.7,5.96,否
酒饮,1,2,2,否
蔬果,1.2,1.78,1.48,否
休闲,1,2.7,2.7,否
蔬果,2.13,28.97,13.6,否
日配,1,4.2,4.2,否
洗化,1,4.9,4.9,否
休闲,1,8.3,8.3,否
针织,1,4,4,否
酒饮,4,8,2,否
日配,1.402,9.51,6.78,否
洗化,1,5.9,5.9,否
蔬果,1.053,31.59,30,否
熟食,2,2,1,否
蔬果,0.142,2.78,19.6,否
蔬果,1.034,4.14,4,否
蔬果,0.723,4.05,5.6,否
日配,1,10.3,10.3,否
粮油,1,9.6,9.6,否
粮油,1,5.5,5.5,否
蔬果,0.289,1.62,5.6,否
蔬果,0.633,1.87,2.96,否
休闲,1,3.9,3.9,否
熟食,2,2,1,否
蔬果,1.532,10.05,6.56,否
日配,1,2.4,2.4,否
日配,1,8.9,12.9,是
蔬果,2,20,10,否
洗化,1,39.9,51.9,是
肉禽,0.206,6.14,29.8,否
休闲,1,5.7,5.9,否
休闲,1,6.9,6.9,否
休闲,1,4,4,否
蔬果,0.865,19.9,23,否
蔬果,1.028,3.27,3.18,否
蔬果,0.591,1.17,1.98,否
休闲,1,5.9,5.9,否
蔬果,0.92,1.8,12,否
粮油,0.166,3.59,21.6,否
蔬果,1.12,2.2,1.96,否
蔬果,0.64,3.71,5.8,否
蔬果,0.804,12.06,15,否
日配,4,11.2,2.8,否
蔬果,0.292,1.74,5.96,否
日配,1,1,1,否
粮油,1,0.5,0.5,否
蔬果,1.822,10.86,5.96,否
文体,1,13.3,13.3,否
蔬果,0.208,1.62,7.8,否
休闲,0.408,3.96,16.8,是
蔬果,1.02,4.08,4,否
日配,16,32.8,2.7,是
肉禽,0.774,27.71,35.8,否
粮油,1,12.9,12.9,否
蔬果,0.845,2.18,2.58,否
休闲,0.478,3.72,15.8,是
蔬果,1.32,7.87,5.96,否
日配,16,32.8,2.7,是
蔬果,0.236,1.32,5.6,否
日配,0.832,15.97,19.2,否
蔬果,0.95,2.43,2.56,否
蔬果,0.472,2.64,5.6,否
蔬果,0.364,2.18,6,否
日配,0.86,5.83,6.78,否
日配,0.448,14.6,32.6,否
休闲,0.194,8.41,51.6,是
休闲,0.39,13.26,34,否
蔬果,0.366,4.39,12,否
蔬果,1.032,4.09,3.96,否
蔬果,0.776,7.73,9.96,否
日配,0.756,5.13,6.78,否
休闲,1,19.9,21.9,是
熟食,0.678,4.07,6,否
针织,1,39.9,39.9,否
蔬果,1.059,5.3,5,否
蔬果,1.144,26.31,23,否
酒饮,1,5,5,否
日配,1,13.9,16.3,是
日配,0.758,5.14,6.78,否
粮油,1,1.9,6.3,是
蔬果,1.038,3.3,3.18,否
蔬果,0.744,4.59,5.8,否
粮油,1,4.9,6.7,是
休闲,1,2.3,2.3,否
休闲,1,1,1,否
休闲,1,3.3,3.3,否
蔬果,0.451,2.7,5.98,否
蔬果,0.274,2.63,9.6,否
蔬果,1.038,3.28,3.16,否
休闲,1,2.7,2.7,否
蔬果,1.369,2.71,1.98,否
休闲,0.142,2.5,27.8,是
日配,1,6.8,8.5,是
蔬果,1.054,6.28,5.96,否
蔬果,0.671,1.33,1.98,否
蔬果,0.427,1.71,4,否
熟食,0.272,7.62,28,否
洗化,1,12.9,14.5,是
冲调,1,37.9,37.9,否
酒饮,1,3,3,否
蔬果,1.105,6.59,5.96,否
休闲,0.152,10.61,69.8,否
肉禽,0.66,18.35,27.8,否
蔬果,0.446,1.59,5,否
蔬果,0.384,6.45,16.8,否
蔬果,0.544,1.72,3.16,否
粮油,1,4.2,4.2,否
洗化,1,4.9,4.9,否
蔬果,0.285,0.56,1.98,否
蔬果,0.55,2.18,3.96,否
休闲,0.202,12.08,59.8,否
粮油,2.94,16.41,5.58,否
洗化,1,43,43,否
蔬果,0.858,25.74,30,否
休闲,0.432,12,39.6,是
针织,1,17.9,17.9,否
酒饮,1,19.3,19.3,否
蔬果,0.948,5.65,5.96,否
蔬果,0.614,1.71,2.78,否
蔬果,1.361,3.51,2.58,否
粮油,1,3,3,否
蔬果,1.12,33.6,30,否
蔬果,0.504,3.51,6.96,否
蔬果,0.41,6.89,16.8,否
蔬果,1.706,3.34,1.96,否
休闲,0.352,3.42,16.8,是
肉禽,0.502,17.97,35.8,否
针织,1,28.9,28.9,否
蔬果,0.93,5.54,5.96,否
蔬果,0.472,10.86,23,否
蔬果,0.46,8.28,18,否
洗化,1,5.3,5.3,否
蔬果,0.914,3.62,3.96,否
蔬果,2,3,1.5,否
粮油,1,7.5,7.5,否
蔬果,0.43,0.85,1.98,否
粮油,1,3,3,否
粮油,1,4.9,4.9,否
文体,1,4.3,4.3,否
粮油,1,9.9,13.9,是
家居,1,11.5,20,是
粮油,1,0.5,0.5,否
休闲,1,59,59,否
洗化,1,9.7,9.7,否
洗化,1,5.9,5.9,否
蔬果,0.457,4.55,9.96,否
粮油,1,4.2,4.2,否
蔬果,0.198,11.09,56,否
熟食,1.048,6.29,6,否
休闲,0.504,4.9,16.8,是
粮油,1,3.5,3.9,是
粮油,1,6.9,6.9,否
休闲,1,2.7,2.7,否
蔬果,0.56,5.6,10,否
粮油,1,21.3,21.3,否
日配,1,31.8,31.8,否
休闲,0.422,5.8,15.6,是
日配,1,8.9,8.9,否
洗化,1,5.3,5.3,否
蔬果,0.618,4.05,6.56,否
蔬果,0.58,5.57,9.6,否
蔬果,1.186,4.74,4,否
日配,1,2.3,2.3,否
蔬果,0.765,2.28,5.8,否
休闲,4,11.6,4.3,是
蔬果,1.676,53.3,31.8,否
粮油,3.038,16.95,5.58,否
休闲,1,3.3,3.3,否
休闲,1,3.9,3.9,否
蔬果,0.482,7.23,15,否
休闲,0.2,1.56,15.8,是
休闲,1,1,1,否
粮油,1,7.5,7.9,否
粮油,1,52.9,52.9,否
休闲,0.334,3.22,16.8,是
蔬果,0.456,3.64,7.8,否
洗化,1,9.9,9.9,否
洗化,1,8,8,否
家居,1,3,3,否
粮油,1,12.9,12.9,否
酒饮,1,4,4,否
蔬果,0.256,1.95,7.6,否
蔬果,0.305,2,6.56,否
肉禽,0.12,9.6,80,否
蔬果,0.535,1.07,2,否
粮油,1,2.8,2.8,否
洗化,1,7.9,7.9,否
休闲,1,10.9,14.9,是
酒饮,1,3.8,3.8,否
蔬果,0.178,1.35,7.6,否
熟食,0.422,2.53,6,否
蔬果,0.714,3.97,5.56,否
蔬果,0.276,1.09,3.96,否
蔬果,0.43,7.74,18,否
粮油,1,1.7,1.7,否
粮油,1,8.9,8.9,否
冲调,1,3,3,否
蔬果,0.406,4.87,12,否
粮油,2.05,11.44,5.58,否
日配,0.958,6.5,6.78,否
日配,1.048,20.75,19.8,否
休闲,0.52,14.4,39.6,是
休闲,1,2.9,4.3,是
洗化,1,2.9,3.9,是
日配,1,8.9,8.9,否
粮油,1,6.8,6.8,否
日配,0.34,6.05,17.8,否
蔬果,0.626,11.02,17.6,否
熟食,0.214,4.28,20,否
休闲,0.54,9.72,18,否
针织,1,26.9,26.9,否
蔬果,1.002,2,2,否
蔬果,1.496,4.76,3.18,否
酒饮,-1,-2,2,否
日配,12,60,5,否
休闲,1,8.5,8.5,否
洗化,1,4,4,否
蔬果,0.302,1.51,5,否
蔬果,1.088,2.81,2.58,否
蔬果,0.74,4.85,6.56,否
蔬果,0.518,3.94,7.6,否
蔬果,0.972,5.79,5.96,否
蔬果,0.252,2.42,9.6,否
蔬果,0.513,1.95,3.8,否
蔬果,0.235,0.85,15.6,否
熟食,0.404,8.08,20,否
蔬果,0.406,2.27,5.6,否
蔬果,1,1.5,1.5,否
蔬果,0.307,1.17,3.8,否
粮油,1,6.9,9.5,是
肉禽,0.394,10.95,27.8,否
休闲,0.308,21.87,71,否
日配,0.86,5.83,6.78,否
日配,24,79.2,3.3,否
休闲,0.462,6,19.8,是
蔬果,0.208,1.61,7.76,否
熟食,1.872,11.23,6,否
日配,1,9.9,9.9,否
粮油,1,2.8,2.8,否
酒饮,1,2.8,2.8,否
洗化,1,7.9,9.5,是
休闲,1,5.9,5.9,否
蔬果,0.556,1.43,2.58,否
蔬果,0.376,0.96,2.56,否
蔬果,0.45,1.78,3.96,否
休闲,1,3.9,4.9,是
蔬果,0.59,1.52,2.58,否
粮油,1,5.9,6.9,是
蔬果,0.392,3.9,9.96,否
水产,0.576,10.25,17.8,否
休闲,1,8.7,8.7,否
洗化,1,8.9,8.9,否
洗化,1,9.9,15.7,是
蔬果,0.942,4.71,5,否
粮油,1,5.9,5.9,否
休闲,1,6.7,6.7,否
蔬果,0.525,1.04,1.98,否
日配,1,11,11,否
日配,1,18.7,18.7,否
粮油,1,3.8,5.3,是
休闲,0.492,3.83,15.8,是
洗化,1,4.7,4.7,否
休闲,1,3.9,3.9,否
粮油,1,6.7,6.7,否
洗化,1,9.5,9.5,否
日配,1,13.3,13.3,否
洗化,1,19.9,19.9,否
休闲,0.264,6.8,39.6,是
酒饮,5,19,3.8,否
蔬果,0.64,10.18,15.9,否
蔬果,0.938,1.84,1.96,否
蔬果,0.322,0.83,2.58,否
肉禽,0.688,13.62,19.8,否
蔬果,0.296,1.65,5.56,否
蔬果,0.654,5.62,8.6,否
针织,1,12.9,12.9,否
蔬果,0.616,19.59,31.8,否
蔬果,0.21,1.17,2.58,否
蔬果,1.132,6.75,5.96,否
休闲,1,6.9,6.9,否
蔬果,0.317,2.08,6.56,否
家居,1,16,16,否
蔬果,0.2,1.12,5.6,否
粮油,1,4.9,6.7,是
日配,6,12.6,2.1,否
蔬果,0.628,6.03,9.6,否
日配,1,18.3,18.3,否
蔬果,0.216,1.68,7.76,否
冲调,1,42,42,否
蔬果,0.438,0.65,1.48,否
蔬果,0.324,3.11,9.6,否
熟食,0.27,7.56,28,否
休闲,1,6,6,否
日配,1,14.9,14.9,否
粮油,1,7.9,9.9,是
针织,1,13,13,否
蔬果,1.136,3.61,3.18,否
日配,12,49,5,是
酒饮,1,4,4,否
休闲,1,9.5,9.5,否
粮油,1,2.7,2.7,否
蔬果,1.876,14.97,7.98,否
休闲,0.586,4.57,15.8,是
蔬果,0.412,2.7,6.56,否
休闲,1,8.7,8.7,否
粮油,1,139.8,155,是
粮油,1,6.8,6.8,否
蔬果,1.812,10.8,5.96,否
蔬果,0.276,2.75,9.96,否
蔬果,0.685,2.92,6.56,否
休闲,1,8.7,8.7,否
蔬果,0.235,1.17,5,否
蔬果,0.21,2.02,9.6,否
粮油,1,5.9,5.9,否
蔬果,0.454,2.52,5.56,否
洗化,1,9.9,9.9,否
洗化,1,10.7,10.7,否
粮油,1,8.2,8.2,否
粮油,1,25.3,25.3,否
蔬果,0.598,1.17,1.96,否
水产,0.442,13.26,30,否
冲调,1,10.3,10.3,否
粮油,1,9.9,14.5,是
针织,1,25,25,否
日配,1,14.3,14.3,否
休闲,0.216,11.15,51.6,否
冲调,1,10.3,10.3,否
蔬果,0.582,0.86,1.48,否
日配,16,32.8,2.7,是
肉禽,1.312,31.23,23.8,否
蔬果,0.744,1.34,1.8,否
蔬果,0.324,1.28,3.96,否
蔬果,0.51,0.75,1.48,否
蔬果,0.292,2.63,9,否
蔬果,0.8,7.68,9.6,否
蔬果,0.572,5.72,10,否
粮油,1,7.7,7.7,否
蔬果,2.798,49.24,17.6,否
休闲,1,11.5,11.5,否
蔬果,0.431,3.71,8.6,否
蔬果,0.484,0.96,1.98,否
蔬果,0.334,3.21,9.6,否
熟食,0.308,8.62,28,否
蔬果,1.698,5.4,3.18,否
水产,0.272,8.16,30,否
蔬果,0.856,7.36,8.6,否
蔬果,1.874,4.71,1.96,否
肉禽,0.416,12.4,29.8,否
粮油,1,7.7,7.7,否
蔬果,1.158,9.24,7.98,否
蔬果,0.434,2.52,5.8,否
冲调,1,60.3,60.3,否
粮油,1,7.9,7.9,否
蔬果,0.252,1.65,6.56,否
蔬果,0.718,1.42,1.98,否
粮油,1,8.2,8.2,否
肉禽,0.368,7.21,19.6,否
蔬果,0.357,2.07,5.8,否
日配,1,7.5,7.7,否
蔬果,0.316,1.83,5.8,否
蔬果,0.43,2.41,5.6,否
粮油,2,1,0.5,否
蔬果,2.022,60.66,30,否
休闲,1,12.9,12.9,否
粮油,1,5.9,5.9,否
休闲,1,7.9,7.9,否
蔬果,0.819,3.2,5.96,否
洗化,1,4.3,4.3,否
日配,1,10.3,10.3,否
粮油,1,2.8,2.8,否
蔬果,1.218,2.39,1.96,否
蔬果,0.295,1.71,5.8,否
蔬果,2.044,12.18,5.96,否
蔬果,0.63,11.09,17.6,否
休闲,1,29.9,29.9,否
休闲,1,3.9,3.9,否
日配,1.212,23.27,19.2,否
蔬果,0.298,1.73,5.8,否
蔬果,1.237,2.23,1.8,否
熟食,0.21,18.9,90,否
蔬果,0.916,1.81,1.98,否
蔬果,0.348,2.7,7.76,否
休闲,0.414,21.45,51.8,否
洗化,1,13.9,13.9,否
休闲,1,10.4,10.4,否
洗化,1,16.9,16.9,否
蔬果,1.188,2.33,1.96,否
酒饮,12,30,2.5,否
蔬果,0.561,1.66,2.96,否
文体,1,10.3,10.3,否
蔬果,1.464,3.75,2.56,否
蔬果,1.594,10.46,6.56,否
休闲,1,9.9,9.9,否
日配,1,5.5,5.5,否
休闲,1,7.9,7.9,否
蔬果,0.592,3.32,5.6,否
肉禽,0.636,12.59,19.8,否
蔬果,0.302,6.04,20,否
休闲,0.692,5.39,15.8,是
蔬果,0.342,3.28,9.6,否
休闲,0.398,3.9,16.8,是
蔬果,0.268,1.06,3.96,否
粮油,1,3.8,5.3,是
日配,1,9.9,13.5,是
休闲,1,6.9,6.9,否
洗化,1,6.9,6.9,否
水产,0.564,16.92,30,否
洗化,1,4.9,6.7,是
蔬果,0.662,1.69,2.56,否
休闲,1,10.3,10.3,否
粮油,2,3.4,1.7,否
蔬果,0.422,2.45,5.8,否
休闲,1,9.2,9.9,否
休闲,0.254,6.55,39.6,是
蔬果,0.64,1.15,1.8,否
水产,0.234,7.44,31.8,否
肉禽,1,21.9,21.9,否
日配,16,32.8,2.7,是
针织,1,35,35,否
休闲,0.392,3.8,16.8,是
洗化,1,8.9,13.9,是
粮油,1,8.9,8.9,否
粮油,1,2.8,2.8,否
休闲,1,5.7,5.7,否
休闲,0.36,3.52,16.8,是
肉禽,0.528,10.45,19.8,否
蔬果,0.373,3.58,9.6,否
粮油,1,3.8,3.8,否
粮油,1,6.9,6.9,否
蔬果,0.479,0.95,1.98,否
蔬果,0.796,5.22,6.56,否
蔬果,0.77,2.43,3.16,否
肉禽,0.176,4.89,27.8,否
洗化,1,6.5,6.5,否
蔬果,0.728,4.34,5.96,否
蔬果,0.709,3,4,否
休闲,1.126,11.01,16.8,是
日配,1,8.9,8.9,否
肉禽,0.274,21.92,80,否
肉禽,0.314,8.73,27.8,否
肉禽,1,10.8,10.8,否
肉禽,0.638,19.01,29.8,否
休闲,0.188,4.51,24,否
酒饮,4,8,2,否
洗化,1,12.9,17.7,是
蔬果,0.398,3.58,9,否
熟食,2,2,1,否
日配,1,5.5,5.5,否
肉禽,1.13,47.23,41.8,否
蔬果,0.514,2.88,5.6,否
水产,1.27,25.65,20.2,否
粮油,1,2.6,3.3,否
日配,1,8.9,8.9,否
蔬果,0.335,2.14,9.6,否
蔬果,0.618,1.24,2,否
蔬果,0.258,3.1,12,否
蔬果,0.82,1.48,1.8,否
洗化,1,15.6,15.9,是
蔬果,0.365,1.83,5,否
洗化,1,10.9,10.9,否
休闲,0.23,2.7,19.8,是
蔬果,0.464,4.45,9.6,否
蔬果,0.192,1.07,5.56,否
休闲,0.462,6,19.8,是
蔬果,0.335,3.22,9.6,否
休闲,0.308,3.63,11.8,否
蔬果,0.181,1.05,5.8,否
蔬果,0.548,4.27,7.8,否
粮油,1,4.9,6.7,是
蔬果,1.378,24.25,17.6,否
蔬果,0.098,1.18,12,否
蔬果,0.545,1.08,1.98,否
粮油,0.628,3.5,5.58,否
粮油,1,4.3,4.3,否
洗化,1,2.9,3.9,是
冲调,1,7.7,7.7,否
蔬果,0.514,1.32,2.56,否
蔬果,0.299,0.77,2.58,否
蔬果,0.438,3.4,7.76,否
蔬果,0.53,1.06,2,否
日配,1.174,23.25,19.8,否
日配,13,27.3,2.1,否
日配,0.87,5.9,6.78,否
蔬果,0.536,3.52,6.56,否
休闲,1,5.5,5.5,否
休闲,1,4.2,4.2,否
水产,0.272,8.16,30,否
蔬果,1,1.5,1.5,否
水产,0.368,11.04,30,否
洗化,1,5.9,8,是
日配,1,10.3,10.3,否
蔬果,0.36,0.71,1.98,否
蔬果,0.902,4.51,5,否
蔬果,0.3,4.77,15.9,否
日配,1,65,65,否
粮油,0.93,4.09,4.4,否
休闲,0.368,3.6,16.8,是
休闲,1,4.3,4.3,否
蔬果,0.232,2.23,9.6,否
家居,1,5,5,否
肉禽,0.266,4.68,17.6,否
蔬果,0.086,0.77,9,否
日配,1,13.8,13.8,否
蔬果,0.46,5.52,12,否
蔬果,0.07,0.84,12,否
洗化,1,15.9,21.9,是
粮油,1,5.7,5.7,否
蔬果,1.638,8.15,13.98,否
蔬果,0.414,8.28,20,否
蔬果,1.984,11.82,5.96,否
蔬果,0.518,6.22,12,否
蔬果,0.711,1.42,2,否
蔬果,0.254,4.27,16.8,否
蔬果,0.804,6.91,8.6,否
蔬果,0.662,5.28,7.98,否
休闲,1,2.7,2.7,否
熟食,0.342,9.58,28,否
蔬果,0.384,1.92,5,否
日配,1,13.9,13.9,否
日配,1.693,11.48,6.78,否
蔬果,0.414,1.62,2,否
休闲,1,8.3,8.3,否
休闲,1,3.7,3.7,否
洗化,1,3.5,3.5,否
蔬果,0.244,1.22,5,否
粮油,1,35.9,35.9,否
酒饮,10,65,6.5,否
日配,1,4.3,4.3,否
粮油,1,31.9,31.9,否
酒饮,1,1,2.3,是
蔬果,1.237,8.11,6.56,否
蔬果,0.368,1.84,5,否
休闲,1,6.5,6.5,否
肉禽,0.626,12.39,19.8,否
蔬果,0.57,9.12,16,否
蔬果,1,2,2,否
粮油,1,6.7,6.7,否
蔬果,0.797,5.23,6.56,否
家居,1,10.9,17,是
蔬果,0.732,1.45,1.98,否
冲调,1,35.7,35.7,否
蔬果,0.802,6.9,8.6,否
粮油,5.096,28.44,5.58,否
粮油,1,5.9,5.9,否
休闲,0.176,3.45,19.6,否
蔬果,2,4,2,否
蔬果,0.456,1.17,2.56,否
蔬果,0.478,3.14,6.56,否
粮油,1,3.5,3.9,是
粮油,1,4.9,6.7,是
肉禽,0.642,12.71,19.8,否
日配,0.874,5.93,6.78,否
休闲,1,3.5,3.5,否
粮油,4,2,0.5,否
粮油,5,14,2.8,否
休闲,0.238,3.28,19.8,是
休闲,1,1,1,否
肉禽,0.242,7.21,29.8,否
熟食,0.279,1.67,6,否
蔬果,0.97,4.85,5,否
家居,1,9,9,否
蔬果,0.218,3.4,15.6,否
休闲,0.412,8.9,39.8,是
蔬果,0.422,2.36,5.6,否
蔬果,0.16,0.63,3.96,否
粮油,1,5.3,5.3,否
熟食,0.396,11.09,28,否
日配,1,8.9,12.9,是
蔬果,0.737,1.46,1.98,否
蔬果,0.148,0.85,5.98,否
粮油,1,3.5,3.9,是
洗化,1,4.9,4.9,否
洗化,1,12.9,14.5,是
蔬果,0.54,16.2,30,否
洗化,1,4.9,4.9,否
蔬果,0.236,22.87,96.9,否
粮油,-1,-5.7,5.7,否
粮油,1,25.3,25.3,否
蔬果,0.385,2.16,5.6,否
日配,1,10.7,10.7,否
日配,0.792,5.37,6.78,否
日配,0.854,5.79,6.78,否
蔬果,1,2,2,否
洗化,1,16.7,16.7,否
肉禽,0.67,13.27,19.8,否
肉禽,0.492,14.66,29.8,否
日配,1,9.9,15.5,是
粮油,1,6.9,6.9,否
蔬果,0.378,0.97,2.56,否
日配,0.858,5.82,6.78,否
休闲,0.584,6.81,19.8,是
家居,1,7,7,否
蔬果,0.586,0.94,1.6,否
蔬果,0.74,1.33,1.8,否
粮油,0.192,17.24,89.8,否
蔬果,0.544,3.57,6.56,否
蔬果,0.541,3.55,6.56,否
休闲,0.826,8.07,16.8,是
粮油,1,5.3,5.3,否
蔬果,0.714,6.14,8.6,否
蔬果,0.215,1.08,5,否
日配,15,26.9,2.4,是
蔬果,0.196,1.09,5.56,否
休闲,1,2.9,2.9,否
休闲,1,5.9,5.9,否
蔬果,0.352,2.68,7.6,否
休闲,1,5.7,5.7,否
休闲,0.26,9.31,35.8,否
文体,2,9.4,4.7,否
熟食,4,4,1,否
粮油,1,0.5,0.5,否
粮油,1,7.9,7.9,否
蔬果,2,3,1.5,否
蔬果,0.559,1.65,2.96,否
日配,1,9.3,9.3,否
粮油,1,5.7,5.7,否
蔬果,0.286,1.13,3.96,否
休闲,1,13.9,13.9,否
洗化,1,17.9,20.7,是
日配,1,6.9,6.9,否
休闲,1,6.9,6.9,否
日配,1.724,11.69,6.78,否
休闲,1,4.9,4.9,否
休闲,1,9.9,9.9,否
蔬果,0.81,5.31,6.56,否
蔬果,0.664,21.12,31.8,否
洗化,1,1.9,1.9,否
洗化,1,6.7,6.7,否
粮油,1,10.3,10.3,否
蔬果,0.275,1.8,6.56,否
休闲,0.35,4.13,19.8,是
蔬果,0.698,1.8,2.58,否
蔬果,0.461,2.7,5.8,否
粮油,1,76.5,76.5,否
蔬果,1.074,2.13,1.98,否
粮油,1,22.9,25.9,否
洗化,1,3.9,3.9,否
蔬果,0.326,2.14,6.56,否
蔬果,0.432,6.91,16,否
蔬果,0.51,3.98,7.8,否
蔬果,0.362,4.34,12,否
蔬果,0.246,3.84,15.6,否
洗化,1,10.9,10.9,否
蔬果,0.334,2.6,30,否
洗化,1,3.9,3.9,否
家居,1,10.8,10.8,否
蔬果,1.528,21.36,13.98,否
冲调,1,50.9,50.9,否
蔬果,0.7,1.79,2.56,否
蔬果,0.718,21.54,30,否
日配,16,24,1.5,否
熟食,0.27,7.56,28,否
蔬果,0.504,1.3,2.58,否
蔬果,0.69,4,5.8,否
蔬果,0.426,2.56,6,否
日配,0.71,4.81,6.78,否
肉禽,0.374,7.41,19.8,否
蔬果,0.504,0.89,1.76,否
粮油,1,9.9,11.9,是
蔬果,0.65,1.29,1.98,否
粮油,1,4.9,4.9,否
日配,3,4.5,1.5,否
蔬果,1.34,2.63,1.96,否
蔬果,1.174,3.73,3.18,否
蔬果,0.928,23.2,25,否
蔬果,2.498,14.89,5.96,否
洗化,1,12.9,14.5,是
日配,1,2.3,2.3,否
休闲,0.136,4.03,29.6,否
蔬果,0.964,28.92,30,否
酒饮,1,1.9,1.9,否
蔬果,0.585,3.28,5.6,否
蔬果,0.872,5.2,5.96,否
蔬果,0.474,3.6,7.6,否
蔬果,0.286,2.75,9.6,否
休闲,1,3.5,3.5,否
休闲,1,3.7,3.7,否
休闲,1,6.9,6.9,否
蔬果,1.007,6.61,6.56,否
蔬果,0.924,27.72,30,否
休闲,0.58,5.67,16.8,是
肉禽,0.33,14.52,44,否
日配,1,2.4,2.4,否
冲调,1,23.7,23.7,否
蔬果,0.338,5.07,15,否
蔬果,0.849,2.19,2.58,否
蔬果,0.186,1.67,9,否
日配,1.71,11.59,6.78,否
休闲,1,6.3,6.3,否
粮油,1,8.2,8.2,否
蔬果,0.679,2.69,3.96,否
蔬果,0.928,7.4,30,否
日配,13,27.3,2.1,否
粮油,1,0.5,0.5,否
熟食,0.472,13.22,28,否
洗化,1,4.9,4.9,否
蔬果,0.982,1.94,1.98,否
休闲,0.596,7,19.8,是
蔬果,0.895,3.4,3.8,否
蔬果,1.07,1.93,1.8,否
休闲,1,3.5,3.5,否
休闲,1,2.7,2.7,否
蔬果,0.61,18.3,30,否
蔬果,9.184,18,1.96,否
蔬果,0.416,23.3,56,否
熟食,0.514,14.39,28,否
蔬果,1,24,24,否
日配,1,13.9,16.3,是
蔬果,0.542,12.47,23,否
蔬果,0.822,24.66,30,否
洗化,1,11.9,15.5,是
家居,1,6.5,6.5,否
休闲,1,4.9,4.9,否
家居,1,6,6,否
日配,1,9.9,13.5,是
休闲,1,13.7,13.7,否
熟食,0.38,10.64,28,否
日配,1.626,11.02,6.78,否
蔬果,0.276,1.81,6.56,否
蔬果,0.39,1.54,3.96,否
水产,1.384,27.96,20.2,否
蔬果,0.908,5.27,5.8,否
蔬果,0.176,1.69,9.6,否
蔬果,0.194,1.86,9.6,否
家居,1,7,7,否
蔬果,0.414,1.64,2.58,否
日配,1,14.3,14.3,否
休闲,0.888,8.7,16.8,是
日配,1,8,8,否
日配,1,13.3,13.3,否
日配,1,9.8,9.8,否
休闲,1,4,4,否
粮油,1,6.9,6.9,否
洗化,1,13.7,13.7,否
肉禽,0.418,11.62,27.8,否
肉禽,1.012,42.3,41.8,否
洗化,1,3.7,3.7,否
日配,0.884,5.99,6.78,否
水产,0.44,7.44,16.9,否
蔬果,1.222,9.75,7.98,否
蔬果,0.434,2.17,5,否
粮油,1,8.9,8.9,否
休闲,0.118,1.62,19.8,是
水产,0.374,11.22,30,否
蔬果,0.244,1.85,7.6,否
日配,0.85,5.76,6.78,否
休闲,1,3.9,3.9,否
蔬果,0.392,7.84,20,否
粮油,1,20.3,20.3,否
休闲,0.108,8.6,79.6,否
蔬果,0.684,3.42,5,否
粮油,1,2.8,2.8,否
休闲,1,3.9,3.9,否
粮油,1,7.7,7.7,否
蔬果,0.544,3.05,5.6,否
粮油,1,4.9,4.9,否
蔬果,1.278,7.62,5.96,否
蔬果,1.785,10.64,5.96,否
日配,1,9.9,11.5,是
熟食,0.001,0.02,20,否
洗化,1,4.9,4.9,否
蔬果,0.703,4.61,6.56,否
酒饮,1,2,2,否
蔬果,0.7,1.36,12,否
洗化,4,11.6,2.9,否
蔬果,0.584,1.5,2.56,否
休闲,1,3.9,3.9,否
休闲,1,5.7,5.7,否
休闲,1,11.9,11.9,否
蔬果,0.39,11.7,30,否
蔬果,0.696,10.44,15,否
休闲,1,2.7,2.7,否
休闲,0.23,13.75,59.8,否
休闲,0.182,9.39,51.6,否
蔬果,2.618,78.54,30,否
蔬果,0.538,3.53,6.56,否
蔬果,0.572,3.32,5.8,否
蔬果,0.634,11.16,17.6,否
蔬果,0.232,1.35,5.8,否
蔬果,0.837,8.35,9.98,否
洗化,1,8.9,8.9,否
洗化,1,3.9,3.9,否
日配,16,29.9,2.8,是
蔬果,0.402,0.8,1.98,否
肉禽,0.534,14.85,27.8,否
蔬果,0.65,2.57,3.96,否
蔬果,1,1.5,1.5,否
酒饮,1,11.9,12.3,是
休闲,0.146,5.81,39.8,否
熟食,0.44,8.8,20,否
蔬果,0.285,1.65,5.8,否
粮油,1,8.5,8.5,否
蔬果,0.458,3,6.56,否
日配,12,63.6,5.3,否
文体,2,1,0.5,否
熟食,0.555,3.33,6,否
酒饮,1,4.9,4.9,否
蔬果,0.86,5.13,5.96,否
休闲,1,4.3,4.3,否
蔬果,0.414,3.97,9.6,否
蔬果,0.55,2.75,5,否
蔬果,0.332,3.19,9.6,否
日配,0.814,5.52,6.78,否
粮油,1,4.3,4.3,否
日配,1,10.5,10.5,否
蔬果,0.591,2.96,5,否
粮油,1,3.8,4.7,是
粮油,1,8.9,8.9,否
蔬果,1.132,1.78,1.96,否
粮油,1,3.8,4.7,是
粮油,1,3.5,3.5,否
休闲,1,5.5,5.7,否
蔬果,0.76,4.99,6.56,否
蔬果,0.694,1.25,1.8,否
日配,1,12.8,12.8,否
蔬果,1.214,3.86,3.18,否
休闲,3,8.7,2.9,否
蔬果,0.513,4,7.8,否
休闲,1,10.9,10.9,否
日配,1,2,2,否
粮油,1,4.7,4.7,否
蔬果,0.514,1.02,1.98,否
休闲,1,2.9,2.9,否
酒饮,6,12,2,否
粮油,1,1.3,1.3,否
肉禽,0.502,9.84,19.6,否
日配,0.752,5.1,6.78,否
休闲,0.122,6.3,51.6,否
休闲,0.466,9.13,19.6,否
蔬果,0.396,1.1,2.78,否
日配,0.768,5.21,6.78,否
蔬果,0.494,0.98,1.98,否
粮油,0.06,1.56,26,否
休闲,1,4.2,4.2,否
肉禽,0.742,22.11,29.8,否
日配,0.808,5.48,6.78,否
休闲,1,5.5,5.5,否
休闲,1,25.8,25.8,否
粮油,1,29.9,27.9,是
蔬果,0.33,3.41,9.96,否
蔬果,0.782,6.24,7.98,否
蔬果,0.69,4.11,5.96,否
蔬果,0.496,2.88,5.8,否
酒饮,1,6.3,6.3,否
日配,1,8.6,8.6,否
蔬果,0.172,0.68,3.96,否
休闲,1,14.3,14.3,否
熟食,0.379,2.27,6,否
蔬果,1.906,15.21,7.98,否
粮油,1,6.7,6.7,否
粮油,1,28.9,28.9,否
蔬果,0.612,18.36,30,否
粮油,1,5.7,5.7,否
粮油,1,11.3,11.3,否
蔬果,0.234,3.65,15.6,否
熟食,0.774,4.64,6,否
洗化,1,15.9,15.9,否
休闲,0.208,8.28,39.8,否
酒饮,1,158,158,否
蔬果,0.84,25.2,30,否
粮油,1,1.3,1.3,否
粮油,4.34,18.23,4.2,否
粮油,1,1.5,1.5,否
肉禽,0.4,14.32,35.8,否
蔬果,0.566,13.02,23,否
日配,1.172,22.5,19.2,否
酒饮,1,11,11,否
粮油,1,1.7,1.7,否
肉禽,0.172,5.13,29.8,否
休闲,1,3.7,3.7,否
洗化,1,6.7,6.7,否
日配,0.654,9.16,14,否
蔬果,0.164,4.46,27.2,否
粮油,1,2.8,2.8,否
酒饮,1,4,4,否
蔬果,0.436,8.72,20,否
粮油,1,3.9,3.9,否
蔬果,1.102,2.2,2,否
蔬果,0.634,14.58,23,否
文体,2,1.6,0.8,否
休闲,0.472,5.5,19.8,是
洗化,1,12.9,14.5,是
日配,0.374,6.3,17.8,否
洗化,1,9.9,9.9,否
肉禽,0.754,22.47,29.8,否
日配,0.746,5.06,6.78,否
粮油,1,3.9,3.9,否
蔬果,0.116,9.28,80,否
粮油,1,3.9,3.9,否
洗化,1,18.7,18.7,否
休闲,1,4.9,4.9,否
蔬果,1.206,5.5,4.56,否
粮油,1,12.3,12.3,否
蔬果,0.481,2.59,5.8,否
蔬果,0.497,2.49,5,否
蔬果,1.093,6.51,5.96,否
洗化,1,12.5,16.9,是
酒饮,4,20,5,否
蔬果,0.368,3.53,9.6,否
洗化,1,11.9,15.9,是
蔬果,0.676,5.39,7.98,否
肉禽,0.29,8.64,29.8,否
酒饮,1,15.9,15.9,否
日配,1,10.9,13.3,是
蔬果,1.202,2.38,1.98,否
蔬果,0.887,5.82,6.56,否
蔬果,0.184,1.66,9,否
蔬果,0.808,9.68,11.98,否
洗化,1,9.9,14.7,是
熟食,0.586,11.72,20,否
蔬果,0.95,15.2,16,否
粮油,1,7.9,7.9,否
蔬果,0.445,2.67,6,否
蔬果,0.648,2.57,3.96,否
休闲,1,3.3,3.3,否
洗化,1,25.9,32.9,是
蔬果,0.279,1.1,3.96,否
蔬果,0.37,2.15,5.8,否
蔬果,0.176,1.69,9.6,否
酒饮,1,6.9,6.9,否
酒饮,1,6.9,6.9,否
蔬果,0.158,1.42,9,否
日配,1,6.9,6.9,否
休闲,1,8.5,8.5,否
蔬果,0.516,0.93,1.8,否
熟食,0.583,3.5,6,否
休闲,0.37,8.81,23.8,否
洗化,1,12.9,14.5,是
日配,12,49,5,是
休闲,1,1.5,1.5,否
休闲,1,4.3,4.3,否
粮油,1,1.9,1.9,否
蔬果,1.038,6.81,6.56,否
粮油,1,3.9,3.9,否
休闲,1,16,16,否
洗化,1,16.9,16.9,否
蔬果,0.488,5.86,12,否
日配,1,9.8,9.8,否
针织,1,15,15,否
蔬果,1.224,21.54,17.6,否
蔬果,0.52,1.34,2.58,否
肉禽,0.21,6.26,29.8,否
日配,1,11,11,否
酒饮,1,6.9,6.9,否
肉禽,0.6,17.88,29.8,否
蔬果,2,3,1.5,否
酒饮,1,88,88,否
洗化,1,3.9,3.9,否
粮油,1,3.5,3.9,是
休闲,1,11.9,11.9,否
粮油,1,87.9,87.9,否
粮油,1,3.5,3.9,是
肉禽,1.456,45.14,31,否
蔬果,1.188,3.04,2.56,否
蔬果,0.322,3.09,9.6,否
粮油,1,3.7,3.7,否
休闲,0.174,2.05,19.8,是
蔬果,0.474,2.83,5.96,否
洗化,1,10.9,15.7,是
蔬果,1.253,7.47,5.98,否
肉禽,0.72,14.26,19.8,否
洗化,1,8.7,8.7,否
洗化,1,5.7,5.7,否
休闲,1,9.5,9.5,否
休闲,0.296,17.7,59.8,否
蔬果,2.602,15.51,5.96,否
日配,0.804,5.45,6.78,否
洗化,1,4.5,5.9,是
蔬果,0.222,2.13,9.6,否
蔬果,2.777,16.55,5.96,否
家居,1,4.9,9,是
日配,1,8.9,12.8,是
粮油,10,5,0.5,否
肉禽,0.5,14.9,29.8,否
蔬果,0.18,1.04,5.8,否
熟食,0.622,12.44,20,否
文体,4,2,0.5,否
日配,1,6.9,6.9,否
蔬果,0.2,1.11,5.56,否
蔬果,0.772,6.15,7.96,否
洗化,1,8.9,8.9,否
日配,1,5.9,5.9,否
粮油,1,4.5,4.7,否
蔬果,0.294,3.53,12,否
休闲,1,4.3,4.3,否
休闲,1,0.8,1,是
蔬果,0.496,34.72,70,否
蔬果,0.816,1.62,1.98,否
休闲,1,8.9,8.9,否
蔬果,0.654,20.8,31.8,否
休闲,0.346,8.23,23.8,否
蔬果,0.33,6.6,20,否
休闲,1,13.5,13.5,否
蔬果,0.44,4.83,7.8,否
休闲,0.23,5.75,25,否
洗化,1,19.9,19.9,否
粮油,1,1.7,1.7,否
休闲,1,20.5,20.5,否
洗化,1,7.9,7.9,否
粮油,1,7.3,7.3,否
蔬果,0.35,4.2,12,否
蔬果,0.39,12.4,31.8,否
酒饮,1,11.3,11.3,否
蔬果,0.382,0.98,2.56,否
休闲,1,2.9,2.9,否
蔬果,1.684,10.04,5.96,否
冲调,1,11.9,14.5,是
日配,1,1.3,1.3,否
粮油,6,13.8,2.3,否
熟食,0.228,4.56,20,否
蔬果,0.633,6.32,9.98,否
休闲,0.41,17.9,51.6,是
日配,0.79,5.36,6.78,否
休闲,0.32,19.14,59.8,否
日配,3,30.9,10.3,否
蔬果,0.678,2.92,5.8,否
蔬果,0.616,18.48,30,否
蔬果,0.624,14.35,23,否
酒饮,1,12.8,12.8,否
蔬果,0.834,1.63,1.96,否
蔬果,0.382,1.68,4.4,否
粮油,1,2.8,2.8,否
蔬果,0.27,1.57,5.8,否
粮油,1,8.9,8.9,否
蔬果,0.946,28.38,30,否
休闲,0.252,2.9,19.8,是
酒饮,2,246,138,是
蔬果,0.766,1.52,1.98,否
日配,1,4.9,4.9,否
休闲,1,16.9,16.9,否
肉禽,0.558,11.05,19.8,否
蔬果,0.936,5.58,5.96,否
粮油,1,0.5,0.5,否
家居,1,15,15,否
蔬果,1.032,1.53,1.48,否
蔬果,2.644,5.29,2,否
冲调,1,24.3,24.3,否
洗化,1,5,5,否
粮油,1,28.9,28.9,否
熟食,0.51,10.2,20,否
日配,1,5.5,5.5,否
休闲,0.502,25,49.8,否
蔬果,0.808,56.56,70,否
蔬果,1.009,5.85,5.8,否
洗化,1,18.9,18.9,否
蔬果,0.478,7.17,15,否
休闲,1,13.5,13.5,否
熟食,0.504,3.02,6,否
休闲,1,6.5,6.5,否
酒饮,1,1,1,否
蔬果,0.432,1.9,4.4,否
日配,1,13.9,16.3,是
粮油,1,3.5,3.5,否
休闲,1,6.9,6.9,否
休闲,1,5.3,5.3,否
蔬果,0.832,3.29,3.96,否
休闲,1,4.3,4.3,否
休闲,1,2.9,2.9,否
蔬果,0.326,2.14,6.56,否
粮油,1,0.5,0.5,否
日配,1,13.9,13.9,否
休闲,1,12.9,12.9,否
洗化,1,9.9,9.9,否
粮油,1,0.5,0.5,否
洗化,1,9.9,14.7,是
蔬果,0.666,15.32,23,否
蔬果,0.66,1.29,1.96,否
休闲,1,3.9,4,否
酒饮,2,11,5.5,否
日配,1,3.5,3.5,否
休闲,1,3,3,否
休闲,1,5.5,5.5,否
休闲,1,1.3,1.3,否
肉禽,0.964,40.3,41.8,否
休闲,1,13.5,13.5,否
休闲,1,13.5,13.5,否
蔬果,0.857,1.7,1.98,否
蔬果,0.61,2.42,3.96,否
粮油,1,3.5,3.5,否
蔬果,1,24,24,否
酒饮,1,59.7,59.7,否
粮油,1,12.9,12.9,否
粮油,1,3.9,3.9,否
粮油,1,6.9,6.9,否
酒饮,3,3.9,1.3,否
日配,1,3.7,3.7,否
蔬果,0.3,2.7,9,否
肉禽,0.33,9.83,29.8,否
休闲,1,2.9,2.9,否
休闲,1,6.5,6.5,否
酒饮,1,4.5,4.5,否
洗化,1,4.9,4.9,否
蔬果,0.676,4.43,6.56,否
蔬果,0.446,0.71,1.6,否
休闲,1,5.9,5.9,否
蔬果,0.255,1.48,5.8,否
日配,4,11.2,2.8,否
蔬果,0.596,2.4,5.8,否
蔬果,2,3,1.5,否
休闲,0.192,9.18,47.8,否
休闲,1,0.8,0.8,否
休闲,1,11.3,11.3,否
日配,24,60,3,是
日配,1,9.9,9.9,否
蔬果,0.27,1.88,6.96,否
休闲,1,17.5,17.5,否
休闲,1,4.5,4.5,否
休闲,1,6,6,否
休闲,1,0.8,0.8,否
蔬果,0.254,6.35,25,否
粮油,1,1.9,1.9,否
水产,1,13.5,13.5,否
粮油,1,2.7,2.7,否
蔬果,0.578,17.34,30,否
蔬果,0.474,3.11,6.56,否
蔬果,1.228,7.32,5.96,否
日配,1,8.9,12.9,是
酒饮,1,98,98,否
蔬果,0.798,3.99,5,否
日配,0.797,5.4,6.78,否
蔬果,0.33,1.98,6,否
蔬果,0.597,4.54,7.6,否
洗化,1,13.9,17.9,是
粮油,0.418,4.51,10.8,否
休闲,1,11.9,11.9,否
肉禽,0.572,13.16,23,否
休闲,0.772,18.37,23.8,否
休闲,1,18.9,18.9,否
酒饮,1,6.5,6.5,否
蔬果,1.154,7.57,6.56,否
休闲,1,6.5,6.5,否
休闲,1,2.9,2.9,否
休闲,1,5.9,5.9,否
粮油,1,4.7,4.7,否
洗化,1,5.7,5.7,否
洗化,1,5.7,5.7,否
日配,0.328,2.22,6.78,否
日配,1,13.3,13.3,否
蔬果,1.11,6.62,5.96,否
蔬果,0.33,5.28,16,否
蔬果,0.237,1.37,5.8,否
蔬果,1.188,6.39,2.58,否
休闲,1,3.9,3.9,否
日配,1,6.8,8.3,是
洗化,3,8.7,3.9,是
日配,1,9.7,9.7,否
休闲,0.468,4.5,16.8,是
蔬果,0.526,12.1,23,否
日配,1,3.5,3.5,否
蔬果,0.4,2.38,5.96,否
日配,1,8.9,12.9,是
休闲,1,7.5,7.5,否
粮油,1,2.5,2.5,否
休闲,1,4.3,4.3,否
休闲,1,2.5,2.5,否
休闲,1,1,1,否
蔬果,0.758,1.96,2.58,否
熟食,0.001,0.02,20,否
蔬果,0.646,3.75,5.8,否
休闲,1,3.7,3.7,否
洗化,1,5.9,5.9,否
洗化,1,7.9,8.9,是
蔬果,1.123,2.22,1.98,否
蔬果,0.178,17.25,96.9,否
酒饮,1,11.9,12.3,是
蔬果,1.626,3.25,2,否
冲调,1,17.3,17.3,否
休闲,1,2,2,否
粮油,1,16.3,16.3,否
蔬果,0.512,1.31,2.56,否
蔬果,0.442,13.26,30,否
蔬果,0.366,1.83,5,否
休闲,0.218,15.48,71,否
休闲,1,5.5,5.5,否
蔬果,0.723,1.72,6.56,否
粮油,2,7.6,5.3,是
粮油,1,2.3,2.3,否
休闲,1,2.3,2.3,否
粮油,1,4.9,4.9,否
粮油,10,28,2.8,否
熟食,4,2,0.5,否
蔬果,0.176,1.02,5.8,否
蔬果,0.63,1.25,1.98,否
洗化,1,4.3,4.3,否
蔬果,0.072,0.43,5.98,否
休闲,1,3.3,3.3,否
休闲,0.462,7.21,15.6,否
蔬果,0.514,2.06,4,否
洗化,1,2.9,3.9,是
休闲,1,12.9,12.9,否
休闲,1,2.8,2.8,否
蔬果,0.342,5.75,16.8,否
蔬果,0.29,1.97,6.8,否
蔬果,0.622,3.71,5.96,否
洗化,1,5.9,5.9,否
休闲,1,4.3,4.3,否
洗化,1,6.7,6.7,否
蔬果,0.496,11.41,23,否
粮油,1,3.7,3.7,否
蔬果,1.157,6.9,5.96,否
蔬果,0.705,4.09,5.8,否
日配,1,8.9,12.9,是
水产,0.43,12.9,30,否
蔬果,0.553,3.07,5.56,否
蔬果,0.987,1.93,1.96,否
粮油,1,3.9,3.9,否
休闲,1,4.5,4.5,否
粮油,1,1.7,1.7,否
休闲,1,5.9,5.9,否
蔬果,0.728,1.44,1.98,否
蔬果,0.418,2.51,6,否
蔬果,0.694,4.14,5.96,否
休闲,1,7.9,7.9,否
肉禽,0.336,6.65,19.8,否
蔬果,0.608,2.31,3.8,否
休闲,1,5.9,5.9,否
休闲,1,0.8,0.8,否
蔬果,0.312,1.19,3.8,否
粮油,1,8.5,8.5,否
粮油,1,3.8,4.3,否
蔬果,0.67,1.33,1.98,否
洗化,1,7.9,7.9,否
日配,1,3.5,3.5,否
日配,1,9.9,9.9,否
休闲,1,6.9,6.9,否
蔬果,0.349,2.29,6.56,否
休闲,1,4.3,4.3,否
熟食,0.228,1.37,6,否
休闲,1,4.7,4.7,否
休闲,1,11.3,11.3,否
蔬果,0.196,1.56,7.96,否
洗化,1,15.9,21.9,是
蔬果,0.58,6.6,17.6,否
休闲,1,13.5,13.5,否
休闲,1,15.9,15.9,否
休闲,1,6.9,6.9,否
日配,1.756,11.91,6.78,否
洗化,1,14.9,14.9,否
蔬果,0.46,4.58,9.96,否
日配,1,7.5,7.5,否
休闲,1,2.9,2.9,否
休闲,1,6.9,6.9,否
蔬果,0.288,1.44,5,否
酒饮,1,68,68,否
蔬果,0.466,0.69,1.48,否
休闲,1,3.8,4.3,否
粮油,1,5.7,5.7,否
蔬果,0.36,2.09,5.8,否
粮油,1,14.9,14.9,否
休闲,1,5.9,5.9,否
休闲,1,1.3,1.3,否
休闲,1,1.3,1.3,否
蔬果,3.256,25.98,7.98,否
日配,3.222,21.85,6.78,否
洗化,1,8.7,8.7,否
熟食,0.504,3.02,6,否
蔬果,0.742,18.55,25,否
洗化,1,16.9,16.9,否
休闲,1,14.5,14.5,否
休闲,1,8.9,8.9,否
休闲,1,11.5,11.5,否
粮油,1,2.8,2.8,否
休闲,1,8.5,8.5,否
蔬果,1.704,10.16,5.96,否
酒饮,1,4,4,否
日配,1,13.3,13.3,否
粮油,1,9.9,9.9,否
休闲,0.452,4.41,16.8,是
蔬果,0.714,6.85,9.6,否
休闲,1,1,1,否
蔬果,0.276,1.81,6.56,否
蔬果,0.356,1.99,5.6,否
蔬果,0.716,2.86,1.96,否
针织,1,50,50,否
粮油,0.444,4.8,10.8,否
日配,1,13.3,13.3,否
休闲,0.122,6.08,49.8,否
休闲,1,10,10,否
休闲,1,5.9,5.9,否
休闲,1,4.5,4.5,否
蔬果,1,5.8,5.8,否
休闲,0.122,1.68,19.8,是
休闲,1,0.8,0.8,否
蔬果,2,9.96,4.98,否
粮油,1,3.8,4.7,是
水产,0.454,8.99,19.8,否
蔬果,0.559,3.11,5.56,否
蔬果,0.228,2.19,9.6,否
休闲,1,1.3,1.3,否
休闲,1,14.3,14.3,否
蔬果,0.222,1.11,5,否
休闲,1,13.5,13.5,否
休闲,0.326,44.99,138,否
蔬果,0.374,1.65,4.4,否
日配,1,9.9,13.5,是
休闲,1,4.5,4.5,否
蔬果,0.509,1.3,2.56,否
蔬果,0.638,5.08,7.96,否
蔬果,1,2,2,否
粮油,1,39.9,39.9,否
休闲,1,3.9,3.9,否
熟食,2,2,1,否
日配,1,1,1,否
日配,1,66,66,否
洗化,1,8.9,8.9,否
休闲,1,10.4,10.4,否
日配,1,15.9,21.9,是
蔬果,0.158,0.94,5.98,否
酒饮,1,12.7,12.7,否
休闲,0.378,16.5,51.6,是
酒饮,10,75,7.5,否
休闲,1,3.5,3.5,否
酒饮,1,2.3,2.3,否
休闲,1,4.7,4.7,否
粮油,1,17.3,17.3,否
休闲,1,4.2,4.2,否
蔬果,1.052,24.2,23,否
休闲,1,21.9,21.9,否
熟食,0.2,15.2,76,否
洗化,1,19.9,23.9,是
洗化,1,5.9,5.9,否
洗化,1,7.9,7.9,否
洗化,1,7.9,8.9,是
水产,0.75,14.7,19.6,否
熟食,0.477,2.86,6,否
休闲,0.144,1.69,19.8,是
粮油,1,9.9,9.9,否
休闲,1,4,4,否
日配,1,6.8,8.5,是
休闲,1,5.9,5.9,否
休闲,1,5.9,5.9,否
冲调,1,18.3,18.3,否
粮油,1,5.9,5.9,否
熟食,0.436,24.42,56,否
日配,1,3.9,6,是
酒饮,1,4.9,4.9,否
休闲,1,9.9,9.9,否
蔬果,0.682,1.76,2.58,否
蔬果,0.834,4.97,5.96,否
蔬果,0.238,0.94,3.96,否
休闲,0.266,13.25,49.8,否
休闲,1,3.6,3.6,否
熟食,0.001,0.02,20,否
粮油,1,3.9,3.9,否
粮油,1,2,2,否
洗化,1,9.9,9.9,否
洗化,1,4.3,4.3,否
蔬果,0.196,9.8,50,否
蔬果,0.708,1.27,1.8,否
酒饮,1,15.5,15.5,否
酒饮,1,9.9,9.9,否
休闲,1,5.5,5.5,否
粮油,1,7.7,7.7,否
肉禽,0.236,7.03,29.8,否
蔬果,1.134,9.04,30,否
休闲,0.562,12.14,21.6,否
休闲,1,1.9,1.9,否
蔬果,0.484,14.52,30,否
蔬果,0.402,1.61,4,否
休闲,1,4.9,4.9,否
休闲,1,5.5,5.5,否
洗化,1,12.9,17.7,是
休闲,1,4.7,4.7,否
酒饮,1,5.9,5.9,否
日配,4,13.2,3.3,否
粮油,1,7.9,7.9,否
粮油,1,3.8,4.7,是
日配,1,2,2,否
针织,1,12,12,否
粮油,1,3.5,3.9,是
日配,1,8.3,8.3,否
粮油,1,6,6,否
休闲,1,2.8,2.8,否
蔬果,0.49,0.78,1.6,否
酒饮,6,39,6.5,否
熟食,0.502,3.01,6,否
蔬果,0.724,1.85,2.56,否
蔬果,0.976,29.28,30,否
洗化,1,7.9,7.9,否
休闲,1,3.7,3.7,否
针织,1,30,30,否
蔬果,0.734,1.45,1.98,否
休闲,1,7.5,7.5,否
日配,1,10.3,10.3,否
酒饮,1,23,23,否
蔬果,0.318,1.4,4.4,否
蔬果,0.22,11,50,否
粮油,1,21.8,21.8,否
蔬果,0.393,1.96,5,否
冲调,1,22.3,22.3,否
蔬果,0.788,1.56,1.98,否
酒饮,1,9.3,9.3,否
蔬果,0.514,3.37,6.56,否
蔬果,0.43,1.79,3.96,否
日配,1,15.7,15.7,否
休闲,0.448,4.38,16.8,是
休闲,0.366,8.71,23.8,否
酒饮,1,2.8,2.8,否
蔬果,0.458,3,6.56,否
日配,1.558,10.56,6.78,否
洗化,1,8.9,8.9,否
日配,1,9.9,9.9,否
日配,1,11.9,11.9,否
日配,1,3.9,6,是
蔬果,0.198,1.15,5.8,否
蔬果,0.424,4.07,9.6,否
蔬果,0.408,7.34,18,否
蔬果,0.604,18.12,30,否
蔬果,0.254,4.06,16,否
洗化,1,13.7,13.7,否
日配,24,69.6,2.9,否
休闲,1,6.9,6.9,否
蔬果,0.354,1.97,5.56,否
粮油,1,9.8,9.8,否
蔬果,0.457,3.47,7.6,否
蔬果,1.464,9.6,6.56,否
粮油,1,3.2,3.2,否
蔬果,0.444,5.05,17.6,否
蔬果,0.492,3.23,6.56,否
休闲,0.244,10.68,51.6,是
休闲,1,1,1,否
休闲,0.242,2.37,16.8,是
休闲,0.376,3.66,16.8,是
休闲,1,5.5,5.5,否
休闲,1,18.9,18.9,否
粮油,1,5.9,5.9,否
蔬果,0.749,1.48,1.98,否
休闲,1,6.3,6.3,否
肉禽,0.372,11.09,29.8,否
粮油,1,4.8,4.8,否
熟食,0.75,15,20,否
蔬果,0.56,3.67,6.56,否
蔬果,0.164,1.57,9.6,否
粮油,3,9.6,3.2,否
蔬果,0.6,18,30,否
休闲,1,5.5,5.5,否
蔬果,0.336,2.55,7.6,否
蔬果,0.402,2.33,5.8,否
蔬果,0.474,7.58,16,否
酒饮,4,8,2,否
休闲,1,3.7,3.7,否
休闲,1,2.7,2.7,否
粮油,0.2,7.56,37.8,否
休闲,1,4.3,4.3,否
日配,1,8.5,8.9,否
休闲,0.346,22.07,63.8,否
蔬果,0.456,2.99,6.56,否
酒饮,20,76,3.8,否
日配,1,22.9,22.9,否
蔬果,0.158,1.52,9.6,否
日配,1,2.9,2.9,否
日配,1,6.9,8.9,是
日配,0.43,2.92,6.78,否
日配,1,5.7,5.7,否
休闲,1,3.3,3.3,否
蔬果,0.438,1.75,4,否
蔬果,0.374,2.08,5.56,否
粮油,1,6.9,6.9,否
熟食,0.462,41.58,90,否
蔬果,1,2,2,否
蔬果,0.09,0.86,9.6,否
休闲,1,3.5,3.5,否
休闲,4,11.6,2.9,否
家居,1,17,17,否
针织,1,8,8,否
蔬果,0.424,1.68,3.96,否
蔬果,0.856,5.62,6.56,否
蔬果,0.544,3.02,5.56,否
休闲,1,5.9,5.9,否
休闲,1,1,1,否
休闲,0.45,4.41,16.8,是
休闲,1,6.5,6.7,否
休闲,1,3.3,3.3,否
蔬果,0.586,6.43,15.9,否
酒饮,1,6,6,否
日配,12,49,5.5,是
休闲,1,3.3,3.3,否
日配,1,1.6,2,是
休闲,1,1.7,1.7,否
休闲,1,2.3,2.3,否
休闲,1,2.9,2.9,否
洗化,1,4,4,否
蔬果,0.328,5.51,16.8,否
粮油,1,0.5,0.5,否
酒饮,1,4,4,否
蔬果,0.696,1.38,1.98,否
蔬果,0.296,2.84,9.6,否
日配,1,8.9,12.9,是
蔬果,0.321,1.41,4.4,否
洗化,1,43.9,43.9,否
蔬果,0.394,3.78,9.6,否
蔬果,0.388,1.94,5,否
蔬果,0.782,24.87,31.8,否
休闲,1,9.9,9.9,否
休闲,1,12.9,12.9,否
蔬果,0.306,2.94,9.6,否
休闲,1,6.9,6.9,否
休闲,1,8.7,8.7,否
粮油,1,4.3,4.3,否
休闲,1,4.3,4.3,否
酒饮,1,40,40,否
蔬果,0.762,3.02,3.96,否
蔬果,0.43,7.74,18,否
日配,1,4.9,5.5,是
休闲,1,4.9,6.9,是
肉禽,1.218,33.86,27.8,否
粮油,1,2.7,2.7,否
粮油,1,2.9,2.9,否
休闲,1,6.9,6.9,否
日配,1,8.3,8.3,否
洗化,1,6.9,6.9,否
休闲,0.366,3.55,16.8,是
酒饮,1,3.8,3.8,否
粮油,1,7.9,7.9,否
蔬果,1.042,2.04,1.96,否
日配,16,32.8,2.7,是
休闲,0.396,4.6,19.6,是
蔬果,0.43,1.7,3.96,否
针织,1,15,15,否
休闲,1,8.7,8.7,否
蔬果,1.811,7.17,3.96,否
休闲,1,7.3,7.3,否
冲调,1,3.2,3.2,否
休闲,1,8.7,8.7,否
休闲,1,10.9,10.9,否
休闲,1,4.3,4.3,否
休闲,1,2.3,2.3,否
休闲,1,1.1,1.1,否
粮油,1,2.8,2.8,否
蔬果,0.31,2.98,9.6,否
日配,1,8.9,8.9,否
蔬果,0.204,1.13,5.56,否
水产,0.968,18.97,19.6,否
日配,1,25.9,25.9,否
酒饮,1,2.5,2.5,否
肉禽,1.486,62.11,41.8,否
粮油,1,14.7,14.7,否
休闲,1,18.9,18.9,否
休闲,1,3.9,3.9,否
休闲,1,6.5,6.5,否
蔬果,0.342,3.28,9.6,否
熟食,4,4,1,否
水产,2.166,64.98,30,否
熟食,0.369,2.21,6,否
熟食,0.57,11.4,20,否
熟食,0.222,16.87,76,否
熟食,0.216,8.64,40,否
酒饮,1,90,90,否
日配,1,2.5,3,是
蔬果,0.214,1.46,6.8,否
休闲,1,4.3,4.3,否
蔬果,0.312,2.81,9,否
日配,1,3.7,3.7,否
休闲,1,2.9,2.9,否
休闲,1,3.3,3.3,否
休闲,1,5.9,5.9,否
休闲,1,3.5,3.5,否
休闲,1,3.3,3.3,否
肉禽,0.374,11.15,29.8,否
熟食,0.254,5.08,20,否
肉禽,0.454,8.99,19.8,否
日配,1,15.6,15.6,否
休闲,1,7.9,11.3,是
休闲,1,2.3,2.3,否
熟食,0.001,0.02,20,否
休闲,1,2.9,2.9,否
蔬果,1.146,4.58,4,否
休闲,1,6,6,否
休闲,1,4.5,4.5,否
蔬果,0.226,2.03,9,否
肉禽,0.29,8.06,27.8,否
蔬果,0.384,7.68,20,否
日配,1,36.3,36.3,否
休闲,1,4,4,否
休闲,1,6,6,否
休闲,1,45.9,45.9,否
蔬果,0.752,1.49,1.98,否
酒饮,1,4,4,否
日配,0.893,6.05,6.78,否
休闲,0.3,10.2,34,否
休闲,1,10.9,10.9,否
蔬果,1.05,2.06,1.96,否
休闲,0.174,10.44,60,否
蔬果,0.628,2.8,2.96,否
休闲,1,4.7,4.7,否
洗化,1,15.9,15.9,否
蔬果,0.586,0.94,1.6,否
休闲,0.128,2.24,31.8,是
蔬果,0.408,7.34,18,否
蔬果,0.483,3.17,6.56,否
蔬果,0.418,3,20,否
蔬果,0.442,0.8,1.8,否
蔬果,1.07,8.54,7.98,否
休闲,1,4.2,4.2,否
休闲,1,5.3,5.3,否
蔬果,0.862,2.22,2.58,否
休闲,1,4,4,否
休闲,1,3.5,3.5,否
休闲,1,3.3,3.3,否
洗化,1,3.9,3.9,否
冲调,1,22,22,否
粮油,1,0.5,0.5,否
熟食,0.466,9.32,20,否
蔬果,0.305,5.12,16.8,否
蔬果,0.476,7.14,15,否
休闲,1,6.5,6.5,否
酒饮,6,132,22,否
冲调,1,7.2,7.2,否
粮油,1,0.5,0.5,否
日配,0.352,11.48,32.6,否
休闲,1,5.9,5.9,否
休闲,1,6.9,6.9,否
休闲,1,8.7,8.7,否
粮油,1,2.9,2.9,否
蔬果,0.194,15.52,80,否
休闲,0.132,3.3,25,否
蔬果,0.328,2.15,6.56,否
粮油,1,3.3,3.3,否
休闲,1,5.9,6.5,否
蔬果,0.812,16.24,20,否
蔬果,0.36,2.36,6.56,否
蔬果,2,4,2,否
酒饮,1,4,4,否
休闲,1,11.9,14.3,是
粮油,1,6.9,6.9,否
休闲,1,3,3,否
粮油,1,6.5,6.7,否
粮油,1,0.5,0.5,否
日配,1,11.8,11.8,否
熟食,0.294,5.88,20,否
蔬果,0.562,31.47,56,否
休闲,0.252,15.07,59.8,否
日配,1,16.9,16.9,否
肉禽,0.786,23.42,29.8,否
日配,1,8,8,否
家电,1,2.7,2.7,否
休闲,1,4.5,4.5,否
休闲,1,4.3,4.3,否
休闲,1,4.9,4.9,否
蔬果,0.528,1.36,2.58,否
休闲,1,3.6,3.6,否
日配,0.752,5.1,6.78,否
熟食,0.554,11.08,20,否
休闲,1,4.7,4.7,否
日配,1,2.3,2.3,否
休闲,1,4.9,4.9,否
水产,4.342,130.26,30,否
水产,0.534,16.02,30,否
蔬果,0.642,1.66,2.58,否
蔬果,0.622,1.59,2.56,否
蔬果,0.343,0.68,1.98,否
休闲,1,4.3,4.3,否
粮油,0.264,9.98,37.8,否
蔬果,1.63,19.23,11.8,否
休闲,1,3.7,3.7,否
休闲,1,5,5,否
休闲,1,1.2,1.2,否
休闲,1,6.7,6.7,否
蔬果,0.618,7.29,11.8,否
蔬果,1.09,32.7,30,否
日配,1,8.9,12.9,是
酒饮,1,15.9,15.9,否
休闲,1,14.5,14.5,否
休闲,1,4.3,4.3,否
酒饮,6,45,7.5,否
休闲,1,3.3,3.3,否
蔬果,0.42,0.82,1.96,否
休闲,1,3.3,3.3,否
日配,1.052,20.2,19.2,否
粮油,1,0.5,0.5,否
休闲,1,2.3,2.3,否
酒饮,6,15,4,是
蔬果,0.264,1.32,5,否
家居,1,4,4,否
酒饮,1,4,4,否
肉禽,0.514,21.49,41.8,否
粮油,1,18.9,18.9,否
蔬果,0.276,1.65,5.98,否
酒饮,1,2.5,4,是
蔬果,0.51,0.92,1.8,否
酒饮,1,16,16,否
休闲,1,3.3,3.3,否
日配,0.592,19.3,32.6,否
粮油,1,2.3,2.3,否
洗化,1,3.7,3.7,否
蔬果,0.689,20.67,30,否
蔬果,0.322,2.56,7.96,否
粮油,1,7.3,7.3,否
休闲,1,2.9,2.9,否
日配,1,8,8,否
蔬果,0.424,0.84,1.98,否
蔬果,1.577,9.4,5.96,否
休闲,1,4.5,4.5,否
休闲,1,4.3,4.3,否
洗化,1,3.9,3.9,否
蔬果,0.692,5.26,7.6,否
休闲,1,3.9,3.9,否
蔬果,0.292,0.52,3.96,否
粮油,1,0.5,0.5,否
休闲,1,1,1,否
休闲,1,4.9,4.9,否
日配,1,9.7,9.7,否
休闲,1,4.2,4.2,否
蔬果,0.656,3.8,5.8,否
日配,1,8.9,8.9,否
日配,16,24,1.5,否
肉禽,0.308,6.04,19.6,否
蔬果,0.994,14.91,15,否
蔬果,0.284,1.86,6.56,否
蔬果,1.025,4.06,3.96,否
日配,1,8.9,12.9,是
蔬果,1.19,9.5,7.98,否
熟食,0.314,1.88,6,否
蔬果,0.22,1.53,4.4,否
粮油,1,9.9,23.3,是
休闲,1,19.8,19.8,否
休闲,1,4.5,4.5,否
休闲,1,3.5,3.5,否
蔬果,0.774,1.53,1.98,否
日配,1.028,6.97,6.78,否
蔬果,1.468,17.59,11.98,否
休闲,1,4.9,6.9,是
日配,1,11.9,11.9,否
休闲,1,3.9,3.9,否
休闲,1,4.5,4.5,否
粮油,1,6.9,6.9,否
酒饮,3,7.5,2.5,否
日配,1,9.9,11.5,是
蔬果,0.503,2.52,5,否
蔬果,0.47,1.21,2.58,否
休闲,1,2.9,2.9,否
酒饮,1,3,3,否
蔬果,0.386,3.84,9.96,否
蔬果,0.326,1.63,5,否
洗化,1,8.9,13.9,是
休闲,1,3,3,否
日配,6,6,1,否
粮油,0.416,4.49,10.8,否
日配,24,60,3,是
蔬果,0.312,1.56,5,否
酒饮,12,70.8,5.9,否
日配,0.72,4.88,6.78,否
休闲,1,5.3,5.3,否
休闲,1,6.9,6.9,否
蔬果,0.634,7.61,12,否
蔬果,0.488,2.44,5,否
粮油,0.1,8.98,89.8,否
休闲,1,11.9,11.9,否
酒饮,1,3.7,3.7,否
蔬果,0.358,5.69,15.9,否
蔬果,0.369,2.07,5.6,否
休闲,1,5.5,5.5,否
粮油,1,28.9,28.9,否
酒饮,1,47,47,否
日配,1,1.6,2,是
休闲,1,2.7,2.7,否
蔬果,0.366,10.98,30,否
休闲,1,2.7,2.7,否
休闲,1,2.9,2.9,否
蔬果,0.823,2.44,2.96,否
日配,1,5.7,5.7,否
蔬果,1,4.98,4.98,否
日配,1,11.9,11.9,否
蔬果,0.442,8.84,20,否
日配,1,8.9,12.9,是
休闲,1,3.9,3.9,否
休闲,1,3.7,3.7,否
蔬果,1.33,3.4,2.56,否
蔬果,0.872,2.23,2.56,否
蔬果,0.254,5.08,20,否
酒饮,1,14,14,否
粮油,1,7.9,7.9,否
休闲,1,4.5,4.5,否
日配,0.78,5.29,6.78,否
休闲,1,6.9,6.9,否
休闲,1,5.5,5.5,否
休闲,1,6.7,6.7,否
蔬果,0.903,1.77,1.96,否
肉禽,0.406,11.29,27.8,否
蔬果,0.58,1.5,2.58,否
日配,1.556,10.55,6.78,否
蔬果,0.518,1.03,1.98,否
水产,1,19.5,19.5,否
蔬果,0.362,1.59,4.4,否
日配,1,1.6,2,是
酒饮,1,4.5,4.5,否
休闲,1,3.5,3.7,否
蔬果,0.206,0.3,1.48,否
蔬果,0.318,1.9,6.56,否
休闲,1,6.9,6.9,否
休闲,1,106,106,否
休闲,1,3.3,3.3,否
日配,1,1.6,2,是
蔬果,0.959,1.9,1.98,否
日配,1,10.8,14.9,是
休闲,1,8.7,8.7,否
休闲,1,2.7,2.7,否
蔬果,0.893,2.84,2.56,否
日配,1,11.3,11.3,否
休闲,1,7,7,否
休闲,1,3.3,3.3,否
蔬果,0.523,3.43,6.56,否
休闲,1,10.9,10.9,否
休闲,1,2.9,2.9,否
日配,1,11.9,11.9,否
休闲,1,4.9,4.9,否
洗化,1,8.9,13.9,是
蔬果,0.638,1.65,2.58,否
粮油,1,17.3,17.3,否
休闲,1,9.3,9.3,否
蔬果,0.218,0.96,4.4,否
休闲,1,5.9,5.9,否
休闲,1,5.9,5.9,否
休闲,1,2.9,2.9,否
休闲,1,3.5,3.5,否
蔬果,1,1.5,1.5,否
休闲,1,7.9,11.3,是
蔬果,0.586,5.63,9.6,否
蔬果,0.36,6.48,18,否
休闲,1,4.3,4.3,否
休闲,0.134,5.33,39.8,否
蔬果,0.656,3.28,5,否
休闲,1,3.7,3.7,否
休闲,1,7.9,7.9,否
蔬果,0.616,1.82,2.96,否
粮油,4.304,18.08,4.2,否
针织,1,50,50,否
休闲,1,4.7,4.7,否
蔬果,0.52,1.03,1.98,否
蔬果,0.288,0.51,1.76,否
日配,0.772,10.81,14,否
粮油,1,3.8,5.3,是
粮油,1,6.9,6.9,否
休闲,1,4.9,4.9,否
蔬果,0.84,1.66,1.98,否
粮油,1,11.3,11.3,否
蔬果,0.604,1.79,2.96,否
日配,1,3.6,3.6,否
蔬果,0.522,3.11,5.96,否
粮油,1,3.5,3.5,否
蔬果,0.452,2.26,5,否
日配,1,3.9,6,是
日配,16,32.8,2.7,是
休闲,1,5.7,5.7,否
休闲,1,9.9,9.9,否
休闲,1,9.5,9.5,否
蔬果,0.2,1.8,9,否
蔬果,0.35,3.49,9.96,否
蔬果,0.568,1.47,2.58,否
熟食,1.751,10.51,6,否
粮油,1,4.7,4.7,否
蔬果,0.234,1.54,6.56,否
洗化,1,14.9,14.9,否
蔬果,0.328,1.84,5.6,否
休闲,1,3.3,3.3,否
蔬果,0.594,1.18,1.98,否
休闲,1,1,1,否
洗化,1,15.9,15.9,否
蔬果,0.192,2.3,12,否
粮油,1,3.7,3.7,否
休闲,1,2.9,2.9,否
休闲,1,17,17,否
休闲,1,3.7,3.7,否
休闲,1,2.7,2.7,否
洗化,1,6.7,6.7,否
洗化,1,8.9,8.9,否
日配,1,10.9,10.9,否
蔬果,1,5.2,5.2,否
粮油,1,5.7,5.7,否
蔬果,0.466,6.99,15,否
冲调,1,25.9,25.9,否
蔬果,0.567,9.53,16.8,否
日配,1,15.9,15.9,否
冲调,1,50.9,50.9,否
粮油,1,6.9,6.9,否
休闲,1,32.5,32.5,否
休闲,1,1,1,否
休闲,1,5.7,5.7,否
蔬果,0.577,6.92,12,否
蔬果,2.56,20.43,7.98,否
休闲,1,19.9,19.9,否
粮油,1,7.3,7.3,否
休闲,1,3.5,3.5,否
休闲,1,5.5,5.5,否
休闲,1,3.9,3.9,否
休闲,1,3.3,3.3,否
家居,1,7.9,10,是
休闲,1,6.9,6.9,否
水产,0.146,4.38,30,否
蔬果,1.828,7.3,6.56,否
蔬果,0.756,6.02,7.96,否
蔬果,1.922,7.69,4,否
冲调,1,39.9,39.9,否
粮油,1,27.9,27.9,否
休闲,1,9.9,9.9,否
洗化,1,4.9,4.9,否
肉禽,0.238,6.62,27.8,否
日配,1,6.8,8.3,是
蔬果,1,4.98,4.98,否
文体,1,1.7,1.7,否
酒饮,1,5.9,5.9,否
日配,1,13.9,13.9,否
休闲,1,4.3,4.3,否
休闲,0.192,2.26,19.8,是
蔬果,0.126,1.97,15.6,否
蔬果,0.93,1.67,1.8,否
粮油,1,32.9,33.9,是
蔬果,0.962,5.58,5.8,否
蔬果,0.126,0.86,6.8,否
蔬果,0.29,2.25,7.6,否
休闲,1,7.5,7.5,否
休闲,1,6.9,6.9,否
蔬果,0.62,5.95,9.6,否
蔬果,1.674,4.32,2.58,否
粮油,1,11.9,14.7,否
肉禽,0.26,7.23,27.8,否
日配,0.728,4.94,6.78,否
家居,1,17,17,否
蔬果,0.45,1.15,2.56,否
粮油,1,2.9,2.9,否
粮油,1,4.2,6.7,是
休闲,0.256,13.21,51.6,否
粮油,1,7.7,7.7,否
家居,1,5,5,否
家居,1,6,6,否
家居,1,28,28,否
针织,1,45,45,否
休闲,1,2.9,2.9,否
粮油,1,9.9,23.3,是
蔬果,0.725,1.44,1.98,否
日配,1,9.9,15.5,是
蔬果,0.378,7.56,20,否
蔬果,0.11,0.55,5,否
肉禽,0.232,6.45,27.8,否
蔬果,0.601,18.03,30,否
休闲,1,2.3,2.3,否
休闲,1,9.7,9.7,否
肉禽,0.818,34.19,41.8,否
休闲,0.106,9.31,87.8,否
洗化,1,7.9,10.9,是
休闲,1,7.5,7.5,否
休闲,1,6,6,否
休闲,0.066,5.79,87.8,否
家居,1,13,13,否
蔬果,0.333,1.66,5,否
家居,1,7,7,否
粮油,1,3.3,3.3,否
熟食,0.322,28.98,90,否
粮油,1,14.7,14.7,否
蔬果,0.396,3.96,10,否
粮油,1,109,109,否
蔬果,0.975,6.4,6.56,否
粮油,1,2.7,2.7,否
蔬果,1.889,11.26,5.96,否
熟食,1.094,21.88,20,否
酒饮,1,14,14,否
粮油,1,8.9,8.9,否
洗化,1,4.9,4.9,否
粮油,9,53.1,5.9,否
蔬果,0.574,1.48,2.58,否
蔬果,0.732,2.93,4,否
粮油,4.591,25.62,5.58,否
粮油,1,3.9,3.9,否
蔬果,0.324,5.05,15.6,否
粮油,1,5.5,5.5,否
熟食,0.496,27.78,56,否
休闲,0.26,12.93,49.8,否
日配,1,2.4,2.4,否
蔬果,0.414,2.07,5,否
休闲,1,9.9,9.9,否
日配,1,13.3,13.3,否
日配,1,6.9,6.9,否
洗化,1,11.9,15.9,是
休闲,1,1,1,否
日配,12,42,3.5,否
蔬果,0.28,0.72,2.56,否
休闲,1,3.3,3.3,否
休闲,1,4.3,4.3,否
粮油,1,5.3,5.3,否
蔬果,0.49,1.26,2.58,否
蔬果,0.674,4.42,6.56,否
粮油,1,6.9,6.9,否
蔬果,0.413,1.06,2.56,否
粮油,1,5.5,5.5,否
休闲,1,16.9,16.9,否
蔬果,0.706,1.4,1.98,否
休闲,1,3.5,3.5,否
酒饮,1,6.9,6.9,否
冲调,1,17.3,17.3,否
休闲,1,10.9,10.9,否
粮油,1,3.8,4.7,是
粮油,1,2.5,2.5,否
粮油,4.61,25.72,5.58,否
蔬果,0.808,4.82,5.96,否
熟食,0.45,2.7,6,否
休闲,1,4.7,4.7,否
洗化,1,8.9,8.9,否
家居,1,3,3,否
蔬果,0.292,0.75,2.58,否
蔬果,0.324,1.81,5.6,否
休闲,1,6.9,6.9,否
粮油,1,2.7,2.7,否
蔬果,0.284,0.95,5,否
蔬果,0.238,2.28,9.6,否
蔬果,0.59,8.85,15,否
蔬果,1.056,33.58,31.8,否
蔬果,0.796,13.37,16.8,否
粮油,1,12.9,12.9,否
休闲,1,3.5,3.5,否
休闲,1,3.6,3.6,否
休闲,1,14.9,14.9,否
休闲,1,5.9,5.9,否
蔬果,0.326,2.14,6.56,否
熟食,2,2,1,否
粮油,1,6.9,6.9,否
休闲,0.378,3.7,16.8,是
酒饮,4,10,2.5,否
洗化,1,1.9,1.9,否
蔬果,0.718,8.47,11.8,否
洗化,1,77.9,77.9,否
粮油,0.144,10.08,70,否
粮油,1,8.5,8.5,否
蔬果,0.578,1.02,1.76,否
蔬果,0.51,1.01,1.98,否
蔬果,0.562,1.1,1.96,否
休闲,0.196,10.58,54,否
蔬果,0.15,1.63,9,否
蔬果,0.245,0.63,2.58,否
休闲,1,6.7,6.7,否
蔬果,0.294,2.82,9.6,否
日配,1,2.4,2.4,否
粮油,1,15.3,15.3,否
蔬果,0.482,8.48,17.6,否
休闲,1,4.7,4.7,否
蔬果,0.566,3.28,5.8,否
休闲,1,3.3,3.3,否
粮油,1,6.9,6.9,否
酒饮,2,22,11,否
休闲,0.146,7.56,51.8,否
休闲,1,3.5,3.5,否
肉禽,0.632,18.83,29.8,否
酒饮,1,42,42,否
洗化,1,39.9,51.9,是
洗化,1,4.9,4.9,否
休闲,1,8.9,8.9,否
洗化,1,7.9,7.9,否
粮油,1,9.5,9.5,否
粮油,1,4.2,4.2,否
家居,1,9,9,否
休闲,0.482,4.7,16.8,是
休闲,1,12.9,12.9,否
蔬果,1.2,36,30,否
休闲,0.298,3.52,11.8,否
粮油,0.084,6.55,89.8,否
蔬果,0.662,7.81,11.8,否
休闲,1,4.5,4.5,否
日配,1,18.9,19.3,否
蔬果,0.315,0.81,2.56,否
蔬果,1,2,2,否
休闲,1,8.7,8.7,否
休闲,1,6.9,6.9,否
蔬果,1,2,2,否
休闲,1,1,1,否
洗化,1,16.9,16.9,否
休闲,1,3.7,3.7,否
家居,1,10,10,否
休闲,1,23.9,23.9,否
日配,1,8,8,否
蔬果,1.281,7.63,5.96,否
蔬果,0.395,1.74,4.4,否
洗化,1,19.9,19.9,否
蔬果,1,2,2,否
休闲,1,4.9,4.9,否
日配,12,42,3.5,否
休闲,1,8.3,8.3,否
蔬果,0.542,3.04,5.6,否
蔬果,1.328,6.06,4.56,否
粮油,1,27.7,27.7,否
粮油,1,62.9,62.9,否
休闲,1,3.7,3.7,否
休闲,1,5.5,5.5,否
蔬果,0.578,2.31,9.6,否
肉禽,0.58,11.48,19.8,否
休闲,1,3.3,3.3,否
粮油,1,3.9,3.9,否
蔬果,0.172,1.55,9,否
粮油,1,20.9,20.9,否
酒饮,1,3,3,否
蔬果,1.098,4.39,4,否
日配,1,4.5,4.5,否
针织,1,7.9,13,是
粮油,1,3.7,3.7,否
蔬果,0.492,1.27,2.58,否
肉禽,-0.154,-12.32,80,否
肉禽,0.154,12.32,80,否
休闲,1,6.5,6.5,否
蔬果,1.246,7.43,5.96,否
休闲,1,4,4,否
休闲,1,8.9,8.9,否
酒饮,1,2.5,2.5,否
日配,1,24.7,24.7,否
酒饮,1,3.5,3.5,否
蔬果,0.784,23.52,30,否
粮油,1,4.9,6.7,是
休闲,1,20.9,20.9,否
蔬果,1,56,56,否
休闲,1,6.7,6.7,否
蔬果,0.944,3.78,4,否
蔬果,0.214,3.34,15.6,否
休闲,0.526,8.21,15.6,否
蔬果,0.34,2.58,7.6,否
蔬果,0.125,2.25,18,否
粮油,1,3.7,3.7,否
酒饮,1,2.5,2.5,否
洗化,1,17.9,20.7,是
休闲,1,7.9,7.9,否
休闲,1,8.9,8.9,否
日配,1,3.5,3.5,否
休闲,1,3.6,3.6,否
蔬果,0.208,2,9.6,否
粮油,1,4.9,4.9,否
酒饮,1,2.5,2.5,否
熟食,0.771,4.63,6,否
家居,1,3,3,否
洗化,1,1.7,1.7,否
洗化,1,4,4,否
日配,12,63.6,5.3,否
休闲,1,3.9,3.9,否
蔬果,0.74,3.7,5,否
日配,1,12.3,16.9,是
粮油,0.082,10.17,124,否
洗化,1,13.9,13.9,否
洗化,1,52.9,58,是
粮油,1,2.7,2.7,否
粮油,1,7.9,7.9,否
粮油,1,6.9,6.9,否
冲调,1,3.2,3.2,否
休闲,0.336,20.09,59.8,否
肉禽,1.322,55.26,41.8,否
蔬果,0.62,3.47,5.6,否
休闲,1,6.5,6.5,否
蔬果,0.389,5.84,15,否
酒饮,6,12,2,否
蔬果,0.168,0.84,5,否
蔬果,1.105,7.25,6.56,否
蔬果,0.298,1.95,6.56,否
蔬果,0.618,1.59,2.58,否
冲调,1,4.9,4.9,否
休闲,1,7.9,7.9,否
粮油,1,3.5,3.5,否
蔬果,0.506,2,3.96,否
蔬果,0.148,1.18,7.96,否
休闲,0.204,2.63,19.8,是
蔬果,0.864,3.4,16.8,否
日配,1,35.7,35.7,否
粮油,1,15.5,15.5,否
休闲,0.286,15.44,54,否
休闲,0.312,9.9,51.6,是
休闲,1,2.3,2.3,否
粮油,1,2.8,2.8,否
日配,1.082,21.42,19.8,否
休闲,1,8.9,8.9,否
蔬果,0.182,1.64,9,否
洗化,1,11.9,14.5,是
日配,1,8.9,8.9,否
粮油,1,3.9,3.9,否
肉禽,0.312,8.67,27.8,否
蔬果,2,4,2,否
休闲,1,4.3,4.3,否
休闲,1,4.3,4.3,否
粮油,1,4.8,4.8,否
蔬果,0.902,5.92,6.56,否
粮油,1,0.5,0.5,否
日配,1,8.9,8.9,否
粮油,1,7.7,7.7,否
洗化,2,17.8,8.9,否
休闲,1,5.7,5.7,否
蔬果,0.14,0.7,4.98,否
酒饮,1,38.5,38.5,否
粮油,1,3.9,3.9,否
洗化,1,85,85,否
冲调,1,13.9,13.9,否
蔬果,0.536,1.38,2.58,否
洗化,3,5.1,1.7,否
休闲,1,13.9,13.9,否
休闲,1,2.5,2.5,否
日配,12,49,5.5,是
休闲,1,3.3,3.3,否
肉禽,0.388,10.01,25.8,否
蔬果,0.112,3.05,27.2,否
粮油,1,18.9,18.9,否
文体,1,27,27,否
蔬果,0.45,2.24,2.58,否
蔬果,0.274,2.47,9,否
粮油,1,39.7,39.7,否
蔬果,0.388,1.94,5,否
蔬果,0.478,4.59,9.6,否
日配,1,8.9,12.9,是
休闲,1,6.7,6.7,否
肉禽,0.32,8.26,25.8,否
粮油,1,3.7,3.7,否
蔬果,0.328,3.15,9.6,否
休闲,1,3.5,4,否
日配,15,57,3.8,否
蔬果,0.072,0.86,12,否
洗化,1,11.7,11.7,否
日配,0.354,11.54,32.6,否
休闲,1,3.2,3.7,是
蔬果,0.936,1.83,1.96,否
休闲,4,22,5.5,否
休闲,1,3.7,3.7,否
日配,1,6.8,8.3,是
休闲,1,7.5,7.5,否
酒饮,1,5.9,5.9,否
日配,1,8.9,8.9,否
休闲,1,3.3,3.3,否
蔬果,0.208,2.5,12,否
蔬果,0.252,1.96,7.76,否
粮油,1,11.7,11.7,否
熟食,0.23,6.44,28,否
蔬果,0.348,5.85,16.8,否
针织,1,34,34,否
蔬果,0.718,2.87,4,否
蔬果,0.338,5.41,16,否
休闲,1,3.9,3.9,否
休闲,1,4.5,4.5,否
蔬果,0.398,2.61,6.56,否
蔬果,2.652,15.81,5.96,否
日配,24,79.2,3.3,否
粮油,1,7.7,7.7,否
粮油,1,2.8,2.8,否
蔬果,0.46,4.42,9.6,否
休闲,1,5.9,5.9,否
蔬果,0.819,1.61,1.96,否
粮油,1,5.7,5.7,否
粮油,1,39,39.9,否
蔬果,1.126,2.23,1.98,否
日配,16,33.6,2.8,是
粮油,1,3,3,否
蔬果,0.464,3.53,7.6,否
蔬果,0.806,5.29,6.56,否
粮油,1,5.3,5.3,否
蔬果,0.654,3.66,5.6,否
蔬果,0.242,2.32,9.6,否
家居,1,4.5,4.5,否
水产,1,19.5,19.5,否
日配,2.068,39.71,19.2,否
日配,1,8,8,否
休闲,1,12.9,12.9,否
肉禽,0.606,15.63,25.8,否
蔬果,0.36,1.44,4,否
洗化,1,17.5,23.9,是
蔬果,0.991,6.5,6.56,否
蔬果,3,4.5,1.5,否
熟食,0.274,7.67,28,否
蔬果,0.404,8.08,20,否
休闲,1,9.9,9.9,否
蔬果,0.84,10.7,17.6,否
休闲,1,3.9,3.9,否
粮油,1,4.7,4.7,否
休闲,1,4.3,4.7,是
日配,1,10.2,13.9,是
蔬果,0.794,23.82,30,否
酒饮,1,11.9,11.9,否
粮油,4,8,4.5,是
休闲,1,13.5,13.5,否
蔬果,0.364,5.79,15.9,否
酒饮,20,240,12,否
粮油,1,7.9,7.9,否
休闲,0.218,7.8,35.8,否
粮油,1,3,3,否
蔬果,2.251,8.96,3.98,否
家居,1,10,10,否
家居,1,13,13,否
酒饮,4,88,22,否
肉禽,0.326,9.71,29.8,否
洗化,1,12.9,15.7,是
蔬果,0.624,4.87,7.8,否
冲调,1,10.3,10.3,否
蔬果,1.13,15.8,13.98,否
蔬果,0.225,0.33,1.48,否
蔬果,1.218,18.27,15,否
蔬果,0.546,3.17,5.8,否
酒饮,1,3,3,否
粮油,1,9.9,11.9,是
休闲,1,3.5,5.5,是
熟食,0.369,2.21,6,否
家居,1,20,20,否
蔬果,0.236,0.93,3.96,否
日配,1,3.3,3.3,否
蔬果,0.524,15.72,30,否
休闲,0.442,22.01,49.8,否
休闲,1,4.5,4.5,否
洗化,1,8.9,8.9,否
蔬果,0.316,1.77,5.6,否
日配,0.37,12.06,32.6,否
粮油,1,2.9,2.9,否
熟食,0.272,7.62,28,否
蔬果,2,3,1.5,否
日配,1,7.7,7.7,否
休闲,0.302,21.44,71,否
肉禽,0.824,16.32,19.8,否
蔬果,0.724,4.75,6.56,否
休闲,1,5.9,5.9,否
休闲,1,4.3,4.3,否
熟食,0.172,15.48,90,否
蔬果,0.469,1.86,3.96,否
蔬果,1.454,17.42,11.98,否
日配,0.634,11.29,17.8,否
日配,12,63.6,5.3,否
洗化,1,4.7,4.7,否
粮油,1,5.9,5.9,否
蔬果,0.27,1.07,3.96,否
洗化,1,4.9,4.9,否
洗化,1,8.9,13.9,是
日配,1,69,76,是
酒饮,1,4,4,否
蔬果,0.606,2.42,4,否
洗化,1,16.9,19.9,是
洗化,1,14.9,21.9,是
休闲,1,6.5,8.3,是
肉禽,0.26,9.31,35.8,否
蔬果,0.307,0.67,6.56,否
休闲,1,15.9,15.9,否
日配,1,4.3,4.3,否
冲调,1,9.3,9.3,否
日配,1,2.1,2.1,否
蔬果,1,4.98,4.98,否
冲调,1,38,56,是
粮油,1,0.5,0.5,否
洗化,1,7.7,7.7,否
洗化,1,6.9,6.9,否
酒饮,1,9.8,9.8,否
洗化,1,3.9,3.9,否
文体,1,15.5,15.5,否
蔬果,0.192,1.99,9,否
蔬果,0.306,2.01,6.56,否
蔬果,1.396,13.9,9.96,否
粮油,1,14.7,14.7,否
粮油,1,3.8,3.8,否
粮油,1,10.9,14.7,是
蔬果,0.349,0.97,2.78,否
蔬果,0.39,7.02,18,否
日配,1,5.5,6,是
蔬果,0.447,2.59,5.8,否
日配,1,12.3,16.9,是
肉禽,0.508,15.75,31,否
休闲,0.2,10.36,51.8,否
休闲,0.47,4.6,16.8,是
蔬果,0.446,2.48,5.56,否
蔬果,0.44,2.46,5.6,否
日配,15,26.9,2.4,是
家居,1,26,26,否
粮油,1,5.7,5.7,否
酒饮,1,3.9,3.9,否
蔬果,0.36,1.43,3.98,否
熟食,0.633,3.8,6,否
日配,1.122,22.22,19.8,否
蔬果,0.298,1.73,5.8,否
蔬果,0.964,5.75,5.96,否
洗化,1,4.9,4.9,否
酒饮,1,5.7,5.7,否
粮油,1,7.9,7.9,否
日配,2,3.2,2,是
蔬果,0.404,8.08,20,否
酒饮,1,13.8,13.8,否
休闲,1,6.7,6.7,否
粮油,1,2.5,3.7,是
蔬果,0.264,1.73,6.56,否
蔬果,0.406,8.12,20,否
水产,1,19.5,19.5,否
粮油,1,14.7,14.7,否
蔬果,0.566,0.91,1.6,否
粮油,1,1.7,1.7,否
休闲,1,3.5,3.5,否
粮油,1,8.9,8.9,否
蔬果,0.35,1.75,5,否
洗化,1,49.9,69.9,是
休闲,0.832,12.98,15.6,否
休闲,0.548,14.1,33.8,是
洗化,1,17.9,17.9,否
粮油,1,3.9,3.9,否
蔬果,0.22,1.22,5.56,否
熟食,0.698,4.19,6,否
休闲,1,18.9,18.9,否
肉禽,0.46,8.74,19,否
粮油,1,2.8,2.8,否
洗化,1,4.7,4.7,否
蔬果,0.202,3.23,16,否
粮油,1,8.9,8.9,否
休闲,0.136,6.77,49.8,否
洗化,1,11.9,15.5,是
蔬果,0.23,3.59,15.6,否
洗化,1,6.9,6.9,否
肉禽,0.596,11.32,19,否
日配,1,13.3,13.3,否
日配,1,12.9,12.9,否
休闲,1,1.5,1.5,否
休闲,1,3.5,3.5,否
日配,4,36.8,9.2,否
日配,1,4,4.3,否
粮油,1,7.3,7.3,否
粮油,1,8.9,8.9,否
粮油,1,2.8,2.8,否
酒饮,1,19.5,19.5,否
蔬果,1.04,12.27,11.8,否
酒饮,1,2,2,否
蔬果,1.1,34.98,31.8,否
蔬果,0.442,4.24,9.6,否
日配,9,18,2,否
粮油,1,3.9,3.9,否
蔬果,0.546,1.09,2,否
洗化,1,6.9,9.7,是
蔬果,2,4,2,否
酒饮,1,10,10,否
粮油,1,2.8,2.8,否
日配,16,43.2,2.7,否
肉禽,0.286,8.52,29.8,否
日配,1,2.8,2.8,否
蔬果,0.216,0.84,15.6,否
粮油,1,1.2,1.3,否
蔬果,0.725,2.76,3.8,否
蔬果,0.468,1.85,3.96,否
冲调,1,32,32,否
蔬果,0.587,1.5,2.56,否
蔬果,0.824,16.48,20,否
粮油,1,4.9,4.9,否
酒饮,3,23.1,7.7,否
洗化,1,2.9,3.9,是
蔬果,0.358,4.3,12,否
粮油,1,4.8,4.8,否
粮油,1,0.5,0.5,否
针织,1,2.9,2.9,否
休闲,1,5.7,5.7,否
日配,1,13.9,13.9,否
蔬果,1.378,38.31,27.8,否
粮油,1,14.7,14.7,否
粮油,1,5.5,5.5,否
日配,1,11.9,14.9,是
蔬果,0.046,0.41,9,否
粮油,1,2.8,2.8,否
休闲,2,9.4,4.7,否
蔬果,0.268,13.4,50,否
日配,1,8.9,12.9,是
蔬果,0.938,3.71,3.96,否
休闲,0.328,3.2,16.8,是
蔬果,1.048,33.33,31.8,否
休闲,0.736,11.48,15.6,否
粮油,1,3.2,3.2,否
日配,1,11.9,11.9,否
洗化,1,4.9,4.9,否
酒饮,1,24,24,否
洗化,1,3.9,3.9,否
粮油,0.12,2.59,21.6,否
粮油,1,4.9,4.9,否
粮油,1,6.7,6.7,否
洗化,1,11.5,15.9,是
休闲,1,5.2,5.2,否
休闲,1,4.9,4.9,否
休闲,1,6.9,8.9,是
日配,1,11.9,14.9,是
粮油,1,0.5,0.5,否
蔬果,0.406,8.12,20,否
蔬果,0.412,8.24,20,否
粮油,1,5.3,5.3,否
粮油,1,1.9,4.7,是
蔬果,1.014,3.85,3.8,否
日配,1,10.3,10.3,否
蔬果,1.849,11.02,5.96,否
粮油,1,6.8,6.8,否
粮油,1,4.8,4.8,否
休闲,1,7.5,7.5,否
肉禽,0.926,38.71,41.8,否
蔬果,0.336,1.68,5,否
休闲,1,4.3,4.7,是
粮油,1,2,2,否
蔬果,0.476,1.88,3.96,否
粮油,1,14.7,14.7,否
粮油,1,5.9,5.9,否
休闲,1,7.9,7.9,否
休闲,1,7.9,7.9,否
日配,1,2,2,否
熟食,0.432,2.59,6,否
蔬果,0.514,1.01,1.96,否
休闲,0.35,16.73,47.8,否
休闲,1,4.2,4.2,否
蔬果,0.413,2.71,6.56,否
蔬果,0.18,1.37,7.6,否
冲调,1,80.9,80.9,否
休闲,0.312,3,16.8,是
休闲,0.382,3.74,16.8,是
粮油,1,6.9,6.9,否
休闲,3,9.6,3.7,是
洗化,1,11.9,15.7,是
洗化,1,28.9,28.9,否
蔬果,0.3,4.8,16,否
熟食,0.232,6.5,28,否
日配,0.768,5.21,6.78,否
蔬果,1.233,4.66,5.96,否
粮油,1,4.7,4.7,否
酒饮,1,2.8,2.8,否
洗化,1,13.9,19.9,是
日配,12,42,3.5,否
日配,16,33.6,2.8,是
休闲,1,3.3,3.3,否
蔬果,0.436,13.86,31.8,否
蔬果,0.344,5.47,15.9,否
酒饮,1,3.1,3.1,否
肉禽,0.404,14.46,35.8,否
蔬果,0.26,2.7,9.96,否
蔬果,0.391,6.57,16.8,否
粮油,1,5.7,5.7,否
休闲,1,10.9,10.9,否
蔬果,0.68,1.35,1.98,否
蔬果,0.624,1.24,1.98,否
休闲,1,5.9,5.9,否
休闲,1,9.7,9.7,否
粮油,1,6.9,6.9,否
蔬果,0.443,2.46,5.56,否
蔬果,0.402,2.4,5.96,否
粮油,1,9.9,12.7,是
蔬果,0.454,2.63,5.8,否
蔬果,0.622,3.61,5.8,否
蔬果,0.558,2.12,3.8,否
休闲,0.094,6.67,71,否
粮油,1,9.9,11.9,是
洗化,1,14.9,14.9,否
洗化,1,2.9,2.9,否
蔬果,2.344,27.66,11.8,否
休闲,1,2.3,2.3,否
蔬果,1.262,10.07,7.98,否
日配,12,39.6,3.3,否
洗化,1,27.9,27.9,否
日配,0.284,5.4,19,否
休闲,1,9.9,9.9,否
洗化,1,11.7,11.7,否
蔬果,0.5,1.29,2.58,否
蔬果,0.58,3.36,5.8,否
蔬果,1.004,2.59,2.58,否
粮油,1,2.9,2.9,否
日配,1,19.3,19.3,否
蔬果,0.982,11.76,11.98,否
蔬果,0.38,8.74,23,否
休闲,0.4,19.92,49.8,否
蔬果,1.066,5.97,5.6,否
洗化,1,6.7,6.7,否
休闲,1,2.7,3.3,是
熟食,0.31,1.86,6,否
洗化,1,11.5,15.9,是
休闲,1,9.3,9.3,否
休闲,1,2.3,2.3,否
休闲,0.254,5,19.8,否
蔬果,1.272,2.49,1.96,否
肉禽,0.558,15.51,27.8,否
蔬果,0.568,1.45,2.56,否
蔬果,2.241,13.36,5.96,否
蔬果,0.19,0.33,12,否
蔬果,3,4.5,1.5,否
日配,1,12.9,12.9,否
粮油,1,2.8,2.8,否
熟食,0.976,19.52,20,否
蔬果,1.032,16.51,16,否
休闲,1,21,21,否
粮油,1,7.9,7.9,否
蔬果,0.432,4.3,9.96,否
日配,1,5.5,5.5,否
冲调,1,27.7,27.7,否
休闲,0.316,10,51.6,是
针织,1,5,5,否
休闲,0.284,6.82,24,否
粮油,1,3.8,3.8,否
肉禽,0.19,7.6,40,否
粮油,1,2.7,2.7,否
蔬果,1.356,8.08,5.96,否
肉禽,0.128,3.81,29.8,否
洗化,1,1.7,1.7,否
粮油,1,2,2,否
蔬果,0.631,1.87,2.96,否
休闲,1,3.3,3.3,否
休闲,1,2.3,2.3,否
日配,12,39.6,3.3,否
洗化,1,17.9,20.7,是
针织,1,12.9,12.9,否
蔬果,1.264,2.48,1.96,否
酒饮,2,26.6,13.3,否
肉禽,0.272,6.26,23,否
蔬果,0.416,4.91,11.8,否
日配,2.354,15.96,6.78,否
日配,0.378,12.32,32.6,否
休闲,1,2.9,2.9,否
休闲,1,16.9,16.9,否
蔬果,0.363,1.45,4,否
蔬果,0.648,1.67,2.58,否
蔬果,0.28,4.93,17.6,否
家居,1,15,15,否
休闲,1,5.9,5.9,否
休闲,0.424,6.61,15.6,否
休闲,1,5.9,5.9,否
粮油,1,5.5,5.5,否
蔬果,0.646,3.23,5,否
粮油,1,7.5,7.5,否
蔬果,0.832,3.16,3.8,否
蔬果,0.14,1.34,9.6,否
蔬果,0.236,3.68,15.6,否
日配,16,33.6,2.8,是
休闲,1,6.9,6.9,否
休闲,1,7.3,7.3,否
粮油,1,8.9,8.9,否
洗化,1,11.5,15.9,是
熟食,1.02,6.12,6,否
蔬果,1.232,4.68,3.8,否
粮油,1,2,2,否
熟食,0.66,3.96,6,否
粮油,1,1.9,1.9,否
粮油,1,4.7,4.7,否
日配,1,13.9,13.9,否
日配,1,9.6,12.9,是
蔬果,0.972,5.79,5.96,否
蔬果,0.378,2.48,6.56,否
粮油,1,4.3,4.3,否
洗化,1,11.5,15.9,是
休闲,1,2.5,2.5,否
蔬果,0.556,1.42,2.56,否
蔬果,0.614,5.28,8.6,否
针织,1,11.5,11.5,否
肉禽,0.426,15.25,35.8,否
粮油,1,4.9,4.9,否
休闲,1,5.2,5.2,否
蔬果,1,2,2,否
休闲,1,3.5,3.5,否
熟食,2,2,1,否
粮油,1,3.8,3.8,否
休闲,1,6.5,8.3,是
休闲,0.208,5.2,25,否
休闲,0.528,14.68,27.8,否
家居,1,10,10,否
粮油,1,14.7,14.7,否
蔬果,1.156,2.27,1.96,否
蔬果,0.336,2.2,6.56,否
休闲,0.208,8.28,39.8,否
肉禽,0.536,10.18,19,否
洗化,1,2.9,3.9,是
蔬果,0.338,1.96,5.8,否
蔬果,0.078,1.79,9,否
休闲,1,13.7,13.7,否
蔬果,1,1.5,1.5,否
粮油,1,7.9,7.9,否
粮油,1,13.9,14.3,否
休闲,0.936,46.61,49.8,否
熟食,0.326,6.52,20,否
蔬果,0.994,1.99,2,否
粮油,1,6.8,6.8,否
休闲,1,2.9,2.9,否
蔬果,0.64,3.18,5.8,否
休闲,1,3.3,3.3,否
蔬果,0.282,2.14,7.6,否
肉禽,0.188,7.52,40,否
休闲,0.044,3.86,87.8,否
日配,0.252,4.79,19,否
蔬果,0.486,8.16,16.8,否
休闲,1,12.9,12.9,否
洗化,1,1.7,1.7,否
蔬果,0.191,0.34,1.76,否
熟食,0.196,3.92,20,否
日配,16,33.6,2.1,否
酒饮,1,2.8,2.8,否
针织,1,19.9,19.9,否
蔬果,0.342,1.71,5,否
粮油,1,4.2,6.7,是
日配,1,8.3,8.3,否
日配,1,12.9,12.9,否
酒饮,5,20,4,否
蔬果,3.058,18.23,5.96,否
洗化,1,8.9,10.7,是
日配,1,13.9,13.9,否
蔬果,1.373,8.18,5.96,否
粮油,1,5.3,5.3,否
酒饮,1,29.7,29.7,否
休闲,1,5.9,5.9,否
休闲,1,2.3,2.3,否
休闲,1,3.5,5.5,是
蔬果,0.735,2.32,3.16,否
蔬果,1.224,14.66,11.98,否
日配,0.774,5.25,6.78,否
休闲,1,6.7,6.7,否
蔬果,0.894,5.19,5.8,否
蔬果,0.282,1.24,4.4,否
蔬果,1.775,10.58,5.96,否
肉禽,0.668,19.91,29.8,否
休闲,0.28,4.98,17.8,否
休闲,1,2.7,2.7,否
休闲,1,4,4,否
休闲,1,2.3,2.3,否
蔬果,0.296,0.52,1.76,否
熟食,0.354,7.08,20,否
洗化,1,4.7,4.7,否
日配,1,6.7,6.7,否
粮油,1,11.2,12,是
洗化,1,4.9,4.9,否
肉禽,0.57,13.11,23,否
休闲,1,6.3,6.3,否
酒饮,1,14,14,否
洗化,1,12.9,17.7,是
肉禽,0.188,5.23,27.8,否
蔬果,0.404,1.04,2.58,否
休闲,1,34.5,34.5,否
休闲,0.168,8.03,47.8,否
肉禽,0.54,19.33,35.8,否
休闲,1,4.2,4.2,否
洗化,1,11.9,15.5,是
粮油,1,9.9,9.9,否
蔬果,0.414,6.96,16.8,否
休闲,1,3.5,3.5,否
蔬果,0.256,2.46,9.6,否
熟食,0.348,31.32,90,否
蔬果,0.552,1.41,2.56,否
蔬果,0.522,10.44,20,否
日配,1,18.3,18.3,否
休闲,0.178,4.45,25,否
粮油,1,1,1,否
洗化,1,7.9,8.9,是
粮油,1,5.9,5.9,否
日配,1,2.1,2.1,否
粮油,1,4.3,4.3,否
休闲,1,5.3,5.3,否
蔬果,0.406,6.82,16.8,否
休闲,1,9.9,9.9,否
休闲,0.274,9.81,35.8,否
蔬果,0.41,6.52,15.9,否
日配,1,8.9,12.9,是
休闲,1,10.5,10.5,否
蔬果,0.516,8.67,16.8,否
蔬果,0.45,9,20,否
蔬果,0.564,1.22,6.56,否
蔬果,1.9,11.32,5.96,否
日配,1,9.9,15.5,是
休闲,1,4.7,4.7,否
熟食,0.514,2.57,5,否
蔬果,1.444,8.61,5.96,否
蔬果,0.336,9.34,27.8,否
蔬果,2.971,17.71,5.96,否
蔬果,0.814,45.58,56,否
休闲,0.19,6.03,51.6,是
粮油,1,5.5,5.5,否
日配,1,10.3,10.3,否
蔬果,0.222,2.13,9.6,否
日配,15,26.9,2.4,是
休闲,0.42,4.1,16.8,是
熟食,0.417,2.5,6,否
粮油,1,5.5,5.5,否
蔬果,0.248,6.2,25,否
蔬果,0.55,3.08,5.6,否
休闲,0.442,10.52,23.8,否
洗化,1,8.9,13.9,是
日配,1,1.8,1.8,否
日配,0.318,6.04,19,否
休闲,1,15.6,15.9,否
洗化,1,27.9,27.9,否
粮油,1,12.9,12.9,否
洗化,1,11.9,14.5,是
蔬果,1.394,5.58,4,否
蔬果,0.706,1.82,2.58,否
休闲,1,3.5,3.5,否
休闲,1,2.9,2.9,否
洗化,1,9.9,9.9,否
蔬果,1,1.5,1.5,否
蔬果,0.462,1.85,4,否
洗化,1,39.9,51.9,是
粮油,1,8.5,8.5,否
蔬果,0.318,1.26,3.96,否
蔬果,0.602,3.49,5.8,否
休闲,1,5.2,5.2,否
蔬果,0.141,0.82,5.8,否
日配,12,55,5.8,是
休闲,0.286,3.71,19.8,是
蔬果,0.302,1.2,3.96,否
水产,1.64,32.47,19.8,否
蔬果,0.75,1.94,2.58,否
蔬果,0.299,2.87,9.6,否
日配,1,9.9,15.3,是
蔬果,0.23,1.46,18,否
蔬果,0.97,5.78,5.96,否
洗化,1,8.9,8.9,否
休闲,0.394,18.83,47.8,否
蔬果,0.262,1.57,6,否
休闲,1,3.3,3.3,否
休闲,1,5.9,5.9,否
日配,1,22.5,22.5,否
休闲,1,10.9,10.9,否
日配,1,8.9,12.9,是
日配,0.774,5.25,6.78,否
蔬果,1.299,7.74,5.96,否
粮油,1,4.2,6.7,是
蔬果,0.376,6.32,16.8,否
休闲,1,6.7,6.7,否
休闲,0.228,2.2,16.8,是
酒饮,1,4,4,否
日配,1,16.3,16.3,否
酒饮,1,19.3,19.3,否
蔬果,0.48,3.15,6.56,否
蔬果,1.154,13.62,11.8,否
酒饮,1,2.8,2.8,否
休闲,1,6.7,6.7,否
蔬果,0.51,16.22,31.8,否
蔬果,0.36,3.46,9.6,否
熟食,0.406,2.44,6,否
肉禽,0.338,12.1,35.8,否
休闲,1,6.9,6.9,否
肉禽,0.24,2.83,11.8,否
休闲,1,3,3,否
粮油,1,6.9,6.9,否
粮油,1,2.8,2.8,否
肉禽,0.784,32.77,41.8,否
休闲,0.318,3.1,16.8,是
蔬果,0.51,0.9,1.76,否
休闲,1,7.5,7.5,否
酒饮,1,13.3,13.3,否
日配,1,31.7,31.7,否
休闲,1,3.5,3.5,否
日配,1.54,10.44,6.78,否
休闲,1,3.2,3.7,是
休闲,0.148,10.51,71,否
肉禽,0.294,8.17,27.8,否
蔬果,1.096,4.38,4,否
洗化,1,9.9,16.9,是
日配,0.896,6.07,6.78,否
粮油,3.386,16.1,5.58,是
粮油,1,5.9,5.9,否
休闲,0.19,2.6,19.8,是
酒饮,1,6.9,6.9,否
蔬果,0.274,2.47,9,否
针织,1,29,59,是
休闲,4,5.2,1.3,否
酒饮,2,7,3.5,否
冲调,1,12.9,12.9,否
洗化,1,6,6,否
休闲,1,2.3,2.3,否
蔬果,0.626,3.63,5.8,否
日配,0.756,5.13,6.78,否
粮油,1,6.7,6.7,否
粮油,1,18.9,18.9,否
蔬果,0.866,5.16,5.96,否
蔬果,0.442,3.45,7.8,否
肉禽,1.028,42.97,41.8,否
酒饮,4,24,6,否
酒饮,6,17.4,2.9,否
粮油,4.998,23.8,5.58,是
休闲,0.508,7.92,15.6,否
蔬果,1.178,20.73,17.6,否
粮油,1,8.9,8.9,否
休闲,0.208,2.03,17.8,是
蔬果,1.224,8.03,6.56,否
蔬果,0.856,5.1,5.96,否
冲调,1,2.2,3,是
洗化,2,5.8,3.9,是
蔬果,0.458,2,5.6,否
肉禽,0.794,15.72,19.8,否
蔬果,0.5,7.95,15.9,否
蔬果,0.51,7.6,10,否
蔬果,0.42,0.83,1.98,否
文体,1,25,25,否
蔬果,1.048,2.1,2,否
熟食,0.62,3.72,6,否
洗化,1,2.5,2.9,是
日配,1.572,10.66,6.78,否
蔬果,4.172,24.87,5.96,否
洗化,1,8.9,12.9,是
熟食,0.704,4.22,6,否
冲调,1,14.9,22.7,是
蔬果,0.326,3.13,9.6,否
休闲,1,2.3,2.9,是
洗化,1,3.5,3.5,否
蔬果,0.78,2,2.56,否
粮油,1,9.9,11.9,是
蔬果,0.463,3.69,7.96,否
洗化,1,6.9,9.7,是
蔬果,0.828,1.64,1.98,否
蔬果,0.564,16.92,30,否
休闲,1,1.3,1.3,否
酒饮,4,14.8,3.7,否
蔬果,1.068,2.76,2.58,否
肉禽,1.004,41.97,41.8,否
蔬果,0.319,5.36,16.8,否
粮油,1,2.7,2.7,否
洗化,1,9.9,11.7,是
洗化,1,45.9,45.9,否
休闲,4,4,1,否
日配,1,10.3,10.3,否
粮油,1,8.9,8.9,否
粮油,1,10.7,10.7,否
日配,2.386,16.18,6.78,否
日配,1,10.8,14.9,是
蔬果,0.5,1.29,2.58,否
蔬果,0.167,2.61,15.6,否
蔬果,0.854,4.78,5.6,否
蔬果,0.328,2.61,7.96,否
蔬果,1.192,7.1,5.96,否
粮油,1,0.5,0.5,否
休闲,0.542,13.01,24,否
洗化,1,13.9,15.9,是
休闲,1,7.9,7.9,否
洗化,1,9.9,16.9,是
休闲,1,25,25,否
休闲,1,6,6,否
粮油,1,8.2,8.2,否
休闲,5,5,1,否
蔬果,0.6,13.8,23,否
蔬果,1,30,30,否
休闲,1,3.3,3.3,否
酒饮,1,8.9,8.9,否
日配,3.208,21.75,6.78,否
蔬果,0.344,1.38,4,否
蔬果,0.266,1.33,5,否
洗化,1,15.9,21.9,是
蔬果,2.537,15.12,5.96,否
蔬果,0.344,5.5,16,否
蔬果,0.487,0.77,3.8,否
熟食,0.51,2.55,5,否
粮油,1,3.9,3.9,否
休闲,1,9.9,9.9,否
日配,1,11.8,11.8,否
蔬果,0.074,1.33,18,否
蔬果,0.234,3.93,16.8,否
粮油,1,2.7,2.7,否
休闲,1,2.9,2.9,否
蔬果,0.764,1.38,1.8,否
蔬果,0.2,1,5,否
蔬果,0.52,3.02,5.8,否
洗化,1,9.9,12.7,是
日配,1,4.2,6.3,是
蔬果,0.812,1.46,1.8,否
洗化,1,9.9,9.9,否
酒饮,1,3,3,否
洗化,1,9.9,9.9,否
肉禽,0.578,20.69,35.8,否
粮油,1,13.3,13.3,否
粮油,1,2.8,2.8,否
蔬果,0.954,53.42,56,否
蔬果,0.418,7.02,16.8,否
休闲,0.252,3.43,19.8,是
休闲,1,4.7,4.7,否
休闲,1,21.9,21.9,否
蔬果,0.236,2.27,9.6,否
洗化,1,12.9,12.9,否
酒饮,2,440,238,是
酒饮,20,440,22,否
粮油,1,14.5,16.3,否
蔬果,0.668,2.65,3.96,否
蔬果,0.276,1.92,6.96,否
熟食,0.724,4.34,6,否
休闲,0.432,4.22,16.8,是
休闲,1,15.9,15.9,否
休闲,0.246,14.71,59.8,否
蔬果,1.484,26.12,17.6,否
蔬果,0.857,2.21,2.58,否
蔬果,0.9,2.32,2.58,否
洗化,1,11.9,11.9,否
酒饮,24,24,2,是
蔬果,0.734,8.2,2,否
休闲,1,3.8,3.8,否
休闲,1,2.3,2.9,是
蔬果,1.09,1.96,1.8,否
日配,1,5.9,5.9,否
休闲,1,2.9,2.9,否
肉禽,0.95,24.32,25.6,否
休闲,0.642,6.29,17.8,是
休闲,0.812,11.2,19.6,是
蔬果,0.658,7.88,11.98,否
休闲,0.636,8.76,19.6,是
休闲,1,6,6,否
休闲,1,4.5,4.5,否
水产,1.154,9.21,7.98,否
日配,1,9.9,15.3,是
粮油,1,9.9,9.9,否
休闲,1,4.5,4.5,否
粮油,1,34.9,34.9,否
洗化,1,9.9,9.9,否
蔬果,1.454,8.67,5.96,否
蔬果,0.769,4.58,5.96,否
休闲,1,7.5,7.5,否
粮油,1,17.3,17.3,否
休闲,0.382,7.5,34,是
休闲,0.294,5.29,18,否
蔬果,0.634,1.01,1.6,否
休闲,0.212,7.59,35.8,否
蔬果,1.28,2.05,1.6,否
蔬果,0.322,5.15,16,否
休闲,0.234,2.2,17.8,是
休闲,1,1,1,否
日配,1,10.2,13.9,是
洗化,1,5.8,6.9,是
休闲,1,6.5,8.3,是
熟食,0.392,2.35,6,否
肉禽,1.014,42.39,41.8,否
休闲,6,6,1,否
休闲,2,2.6,1.3,否
蔬果,0.554,5.32,9.6,否
蔬果,0.46,1.82,3.96,否
休闲,0.136,2.67,19.6,否
休闲,0.138,3.56,25.8,否
蔬果,0.76,4.99,6.56,否
日配,0.864,5.86,6.78,否
蔬果,0.593,2.36,9.6,否
粮油,1,3.7,3.7,否
蔬果,0.668,4.38,6.56,否
日配,1.546,10.48,6.78,否
蔬果,0.424,1.34,3.16,否
日配,0.782,5.3,6.78,否
蔬果,0.218,3.49,16,否
休闲,0.732,14.35,19.6,否
日配,1,8.9,12.9,是
蔬果,1.052,2.08,1.98,否
日配,1.566,10.62,6.78,否
洗化,1,8.9,12.9,是
蔬果,0.586,0.94,1.6,否
蔬果,0.422,5.06,11.98,否
蔬果,0.526,6.31,12,否
蔬果,3.074,18.32,5.96,否
日配,1,9.9,9.9,否
蔬果,0.97,17.07,17.6,否
蔬果,0.482,5.77,11.98,否
休闲,0.394,3.82,16.8,是
蔬果,0.156,1.5,9.6,否
粮油,1,3.9,3.9,否
粮油,1,0.5,0.5,否
休闲,0.482,6.65,19.6,是
蔬果,0.467,5.59,11.98,否
蔬果,0.535,1.05,1.96,否
蔬果,1.136,19.99,17.6,否
蔬果,0.966,2.49,2.58,否
肉禽,0.18,5.36,29.8,否
日配,1,13.9,13.9,否
休闲,1,3.6,3.6,否
日配,1,2.4,2.4,否
洗化,1,11.9,14.5,是
蔬果,0.435,2.85,6.56,否
洗化,1,10.9,10.9,否
洗化,1,6.7,6.7,否
洗化,1,39.9,39.9,否
休闲,1,3.3,4.2,是
蔬果,0.222,5.11,23,否
蔬果,0.708,1.41,3.96,否
蔬果,0.758,1.36,1.8,否
洗化,1,5.9,8.9,是
蔬果,2.749,76.42,27.8,否
洗化,1,31.9,35.9,是
休闲,1,6.9,6.9,否
酒饮,4,8,2,否
蔬果,0.55,8.8,16,否
蔬果,1.232,21.68,17.6,否
日配,1,15.7,15.7,否
休闲,0.366,21.8,59.8,否
蔬果,3.651,21.76,5.96,否
休闲,1,12.9,12.9,否
日配,1,69,76,是
蔬果,0.71,1.41,1.98,否
蔬果,0.372,2.16,5.8,否
蔬果,0.61,5.86,9.6,否
蔬果,0.172,2.75,16,否
蔬果,0.426,2.39,5.6,否
蔬果,0.778,4.33,5.56,否
日配,1,8.9,12.9,是
蔬果,0.808,9.68,11.98,否
粮油,1,8.9,8.9,否
蔬果,0.866,1.7,1.96,否
肉禽,0.306,9.12,29.8,否
蔬果,0.293,4.57,15.6,否
洗化,1,1.7,1.7,否
蔬果,0.772,12.35,16,否
粮油,1,8.5,8.5,否
洗化,1,1.7,1.7,否
水产,1.024,8.17,7.98,否
蔬果,0.732,51.24,70,否
蔬果,0.298,2.32,7.8,否
日配,1,2.4,2.4,否
蔬果,0.522,8.35,16,否
蔬果,0.334,0.86,2.58,否
蔬果,0.504,1.01,2,否
熟食,0.926,5.56,6,否
粮油,1,69.9,84.9,是
休闲,1,2.9,2.9,否
休闲,1,8.5,8.5,否
休闲,1,9.5,9.5,否
蔬果,2,7,10,否
蔬果,0.272,4.57,16.8,否
粮油,1,4.3,4.3,否
酒饮,24,24,2,是
蔬果,1.291,7.69,5.96,否
蔬果,0.322,5.02,15.6,否
粮油,1,9.9,23.3,是
休闲,1,10.9,10.9,否
蔬果,0.964,5.75,5.96,否
日配,1,4.9,5.7,是
日配,1,9.9,10.3,否
蔬果,0.53,3.48,6.56,否
休闲,0.524,7.23,19.6,是
休闲,1,7.3,7.3,否
休闲,2,2.6,1.3,否
蔬果,0.915,27.45,30,否
日配,1,10.9,10.9,否
休闲,1,3.6,3.6,否
冲调,1,29.9,51.3,是
蔬果,2.106,12.55,5.96,否
洗化,1,12.9,16.5,是
洗化,1,2.4,2.9,是
洗化,1,4.7,4.7,否
肉禽,0.358,9.24,25.8,否
粮油,1,7.9,7.9,否
蔬果,0.554,8.29,10,否
休闲,1,3.5,3.5,否
蔬果,0.728,4.34,5.96,否
酒饮,1,15.9,15.9,否
休闲,1,6.3,6.3,否
洗化,1,10,10,否
日配,1,5.5,5.5,否
粮油,1,8.9,8.9,否
洗化,1,5.3,5.3,否
洗化,1,2.9,3.9,是
蔬果,0.514,1.02,1.98,否
蔬果,0.596,7.15,12,否
蔬果,0.585,1.17,2,否
日配,1,10.9,15.9,是
蔬果,0.88,5.77,6.56,否
蔬果,0.78,2.31,2.96,否
日配,2.374,16.1,6.78,否
日配,1,13.3,13.3,否
蔬果,0.406,1.04,2.56,否
蔬果,1.154,7.57,6.56,否
蔬果,0.59,7.07,11.98,否
蔬果,1,2,2,否
蔬果,0.355,2.33,6.56,否
蔬果,0.57,11.4,20,否
蔬果,0.385,6.16,16,否
粮油,1,4.8,4.8,否
蔬果,0.955,3.6,5.96,否
冲调,1,28.3,28.3,否
日配,1.71,11.59,6.78,否
肉禽,0.884,22.63,25.6,否
休闲,0.49,4.8,17.8,是
蔬果,0.358,3.44,9.6,否
洗化,1,11.9,14.5,是
休闲,1,3.5,5.5,是
蔬果,1.428,2.83,1.98,否
洗化,1,8.9,8.9,否
日配,1,3.5,3.5,否
休闲,1,3.7,3.7,否
蔬果,1.463,8.72,5.96,否
休闲,2,2,1,否
蔬果,0.576,1.7,2.96,否
日配,1,15.9,15.9,否
蔬果,0.778,2.01,2.58,否
日配,1,6.4,6.4,否
蔬果,0.828,13.25,16,否
日配,12,49,5,是
肉禽,1.112,28.69,25.8,否
蔬果,1.291,7.69,5.96,否
休闲,1,4.5,4.5,否
肉禽,0.52,15.5,29.8,否
粮油,1,3.7,3.7,否
蔬果,0.488,1.94,3.98,否
蔬果,0.514,4.01,7.8,否
休闲,1,3.5,3.5,否
洗化,1,1.3,1.3,否
肉禽,1.082,27.92,25.8,否
洗化,1,11.5,15.9,是
肉禽,0.434,8.51,19.6,否
冲调,1,38,56,是
蔬果,0.222,1.11,5,否
蔬果,2,3,1.5,否
蔬果,0.469,1.48,3.16,否
粮油,1,0.5,0.5,否
休闲,1,4.5,4.5,否
粮油,0.382,2.28,10.8,是
蔬果,0.19,0.95,5,否
日配,1,3.9,6,是
蔬果,0.749,4.34,5.8,否
蔬果,1.332,15.96,11.98,否
休闲,1,1.3,1.3,否
酒饮,48,48,2,是
蔬果,0.226,1.13,5,否
休闲,0.638,6.23,17.8,是
蔬果,0.506,4.86,9.6,否
酒饮,24,24,2,是
休闲,1,12.5,12.5,否
肉禽,0.534,10.57,19.8,否
休闲,2,1,0.5,否
日配,12,49,5,是
粮油,1,7.6,7.6,否
蔬果,0.53,5.09,9.6,否
蔬果,1.191,3.07,2.58,否
蔬果,0.476,2.76,5.8,否
蔬果,0.194,18.8,96.9,否
蔬果,0.546,4.15,7.6,否
蔬果,0.526,9.26,17.6,否
蔬果,2,4,2,否
家居,1,10,10,否
休闲,1,4.3,4.3,否
休闲,2,2,1,否
蔬果,3.186,10.13,3.18,否
粮油,1,2.5,2.5,否
粮油,1,2.8,2.8,否
休闲,1,5.9,5.9,否
洗化,1,13.9,19.9,是
酒饮,1,2,2,否
日配,0.75,5.09,6.78,否
粮油,1.02,4.67,4.58,否
日配,1,6.8,8.3,是
酒饮,1,9.9,9.9,否
休闲,0.186,5.91,51.6,是
粮油,1,9.9,23.3,是
蔬果,1.056,12.65,11.98,否
蔬果,1.366,13.6,17.6,否
蔬果,0.262,2.52,9.6,否
蔬果,0.403,12.09,30,否
洗化,1,6.9,6.9,否
蔬果,0.45,2.52,5.6,否
休闲,1,4.3,4.3,否
粮油,1,2.7,2.7,否
酒饮,1,7.8,7.8,否
休闲,1,5.9,5.9,否
日配,4.662,31.61,6.78,否
蔬果,0.152,2.43,16,否
粮油,1,7.7,7.7,否
洗化,1,11.9,14.5,是
蔬果,0.553,3.21,5.8,否
洗化,1,6.9,9.7,是
蔬果,0.272,2.87,9.96,否
洗化,1,4.2,5.9,是
蔬果,0.774,13.62,17.6,否
蔬果,0.24,2.3,9.6,否
蔬果,1.08,6.44,5.96,否
肉禽,1.074,27.71,25.8,否
蔬果,0.514,4.93,9.6,否
蔬果,1.666,19.96,11.98,否
日配,0.766,5.19,6.78,否
休闲,1,3.3,4.2,是
蔬果,0.554,3.32,6,否
洗化,1,8.9,8.9,否
日配,1,11.9,14.9,是
洗化,1,2.9,2.9,否
洗化,1,10.9,15.7,是
蔬果,0.506,10.12,20,否
蔬果,0.82,2.12,2.58,否
休闲,1,4.3,4.3,否
粮油,1,7.7,7.7,否
洗化,1,39.9,51.9,是
休闲,0.32,4.4,19.6,是
洗化,1,24.9,24.9,否
针织,1,12,12,否
蔬果,0.508,15.24,30,否
蔬果,1,30,30,否
蔬果,0.342,5.47,16,否
休闲,1,7.5,7.5,否
休闲,1,4.5,5.5,是
酒饮,1,3.3,3.3,否
日配,1,16.9,16.9,否
休闲,1,1,1,否
蔬果,0.52,2.06,9.6,否
蔬果,0.228,2.19,9.6,否
洗化,2,13.8,9.7,是
蔬果,0.354,3.4,9.6,否
蔬果,1.332,39.96,30,否
冲调,1,16.3,16.3,否
粮油,1,17.9,22.9,是
肉禽,0.47,9.21,19.6,否
休闲,1,5.3,5.3,否
休闲,1,3.8,3.8,否
粮油,1,9.5,9.5,否
日配,1,4.5,4.5,否
休闲,1,9.3,10.9,是
蔬果,0.132,2.11,16,否
日配,1,11.9,14.9,是
蔬果,0.372,5.58,15,否
休闲,3,4.5,1.5,否
蔬果,0.378,7.56,20,否
粮油,1,12.9,12.9,否
蔬果,0.559,2.21,3.96,否
粮油,1,3.3,3.3,否
蔬果,1.248,9.96,7.98,否
休闲,1,10.9,10.9,否
休闲,1,6.9,6.9,否
休闲,1,10.7,10.7,否
蔬果,1.476,17.65,11.96,否
日配,12,49,5.5,是
日配,1,8.9,12.9,是
蔬果,0.256,2,7.8,否
洗化,1,19.9,19.9,否
休闲,1,3.5,3.5,否
蔬果,0.452,0.67,1.48,否
粮油,1,43.9,44.9,否
休闲,1,24.9,24.9,否
休闲,1,3.5,5.5,是
休闲,1,6.9,6.9,否
日配,1,15.9,21.9,是
休闲,0.328,4.52,19.6,是
日配,1,3.9,6,是
日配,1,13.9,13.9,否
蔬果,0.548,3.05,5.56,否
蔬果,0.536,6.43,12,否
蔬果,0.338,2.02,5.98,否
蔬果,0.454,3.54,7.8,否
蔬果,1.317,2.61,1.98,否
蔬果,0.45,2.95,6.56,否
蔬果,0.552,5.5,9.96,否
粮油,1,9.5,9.5,否
家居,1,13,13,否
蔬果,0.766,3.83,5,否
粮油,1,6.8,6.8,否
蔬果,1.128,6.72,5.96,否
冲调,1,26.9,33.9,是
休闲,1,3.9,3.9,否
休闲,1,7.9,7.9,否
休闲,0.182,4.6,35.8,是
肉禽,0.192,5.72,29.8,否
蔬果,0.612,1.2,1.96,否
休闲,0.358,3.5,16.8,是
日配,1,6.6,6.6,否
蔬果,1.213,7.23,5.96,否
蔬果,0.198,1.78,9,否
休闲,1,4.3,4.3,否
日配,1.458,9.89,6.78,否
蔬果,1.112,2.22,2,否
蔬果,0.244,2.34,9.6,否
粮油,2.99,14.21,5.58,是
蔬果,0.156,0.87,5.56,否
洗化,1,6.9,6.9,否
休闲,1,2.9,2.9,否
蔬果,1,6.3,4.98,否
休闲,1,5.3,5.3,否
休闲,1,7.3,7.3,否
酒饮,1,88,88,否
蔬果,0.526,4.19,7.96,否
日配,1,10.9,15.9,是
粮油,1,12.9,12.9,否
休闲,1,3.9,3.9,否
休闲,1,5.5,6.9,是
肉禽,0.706,25.27,35.8,否
肉禽,0.54,16.09,29.8,否
蔬果,0.638,3.02,5.96,否
水产,1,19.5,19.5,否
蔬果,0.3,6,20,否
蔬果,0.439,2.46,5.6,否
粮油,1,42.9,42.9,否
洗化,1,19.9,19.9,否
蔬果,1.308,3.37,2.58,否
休闲,1,5.9,6.9,是
蔬果,0.348,1.32,3.8,否
粮油,0.806,3.55,4.4,否
洗化,1,8.9,8.9,否
日配,1,6.8,8.3,是
蔬果,0.424,6.61,15.6,否
蔬果,0.55,2.75,5,否
洗化,1,42.9,58,是
蔬果,0.446,0.66,1.48,否
蔬果,0.617,1.58,2.56,否
蔬果,0.141,0.39,2.78,否
肉禽,0.65,18.07,27.8,否
文体,1,1.6,1.6,否
粮油,1,5.5,5.5,否
蔬果,0.266,1.59,5.98,否
粮油,3,1.5,0.5,否
酒饮,1,3.8,5.7,是
日配,1,3.9,3.9,否
蔬果,0.854,1.69,1.98,否
日配,0.798,5.41,6.78,否
日配,1,10.9,15.9,是
蔬果,0.744,17.11,23,否
休闲,1,7.5,7.5,否
休闲,1,3.3,4.2,是
冲调,1,2.2,3,是
休闲,1,12.9,17.9,是
洗化,1,28.9,35.9,是
蔬果,0.894,7.87,8.8,否
日配,1,40.9,40.9,否
蔬果,0.987,2.53,2.56,否
日配,1,8.9,8.9,否
肉禽,0.424,8.4,19.8,否
日配,2,17.2,11.5,是
粮油,1,2.3,2.3,否
休闲,1,13.5,13.5,否
洗化,1,13.9,17.9,是
酒饮,1,46,46,否
针织,1,8.5,8.5,否
日配,4,39.6,9.9,否
粮油,1,1.3,1.3,否
粮油,1,9.9,15.9,是
日配,0.83,5.63,6.78,否
休闲,0.434,5.98,19.6,是
蔬果,0.498,0.99,1.98,否
日配,1,7.9,10.3,是
休闲,1,5.5,6.9,是
休闲,1,3.5,3.5,否
休闲,1,7.5,7.5,否
蔬果,1.092,4.37,4,否
肉禽,0.332,9.89,29.8,否
熟食,0.408,22.85,56,否
酒饮,1,11.9,12.3,是
酒饮,1,4,4,否
粮油,4,5.2,1.3,否
熟食,0.761,4.57,6,否
文体,1,36,36,否
熟食,0.364,32.76,90,否
蔬果,0.304,1.99,6.56,否
粮油,1,2.7,2.7,否
日配,1.606,10.89,6.78,否
休闲,0.412,4,16.8,是
休闲,1,9.3,10.9,是
酒饮,1,23,23,否
休闲,1,7.5,7.5,否
日配,12,49,5,是
休闲,0.484,12.4,39.6,是
蔬果,0.77,1.54,2,否
蔬果,1.32,39.6,30,否
家居,1,5,5,否
蔬果,0.512,5.12,10,否
休闲,1,6.3,6.3,否
休闲,0.282,8.95,51.6,是
休闲,1,7.9,12.9,是
休闲,1,6.5,6.5,否
日配,1,7.9,7.9,否
粮油,1,9.9,11.9,是
休闲,1,6.5,8.3,是
休闲,1,6.9,9.5,是
肉禽,0.464,12.9,27.8,否
蔬果,0.832,3.29,3.96,否
休闲,1,5.7,5.7,否
休闲,0.218,5.6,35.8,是
蔬果,0.284,1.86,6.56,否
日配,1,5.5,6,是
蔬果,0.384,0.77,2,否
粮油,1,7.9,7.9,否
粮油,1,6.9,9.5,是
蔬果,2,3,1.5,否
休闲,0.432,4.2,16.8,是
蔬果,0.07,1,12,否
蔬果,0.204,4.08,20,否
洗化,1,15.9,21.9,是
蔬果,0.49,0.97,1.98,否
熟食,4,2,0.5,否
日配,1,8.9,8.9,否
日配,1,10.3,10.3,否
休闲,1,8.9,8.9,否
休闲,1,1.3,1.3,否
蔬果,0.482,1.23,2.56,否
日配,1,4.9,5.5,是
日配,1,9.9,15.3,是
休闲,1,3.5,3.5,否
针织,1,6,6,否
粮油,1,30.9,30.9,否
蔬果,0.568,1.11,1.96,否
酒饮,1,9.9,11.9,是
休闲,1,0.5,0.5,否
粮油,1,3.5,4.9,是
休闲,1,6.9,6.9,否
酒饮,4,10,4,是
休闲,0.356,11.3,51.6,是
日配,0.4,13.04,32.6,否
休闲,1,5.3,5.3,否
蔬果,0.114,0.57,5,否
蔬果,0.673,1.32,1.96,否
蔬果,0.354,1.05,2.96,否
休闲,1,3.5,3.5,否
蔬果,0.372,2.08,5.6,否
蔬果,0.784,1.55,1.98,否
冲调,1,9.9,9.9,否
洗化,1,14.9,14.9,否
蔬果,0.809,1.59,1.96,否
日配,1,8,8,否
休闲,1,7.9,12.9,是
休闲,1,4.5,4.5,否
蔬果,0.252,1,3.96,否
粮油,1,11.9,11.9,否
蔬果,0.366,4.32,11.8,否
粮油,1,22.5,22.5,否
洗化,1,7.9,7.9,否
休闲,1,6.9,9.5,是
日配,1,12.9,12.9,否
休闲,1,2.7,2.7,否
蔬果,0.462,2.59,5.6,否
蔬果,0.334,3.33,9.96,否
休闲,1,11.9,11.9,否
粮油,1,7.5,7.5,否
蔬果,0.445,0.88,1.98,否
洗化,1,2.9,3.9,是
蔬果,0.588,6.8,27.8,否
水产,1,15.75,15.75,否
家居,1,3,3,否
蔬果,0.47,1.2,2.56,否
休闲,1,20.9,20.9,否
蔬果,0.122,0.73,6,否
蔬果,0.186,1.79,9.6,否
日配,1,4.5,4.5,否
休闲,1,6.9,9.5,是
休闲,1,8.3,8.3,否
日配,1,8.9,8.9,否
洗化,1,14.9,14.9,否
休闲,1,7.5,7.5,否
休闲,0.408,9.79,24,否
休闲,1,8.5,11.3,是
日配,3,14.7,5.5,是
休闲,1,3.8,3.9,否
蔬果,0.688,1.78,2.58,否
粮油,1,1.1,1.1,否
休闲,1,3.3,4.5,是
洗化,1,5.7,5.7,否
休闲,1,3.9,3.9,否
肉禽,0.512,14.23,27.8,否
休闲,1,0.5,0.5,否
蔬果,0.368,5.89,16,否
蔬果,0.753,3.3,1.98,否
日配,4,9.2,2.3,否
休闲,1,5.9,5.9,否
蔬果,2,20,10,否
休闲,1,3.5,3.5,否
休闲,1,3.5,3.5,否
日配,1.046,7.09,6.78,否
蔬果,0.21,1.67,7.96,否
蔬果,0.39,3.74,9.6,否
冲调,1,2.2,3,是
蔬果,0.216,2.07,9.6,否
蔬果,0.776,5.09,6.56,否
日配,1.468,9.95,6.78,否
休闲,1,4.5,4.5,否
蔬果,1.538,48.91,31.8,否
肉禽,0.228,6.79,29.8,否
洗化,1,6.9,6.9,否
蔬果,0.26,1.71,6.56,否
蔬果,0.482,1.43,2.96,否
蔬果,0.884,5.8,6.56,否
蔬果,0.166,3.32,20,否
洗化,1,11.5,15.9,是
家居,1,8,8,否
日配,1,9.9,13.5,是
蔬果,1.091,4.32,3.96,否
洗化,1,9.9,9.9,否
蔬果,0.458,0.73,1.6,否
熟食,0.507,3.04,6,否
蔬果,1.016,6.06,5.96,否
蔬果,0.617,3.58,5.8,否
粮油,1,0.5,0.5,否
蔬果,0.284,2.56,9,否
家电,1,4.5,4.5,否
休闲,1,7.5,7.5,否
蔬果,0.37,2.15,5.8,否
蔬果,0.748,1.91,2.56,否
蔬果,0.628,1.62,2.58,否
蔬果,1.586,9.45,5.96,否
蔬果,0.33,2.97,9,否
休闲,1,4.9,4.9,否
日配,1,8.9,8.9,否
蔬果,0.23,1.78,7.76,否
蔬果,1.45,3.74,2.58,否
洗化,1,11.5,15.9,是
日配,-4,-9.2,2.3,否
蔬果,0.634,4.95,7.8,否
日配,0.864,5.86,6.78,否
蔬果,0.128,0.64,4.98,否
蔬果,0.701,1.79,2.56,否
蔬果,0.513,2.3,2.96,否
日配,1,5.5,6,是
蔬果,0.382,1.53,4,否
蔬果,0.404,1.6,16,否
粮油,1,1,1,否
休闲,1,4.5,4.5,否
熟食,0.674,13.48,20,否
休闲,0.114,6.82,59.8,否
蔬果,1.576,27.74,17.6,否
日配,12,52.8,4.4,否
休闲,1,2.3,2.3,否
蔬果,0.314,3.77,12,否
日配,1,13.3,13.3,否
洗化,1,16.9,16.9,否
蔬果,0.581,2.3,3.96,否
粮油,1,8.2,8.2,否
蔬果,0.748,4.49,6,否
蔬果,0.594,1.07,1.8,否
蔬果,0.354,28.32,80,否
熟食,2,2,1,否
酒饮,4,35.6,12.9,是
休闲,1,5.3,5.3,否
酒饮,1,9.9,11.9,是
休闲,1,5.9,5.9,否
蔬果,0.531,1.36,2.56,否
粮油,1,4.9,4.9,否
日配,1,8.9,8.9,否
日配,1,8.9,8.9,否
蔬果,1,4.98,4.98,否
蔬果,0.916,7.14,7.8,否
酒饮,1,6.7,6.7,否
蔬果,0.504,8.06,16,否
蔬果,0.668,1.32,1.98,否
熟食,0.001,0.02,20,否
休闲,1,9.3,10.9,是
家居,1,5,5,否
日配,3,3,1,否
日配,24,60,3,是
蔬果,1.658,19.83,11.96,否
休闲,1,5,5,否
休闲,1,2.9,2.9,否
蔬果,0.318,30.81,96.9,否
熟食,4,2,0.5,否
蔬果,0.318,2.86,9,否
休闲,0.374,6.28,16.8,否
休闲,1,0.5,0.5,否
蔬果,0.366,7.32,20,否
休闲,2,2.6,1.3,否
洗化,1,4.9,4.9,否
酒饮,1,8.9,12.9,是
粮油,1,7.9,7.9,否
休闲,1,2.9,2.9,否
休闲,1,2.9,2.9,否
洗化,1,11.9,14.5,是
日配,1,11.7,15.9,是
蔬果,0.232,18.56,80,否
洗化,1,11.9,14.5,是
蔬果,0.42,9.66,23,否
蔬果,0.474,3.7,7.8,否
休闲,1,4.3,4.7,是
针织,1,2.9,2.9,否
日配,0.534,17.41,32.6,否
粮油,0.288,1.72,10.8,是
蔬果,4.205,25.06,5.96,否
休闲,2,256,128,否
蔬果,4.602,27.43,5.96,否
休闲,1,2.7,2.7,否
休闲,1,5.3,5.3,否
熟食,12,6,0.5,否
休闲,0.372,9.5,35.8,是
休闲,1,6.9,9.5,是
熟食,0.188,3.76,20,否
蔬果,0.75,12,16,否
酒饮,4,8.8,2.2,否
蔬果,0.49,1.26,2.58,否
洗化,1,5,6.9,是
酒饮,1,3.9,3.9,否
蔬果,1,2,2,否
蔬果,0.33,3.17,9.6,否
休闲,1,4.7,4.7,否
熟食,1,1,1,否
蔬果,0.242,2.18,9,否
粮油,3.816,16.03,4.2,否
休闲,1,6.7,6.7,否
蔬果,0.624,3.62,5.8,否
蔬果,0.301,1.6,6.56,否
蔬果,0.286,1.88,6.56,否
蔬果,1.134,13.59,11.98,否
蔬果,1.864,22.29,11.96,否
粮油,12,44.4,3.7,否
家居,1,10.8,10.8,否
蔬果,0.84,3.36,4,否
休闲,1,11.9,11.9,否
粮油,1,5.3,5.3,否
休闲,1,3.5,5.5,是
洗化,5,28.5,5.7,否
蔬果,0.219,1.44,6.56,否
熟食,0.514,3.08,6,否
蔬果,0.402,6.43,16,否
蔬果,1.798,21.54,11.98,否
蔬果,0.312,1.81,5.8,否
日配,0.836,5.67,6.78,否
休闲,1,1.2,1.2,否
蔬果,0.116,1.11,9.6,否
蔬果,2,4,2,否
粮油,1,11.3,11.3,否
洗化,1,13.9,19.9,是
日配,1,5.5,5.5,否
粮油,1,5.5,5.7,否
酒饮,2,8,4,否
休闲,1,6.9,9.9,是
洗化,1,11.9,14.5,是
蔬果,0.68,10.88,16,否
蔬果,0.348,2.28,6.56,否
休闲,0.32,10.12,51.6,是
酒饮,1,58,58,否
日配,12,49,5.5,是
日配,12,49,5.5,是
蔬果,0.441,1.76,4,否
休闲,0.13,1.79,19.8,是
休闲,1,4.9,4.9,否
蔬果,0.214,1.28,5.98,否
蔬果,0.857,1.7,1.98,否
蔬果,0.256,2.55,9.96,否
休闲,1,3.3,3.3,否
蔬果,0.418,1.07,1.76,否
肉禽,0.22,6.56,29.8,否
冲调,1,18.3,18.3,否
日配,1,7.7,7.7,否
日配,1,10.8,14.9,是
蔬果,1.578,9.44,5.98,否
酒饮,1,9.9,12.3,是
洗化,1,15.9,15.9,否
日配,4,8,2,否
日配,1,2.7,2.7,否
蔬果,0.558,1.09,1.96,否
休闲,2,13.8,6.9,否
休闲,1,6.5,6.5,否
蔬果,0.316,0.81,2.56,否
蔬果,0.424,1.09,2.58,否
蔬果,0.408,0.8,1.96,否
蔬果,0.858,2.2,2.56,否
蔬果,0.46,1.36,2.96,否
蔬果,0.498,2.49,5,否
日配,1,12.3,12.3,否
肉禽,0.262,7.81,29.8,否
休闲,0.464,11.14,24,否
蔬果,0.908,25.24,27.8,否
蔬果,0.18,1.62,9,否
蔬果,0.158,0.56,3.56,否
冲调,1,52,52,否
休闲,1,9.3,10.4,是
蔬果,0.298,1.96,7.96,否
粮油,1,6.9,6.9,否
熟食,0.376,2.26,6,否
蔬果,0.05,0.25,4.98,否
蔬果,0.346,1.94,5.6,否
蔬果,0.434,1.12,2.58,否
蔬果,0.526,8.42,16,否
粮油,1,28.9,28.9,否
蔬果,0.726,2.9,4,否
蔬果,0.724,11.58,16,否
蔬果,0.508,3.33,6.56,否
日配,1,7.7,7.7,否
蔬果,1.086,17.27,15.9,否
蔬果,0.372,3.57,9.6,否
日配,3,10.5,3.9,是
蔬果,0.426,0.75,1.76,否
蔬果,0.52,2.77,3.18,否
酒饮,1,1.8,1.8,否
粮油,1,1.9,1.9,否
蔬果,0.746,2.95,3.96,否
日配,1,9.9,9.9,否
洗化,1,9.9,13.9,是
蔬果,0.868,5.17,5.96,否
休闲,0.188,5.95,51.6,是
日配,1,55,65,是
日配,1,11,11,否
休闲,1,7.5,7.5,否
洗化,1,6.5,6.5,否
休闲,1,1.9,1.9,否
休闲,1,3.3,3.3,否
休闲,1,2.9,2.9,否
蔬果,0.316,2.84,9,否
蔬果,0.484,3.18,6.56,否
休闲,1,8.9,8.9,否
休闲,1,7.5,7.5,否
休闲,4,4.8,1.2,否
粮油,1,4.7,4.7,否
蔬果,0.382,7.64,20,否
水产,0.216,6.48,30,否
蔬果,0.494,4.74,9.6,否
蔬果,0.471,10.83,23,否
酒饮,4,10,2.5,否
针织,1,58,58,否
粮油,0.114,7.98,70,否
酒饮,3,7.5,4,是
休闲,1,23,23,否
洗化,1,29.9,29.9,否
蔬果,0.576,3.34,5.8,否
休闲,1,4.9,4.9,否
休闲,1,3,3,否
熟食,-1,-1,1,否
休闲,0.586,15.11,39.6,是
蔬果,0.526,2.1,4,否
蔬果,1.008,56.45,56,否
蔬果,0.332,3.19,9.6,否
肉禽,0.534,15.91,29.8,否
蔬果,0.304,2.92,9.6,否
熟食,0.434,8.68,20,否
洗化,1,8.9,8.9,否
洗化,1,2.9,2.9,否
熟食,0.63,3.78,6,否
蔬果,0.366,4.38,11.98,否
休闲,1,5.3,5.3,否
肉禽,0.812,20.95,25.8,否
肉禽,0.338,10.07,29.8,否
休闲,1,1.3,1.3,否
休闲,0.134,6.41,47.8,否
蔬果,0.212,3.31,15.6,否
酒饮,1,15.9,15.9,否
休闲,1,2.9,2.9,否
日配,12,65.8,7.1,是
洗化,1,8,8,否
肉禽,0.442,11.4,25.8,否
日配,0.806,5.46,6.78,否
蔬果,1.013,1.99,1.96,否
休闲,1,2.9,2.9,否
蔬果,0.314,1.68,6.56,否
日配,3,7.5,3,是
粮油,1,24.9,24.9,否
休闲,1,5.3,5.3,否
蔬果,0.504,0.81,1.6,否
酒饮,1,9.9,12.3,是
蔬果,0.712,1.42,2,否
日配,12,42,3.5,否
熟食,2,2,1,否
洗化,1,7.9,7.9,否
蔬果,0.486,1.92,3.96,否
蔬果,0.676,1.74,2.58,否
家居,1,6,6,否
休闲,1,3.5,3.5,否
洗化,1,12.9,17.7,是
酒饮,2,11.8,5.9,否
酒饮,1,8.9,12.9,是
休闲,1,2.5,2.5,否
洗化,1,19.9,24.9,是
蔬果,1.668,6.67,4,否
日配,1,5.5,5.5,否
肉禽,0.432,18.06,41.8,否
蔬果,0.782,5.13,6.56,否
日配,1.498,10.16,6.78,否
水产,1,13.5,13.5,否
粮油,0.29,6.26,21.6,否
熟食,0.932,18.64,20,否
粮油,1,2.5,2.5,否
熟食,0.56,11.2,20,否
蔬果,2.458,14.65,5.96,否
休闲,1,6.9,9.5,是
蔬果,0.524,8.38,16,否
休闲,1,3.9,5.2,是
休闲,1,9.9,12.9,是
蔬果,0.364,3.28,9,否
日配,0.352,2.99,8.5,否
熟食,0.836,5.02,6,否
洗化,1,16.9,16.9,否
休闲,1,6.5,6.5,否
粮油,1,12.9,12.9,否
蔬果,0.651,3.25,5,否
日配,2,9.8,4.9,否
蔬果,0.456,3.56,7.8,否
蔬果,0.379,1.52,4,否
粮油,1,12.3,12.3,否
日配,4,8,2,否
粮油,1,2.7,2.7,否
酒饮,1,60,60,否
休闲,1,5,5,否
洗化,1,11.5,15.9,是
洗化,1,47,47,否
休闲,0.21,4.54,21.6,否
休闲,1,3.9,3.9,否
蔬果,0.491,1.96,4,否
蔬果,0.784,11.76,15,否
蔬果,0.306,0.78,2.56,否
蔬果,0.262,2.36,9,否
休闲,0.362,4.96,19.6,是
蔬果,0.814,4.85,5.96,否
蔬果,0.742,41.55,56,否
酒饮,1,18,18,否
粮油,1,1.1,1.1,否
休闲,1,4.5,4.5,否
日配,1,8.9,12.9,是
休闲,0.2,3.9,25,是
洗化,1,16.9,19.9,是
蔬果,0.268,4.26,15.9,否
休闲,1,3.9,3.9,否
休闲,1,5.3,5.3,否
休闲,1,1,1,否
酒饮,1,2.5,4,是
日配,1,12.7,13.3,否
蔬果,0.28,5.6,20,否
蔬果,0.084,23.52,280,否
休闲,1,5.9,5.9,否
熟食,2,2,1,否
蔬果,0.684,9.8,56,否
粮油,1,11.2,12,是
粮油,1,7.7,7.7,否
蔬果,0.152,3.28,21.6,否
休闲,1,8.5,8.5,否
蔬果,0.228,1.5,6.56,否
休闲,1,3.3,3.3,否
酒饮,1,15.9,15.9,否
蔬果,0.186,1.44,7.76,否
蔬果,0.943,3,1.96,否
酒饮,1,2,2,否
肉禽,0.314,9.36,29.8,否
蔬果,1.222,7.28,5.96,否
日配,1,6.3,6.3,否
蔬果,0.324,7.45,23,否
蔬果,0.428,6.42,15,否
酒饮,1,7.9,10.7,是
日配,1,17.9,22.5,是
洗化,1,11.9,11.9,否
熟食,0.296,16.58,56,否
日配,1,11.9,11.9,否
蔬果,1.1,25.3,23,否
蔬果,0.474,1.22,2.58,否
休闲,1,3.9,3.9,否
酒饮,1,11.3,11.3,否
蔬果,0.106,1.27,12,否
休闲,1,9.3,9.3,否
日配,1,9.3,9.3,否
粮油,1,3.7,3.7,否
洗化,1,2.9,2.9,否
蔬果,0.128,1.27,9.96,否
粮油,1,6.7,6.7,否
蔬果,0.384,3.06,7.96,否
休闲,1,2.9,2.9,否
洗化,1,5.7,5.7,否
日配,12,42,3.5,否
休闲,2,7,3.5,否
蔬果,0.166,1.29,7.76,否
蔬果,0.332,1.86,5.6,否
粮油,1,7.9,9.9,是
酒饮,-1,-10.9,10.9,否
酒饮,1,10.9,10.9,否
蔬果,0.695,4.56,6.56,否
蔬果,0.724,4.75,6.56,否
休闲,0.332,6.52,25,是
酒饮,1,12.7,12.7,否
蔬果,0.36,1.43,3.96,否
粮油,1,5.7,5.7,否
粮油,1,4.9,4.9,否
肉禽,0.278,7.73,27.8,否
蔬果,0.208,1.21,5.8,否
蔬果,0.52,1.03,1.98,否
休闲,2,2.4,1.2,否
洗化,1,4.3,4.3,否
休闲,0.192,15.28,79.6,否
蔬果,1.998,55.54,27.8,否
蔬果,0.538,3.75,23,否
日配,1,11.9,11.9,否
家居,1,10,10,否
酒饮,1,9.9,12.3,是
蔬果,0.118,0.71,5.98,否
日配,1,78,78,否
粮油,1,2.3,2.3,否
粮油,1,3.2,3.2,否
休闲,1,2.3,2.9,是
粮油,1,6,6.8,否
休闲,0.4,7.6,19,否
洗化,1,56.9,56.9,否
蔬果,0.257,1.49,5.8,否
洗化,1,3.9,8.7,是
蔬果,1.13,6.73,5.96,否
蔬果,0.878,10.52,11.98,否
粮油,1,0.5,0.5,否
日配,0.79,5.36,6.78,否
休闲,0.166,9.26,55.8,否
日配,16,33.6,2.8,是
日配,1,19.3,19.3,否
蔬果,1.776,3.55,2,否
蔬果,2.254,26.6,11.8,否
日配,1,8.9,12.9,是
蔬果,0.848,59.36,70,否
日配,0.358,6.37,17.8,否
酒饮,1,3,3,否
熟食,0.276,9.83,35.6,否
蔬果,0.396,3.8,9.6,否
洗化,1,9.9,9.9,否
蔬果,0.25,2.4,9.6,否
肉禽,0.946,24.41,25.8,否
蔬果,0.962,3.85,4,否
蔬果,0.328,1.31,4,否
蔬果,1.656,9.87,5.96,否
休闲,0.468,6.45,19.6,是
粮油,1,4.3,4.3,否
休闲,1,3.7,3.7,否
粮油,1,6.8,6.8,否
蔬果,0.775,3.1,4,否
粮油,1,9.9,11.9,是
蔬果,0.242,1.21,5,否
蔬果,0.452,2.26,5,否
休闲,0.24,4.75,25,是
蔬果,0.57,3.4,5.96,否
粮油,1,3,3,否
蔬果,0.516,2.89,5.6,否
洗化,1,6.9,6.9,否
蔬果,0.324,8.1,25,否
休闲,1,1.9,2.3,是
休闲,1,0.8,0.8,否
休闲,1,6.5,6.5,否
蔬果,4.08,12.97,3.18,否
酒饮,1,4.9,4.9,否
蔬果,0.452,2.62,5.8,否
蔬果,0.993,5.92,5.96,否
酒饮,1,2.9,2.9,否
肉禽,0.25,20,80,否
粮油,1,8.5,8.5,否
粮油,1,0.5,0.5,否
日配,12,65.8,7.1,是
粮油,1,0.5,0.5,否
蔬果,1,1.5,1.5,否
休闲,1,3.5,5.5,是
家居,1,4,4,否
日配,12,55,5.5,是
粮油,1,5.9,5.9,否
蔬果,2,20,10,否
蔬果,1.16,6.91,5.96,否
粮油,1,5.7,5.7,否
蔬果,1.298,4.9,1.96,否
蔬果,0.95,23.75,25,否
酒饮,1,2.5,3,是
蔬果,0.666,5.99,9,否
休闲,1,4.5,4.5,否
蔬果,1,2,2,否
酒饮,1,2.5,2.5,否
洗化,1,4.7,4.7,否
洗化,1,9.9,12.7,是
肉禽,0.606,15.63,25.8,否
休闲,1,9.3,9.3,否
蔬果,0.752,1.49,1.98,否
休闲,0.544,9.79,18,否
蔬果,1,2,2,否
休闲,1,6.9,9.5,是
蔬果,1.143,4.55,5.96,否
休闲,0.44,7.39,16.8,否
休闲,1,4.3,4.3,否
日配,0.85,15.13,17.8,否
休闲,1,6.9,8.9,是
休闲,0.358,4.65,19.8,是
蔬果,1.246,7.43,5.96,否
蔬果,0.382,7.64,20,否
熟食,0.778,15.56,20,否
蔬果,0.324,2.46,7.6,否
蔬果,0.414,2.07,5,否
休闲,1,5.5,5.5,否
蔬果,0.278,1.11,4,否
粮油,1,4.7,4.7,否
日配,1,8.9,8.9,否
洗化,1,22.9,22.9,否
蔬果,0.341,1.35,3.96,否
蔬果,0.96,4.8,5,否
日配,0.76,5.15,6.78,否
蔬果,0.736,12.95,17.6,否
洗化,1,12.9,12.9,否
蔬果,1.666,5.3,3.18,否
蔬果,0.368,3.53,9.6,否
粮油,3.282,13.78,4.2,否
蔬果,0.612,7.34,12,否
蔬果,0.41,2.69,6.56,否
休闲,0.16,5.07,51.6,是
蔬果,0.708,1.83,2.58,否
蔬果,0.59,1.51,2.56,否
蔬果,0.59,1.51,2.56,否
蔬果,1.344,23.65,17.6,否
日配,1,15.3,15.3,否
粮油,1,0.5,0.5,否
休闲,1,3.9,3.9,否
休闲,1,3.5,3.5,否
家电,1,4.5,4.5,否
日配,1,11.9,11.9,否
蔬果,1,5.8,5.8,否
日配,1,4.2,4.2,否
蔬果,0.382,6.11,16,否
蔬果,1.038,6.19,5.96,否
日配,12,42,3.5,否
休闲,0.104,12.17,117,否
休闲,1,10.9,10.9,否
休闲,1,3.5,3.5,否
蔬果,0.51,1.51,2.96,否
日配,0.792,5.37,6.78,否
休闲,1,4.9,6,是
日配,1,9.9,9.9,否
休闲,1,4.3,4.7,是
针织,1,6,6,否
日配,1,6.6,6.6,否
日配,0.998,19.16,19.2,否
休闲,1,4.5,4.5,否
休闲,1,4.5,4.5,否
肉禽,0.134,3.99,29.8,否
酒饮,1,8.3,8.3,否
蔬果,0.808,8.05,9.96,否
日配,1,9.9,15.3,是
粮油,1,0.5,0.5,否
蔬果,1.29,2.55,1.98,否
蔬果,2.01,11.98,5.96,否
蔬果,1.198,21.08,17.6,否
酒饮,1,3.7,3.7,否
日配,1.533,10.39,6.78,否
蔬果,0.294,1.57,5.6,否
蔬果,3.662,11.65,3.18,否
蔬果,0.301,1.69,5.6,否
日配,1.072,21.23,19.8,否
蔬果,0.32,5.38,16.8,否
酒饮,1,49,49,否
休闲,0.212,4.19,27.8,是
休闲,1,13.5,13.5,否
粮油,1,0.5,0.5,否
蔬果,1.396,8.32,5.96,否
粮油,1,10.9,14.7,是
蔬果,0.868,6.93,7.98,否
日配,0.754,5.11,6.78,否
休闲,1,0.8,1,是
蔬果,0.312,3.17,7.76,否
洗化,2,9.8,7.7,是
肉禽,0.478,14.24,29.8,否
蔬果,0.692,5.26,7.6,否
休闲,0.138,6.6,47.8,否
酒饮,2,5,4,是
洗化,1,11.5,15.9,是
日配,1,9.9,13.2,是
蔬果,0.792,19.8,25,否
蔬果,0.934,25.97,27.8,否
蔬果,0.388,1.55,4,否
蔬果,0.833,5,6,否
休闲,0.512,13.2,39.6,是
洗化,1,8.9,8.9,否
休闲,0.352,6.9,25,是
蔬果,0.226,1.26,5.56,否
蔬果,0.148,0.97,6.56,否
粮油,4,11.2,2.8,否
蔬果,0.352,2.75,7.8,否
休闲,0.088,5.28,60,否
洗化,1,7.9,7.9,否
蔬果,0.442,2.56,5.8,否
蔬果,0.83,2.64,3.18,否
蔬果,0.542,13.55,25,否
肉禽,0.304,5.96,19.6,否
肉禽,1.054,20.03,19,否
肉禽,0.102,3.04,29.8,否
日配,1,6.8,8.3,是
日配,1,16.8,16.8,否
蔬果,0.992,11.88,11.98,否
粮油,1,6.9,9.5,是
针织,1,30,30,否
日配,1,4.2,4.2,否
蔬果,0.394,2.58,6.56,否
蔬果,0.271,4.23,15.6,否
蔬果,0.566,1.12,1.98,否
蔬果,0.174,1.32,7.6,否
蔬果,0.262,4.4,16.8,否
蔬果,1.956,31.1,15.9,否
蔬果,1.048,6.25,5.96,否
休闲,0.642,12.71,19.8,否
粮油,1,0.5,0.5,否
休闲,1,2.9,2.9,否
休闲,1,3.5,3.5,否
蔬果,0.524,4.09,7.8,否
休闲,1,4.7,4.7,否
蔬果,1,2,2,否
蔬果,0.24,2.3,9.6,否
蔬果,0.784,4.55,5.8,否
蔬果,0.384,5.99,15.6,否
日配,0.88,5.97,6.78,否
熟食,0.286,8.01,28,否
蔬果,0.418,2.75,5.8,否
日配,1,15.3,15.3,否
冲调,1,39.9,39.9,否
肉禽,0.426,8.09,19,否
粮油,1,5.3,5.3,否
蔬果,0.398,0.59,1.48,否
休闲,1,4.9,4.9,否
粮油,1,2.8,2.8,否
粮油,1,1.7,1.7,否
肉禽,0.46,14.26,31,否
蔬果,1.032,2.02,1.96,否
休闲,1,5.3,5.3,否
蔬果,0.406,12.18,30,否
肉禽,0.736,14.57,19.8,否
肉禽,0.532,22.24,41.8,否
蔬果,0.34,1.36,4,否
水产,0.112,3.36,30,否
休闲,1,6.9,6.9,否
休闲,1,6.9,6.9,否
休闲,1,2.7,2.7,否
蔬果,0.332,1.99,5.98,否
肉禽,0.846,25.21,29.8,否
蔬果,0.566,1.12,1.98,否
洗化,1,5,5,否
休闲,1,4.9,4.9,否
酒饮,1,1.9,1.9,否
休闲,1,6.9,6.9,否
休闲,1,6.7,6.7,否
休闲,0.22,11.88,54,否
冲调,1,10.3,10.3,否
日配,24,60,3,是
蔬果,1.178,9.4,7.98,否
蔬果,-1,-2,2,否
日配,0.418,7.44,17.8,否
蔬果,0.96,6.7,23,否
休闲,1,7.3,7.3,否
休闲,1,6,6,否
日配,0.798,5.41,6.78,否
肉禽,0.224,6.23,27.8,否
蔬果,0.454,2.54,5.6,否
蔬果,0.86,5.13,5.96,否
酒饮,1,6.9,6.9,否
日配,1,5.5,6,是
酒饮,1,1,1,否
蔬果,0.825,2.13,2.58,否
蔬果,0.65,5.07,7.8,否
文体,1,3.3,3.3,否
酒饮,4,8,2,否
蔬果,0.502,1.29,2.56,否
蔬果,0.325,0.96,2.96,否
肉禽,0.938,18.57,19.8,否
洗化,1,3.9,3.9,否
粮油,1,4.7,4.7,否
酒饮,1,5.5,5.5,否
蔬果,0.304,1.99,6.56,否
蔬果,0.226,1.48,6.56,否
日配,16,33.6,2.8,是
蔬果,0.472,2.74,5.8,否
蔬果,0.194,1.75,9,否
蔬果,2,3,1.5,否
蔬果,0.414,4.12,9.96,否
休闲,1,5.5,5.5,否
蔬果,0.244,1.3,2.58,否
粮油,3.318,13.94,4.2,否
休闲,1,5.9,5.9,否
休闲,0.272,5.38,25,是
休闲,0.256,3.53,19.6,是
蔬果,0.93,1.82,1.96,否
休闲,0.19,6,51.6,是
粮油,3,1.5,0.5,否
休闲,0.416,5.74,19.6,是
蔬果,2.932,29.2,9.96,否
日配,1,8.9,12.9,是
日配,2,5.6,2.8,否
休闲,1,12.9,17.9,是
粮油,1,12.3,12.3,否
洗化,1,24.9,24.9,否
粮油,1,4.9,4.9,否
洗化,1,65.9,65.9,否
休闲,1,1.9,2.3,是
蔬果,0.482,14.46,30,否
日配,1,9,9,否
粮油,1,4.7,4.7,否
粮油,1,21.5,21.5,否
蔬果,0.743,1.46,1.96,否
肉禽,0.762,22.71,29.8,否
酒饮,1,3.8,3.8,否
休闲,1,6.5,6.5,否
酒饮,1,2.8,2.8,否
肉禽,0.19,5.66,29.8,否
粮油,1,10.9,10.9,否
日配,1,4.2,4.2,否
休闲,0.184,3.64,27.8,是
休闲,1,6.9,8.9,是
休闲,0.162,4.17,33.8,是
蔬果,0.691,4.12,5.96,否
蔬果,0.409,1.14,2.78,否
蔬果,0.418,1.66,3.96,否
休闲,1,2.4,2.4,否
休闲,1,4.5,4.5,否
粮油,1,4.9,4.9,否
粮油,1,15.5,15.5,否
休闲,1,6.5,6.5,否
粮油,4,2,0.5,否
蔬果,0.104,0.37,3.56,否
蔬果,0.905,20.82,23,否
蔬果,0.478,1.22,2.56,否
休闲,1,3.5,3.5,否
洗化,1,24.9,24.9,否
休闲,1,4.9,5.5,是
休闲,1,6.9,6.9,否
休闲,1,3,3.3,否
休闲,1,6.9,9.9,是
休闲,1,1.9,1.9,否
休闲,1,7.9,7.9,否
蔬果,0.92,11.02,11.98,否
蔬果,0.366,2.4,6.56,否
蔬果,0.282,2.54,9,否
休闲,0.258,8.2,51.6,是
蔬果,0.254,0.45,1.76,否
蔬果,0.328,6.56,20,否
粮油,1,0.5,0.5,否
蔬果,0.472,2.36,5,否
蔬果,0.674,10.72,15.9,否
蔬果,0.676,7.98,11.8,否
粮油,1,4.3,4.3,否
蔬果,0.692,1.36,1.96,否
肉禽,0.38,11.32,29.8,否
蔬果,0.509,1.3,2.56,否
蔬果,0.234,1.17,5,否
酒饮,24,64.8,2.7,否
蔬果,0.512,1.01,1.98,否
休闲,1,3.5,3.5,否
家居,1,49,49,否
洗化,1,3.9,4.7,是
蔬果,0.572,3.32,5.8,否
休闲,1,2.9,2.9,否
洗化,1,5.9,7.9,是
洗化,1,9.9,9.9,否
休闲,0.17,3.33,27.8,是
粮油,1,8.9,8.9,否
蔬果,0.622,12.44,20,否
水产,0.991,29.73,30,否
蔬果,1.014,4.02,3.96,否
日配,1,8.9,8.9,否
休闲,1,5.9,5.9,否
休闲,1,5.9,5.9,否
针织,1,25,25,否
日配,1,2,2,否
日配,0.098,1.86,19,否
蔬果,0.983,5.86,5.96,否
酒饮,1,3.5,3.5,否
洗化,1,10.9,10.9,否
蔬果,0.96,1.92,2.78,否
粮油,1,3.8,3.8,否
休闲,1,2,2,否
肉禽,0.796,22.13,27.8,否
蔬果,0.657,4.31,6.56,否
休闲,0.13,9.23,71,否
休闲,1,4.7,4.7,否
蔬果,0.328,1.31,4,否
洗化,1,7.9,7.9,否
粮油,1,2.5,2.5,否
蔬果,0.604,2.76,2.96,否
肉禽,0.49,9.7,19.8,否
蔬果,0.64,14.72,23,否
休闲,1,3.5,3.5,否
休闲,1,8.9,8.9,否
休闲,1,6.9,6.9,否
日配,1.546,10.48,6.78,否
蔬果,0.356,0.91,2.56,否
蔬果,0.478,1.23,2.58,否
家居,1,4,4,否
蔬果,0.336,1.28,3.8,否
日配,0.294,9.58,32.6,否
日配,0.744,5.04,6.78,否
洗化,25,42.5,1.7,否
蔬果,0.352,0.9,2.56,否
蔬果,0.394,1.56,3.96,否
休闲,1,1.9,3.5,是
休闲,0.314,6.2,25,是
日配,1,6.6,8.3,是
蔬果,0.118,1.42,12,否
蔬果,0.448,13.98,31.2,否
粮油,1,5.7,5.7,否
休闲,0.452,7.59,16.8,否
洗化,1,56,56,否
蔬果,0.376,1.88,5,否
蔬果,0.384,1.92,5,否
日配,1,3.3,3.3,否
蔬果,0.58,6.95,11.98,否
蔬果,0.284,4.77,16.8,否
粮油,1,7.9,8.2,是
洗化,1,13.9,19.9,是
蔬果,0.572,32.03,56,否
粮油,3,6.6,2.3,否
蔬果,1.04,3.52,3.38,否
蔬果,0.621,14.28,23,否
蔬果,0.354,8.14,23,否
蔬果,0.582,3.38,5.8,否
酒饮,4,23.6,5.9,否
蔬果,0.399,1.3,5.8,否
蔬果,0.858,2.73,3.18,否
日配,3,3,1,否
蔬果,2.078,3.32,1.6,否
蔬果,1.178,7.02,5.96,否
日配,2.454,16.64,6.78,否
日配,1,7.9,10.3,是
蔬果,0.546,3.17,5.8,否
蔬果,0.452,7.96,17.6,否
蔬果,0.962,1.89,1.96,否
粮油,1,3.5,3.5,否
粮油,1,2.3,2.3,否
洗化,1,1.7,1.7,否
蔬果,1.158,5.79,5,否
蔬果,0.659,3.82,5.8,否
蔬果,0.37,5.92,16,否
粮油,1,4.7,4.7,否
洗化,6,30.6,6.5,是
蔬果,0.098,1.18,12,否
粮油,1,6.9,6.9,否
蔬果,1.041,4.12,3.96,否
蔬果,0.594,10.45,17.6,否
蔬果,1.277,8.38,6.56,否
日配,24,60,3,是
日配,1,15.9,21.9,是
日配,1.616,10.96,6.78,否
蔬果,0.46,2.67,5.8,否
休闲,1,4.3,4.3,否
粮油,1,5.3,5.3,否
洗化,1,59,59,否
休闲,1,7.9,7.9,否
蔬果,0.6,1.2,2,否
蔬果,0.194,1.16,5.98,否
粮油,3,1.5,0.5,否
粮油,1,1.7,1.7,否
粮油,1,4.8,4.8,否
粮油,1,1.7,1.7,否
蔬果,2,4,2,否
休闲,1,9.9,9.9,否
蔬果,0.333,1.33,4,否
蔬果,0.23,3.68,16,否
蔬果,0.366,6.59,18,否
蔬果,1,1.5,1.5,否
蔬果,1.153,6.87,5.96,否
粮油,1,2.3,2.3,否
日配,4,10.8,2.7,否
粮油,1,79.9,79.9,否
日配,0.396,7.05,17.8,否
日配,4,12,3,否
休闲,1,2.9,2.9,否
粮油,2,1,0.5,否
洗化,1,15.9,15.9,否
蔬果,1.38,2.7,1.96,否
日配,1,3.9,3.9,否
日配,1,7.9,7.9,否
蔬果,1.724,14.1,11.96,否
粮油,1,8.5,8.5,否
水产,0.646,19.38,30,否
日配,1,3.5,3.5,否
冲调,1,2.2,3,是
蔬果,0.334,1.86,5.56,否
粮油,3,1.5,0.5,否
蔬果,1.174,3.48,2.96,否
休闲,1,3.3,3.7,是
蔬果,0.936,3.56,3.8,否
蔬果,0.684,2.17,2.56,否
蔬果,0.132,2.22,16.8,否
水产,1.156,23.35,20.2,否
蔬果,1.258,15.07,11.98,否
蔬果,0.799,4.63,5.8,否
休闲,1,5.3,5.3,否
蔬果,0.972,3.85,3.96,否
蔬果,0.48,3.15,6.56,否
休闲,0.398,5.1,19.8,是
日配,1,14.3,14.3,否
粮油,1,17.9,17.9,否
蔬果,0.544,1.07,1.96,否
休闲,0.146,10.37,71,否
熟食,2,2,1,否
休闲,1,10.9,14.9,是
蔬果,0.706,1.4,1.98,否
熟食,2,2,1,否
蔬果,0.236,0.47,1.98,否
冲调,1,6.7,6.7,否
熟食,4,2,0.5,否
休闲,1,4.5,5.5,是
粮油,1,19.3,19.3,否
休闲,1,2.3,2.9,是
熟食,0.001,0.02,20,否
肉禽,0.386,10.81,28,否
蔬果,0.463,1.85,4,否
蔬果,0.96,1.88,1.96,否
蔬果,0.07,0.84,12,否
休闲,1,5.9,5.9,否
蔬果,0.284,1.86,6.56,否
日配,1,3.9,4.9,是
粮油,1,14.7,14.7,否
洗化,1,9.9,9.9,否
粮油,1,7.3,7.3,否
粮油,1,3.3,3.3,否
休闲,1,6.9,6.9,否
日配,1,12.9,12.9,否
蔬果,0.345,1.72,5,否
日配,16,38.4,2.7,是
冲调,1,10.3,10.3,否
休闲,1,10.9,10.9,否
肉禽,0.78,19.97,25.6,否
休闲,1,4.3,4.3,否
蔬果,0.828,2.12,2.56,否
日配,1,16.9,16.9,否
休闲,1,5.5,5.5,否
冲调,1,2.2,3,是
蔬果,1.562,6.25,4,否
蔬果,0.942,16.58,17.6,否
蔬果,0.778,1.52,1.96,否
洗化,1,11.5,15.9,是
肉禽,0.522,14.51,27.8,否
洗化,1,5.9,5.9,否
蔬果,0.556,8.67,15.6,否
蔬果,0.246,2.36,9.6,否
蔬果,1.03,32.75,31.8,否
冲调,1,22.3,22.3,否
粮油,1,7.9,7.9,否
粮油,1,5.7,5.7,否
熟食,0.658,13.16,20,否
蔬果,0.789,2.04,2.58,否
蔬果,0.232,2.23,9.6,否
粮油,1,33.9,33.9,否
洗化,1,5.1,6.5,是
粮油,1,9.5,9.5,否
休闲,0.376,6.32,16.8,否
休闲,1,4.3,4.3,否
洗化,1,8.9,13.9,是
休闲,1,3.9,3.9,否
蔬果,0.434,5.21,12,否
日配,4,4,1.3,否
粮油,1,11.2,12,是
家居,1,6,6,否
粮油,1,1,1,否
日配,1.068,20.51,19.2,否
休闲,0.27,5.3,25,是
蔬果,0.376,2.47,6.56,否
冲调,1,23.3,23.3,否
蔬果,1.104,2.16,1.96,否
蔬果,0.844,8.42,11.98,否
日配,1,69,76,是
粮油,1,6.8,6.8,否
熟食,0.976,19.52,20,否
粮油,1,4.5,4.7,否
休闲,1,4.3,4.3,否
蔬果,0.176,1.58,9,否
休闲,0.194,2.67,19.6,是
蔬果,0.45,9,20,否
休闲,1,4.9,4.9,否
休闲,1,3.9,3.9,否
蔬果,0.8,25.44,31.8,否
休闲,1,7.5,7.5,否
蔬果,0.202,1.61,7.96,否
休闲,0.438,7.36,16.8,否
蔬果,0.373,5.6,15,否
蔬果,0.808,3.2,3.96,否
休闲,1,8.3,8.3,否
蔬果,0.672,8.05,11.98,否
蔬果,0.734,11.67,15.9,否
蔬果,1.116,13.37,11.98,否
蔬果,0.244,2.38,3.96,否
蔬果,0.398,0.59,1.48,否
日配,5,45,9.8,是
休闲,0.212,4.2,19.8,否
日配,1,2.8,2.8,否
蔬果,0.586,1.85,3.16,否
家居,1,6,6,否
肉禽,0.496,12.8,25.8,否
蔬果,0.657,1.68,2.56,否
蔬果,0.684,4.49,6.56,否
肉禽,0.302,12.62,41.8,否
休闲,1,4.2,4.2,否
酒饮,6,9.9,2,是
蔬果,0.5,1.28,2.56,否
蔬果,0.594,1.53,2.58,否
蔬果,0.342,2.24,6.56,否
蔬果,1.186,6.88,5.8,否
休闲,0.174,2.71,15.6,否
休闲,1,4.5,5.5,是
蔬果,0.314,6.28,20,否
酒饮,2,20.6,10.3,否
粮油,1,1.7,1.7,否
水产,0.466,13.98,30,否
蔬果,2,4,2,否
蔬果,0.296,1.65,5.56,否
酒饮,1,6.3,6.3,否
熟食,0.16,3.2,20,否
日配,1,14.3,14.3,否
粮油,1,8.5,8.5,否
蔬果,0.55,2.18,3.96,否
粮油,1,8.9,8.9,否
日配,1,11,11,否
家居,1,7,7,否
冲调,1,11.7,11.7,否
休闲,0.252,15.07,59.8,否
蔬果,0.345,0.89,2.58,否
蔬果,0.262,2.52,9.6,否
针织,1,20,20,否
蔬果,0.098,1.18,12,否
休闲,0.374,8.9,23.8,否
粮油,1,2.7,2.7,否
粮油,1,7.3,7.3,否
冲调,1,40.9,40.9,否
酒饮,6,17.4,2.9,否
蔬果,0.562,2.14,3.8,否
日配,1,11.9,14.9,是
蔬果,0.32,1.2,4,否
日配,1,31.7,31.7,否
蔬果,0.702,1.81,2.58,否
粮油,1,6.7,6.7,否
粮油,1,5.9,5.9,否
蔬果,0.544,1.4,2.58,否
蔬果,0.359,2.36,6.56,否
休闲,2,4.6,2.3,否
休闲,1,12.9,12.9,否
家居,1,13,13,否
日配,0.89,6.03,6.78,否
蔬果,0.548,15.23,27.8,否
日配,1.672,11.34,6.78,否
蔬果,0.788,1.54,1.96,否
休闲,1,7.3,7.3,否
洗化,1,6.9,6.9,否
蔬果,0.502,2.91,5.8,否
粮油,1,1.5,1.5,否
粮油,2,1,0.5,否
休闲,0.192,3.8,27.8,是
休闲,1,6.7,6.7,否
蔬果,1.068,2.76,2.58,否
休闲,1,2.7,2.7,否
水产,0.364,10.92,30,否
休闲,0.114,4.99,51.6,是
蔬果,0.366,3.51,9.6,否
休闲,0.378,7.48,19.8,否
日配,1,9.9,15.5,是
蔬果,0.322,3.09,9.6,否
蔬果,1,5.8,5.8,否
日配,0.758,5.14,6.78,否
粮油,1,8.5,8.5,否
蔬果,0.808,1.58,1.96,否
蔬果,2,20,10,否
蔬果,0.339,1.9,5.6,否
洗化,1,11.9,15.5,是
蔬果,0.674,4.03,3.96,否
休闲,1,4.7,4.7,否
蔬果,0.472,12.18,25.8,否
蔬果,0.232,1.52,6.56,否
蔬果,0.348,5.57,16,否
蔬果,0.116,0.58,4.98,否
蔬果,0.4,1.6,4,否
日配,1,9.7,9.7,否
洗化,1,4.9,4.9,否
蔬果,0.293,1.64,5.6,否
蔬果,0.298,5.36,18,否
休闲,0.248,10.8,51.6,是
休闲,1,11.9,11.9,否
熟食,2,2,1,否
蔬果,0.98,17.25,17.6,否
蔬果,0.292,1.69,5.8,否
蔬果,0.62,6.18,17.6,否
蔬果,0.826,46.26,56,否
蔬果,0.07,0.84,12,否
蔬果,0.316,2.46,7.8,否
粮油,1,6.9,6.9,否
蔬果,0.261,0.52,1.98,否
日配,0.808,6.87,8.5,否
肉禽,0.23,6.85,29.8,否
日配,1,13.3,13.3,否
休闲,1,4.9,4.9,否
蔬果,0.48,1.23,2.56,否
粮油,1,25.9,25.9,否
酒饮,6,15,2.5,否
休闲,1,10.9,14.9,是
熟食,4,2,0.5,否
蔬果,0.894,5.33,5.96,否
日配,0.768,5.21,6.78,否
蔬果,0.377,0.75,1.98,否
蔬果,0.564,9.48,16.8,否
蔬果,0.432,2.51,5.8,否
日配,0.816,5.53,6.78,否
休闲,0.444,6.93,15.6,否
休闲,1,7.9,7.9,否
休闲,1,4.3,4.3,否
粮油,1,17.3,17.3,否
日配,1,11.9,14.9,是
肉禽,0.3,8.94,29.8,否
酒饮,1,4,4,否
日配,1,4.9,5.5,是
蔬果,0.404,2.02,5,否
蔬果,0.138,1.24,9,否
休闲,0.188,8.5,45.6,否
蔬果,1.558,2.8,1.8,否
蔬果,0.358,0.92,2.56,否
蔬果,0.158,1.52,9.6,否
休闲,1,16.9,16.9,否
蔬果,0.112,0.67,5.98,否
蔬果,0.074,0.44,5.98,否
蔬果,1.778,10.6,5.96,否
日配,1,31.7,31.7,否
休闲,1,5.9,7.9,是
休闲,1,4.9,4.9,否
日配,2.836,19.23,6.78,否
日配,1,10.8,14.9,是
日配,2.286,15.5,6.78,否
日配,1,15.7,15.7,否
蔬果,0.642,2.81,1.6,否
日配,2,4.6,2.3,否
洗化,1,32.9,32.9,否
蔬果,0.366,2.4,6.56,否
粮油,3,1.5,0.5,否
蔬果,0.432,4.15,9.6,否
日配,1,3.5,3.5,否
休闲,1,4.3,4.3,否
休闲,6,23.4,3.9,否
粮油,1,8.5,8.5,否
休闲,0.256,10.14,39.6,否
蔬果,3.062,30.5,9.96,否
休闲,1,4.5,4.5,否
酒饮,1,9.9,12.3,是
肉禽,0.346,12.39,35.8,否
日配,1.551,10.52,6.78,否
粮油,1,4.9,6.3,是
休闲,-2,-59.8,29.9,否
休闲,1,3,3,否
蔬果,1.006,3.98,3.96,否
日配,1,5.3,5.3,否
酒饮,1,3,3,否
洗化,1,16.9,19.9,是
日配,1,2.3,2.3,否
蔬果,0.36,4.32,12,否
休闲,3,12.9,4.3,否
蔬果,0.75,23.85,31.8,否
文体,1,3,3,否
休闲,1,4.7,4.7,否
洗化,1,16.9,16.9,否
酒饮,1,2.5,4,是
蔬果,0.184,1.02,5.56,否
粮油,1,3.9,3.9,否
休闲,1,2.3,2.3,否
蔬果,0.21,2.02,9.6,否
蔬果,0.184,1.77,9.6,否
蔬果,1,2,2,否
休闲,1,2.9,2.9,否
家电,1,4.5,4.5,否
日配,1,11.9,11.9,否
休闲,1,2.8,2.8,否
洗化,1,5.9,7.9,是
蔬果,2.086,66.33,31.8,否
日配,1,4.9,4.9,否
日配,1,11.9,14.9,是
熟食,0.658,3.95,6,否
休闲,1,4.5,4.5,否
蔬果,0.26,2.02,7.76,否
蔬果,0.298,1.79,6,否
蔬果,0.448,0.9,30,否
日配,1,11.9,11.9,否
熟食,0.614,12.28,20,否
休闲,1,1.9,3.5,是
休闲,1,11.9,14.3,是
粮油,1,11.9,11.9,否
酒饮,10,120,12,否
粮油,1,9.9,23.3,是
肉禽,0.312,6.12,19.6,否
日配,20,40,2,否
休闲,0.118,3.04,35.8,是
休闲,1,9.3,10.9,是
蔬果,0.826,57.82,70,否
洗化,1,6.7,6.7,否
洗化,1,16.9,16.9,否
休闲,0.19,6.42,51.6,是
蔬果,1.022,6.09,5.96,否
粮油,1,6.8,6.8,否
蔬果,0.378,3.63,9.6,否
蔬果,0.492,2.46,5,否
针织,1,8,8,否
日配,1.208,8.19,6.78,否
日配,1,78,78,否
洗化,1,4.9,4.9,否
蔬果,1.946,26.47,13.6,否
蔬果,0.162,0.97,5.98,否
蔬果,0.518,9.12,17.6,否
蔬果,0.72,8.63,11.98,否
休闲,1,4.9,4.9,否
休闲,0.082,3.25,39.6,否
休闲,1,4.9,5.3,是
蔬果,0.568,2.84,5,否
熟食,0.55,11,20,否
蔬果,2.378,15.6,6.56,否
蔬果,1.71,20.49,11.98,否
日配,1,8.9,8.9,否
日配,1,3.5,3.5,否
日配,1,1.8,1.8,否
蔬果,0.246,2.21,9,否
蔬果,0.848,1.68,1.98,否
休闲,1,18.9,18.9,否
洗化,1,16.5,19.9,是
休闲,1,2.3,2.3,否
蔬果,0.537,2.04,3.8,否
休闲,1,1,1,否
日配,1,11,11,否
蔬果,0.414,0.82,1.98,否
洗化,1,8.9,8.9,否
日配,1,4.9,5.5,是
休闲,1,4.5,4.5,否
蔬果,0.454,1.8,3.96,否
蔬果,0.66,1.69,2.56,否
洗化,1,5.9,8,是
日配,1,4.2,4.2,否
蔬果,1.133,4.5,5.96,否
蔬果,1.434,8.55,5.96,否
洗化,1,9.9,9.9,否
粮油,1,8.5,8.5,否
蔬果,0.424,1.34,3.16,否
休闲,0.214,5.52,35.8,是
休闲,0.236,5.66,24,否
日配,4,10.8,2.7,否
粮油,1,7.9,7.9,否
蔬果,0.802,10.91,13.6,否
休闲,1,3.5,3.5,否
酒饮,1,3.8,3.8,否
酒饮,1,9.9,12.3,是
酒饮,1,2.7,2.7,否
粮油,1,1,1,否
粮油,1,1,1,否
蔬果,3,4.5,1.5,否
休闲,0.222,15.76,71,否
熟食,0.632,3.79,6,否
蔬果,0.142,0.21,1.48,否
休闲,1,3.5,3.5,否
休闲,4,4,1,否
休闲,2,2.6,1.3,否
休闲,1,5.9,5.9,否
休闲,1,2.9,3.9,是
休闲,1,3.5,3.5,否
蔬果,0.28,1.95,6.96,否
粮油,1,10.9,14.7,是
休闲,1,4.3,4.3,否
蔬果,0.518,2.59,5,否
洗化,1,7.9,7.9,否
蔬果,0.313,2.38,7.6,否
蔬果,1.046,2.7,2.58,否
蔬果,0.344,5.5,16,否
蔬果,0.74,8.87,11.98,否
洗化,1,2.9,2.9,否
日配,1,11,11,否
蔬果,0.51,1.31,2.56,否
日配,1.178,23.32,19.8,否
蔬果,0.26,1.71,6.56,否
洗化,1,6.9,9.7,是
酒饮,1,8.7,8.7,否
蔬果,0.2,1.59,7.96,否
休闲,1,2.9,4.9,是
蔬果,0.234,2.25,9.6,否
日配,1,2.5,3,是
日配,1,11.9,11.9,否
日配,1,8.9,12.9,是
粮油,1,5.7,5.7,否
蔬果,0.454,0.9,1.98,否
休闲,1,5.9,5.9,否
蔬果,0.414,8.28,20,否
酒饮,1,25.3,25.3,否
蔬果,4,40,10,否
休闲,1,8.9,8.9,否
蔬果,1.986,3.93,1.98,否
日配,1,8.9,12.9,是
粮油,1,3.8,3.8,否
蔬果,0.209,3.76,18,否
日配,0.188,6.13,32.6,否
休闲,1,3.7,3.7,否
日配,2,29.8,14.9,否
休闲,1,9.3,10.9,是
文体,1,1.5,1.5,否
休闲,0.048,3.35,69.8,否
蔬果,0.542,4.31,7.96,否
家居,1,2.9,2.9,否
日配,1,13.3,13.3,否
休闲,1,4.3,4.3,否
休闲,2,59.8,29.9,否
蔬果,0.776,9.4,9.96,否
洗化,1,5.9,7.9,是
休闲,1,10.9,10.9,否
酒饮,1,4,4,否
蔬果,0.834,14.85,17.8,否
蔬果,1.314,8.62,6.56,否
休闲,0.3,4.13,19.6,是
休闲,1,39.8,39.8,否
粮油,1,1.7,1.7,否
蔬果,1.012,12.12,11.98,否
休闲,1,2.3,2.3,否
休闲,1,5.9,5.9,否
休闲,1,6.5,6.5,否
粮油,1,9.9,23.3,是
蔬果,0.181,1.01,5.56,否
蔬果,0.468,4.67,17.6,否
日配,1,6.6,6.6,否
蔬果,0.347,2.01,5.8,否
休闲,1,9.9,9.9,否
蔬果,0.34,3.4,10,否
休闲,2,17,8.5,否
休闲,1,4,4,否
休闲,1,3.5,3.5,否
休闲,0.308,12.26,39.8,否
日配,1,6.6,8.3,是
日配,6,40.2,6.7,否
蔬果,0.36,8.28,23,否
休闲,1,3.3,4,是
休闲,1,3.2,3.2,否
日配,1,10.7,10.7,否
休闲,1,9.9,9.9,否
休闲,0.254,8.51,51.6,是
蔬果,0.36,9.29,25.8,否
休闲,1,5.9,5.9,否
休闲,1,1,1,否
蔬果,1.266,7.55,5.96,否
休闲,0.17,2.21,19.8,是
蔬果,0.354,4.24,11.98,否
粮油,1,20.3,20.3,否
针织,1,7.5,7.5,否
休闲,1,12,12,否
休闲,1,6.3,6.3,否
粮油,1,3.5,3.9,否
蔬果,0.928,1.86,2,否
蔬果,3.066,61.32,20,否
日配,1,8.9,12.9,是
休闲,0.438,11.3,39.6,是
蔬果,0.416,0.82,1.98,否
洗化,1,9.9,8.9,是
粮油,1,16.3,16.3,否
日配,1,3.5,3.5,否
粮油,0.142,3.07,21.6,否
蔬果,0.594,13.66,23,否
粮油,1.852,25.56,13.8,否
日配,1,12,12,否
休闲,1,10.9,10.9,否
日配,1.626,11.02,6.78,否
休闲,1,5.5,5.5,否
日配,1,8.9,8.9,否
文体,1,4.3,4.3,否
休闲,1,5.2,5.2,否
休闲,7,7.7,1.1,否
蔬果,1.184,7.06,5.96,否
蔬果,0.349,4.19,12,否
肉禽,0.374,7.33,19.6,否
蔬果,0.432,5.18,11.98,否
蔬果,0.676,15.55,23,否
蔬果,0.38,6.08,16,否
休闲,1,5.9,5.9,否
蔬果,0.314,3.01,9.6,否
蔬果,1.897,11.31,5.96,否
蔬果,0.336,5.38,16,否
日配,1,5.3,5.3,否
蔬果,0.379,2.58,7.8,否
蔬果,1.076,21.52,20,否
蔬果,1.204,9.61,7.98,否
休闲,0.298,7.11,24,否
粮油,1,14,14,否
蔬果,0.74,8.87,11.98,否
日配,6,12,2,否
蔬果,0.312,2.37,7.6,否
蔬果,0.354,3.4,9.6,否
日配,1,9.2,9.7,否
粮油,4,2,0.5,否
休闲,1,4.7,4.7,否
蔬果,0.38,2.96,7.8,否
粮油,1,69.9,75.9,是
酒饮,1,9.9,11.9,是
酒饮,1,9.8,9.8,否
休闲,1,8.5,8.5,否
休闲,1,5.3,5.3,否
休闲,3,5.7,3.5,是
蔬果,0.864,19.87,23,否
粮油,1,3.8,3.8,否
粮油,1,4.5,5.9,是
洗化,1,5.9,5.9,否
洗化,3,8.7,3.9,是
休闲,1,6.9,9.5,是
熟食,0.36,20.16,56,否
洗化,2,19.8,9.9,否
蔬果,0.897,5.88,6.56,否
蔬果,0.386,3.86,10,否
休闲,1,9.7,10.9,是
蔬果,0.304,1.99,6.56,否
肉禽,0.252,7.01,27.8,否
蔬果,0.554,3.1,5.6,否
蔬果,0.595,3.9,6.56,否
休闲,1,5.7,5.7,否
休闲,1,3,3,否
蔬果,1.344,4.27,3.18,否
蔬果,0.278,2.67,9.6,否
家居,1,22.9,22.9,否
蔬果,1.886,3.7,1.96,否
休闲,1,6.9,6.9,否
蔬果,0.696,1.38,1.98,否
肉禽,0.348,10.37,29.8,否
休闲,1,6.7,6.7,否
休闲,1,8.3,8.3,否
日配,12,49,5.5,是
蔬果,1.106,33.18,30,否
粮油,1,5.7,5.7,否
洗化,1,11.9,15.5,是
日配,1,3.5,3.5,否
蔬果,0.192,1.07,5.56,否
熟食,0.336,9.41,28,否
水产,0.678,20.34,30,否
日配,1,17.9,17.9,否
休闲,1,2.8,2.8,否
洗化,1,7.9,7.9,否
蔬果,0.724,8.67,11.98,否
洗化,1,3.9,3.9,否
日配,1,69,76,是
蔬果,0.392,2.27,5.8,否
针织,1,3.9,3.9,否
蔬果,0.662,1.69,2.56,否
蔬果,0.464,4.63,17.6,否
休闲,1,2.9,3.9,是
粮油,1,6.9,6.9,否
粮油,1,4.3,4.3,否
日配,6,40.2,6.7,否
休闲,0.342,4.7,19.6,是
蔬果,0.287,1.66,5.8,否
蔬果,0.28,2.79,9.96,否
蔬果,0.536,9.54,17.8,否
蔬果,2,3,1.5,否
日配,0.782,13.92,17.8,否
休闲,1,1.5,1.5,否
文体,-1,-1.5,1.5,否
蔬果,0.112,0.9,3.56,否
休闲,0.59,8.8,19,是
蔬果,0.336,2.2,6.56,否
粮油,1,9.9,9.9,否
粮油,1,5.7,5.7,否
休闲,1,7.9,11.3,是
蔬果,0.43,0.64,1.48,否
蔬果,0.516,4.44,8.6,否
蔬果,0.584,11.56,19.8,否
日配,2,5.4,2.7,否
针织,1,13.9,18,是
休闲,0.342,17.03,49.8,否
粮油,1,7.7,7.7,否
蔬果,0.708,4.64,6.56,否
酒饮,1,2.9,2.9,否
蔬果,0.372,2.07,5.56,否
蔬果,0.694,11.1,16,否
洗化,1,26.9,26.9,否
肉禽,0.438,8.32,19,否
休闲,1,10.9,14.9,是
日配,1,7.9,10.3,是
肉禽,0.568,13.06,23,否
粮油,1,2.7,2.7,否
蔬果,0.328,3.27,9.96,否
肉禽,0.26,6.71,25.8,否
休闲,1,4.3,4.3,否
冲调,1,39.9,39.9,否
休闲,1,9.3,10.9,是
休闲,1,3.3,3.3,否
蔬果,1.858,3.72,2,否
针织,1,8,8,否
针织,1,6.9,6.9,否
日配,1,11.9,11.9,否
蔬果,0.352,2.04,5.8,否
蔬果,0.766,17.62,23,否
日配,1,2.5,3.5,是
蔬果,0.788,4.7,5.96,否
肉禽,0.25,6.95,27.8,否
蔬果,2,20,10,否
休闲,1,2.5,2.5,否
蔬果,0.624,6.22,9.96,否
休闲,1,15.9,15.9,否
洗化,1,12.9,17.7,是
蔬果,1.274,7.59,5.96,否
日配,1,9.9,14.9,是
蔬果,0.527,8.85,16.8,否
蔬果,0.337,5.66,16.8,否
休闲,1,3.9,3.9,否
日配,1,11.9,11.9,否
粮油,0.352,2.1,6.8,是
粮油,1,8.5,8.5,否
酒饮,1,21.7,21.7,否
酒饮,1,19.3,19.3,否
粮油,1,2.8,2.8,否
蔬果,1,2.7,30,否
蔬果,0.252,4.54,18,否
日配,1,1.2,1.7,是
休闲,0.308,6.03,25,是
休闲,1,5.3,5.3,否
酒饮,1,15.9,15.9,否
休闲,0.396,10.2,39.6,是
日配,1,3.9,6,是
洗化,1,8.9,13.9,是
休闲,1,4.3,4.3,否
针织,1,25,25,否
粮油,0.414,6.54,15.8,否
粮油,2,1,0.5,否
蔬果,0.356,2.34,6.56,否
蔬果,0.454,14.44,31.8,否
蔬果,0.712,22.64,31.8,否
蔬果,0.802,4.78,5.96,否
洗化,1,14.9,14.9,否
蔬果,2.092,12.47,5.96,否
蔬果,0.692,6.89,9.96,否
日配,1,4.2,4.2,否
日配,0.772,5.23,6.78,否
休闲,0.336,6.65,25,是
蔬果,0.686,1.36,1.98,否
蔬果,0.41,0.81,1.98,否
洗化,1,17.9,19.9,是
休闲,1,2.3,2.9,是
蔬果,0.26,2.5,9.6,否
粮油,1,14.7,14.7,否
蔬果,0.286,1.02,3.56,否
休闲,1,4.7,4.7,否
蔬果,1.279,15.32,11.98,否
休闲,0.192,2.43,19.8,是
文体,1,3.7,3.7,否
蔬果,2.025,12.07,5.96,否
蔬果,0.551,3.61,6.56,否
休闲,1,6.9,6.9,否
休闲,1,3.8,3.8,否
洗化,1,8.9,13.9,是
休闲,1,29.9,29.9,否
蔬果,4.058,24.27,5.98,否
日配,3,7.2,2.4,否
熟食,0.001,0.02,20,否
日配,1.002,19.84,19.8,否
日配,1,5.5,5.5,否
蔬果,0.506,3.04,6,否
冲调,1,19.9,30.7,是
休闲,0.182,6.1,51.6,是
粮油,1,8.5,8.5,否
蔬果,0.331,2.63,7.96,否
蔬果,1,1.5,1.5,否
蔬果,0.842,1.65,1.96,否
蔬果,0.516,11.87,23,否
日配,1,4.2,4.2,否
休闲,1,3.3,4.7,是
休闲,3,5.7,3.5,是
粮油,1,9.9,11.9,是
洗化,1,1.7,1.7,否
休闲,1,1.9,3.5,是
休闲,0.314,10.6,51.6,是
冲调,1,4.9,4.9,否
日配,5,10.5,2.1,否
蔬果,0.382,2.14,5.6,否
休闲,11,75.9,6.9,否
蔬果,0.684,3.97,5.8,否
洗化,1,13.9,19.9,是
粮油,5,2.5,0.5,否
蔬果,0.248,3.46,96.9,否
洗化,1,4.9,4.9,否
休闲,1,5.7,5.7,否
蔬果,1,1.5,1.5,否
日配,1,3.9,4.9,是
蔬果,0.718,1.42,1.98,否
粮油,1,7.9,8.2,是
肉禽,0.546,10.7,19.6,否
洗化,1,5.8,6.9,是
洗化,1,4.9,4.9,否
酒饮,1,9.9,12.3,是
蔬果,0.203,4.06,20,否
蔬果,0.384,2.52,6.56,否
蔬果,0.62,5.95,9.6,否
粮油,1,4.3,4.3,否
洗化,1,5.9,5.9,否
蔬果,0.477,9.54,20,否
蔬果,0.744,8.91,11.98,否
蔬果,0.866,1.7,1.96,否
休闲,1,5.9,5.9,否
蔬果,0.098,1.18,12,否
休闲,0.95,11.2,19.8,是
蔬果,0.92,5.34,5.8,否
日配,1.528,10.36,6.78,否
日配,1,8.9,12.9,是
日配,1,6.8,8.3,是
休闲,1,5.7,5.7,否
粮油,1,7.9,8.2,是
家居,1,13,13,否
日配,1,13.9,13.9,否
休闲,1,3.9,5.3,是
肉禽,1.416,33.7,23.8,否
肉禽,0.234,6.97,29.8,否
熟食,0.518,3.11,6,否
蔬果,2.602,31.17,11.98,否
蔬果,0.69,8.27,11.98,否
酒饮,1,1.8,1.8,否
蔬果,0.306,5.51,18,否
日配,6,40.2,6.7,否
蔬果,0.585,1.99,2.56,否
粮油,1,25.9,25.9,否
酒饮,1,18.9,18.9,否
熟食,0.296,8.29,28,否
洗化,1,4.5,5.9,是
休闲,1,4.7,4.7,否
蔬果,0.234,1.86,7.96,否
蔬果,1.248,34.69,27.8,否
休闲,1,2.9,4.9,是
日配,4,11.2,2.8,否
粮油,1,3.8,3.8,否
日配,1,35,43.7,是
洗化,1,5.9,5.9,否
休闲,1,1.9,3.5,是
蔬果,0.138,0.49,3.56,否
休闲,0.268,6.43,24,否
蔬果,1.242,19.87,16,否
休闲,1,9.3,10.4,是
日配,1,17.3,17.3,否
日配,0.476,10.3,32.6,是
粮油,1,3.3,3.3,否
休闲,1,5.9,6.5,是
粮油,1,5.7,5.7,否
日配,1,10.8,14.9,是
洗化,1,11.5,15.9,是
粮油,1,16.9,22.9,是
日配,6,40.2,6.7,否
粮油,1,3.9,3.9,否
日配,1,13.8,13.8,否
日配,1,3.9,5,是
日配,1,19.7,19.7,否
家居,1,5.5,5.5,否
洗化,1,7.9,7.9,否
休闲,0.506,4.9,16.8,是
蔬果,0.261,1.46,5.6,否
粮油,1,4.2,4.3,否
蔬果,0.79,25.12,31.8,否
蔬果,0.424,0.66,6.56,否
熟食,0.495,2.97,6,否
蔬果,0.086,0.43,5,否
日配,1,8.9,12.9,是
粮油,1,4.2,4.2,否
蔬果,0.603,3.62,6,否
粮油,1,4.9,4.9,否
休闲,0.422,4.1,16.8,是
蔬果,0.222,4.44,20,否
粮油,1,0.5,0.5,否
肉禽,0.332,5.84,17.6,否
蔬果,0.651,3.78,5.8,否
洗化,1,9.5,9.5,否
粮油,1,3.8,3.8,否
休闲,1,6.3,6.3,否
日配,2,22,11,否
粮油,1,9.9,9.9,否
休闲,1,2.3,2.3,否
蔬果,2.966,82.45,27.8,否
日配,1,11.9,14.9,是
休闲,1,0.5,0.5,否
日配,6,40.2,6.7,否
洗化,1,4.9,6.7,是
休闲,1,3,3,否
休闲,1,1,1,否
蔬果,0.886,24.63,27.8,否
酒饮,2,6,3,否
日配,0.662,4.49,6.78,否
日配,1,12.3,16.9,是
蔬果,1.16,2.32,2,否
蔬果,0.788,4.57,5.8,否
粮油,1,2.8,2.8,否
粮油,1,2,2.7,是
蔬果,0.369,2.05,5.56,否
肉禽,0.182,3.6,19.8,否
休闲,0.294,2.83,16.8,是
休闲,4,15.6,3.9,否
蔬果,0.438,1.12,2.56,否
蔬果,0.656,1.29,1.96,否
休闲,1,9.9,9.9,否
休闲,1,3.5,3.5,否
肉禽,0.304,7.84,25.8,否
休闲,1,4.3,4.3,否
洗化,1,4.7,4.7,否
蔬果,0.164,1.57,9.6,否
日配,1,4.2,4.2,否
日配,1,6.9,6.9,否
休闲,1,4,4,否
日配,1,2.8,2.8,否
肉禽,0.624,17.35,27.8,否
蔬果,0.428,3.41,7.96,否
蔬果,0.352,1.25,3.56,否
休闲,0.45,6.2,19.6,是
休闲,1,1,1,否
洗化,1,9.9,11.7,是
日配,0.328,5.84,17.8,否
蔬果,0.6,1.2,2,否
休闲,0.184,2.5,19.6,是
洗化,1,16.9,16.9,否
蔬果,0.694,8.31,11.98,否
日配,6,40.2,6.7,否
洗化,1,3.9,3.9,否
洗化,1,5.3,5.3,否
熟食,0.95,19,20,否
蔬果,0.302,1.81,5.98,否
蔬果,0.204,0.73,3.56,否
蔬果,0.158,0.88,5.56,否
日配,24,60,3,是
粮油,4.414,24.63,5.58,否
休闲,1,8.5,8.5,否
休闲,1,1.5,1.5,否
肉禽,0.786,23.42,29.8,否
日配,1,2.9,4.3,是
蔬果,1.228,12.23,9.96,否
肉禽,0.622,18.54,29.8,否
粮油,1,25.9,25.9,否
蔬果,0.416,8.32,20,否
蔬果,0.856,10.25,11.98,否
日配,1,7.7,7.7,否
休闲,1,2.3,2.9,是
休闲,1,6.9,6.9,否
洗化,1,2.9,3.9,是
粮油,1,7.9,8.2,是
粮油,24,48,4.7,是
酒饮,4,19.6,4.9,否
休闲,1,11.5,11.5,否
蔬果,0.271,0.86,3.18,否
蔬果,0.334,1.94,5.8,否
蔬果,0.632,12.64,20,否
酒饮,1,2.5,2.5,否
蔬果,0.977,3.91,4,否
蔬果,1.083,5.07,6.56,否
肉禽,0.48,9.5,19.8,否
粮油,1,1.5,1.5,否
粮油,2,1,0.5,否
蔬果,1.096,9.6,4,否
日配,1,10.8,14.9,是
休闲,1,4.9,4.9,否
蔬果,0.612,12.12,19.8,否
休闲,1,4.5,5.5,是
休闲,1,12.9,12.9,否
蔬果,0.436,7.67,17.6,否
休闲,1,4.7,4.7,否
粮油,1,2,2,否
蔬果,0.106,1.27,12,否
蔬果,0.638,1.25,1.96,否
粮油,1,6.7,6.7,否
休闲,1,8.3,8.3,否
洗化,1,1.7,1.7,否
休闲,1,2.4,2.4,否
洗化,1,32.9,32.9,否
蔬果,1.02,32.44,31.8,否
洗化,1,5.9,5.9,否
粮油,1,6.8,6.8,否
粮油,1,2,4.5,是
洗化,1,11.5,15.9,是
休闲,1,1.9,2.3,是
休闲,1,2.3,2.9,是
洗化,1,8.9,13.9,是
休闲,0.202,3.95,25,是
酒饮,2,6,3,否
日配,16,34.8,2.7,是
粮油,1,1.3,1.3,否
粮油,1,16.9,22.9,是
休闲,3,20.7,6.9,否
肉禽,0.228,6.34,27.8,否
休闲,1,9.7,9.7,否
酒饮,1,4,4,否
熟食,0.683,4.1,6,否
洗化,1,11.9,14.5,是
蔬果,0.704,4.2,5.96,否
蔬果,2.028,12.09,5.96,否
蔬果,0.804,15.92,19.8,否
日配,1,13.9,18.9,是
蔬果,0.538,13.45,25,否
蔬果,0.382,11.92,31.2,否
粮油,1,6.8,6.8,否
蔬果,0.18,1.01,5.6,否
蔬果,0.431,9.91,23,否
日配,0.972,6.59,6.78,否
日配,0.724,15.7,32.6,是
蔬果,0.234,1.86,7.96,否
蔬果,1.026,2.63,2.56,否
休闲,1,4.3,4.7,否
休闲,3,8.7,3.9,是
休闲,1,17.5,17.5,否
蔬果,0.212,1.18,5.56,否
蔬果,0.262,2.25,8.6,否
休闲,1,6.9,6.9,否
休闲,1,10.9,10.9,否
休闲,1,17.9,17.9,否
蔬果,0.472,1.22,2.58,否
洗化,1,8,9.7,是
蔬果,0.834,4.84,5.8,否
蔬果,0.236,1.64,6.96,否
粮油,1,3.7,3.7,否
休闲,1,1.5,1.5,否
文体,1,2.3,2.3,否
洗化,1,11.9,11.9,否
蔬果,0.432,0.64,2.78,否
蔬果,0.441,1.13,2.56,否
蔬果,0.144,0.72,4.98,否
洗化,1,13.9,19.9,是
蔬果,0.152,0.85,5.56,否
粮油,1,10.9,14.7,是
休闲,0.418,10.73,33.8,是
肉禽,2,21.6,10.8,否
蔬果,1.318,7.86,5.96,否
粮油,1,7.7,7.7,否
蔬果,0.532,1.57,2.96,否
休闲,1,6.9,9.9,是
休闲,0.338,8.7,39.6,是
休闲,1,1,1,否
蔬果,0.494,4.74,9.6,否
洗化,1,25.9,32.9,是
蔬果,0.512,6.13,11.98,否
粮油,4,8,4.5,是
日配,1,4.2,4.2,否
日配,1,5.9,7.9,是
日配,3,7.2,2.4,否
日配,1,8.9,8.9,否
休闲,1,0.8,0.8,否
洗化,1,7.9,10.9,是
日配,0.914,6.2,6.78,否
日配,0.818,17.8,32.6,是
洗化,1,5.9,8,是
日配,6,40.2,6.7,否
休闲,0.198,8.6,51.6,是
蔬果,0.932,5.55,5.96,否
休闲,1,6.9,9.5,是
休闲,1,2.2,2.2,否
休闲,0.436,6.01,19.6,是
休闲,1,3.9,3.9,否
肉禽,0.182,5.42,29.8,否
粮油,4,23.6,5.9,否
肉禽,2,21.6,10.8,否
洗化,1,9.9,9.9,否
蔬果,0.98,1.76,1.8,否
日配,1.656,23.18,14,否
蔬果,0.664,3.32,5,否
休闲,0.246,4.8,27.8,是
蔬果,0.392,7.84,20,否
粮油,1,3.5,4.5,是
蔬果,1.708,7.79,4.56,否
洗化,1,4.7,4.7,否
蔬果,1.292,5.17,4,否
休闲,1,3.5,3.5,否
蔬果,0.186,1.03,5.56,否
蔬果,0.438,4.2,9.6,否
日配,1.072,23.3,32.6,是
日配,1,13.9,18.9,是
蔬果,1,5.8,5.8,否
蔬果,0.428,1.1,2.56,否
熟食,0.228,4.56,20,否
粮油,1,13.9,21.9,是
日配,1.076,7.3,6.78,否
冲调,1,2.2,3,是
休闲,1,3.7,3.7,否
粮油,1,7.9,9.9,是
蔬果,0.364,1.46,4,否
日配,1,2.3,2.3,否
休闲,1,6.9,9.5,是
蔬果,0.864,2.75,3.18,否
蔬果,0.816,4.73,5.8,否
日配,12,66,5.5,否
蔬果,0.968,5.76,5.8,否
蔬果,0.314,3.01,9.6,否
蔬果,0.288,0.51,1.76,否
日配,1,9.9,14.3,是
冲调,1,7.2,7.2,否
水产,0.154,4.62,30,否
日配,6,40.2,6.7,否
蔬果,1.712,3.42,2,否
日配,1,8.9,12.9,是
蔬果,1.464,3.75,2.56,否
蔬果,1.018,12.2,11.98,否
粮油,1,7.9,7.9,否
粮油,1,2.3,2.3,否
日配,0.938,6.36,6.78,否
蔬果,0.839,1.83,3.8,否
粮油,1,8.9,8.9,否
洗化,1,1.7,1.7,否
熟食,0.186,5.21,28,否
蔬果,0.384,1.52,3.96,否
日配,12,49,5.5,是
酒饮,1,2,2,否
蔬果,0.63,7.55,11.98,否
日配,12,42,3.5,否
蔬果,0.158,1.42,9,否
休闲,1,5.9,5.9,否
休闲,1,9.7,9.7,否
日配,1,14.9,14.9,否
洗化,1,6.5,7.7,是
蔬果,0.765,4.44,5.8,否
休闲,1,3.3,3.3,否
粮油,1,1.9,4.7,是
洗化,1,13.9,13.9,否
日配,1,9.7,9.7,否
日配,1,5.9,7.7,是
洗化,1,3.9,3.9,否
休闲,0.426,8.43,27.8,是
肉禽,1.008,23.99,23.8,否
蔬果,0.37,7.4,20,否
休闲,0.364,3.51,16.8,是
休闲,0.132,6.84,51.8,否
洗化,1,4.9,4.9,否
洗化,1,11.5,15.9,是
蔬果,1.64,9.77,5.96,否
粮油,1,3.5,4.5,是
酒饮,1,2.5,2.5,否
水产,0.122,3.66,30,否
日配,1,2.9,2.9,否
洗化,1,11.9,15.5,是
粮油,1,7.9,7.9,否
粮油,1,4.7,4.7,否
酒饮,1,22,22,否
日配,1,16.8,16.8,否
蔬果,0.688,17.2,25,否
粮油,1,5.5,5.7,否
蔬果,0.342,6.84,20,否
粮油,1,1.9,1.9,否
蔬果,0.294,4.67,15.9,否
酒饮,1,14,14,否
日配,3,8.7,4.3,是
蔬果,0.214,2.05,9.6,否
水产,1.062,31.86,30,否
蔬果,0.58,11.6,20,否
蔬果,1.062,2.74,2.58,否
蔬果,0.098,0.35,3.56,否
粮油,1,6.9,6.9,否
蔬果,0.07,0.84,12,否
休闲,0.36,7.13,19.8,否
粮油,1,7.9,8.2,是
肉禽,0.844,26.16,31,否
蔬果,2,20,10,否
蔬果,0.769,11.54,15,否
日配,1,2.4,2.4,否
日配,1,13.9,18.9,是
蔬果,0.884,10.59,11.98,否
粮油,1,14.3,14.3,否
洗化,1,11.9,11.9,否
日配,6,40.2,6.7,否
休闲,1,3.3,3.7,是
蔬果,0.77,10.47,13.6,否
蔬果,0.298,5.9,19.8,否
日配,1,12.9,12.9,否
日配,1,8.9,8.9,否
蔬果,0.642,9.2,25,否
蔬果,0.353,7.06,20,否
洗化,1,7.7,7.7,否
粮油,1,2.5,3.5,是
休闲,1,4.9,4.9,否
蔬果,0.234,1.36,5.8,否
肉禽,0.468,13.95,29.8,否
粮油,1,2.9,2.9,否
蔬果,0.506,1,1.98,否
蔬果,0.308,1.71,5.56,否
粮油,1,3,3,否
休闲,0.696,17.9,39.6,是
日配,1,13.9,13.9,否
蔬果,0.596,1.18,1.98,否
休闲,0.184,6.2,51.6,是
冲调,1,2.2,3,是
休闲,1,1.9,3.5,是
粮油,1,5.9,5.9,否
粮油,1,3.9,3.9,否
酒饮,1,9.9,9.9,否
酒饮,1,2.8,2.8,否
粮油,1,2.8,2.8,否
蔬果,0.576,1.6,2.78,否
酒饮,1,22.3,22.3,否
蔬果,0.481,0.95,1.98,否
休闲,1,3.9,3.9,否
粮油,1,39.7,39.7,否
蔬果,0.704,21.12,30,否
休闲,1,3.5,3.5,否
日配,1,8.9,12.8,是
蔬果,0.85,59.5,70,否
蔬果,1.205,4.77,3.96,否
日配,1,8.9,12.9,是
洗化,1,13.9,19.9,是
蔬果,0.35,7,20,否
休闲,0.318,4.1,19.8,是
粮油,1,4.9,4.9,否
粮油,1,3.9,3.9,否
蔬果,0.39,12.17,31.2,否
日配,1,4.3,4.3,否
粮油,1,2.5,3.5,是
日配,6,40.2,6.7,否
洗化,1,3.9,3.9,否
日配,1,5.9,7.9,是
蔬果,0.584,7,11.98,否
粮油,1,0.5,0.5,否
粮油,1,2,4.5,是
日配,1,5.9,7.5,是
休闲,1,4.3,4.3,否
日配,1,11,11,否
蔬果,0.424,2.37,5.6,否
休闲,1,3.7,3.7,否
休闲,1,2.7,2.7,否
蔬果,0.59,2.95,5,否
肉禽,0.122,3.64,29.8,否
洗化,1,35.9,35.9,否
粮油,1,3.8,3.8,否
蔬果,1.612,9.61,5.96,否
蔬果,0.938,16.51,17.6,否
粮油,4,7.6,4.7,是
粮油,1,3.3,3.3,否
蔬果,0.244,1.6,6.56,否
粮油,1,3.9,3.9,否
肉禽,0.6,11.88,19.8,否
洗化,1,14.9,14.9,否
蔬果,0.558,2.12,3.8,否
酒饮,1,9.8,9.8,否
洗化,1,10.9,15.7,是
休闲,1,6.9,6.9,否
休闲,1,0.5,0.5,否
休闲,1,1.9,2.3,是
休闲,1,2.4,2.4,否
休闲,1,1,1,否
日配,1.624,22.74,14,否
日配,0.76,5.15,6.78,否
蔬果,0.302,1.81,5.98,否
休闲,1,2.9,3.9,是
蔬果,1.074,29.86,27.8,否
日配,0.532,3.61,6.78,否
水产,2.34,47.27,20.2,否
粮油,0.268,3.7,13.8,否
日配,0.868,5.89,6.78,否
休闲,1,8.9,11.9,是
休闲,1,11.9,14.3,是
蔬果,0.118,1.01,12,否
蔬果,0.591,3.31,5.6,否
休闲,1,4,4,否
休闲,1,4.9,4.9,否
休闲,3,5.7,3.5,是
休闲,1,2.9,2.9,否
日配,1,4.5,4.5,否
蔬果,0.234,2.14,3.96,否
休闲,0.336,5.24,15.6,否
蔬果,0.538,1.08,2,否
蔬果,1.384,16.33,11.8,否
蔬果,0.266,0.68,2.56,否
粮油,1,6.9,6.9,否
肉禽,0.382,11.38,29.8,否
水产,0.426,12.78,30,否
蔬果,1.186,7.07,5.96,否
洗化,1,8.9,13.9,是
休闲,1,10.7,10.7,否
蔬果,0.367,1.47,4,否
蔬果,0.439,1.13,2.58,否
日配,1,4.3,4.3,否
蔬果,0.575,2.28,3.96,否
冲调,1,2.2,3,是
日配,1,11.9,11.9,否
蔬果,0.166,0.59,3.56,否
粮油,1,6.7,6.7,否
蔬果,0.61,7.31,11.98,否
蔬果,0.356,7.12,20,否
蔬果,0.782,15.64,20,否
蔬果,0.95,21.85,23,否
休闲,1,17,17,否
蔬果,0.438,2.19,5,否
蔬果,0.41,0.81,1.98,否
休闲,1,4.2,4.2,否
冲调,1,17.3,17.3,否
肉禽,1.236,51.66,41.8,否
粮油,1,13.9,21.9,是
休闲,1,1.9,3.5,是
家居,1,9,9,否
酒饮,1,3,3,否
酒饮,1,3.9,4.5,是
蔬果,0.184,3.09,16.8,否
肉禽,0.926,18.33,19.8,否
肉禽,0.944,18.69,19.8,否
蔬果,0.658,4.32,6.56,否
粮油,1,7.7,7.7,否
粮油,2,2.6,1.3,否
休闲,1,5.9,5.9,否
蔬果,1.04,6.2,5.96,否
蔬果,0.344,1.93,5.6,否
蔬果,1.002,70.14,70,否
洗化,1,5.9,6.9,是
肉禽,0.598,17.82,29.8,否
日配,12,36,3,否
休闲,1,5.5,5.5,否
蔬果,0.388,7.68,19.8,否
休闲,1,9.3,10.4,是
蔬果,0.544,3.2,6.56,否
水产,0.228,3.85,16.9,否
蔬果,0.328,6.56,20,否
蔬果,0.886,20.38,23,否
针织,1,19,19,否
蔬果,0.384,2.52,6.56,否
蔬果,0.594,33.26,56,否
粮油,1,4.8,4.8,否
蔬果,0.184,1.02,5.56,否
洗化,1,17.7,17.7,否
日配,0.61,13.2,32.6,是
休闲,1,8.5,8.5,否
蔬果,0.809,18.61,23,否
蔬果,2.29,63.66,27.8,否
休闲,1,5.7,5.7,否
蔬果,0.9,15.84,17.6,否
肉禽,1,10.8,10.8,否
蔬果,0.584,1.16,1.98,否
蔬果,0.671,2.66,3.96,否
蔬果,0.575,3.22,5.6,否
蔬果,0.56,6.71,11.98,否
日配,1,8.9,12.9,是
休闲,1,12.9,12.9,否
休闲,1,5.5,5.5,否
休闲,1,2.7,2.7,否
熟食,0.102,2.04,20,否
粮油,1,2.8,2.8,否
蔬果,0.362,1.43,3.96,否
蔬果,0.404,8,19.8,否
粮油,1,1.7,1.7,否
洗化,1,5.9,5.9,否
粮油,1,7.9,7.9,否
蔬果,0.676,3.38,5,否
洗化,1,11.9,15.7,是
蔬果,0.366,4.39,12,否
熟食,0.57,3.42,6,否
日配,1,12.7,13.3,否
日配,1,2.5,3,是
粮油,1,11.7,11.7,否
粮油,1,0.5,0.5,否
蔬果,0.258,0.38,1.48,否
休闲,1,2.8,2.8,否
日配,1,2.9,3.7,是
日配,6,40.2,6.7,否
肉禽,0.344,12.32,35.8,否
蔬果,0.312,6.24,20,否
日配,1,65,65,否
蔬果,0.398,1.59,4,否
日配,1,65,65,否
粮油,1,6.5,6.7,否
休闲,1,10.9,14.9,是
熟食,0.54,3.24,6,否
休闲,0.17,9.49,55.8,否
蔬果,0.464,3.14,5.6,否
蔬果,0.528,1.05,1.98,否
休闲,0.256,8.6,51.6,是
休闲,1,5.5,5.5,否
酒饮,1,4,4,否
洗化,1,19.9,24.9,是
洗化,1,8.9,8.9,是
洗化,1,6.7,6.7,否
蔬果,0.299,1.66,5.56,否
蔬果,0.432,3.89,9,否
蔬果,0.242,6.05,25,否
冲调,1,80.9,80.9,否
家居,1,6,6,否
粮油,0.89,5.3,10.8,是
蔬果,0.607,3.37,5.56,否
蔬果,0.61,8.76,56,否
酒饮,1,4,4,否
蔬果,1.42,22.72,16,否
日配,1,8.9,12.9,是
蔬果,0.436,0.87,2,否
休闲,1,4.5,5.5,是
粮油,1,7.9,7.9,否
家居,1,12,12,否
酒饮,1,3.9,4.5,是
洗化,1,22.9,22.9,否
蔬果,1.238,4.95,4,否
蔬果,0.694,1.79,2.58,否
酒饮,1,3,3,否
日配,1,20.3,20.3,否
休闲,1,3.5,3.5,否
休闲,1,2.8,2.8,否
日配,1.551,10.52,6.78,否
洗化,1,6.9,6.9,否
蔬果,0.63,9.45,15,否
熟食,0.292,5.84,20,否
休闲,1,3.9,3.9,否
蔬果,2,3,1.5,否
日配,0.822,11.51,14,否
休闲,1,6.7,6.7,否
熟食,4,2,0.5,否
蔬果,0.234,2.11,9,否
蔬果,0.945,3.59,3.8,否
蔬果,0.218,0.43,1.98,否
洗化,1,8.9,8.9,否
休闲,1,5.9,5.9,否
蔬果,1.259,2.47,1.96,否
蔬果,0.304,2.92,9.6,否
休闲,3,7.5,2.5,否
日配,1,2.9,4.3,是
洗化,1,12.9,15.9,是
休闲,1,6.9,9.5,是
日配,1,13.9,16.3,是
蔬果,0.676,4.06,6,否
蔬果,1.059,31.77,30,否
冲调,1,12.9,12.9,否
日配,1,5.9,7.7,是
休闲,1,4.9,4.9,否
休闲,1,2.3,2.9,是
蔬果,0.4,3.04,7.6,否
蔬果,0.354,0.98,2.78,否
蔬果,0.693,1.77,2.56,否
日配,12,49,5.5,是
粮油,1,11.9,11.9,否
粮油,1,5.9,5.9,否
酒饮,1,1.8,1.8,否
肉禽,0.368,10.97,29.8,否
粮油,1,5.9,5.9,否
休闲,1,3.5,3.5,否
文体,1,1.7,1.7,否
日配,1.624,22.74,14,否
日配,1,3,3,否
粮油,1,9.5,9.5,否
蔬果,0.816,2.09,2.56,否
蔬果,0.542,2.59,3.96,否
休闲,1,3.2,3.2,否
洗化,1,7.9,7.9,否
粮油,1,7.9,7.9,否
休闲,1,17.9,17.9,否
休闲,0.314,3,16.8,是
休闲,1,3.3,3.3,否
肉禽,0.328,9.77,29.8,否
蔬果,0.282,1.58,5.6,否
熟食,0.98,19.6,20,否
休闲,1,5.2,5.2,否
蔬果,0.588,1.63,2.78,否
蔬果,2.41,14.36,5.96,否
蔬果,0.827,5.43,6.56,否
蔬果,0.294,2.82,9.6,否
粮油,1,7.7,7.7,否
家居,1,8,8,否
家居,1,4,4,否
蔬果,1.334,15.95,11.96,否
休闲,1,5.7,5.7,否
酒饮,1,4,4,否
蔬果,0.732,5.84,7.98,否
日配,1,8.9,12.9,是
日配,24,60,3,是
日配,1,3.5,3.9,是
休闲,1,1.9,2.3,是
日配,0.758,10.61,14,否
休闲,1,6.5,6.5,否
蔬果,0.382,1.51,3.96,否
蔬果,0.564,1.44,2.56,否
粮油,1,6.7,6.7,否
粮油,1,3,3,否
粮油,1,6.9,6.9,否
蔬果,0.752,17.3,23,否
洗化,1,4.9,4.9,否
蔬果,0.63,3.15,5,否
蔬果,0.525,1.34,2.56,否
蔬果,0.318,1.26,3.96,否
休闲,1,4.3,4.3,否
日配,0.96,18.43,19.2,否
蔬果,0.727,3.64,5,否
日配,1,2.9,4.3,是
蔬果,0.247,1.62,6.56,否
蔬果,0.792,2.52,3.18,否
休闲,1,13.7,13.7,否
蔬果,1.272,10.15,7.98,否
酒饮,1,11.9,11.9,否
洗化,1,9.7,9.7,否
洗化,1,5,5,否
蔬果,0.442,1.77,4,否
粮油,1,2.8,2.8,否
蔬果,0.756,14.97,19.8,否
蔬果,1.45,7.22,5.96,否
蔬果,1.614,44.87,27.8,否
蔬果,0.38,0.97,2.56,否
蔬果,0.65,3.25,5,否
蔬果,0.412,3.13,7.6,否
粮油,1,5.7,5.7,否
酒饮,1,4,4,否
粮油,1,5.9,5.9,否
粮油,1,7.9,7.9,否
粮油,1,4.9,4.9,否
蔬果,3.77,15,3.98,否
蔬果,0.58,3.22,5.56,否
蔬果,0.598,3.47,5.8,否
蔬果,0.749,1.48,1.98,否
家居,1,7,7,否
熟食,0.202,4.04,20,否
熟食,0.522,10.44,20,否
蔬果,0.778,3.11,4,否
日配,1,2.4,2.4,否
蔬果,0.36,3.31,7.8,否
肉禽,0.416,8.24,19.8,否
粮油,1,5.7,5.7,否
蔬果,0.404,6.46,16,否
日配,1,11.9,11.9,否
蔬果,0.818,1.62,1.98,否
粮油,1,7.3,7.3,否
休闲,0.166,7.27,51.6,是
蔬果,0.414,6.62,16,否
休闲,1,9.3,9.3,否
蔬果,0.322,7.41,23,否
休闲,1,8.9,8.9,否
蔬果,0.459,3.01,6.56,否
洗化,1,5.7,5.7,否
休闲,1,22.9,22.9,否
蔬果,3.13,18.65,5.96,否
休闲,1,20.9,20.9,否
蔬果,0.726,8.7,11.98,否
肉禽,0.672,13.31,19.8,否
休闲,0.35,3.42,16.8,是
日配,1,8.9,8.9,否
酒饮,1,5,5,否
蔬果,0.828,24.84,30,否
肉禽,0.466,9.13,19.6,否
蔬果,0.364,4.37,12,否
蔬果,1,4.2,4.2,否
蔬果,2,20,10,否
休闲,1,6.5,6.5,否
休闲,1,6,6,否
休闲,1,4.9,4.9,否
日配,1,8.9,8.9,否
粮油,1,6.7,6.7,否
蔬果,0.436,1.12,2.56,否
蔬果,0.372,1.47,3.96,否
蔬果,1.618,44.98,27.8,否
蔬果,1.972,5.81,5.56,否
休闲,1,13.5,13.5,否
肉禽,0.65,27.17,41.8,否
蔬果,0.204,1.42,6.96,否
洗化,1,22.9,22.9,否
蔬果,0.506,2.81,5.56,否
蔬果,0.668,1.32,1.98,否
日配,1,9.7,9.7,否
粮油,1,11.9,11.9,否
酒饮,1,11.9,11.9,否
肉禽,0.218,6.5,29.8,否
日配,1,2.9,3.7,是
休闲,1,8.9,11.9,是
休闲,1,4.9,5.5,是
蔬果,0.531,0.93,1.76,否
休闲,1,8.5,8.5,否
针织,1,16,16,否
日配,1,9.9,9.9,否
休闲,1,2.3,2.3,否
蔬果,0.254,2.02,7.96,否
粮油,1,7.3,7.3,否
粮油,1,2.8,2.8,否
粮油,1,5.5,5.5,否
休闲,1,2.9,4.3,是
粮油,4.938,26.56,5.58,否
蔬果,1.816,3.56,1.96,否
蔬果,0.21,1.22,5.8,否
蔬果,0.09,0.86,9.6,否
日配,1,2.5,3.5,是
日配,12,65.8,7.1,是
休闲,1,8,8.5,否
休闲,1,20.5,20.5,否
针织,1,26.9,34,是
蔬果,0.458,9.07,19.8,否
粮油,1,2.7,2.7,否
粮油,1,4.8,4.8,否
熟食,0.222,16.87,76,否
粮油,1,6.9,6.9,否
蔬果,0.6,1.55,2.58,否
休闲,1,6.5,6.5,否
粮油,1,21.3,21.3,否
蔬果,0.28,1.4,5,否
休闲,1,6.9,9.9,是
日配,1,2.9,4.3,是
蔬果,1.21,21.54,17.8,否
日配,12,80.4,6.7,否
肉禽,0.284,8.46,29.8,否
针织,1,10,12.9,是
蔬果,1.16,15.78,13.6,否
蔬果,1.202,16.35,13.6,否
洗化,1,15.9,15.9,否
洗化,1,5.9,5.9,否
粮油,1,38.9,38.9,否
蔬果,0.248,1.44,5.8,否
蔬果,1.758,19.65,7.98,否
日配,1,16.8,16.8,否
蔬果,0.439,1.12,2.56,否
粮油,5,2.5,0.5,否
蔬果,0.402,3.14,7.8,否
蔬果,0.516,15.48,30,否
洗化,1,29.9,30.9,是
日配,1,8.6,8.6,否
粮油,1,5.9,5.9,否
蔬果,0.496,1.27,2.56,否
熟食,0.784,15.68,20,否
休闲,1,2.9,2.9,否
蔬果,0.598,1.18,1.98,否
蔬果,0.508,5.06,9.96,否
休闲,0.248,10.82,51.6,是
蔬果,0.312,2.05,6.56,否
蔬果,0.484,2.81,5.8,否
蔬果,1.044,6.85,6.56,否
休闲,0.484,9.58,19.8,否
蔬果,0.47,0.75,1.6,否
蔬果,0.694,3.86,5.56,否
日配,1,5,6.6,是
休闲,1,3.3,4,是
蔬果,0.298,0.77,2.58,否
冲调,1,26.9,32.7,是
蔬果,1.556,9.27,5.96,否
休闲,1,9.3,10.9,是
蔬果,0.862,12.93,15,否
日配,1,10.9,15.9,是
粮油,1,9.9,9.9,否
家居,1,3.5,3.5,否
酒饮,20,240,12,否
休闲,1,3.3,4,是
粮油,1,3,3,否
粮油,1,2.8,2.8,否
蔬果,0.268,2.57,9.6,否
日配,1,13.9,13.9,否
蔬果,0.264,2.1,7.96,否
休闲,1,10.5,10.5,否
日配,16,34.8,2.7,是
休闲,0.472,15.95,51.6,是
蔬果,0.43,0.77,1.8,否
蔬果,0.771,3.8,20,否
休闲,1,6.5,6.5,否
蔬果,0.59,11.8,20,否
休闲,0.328,5.9,18,否
蔬果,0.525,15.75,30,否
日配,1,55,65,是
日配,1,6.7,6.7,否
蔬果,0.146,1.4,9.6,否
休闲,0.362,3.5,16.8,是
蔬果,1.14,15.5,13.6,否
休闲,1,68,68,否
洗化,1,16.9,16.9,否
休闲,1,17.5,17.5,否
蔬果,0.584,1.85,3.16,否
粮油,1,2.3,2.3,否
粮油,1,6.9,6.9,否
休闲,0.272,4.3,15.8,否
粮油,1,56.9,56.9,否
家居,1,3.5,3.5,否
洗化,1,6,6,否
休闲,1,10.9,10.9,否
蔬果,0.352,4.22,11.98,否
蔬果,0.392,1.01,2.58,否
蔬果,0.856,2.21,2.58,否
粮油,0.194,17.42,89.8,否
蔬果,0.843,5.53,6.56,否
休闲,1,2.3,2.9,是
蔬果,0.379,2.88,7.6,否
洗化,1,9.9,9.9,否
蔬果,0.076,0.68,9,否
日配,1,5.7,5.7,否
蔬果,0.344,1.38,4,否
家居,1,109,109,否
休闲,1,4.3,4.3,否
粮油,1,3.9,3.9,否
熟食,0.862,17.24,20,否
粮油,1,1.5,1.5,否
粮油,1,2.5,2.5,否
酒饮,1,1.8,1.8,否
蔬果,0.358,5.58,15.6,否
日配,1,9.9,15.5,是
熟食,2,2,1,否
休闲,1,6.5,6.5,否
粮油,1,5.7,5.7,否
粮油,1,2.3,2.3,否
蔬果,0.547,3.04,5.56,否
酒饮,10,29,5.3,是
酒饮,24,36,1.5,否
休闲,1,10.8,10.8,否
肉禽,0.57,11.29,19.8,否
粮油,1,11.9,11.9,否
休闲,1,1.9,3.5,是
蔬果,0.672,11.83,17.6,否
蔬果,0.17,1.5,7.6,否
休闲,1,4.3,4.3,否
日配,1,11.9,11.9,否
蔬果,0.326,3.91,12,否
粮油,1,3,3,否
蔬果,0.688,17.2,25,否
蔬果,0.28,1.84,6.56,否
粮油,1,14.7,14.7,否
休闲,1,4.5,4.5,否
日配,12,49,5,是
休闲,1,12.9,17.9,是
蔬果,0.534,0.79,1.48,否
日配,1.508,21.11,14,否
日配,0.26,4.94,19,否
粮油,1,8.5,29.9,是
洗化,1,2.9,3.9,是
蔬果,0.505,1.29,2.56,否
休闲,0.326,14.2,51.6,是
粮油,1,3.7,3.7,否
粮油,1,7.9,7.9,否
蔬果,0.368,2.13,5.8,否
日配,1,11.5,11.5,否
休闲,1,3.9,5.2,是
休闲,0.174,12.14,73.8,是
蔬果,0.84,6.7,7.98,否
粮油,1,11.9,11.9,否
休闲,1,6.5,6.5,否
水产,1,19.5,19.5,否
日配,1,9.9,9.9,否
休闲,0.94,9.2,17.8,是
蔬果,0.25,1.64,6.56,否
蔬果,0.628,1.62,2.58,否
蔬果,0.466,2.33,5,否
粮油,1,6.9,7.3,是
酒饮,1,12.7,12.7,否
休闲,0.356,3.42,17.8,是
蔬果,0.41,3.12,7.6,否
蔬果,1.144,6.82,5.96,否
休闲,1,4.7,4.7,否
休闲,1,3.9,5.2,是
休闲,0.356,7,27.8,是
休闲,1,5.9,5.9,否
蔬果,0.46,0.68,1.48,否
粮油,1,7.7,7.7,否
酒饮,1,3.9,4.5,是
蔬果,3,14.94,4.98,否
蔬果,0.834,2.3,5,否
蔬果,0.212,1.27,5.98,否
粮油,1,3.5,4.5,是
冲调,1,9.9,9.9,否
蔬果,1.276,3.29,2.58,否
蔬果,0.292,2.63,9,否
蔬果,1.026,2.63,2.56,否
蔬果,0.958,5.73,5.98,否
蔬果,0.236,2.12,9,否
休闲,0.658,9.08,19.6,是
家居,1,11,11,否
蔬果,0.796,2.05,2.58,否
蔬果,0.382,3.44,9,否
肉禽,0.408,8.08,19.8,否
休闲,1,5.5,5.5,否
休闲,0.346,13.77,39.8,否
冲调,1,7.3,7.3,否
蔬果,0.712,16.38,23,否
休闲,1,3.3,3.3,否
粮油,1,4.9,4.9,否
休闲,0.438,4.2,16.8,是
蔬果,0.89,6.2,5.8,否
休闲,1,4.3,4.3,否
蔬果,1.802,31.72,17.6,否
粮油,1,4.9,6.3,是
日配,1,11,11,否
休闲,0.492,6.78,19.6,是
休闲,4,13.2,3.3,否
粮油,1,11,11,否
蔬果,0.514,1.95,3.8,否
蔬果,0.33,26.4,80,否
蔬果,0.632,11.12,17.6,否
日配,5,32,6.4,否
蔬果,1.93,23.08,11.96,否
蔬果,0.53,0.78,1.48,否
休闲,0.142,16.61,117,否
日配,1,4.9,5.5,是
休闲,0.154,3.97,35.8,是
休闲,1,7.3,7.3,否
粮油,1,18.9,22.5,是
蔬果,0.312,7.18,23,否
水产,0.428,12.84,30,否
休闲,1,5.5,5.5,否
休闲,1,4.9,5.3,是
休闲,1,8.9,12.9,是
家居,1,60,60,否
蔬果,1,20,20,否
酒饮,1,7.5,7.5,否
休闲,1,9.3,10.9,是
休闲,1,5.9,5.9,否
蔬果,0.674,10.72,15.9,否
肉禽,0.302,5.92,19.6,否
休闲,1,5.9,5.9,否
日配,1,10.8,14.9,是
粮油,1,2,4.5,是
蔬果,0.536,4.07,7.6,否
粮油,1,6.5,6.7,否
粮油,0.204,18.32,89.8,否
休闲,1,4.9,5.3,是
蔬果,0.964,3.07,3.18,否
熟食,4,2,0.5,否
蔬果,0.303,5.45,18,否
蔬果,0.554,1.43,2.58,否
蔬果,0.846,3.19,12,否
休闲,1,2.7,2.7,否
休闲,1,1.9,3.5,是
冲调,1,11.7,11.7,否
粮油,1,6.8,6.8,否
蔬果,0.254,1.42,5.6,否
酒饮,1,11.9,12.3,是
休闲,0.942,31.8,51.6,是
蔬果,0.896,8.92,9.96,否
蔬果,1.306,15.41,11.8,否
蔬果,1.819,3.57,1.96,否
蔬果,0.283,0.72,2.56,否
熟食,0.25,5,20,否
蔬果,0.164,1.48,9,否
粮油,1,4.8,4.8,否
日配,1.676,23.46,14,否
蔬果,0.558,1.43,2.56,否
休闲,1,4.7,4.7,否
休闲,1,3.9,3.9,否
休闲,1,3.9,3.9,否
蔬果,0.72,4.29,5.96,否
日配,0.642,8.99,14,否
休闲,1,4.3,4.3,否
休闲,0.134,2.6,25,是
蔬果,0.984,3.94,4,否
蔬果,0.778,24.74,31.8,否
休闲,1,6.9,9.9,是
休闲,1,3.3,3.3,否
休闲,1,2.3,2.3,否
家居,1,19,19,否
休闲,0.282,6.71,23.8,否
洗化,1,6.9,9.7,是
针织,1,19.9,19.9,否
日配,1.532,10.39,6.78,否
休闲,1,13.5,13.5,否
蔬果,1.126,2.88,2.56,否
蔬果,0.4,1.11,2.78,否
粮油,1,9.9,23.3,是
蔬果,0.284,5.11,18,否
粮油,1.13,4.97,4.4,否
粮油,1,7.9,7.9,否
粮油,1,1.3,1.3,否
日配,6,40.2,6.7,否
休闲,1,6.9,9.5,是
休闲,0.41,17.9,51.6,是
休闲,1,6.9,9.9,是
休闲,0.248,3.42,19.6,是
休闲,1,2.9,2.9,否
日配,6,40.2,6.7,否
日配,1,11.9,14.9,是
粮油,1,9.9,11.9,是
粮油,1,6.9,6.9,否
粮油,1,13.9,21.9,是
休闲,0.916,12.64,19.6,是
休闲,1,12.9,16.9,是
蔬果,0.864,15.21,17.6,否
肉禽,0.308,6.04,19.6,否
日配,6,40.2,6.7,否
蔬果,0.478,2.68,5.6,否
蔬果,0.4,3.18,7.96,否
蔬果,0.374,2.17,5.8,否
休闲,0.118,5.88,49.8,否
休闲,1,2.7,2.7,否
酒饮,1,22,22,否
休闲,1,2.9,2.9,否
酒饮,1,4.5,4.5,否
洗化,1,1.5,1.5,否
休闲,1,10.9,10.9,否
休闲,1,4.3,4.3,否
冲调,1,2.2,3,是
蔬果,0.35,4.19,11.98,否
粮油,1,3.7,3.7,否
蔬果,0.4,10,25,否
休闲,1,3.5,3.5,否
蔬果,0.34,1.97,5.8,否
休闲,1,1,1,否
蔬果,0.704,8.42,11.96,否
蔬果,0.26,4.13,15.9,否
蔬果,0.294,3.11,9.6,否
日配,1.496,20.94,14,否
蔬果,0.266,2.55,9.6,否
蔬果,0.878,13.17,15,否
日配,1,11.9,11.9,否
蔬果,0.63,4.13,6.56,否
蔬果,0.144,1.09,7.6,否
休闲,0.878,8.6,17.8,是
蔬果,0.916,10.97,11.98,否
蔬果,1.142,20.1,17.6,否
蔬果,0.604,1.4,30,否
休闲,1,3.3,3.7,是
蔬果,0.61,4,6.56,否
日配,1,11.9,14.9,是
蔬果,0.849,4.92,5.8,否
蔬果,1.809,3.55,1.96,否
蔬果,0.469,1.86,3.96,否
洗化,1,9.7,9.7,否
蔬果,0.78,3.12,4,否
日配,1.062,20.17,19.2,否
冲调,1,30.7,30.7,否
休闲,1,7.5,7.7,否
休闲,1,1,1,否
日配,1,55,65,是
日配,1.138,22.53,19.8,否
休闲,1,6.9,9.9,是
休闲,1,4.3,4.3,否
休闲,1,8.5,8.5,否
蔬果,1.394,2.76,1.98,否
休闲,1,7,7,否
洗化,1,6.7,6.7,否
肉禽,0.256,7.63,29.8,否
熟食,2,2,1,否
蔬果,0.63,2.49,3.96,否
蔬果,0.334,2,6,否
休闲,0.286,2.8,16.8,是
洗化,1,9.9,9.9,否
蔬果,0.222,17.76,80,否
休闲,1,2.5,2.5,否
休闲,-1,-13.5,13.5,否
日配,1,2.8,2.8,否
蔬果,0.666,15.32,23,否
蔬果,0.59,16.4,27.8,否
休闲,1,17.5,17.5,否
蔬果,1,2,2,否
熟食,0.506,3.04,6,否
休闲,1,8.5,8.5,否
休闲,1,3.9,5.2,是
蔬果,0.074,0.67,9,否
粮油,1,5.9,5.9,否
日配,12,80.4,6.7,否
冲调,1,11.3,11.3,否
蔬果,0.574,17.22,30,否
蔬果,0.206,1.98,9.6,否
休闲,0.154,10.93,71,否
熟食,0.67,4.02,6,否
蔬果,0.328,1.84,5.6,否
蔬果,0.504,3.31,6.56,否
蔬果,0.832,19.14,23,否
休闲,1,5.9,5.9,否
蔬果,0.808,4.52,5.6,否
休闲,1,7.9,12.9,是
蔬果,0.24,2.16,9,否
蔬果,0.358,8.23,23,否
休闲,0.164,5.54,51.6,是
蔬果,0.262,1.82,5.8,否
粮油,1,48.9,59.9,是
日配,12,58.9,5.3,是
熟食,2,2,1,否
熟食,2,2,1,否
休闲,1,2.9,2.9,否
休闲,1,13.5,13.5,否
休闲,0.136,18.77,138,否
日配,1,10.8,14.9,是
洗化,1,16.9,19.9,是
洗化,1,4.9,6.7,是
休闲,0.114,4.98,51.6,是
休闲,1,5.9,8.9,是
酒饮,1,6,6,否
日配,1,8.3,8.3,否
蔬果,0.484,0.95,1.96,否
蔬果,0.78,5.12,6.56,否
休闲,1,6.5,6.5,否
蔬果,2,20,10,否
蔬果,0.218,1.43,6.56,否
洗化,1,1.7,1.7,否
蔬果,2,3,1.5,否
蔬果,0.146,0.96,6.56,否
蔬果,0.489,1.45,2.96,否
熟食,2,2,1,否
粮油,1,4.9,4.9,否
蔬果,1.036,5.18,5,否
粮油,1,1.3,1.3,否
粮油,1,7.7,7.7,否
蔬果,0.612,7.33,11.98,否
休闲,1,7.5,9.9,是
休闲,0.228,15.91,69.8,否
休闲,0.144,3.7,39.6,是
休闲,1,3.5,3.5,否
洗化,1,11.9,15.5,是
休闲,0.186,6.28,51.6,是
蔬果,0.413,1.65,4,否
蔬果,0.972,5.8,23,否
粮油,0.648,3.8,6.8,是
粮油,1,1.9,1.9,否
酒饮,1,5.5,5.5,否
粮油,1,26.9,27.9,是
酒饮,1,48,48,否
蔬果,1.034,2.05,1.98,否
蔬果,0.408,4.06,9.96,否
蔬果,0.688,5.23,7.6,否
日配,12,66,5.5,否
蔬果,0.338,0.87,2.58,否
休闲,0.248,10.83,51.6,是
日配,1,10.8,10.8,否
休闲,1,21.9,27.9,是
日配,24,60,3,是
休闲,1,4.5,4.5,否
日配,16,33.6,2.1,否
休闲,1,3.9,3.9,否
蔬果,1.24,18.6,15,否
蔬果,0.228,2.05,9,否
休闲,1,7.9,7.9,否
休闲,0.504,4.9,17.8,是
休闲,1,6.9,9.5,是
粮油,1,7.7,7.7,否
洗化,1,11.7,11.7,否
休闲,0.074,2.95,39.8,否
休闲,1,2.9,2.9,否
粮油,1,3.3,3.3,否
休闲,0.286,9.6,51.6,是
蔬果,0.254,2.44,9.6,否
蔬果,0.384,2.52,6.56,否
蔬果,0.468,2.34,5,否
日配,0.694,9.72,14,否
休闲,0.216,2.9,19.6,是
休闲,1,4.5,4.5,否
休闲,1,4.5,4.5,否
休闲,1,3.9,5.2,是
休闲,1,6.3,6.3,否
蔬果,0.64,4.2,6.56,否
休闲,0.138,8.25,59.8,否
蔬果,0.614,1.57,2.56,否
粮油,1,3.5,4.5,是
休闲,1,1.9,2.3,是
休闲,0.392,13.2,51.6,是
粮油,6,3,0.5,否
蔬果,1,5.2,5.2,否
粮油,1,2.8,2.8,否
粮油,1,99.9,109.9,是
酒饮,1,5,5,否
粮油,1,3.7,3.7,否
蔬果,1,30,30,否
酒饮,1,4,4,否
蔬果,0.444,0.88,1.98,否
蔬果,0.53,2.97,5.6,否
蔬果,0.974,3.9,4,否
休闲,1,5.3,5.3,否
家居,1,17,17,否
蔬果,0.26,1.81,6.96,否
洗化,1,5.3,5.3,否
休闲,1,13.3,13.3,否
洗化,1,2.9,3.9,是
蔬果,0.524,3.76,5.56,否
蔬果,0.406,1.62,4,否
蔬果,4.072,48.78,11.98,否
酒饮,1,23,23,否
休闲,1,8.5,10.5,是
蔬果,0.222,1.11,5,否
日配,1,3.9,6,是
休闲,1,1.9,2.3,是
蔬果,0.292,2.8,9.6,否
蔬果,0.47,1.21,2.58,否
休闲,0.164,7.18,51.6,是
日配,1.6,22.4,14,否
日配,3,8.4,2.8,否
休闲,0.22,5.67,39.6,是
蔬果,1.356,2.66,1.96,否
日配,1,15.9,21.9,是
休闲,1,23.9,29.8,是
休闲,1,4.3,4.3,否
蔬果,0.826,12.39,15,否
肉禽,0.624,12.36,19.8,否
粮油,1,2.9,2.9,否
日配,1,8.9,8.9,否
家居,1,65,65,否
蔬果,0.122,0.8,6.56,否
蔬果,0.358,3.22,9,否
蔬果,1,4.2,4.2,否
日配,1,5.9,7.5,是
蔬果,0.268,1.6,5.98,否
蔬果,1.996,15.93,7.98,否
粮油,1,14.7,14.7,否
洗化,1,14.9,15.9,是
休闲,1,2.7,2.7,否
蔬果,0.272,0.7,2.58,否
蔬果,1,2,2,否
蔬果,0.516,1.33,2.58,否
蔬果,0.912,5.07,5.56,否
蔬果,0.475,0.94,1.98,否
休闲,0.208,4.11,27.8,是
熟食,4,2,0.5,否
蔬果,0.41,8.2,20,否
蔬果,1,4.8,20,否
休闲,1,3.9,3.9,否
家居,1,40,40,否
日配,1,10.9,15.9,是
蔬果,0.204,1.96,9.6,否
熟食,0.226,6.33,28,否
肉禽,1.088,21.54,19.8,否
蔬果,0.713,1.28,1.8,否
休闲,1,10.9,10.9,否
蔬果,0.803,5.27,6.56,否
休闲,0.08,1.1,19.8,是
蔬果,0.722,1.44,2,否
休闲,1,5.9,6.9,是
日配,1,7.9,7.9,否
休闲,1,12.9,12.9,否
蔬果,0.622,3.11,5,否
蔬果,0.215,3.35,15.6,否
洗化,1,3.7,3.7,否
休闲,0.272,5.38,25,是
休闲,1,1.3,1.3,否
蔬果,1.068,2.09,1.96,否
蔬果,-0.382,-2.12,5.56,否
蔬果,0.382,2.36,5.56,否
蔬果,0.472,4.7,9.96,否
粮油,1,7.9,7.9,否
肉禽,1.18,49.32,41.8,否
休闲,0.532,5.21,17.8,是
粮油,1,7.9,8.2,是
休闲,1,5.9,5.9,否
洗化,1,9.9,11.7,是
粮油,1,9.9,9.9,否
日配,1,18.3,18.3,否
日配,5,13.5,2.7,否
酒饮,1,2.5,2.5,否
粮油,1,1.2,1.3,否
蔬果,1.98,35.24,17.8,否
蔬果,0.154,0.55,3.56,否
日配,12,52.8,4.4,否
酒饮,1,6.9,6.9,否
休闲,1,3.5,3.5,否
洗化,1,9.9,8.9,是
蔬果,0.294,1.65,5.6,否
休闲,1,5.9,6.9,是
休闲,1,7.5,7.5,否
粮油,1,7.9,7.9,否
粮油,1,3.9,3.9,否
蔬果,0.51,1.32,2.58,否
蔬果,0.307,1.78,5.8,否
日配,1,30.3,30.3,否
日配,6,40.2,6.7,否
冲调,1,32.9,36,是
日配,1,10.3,10.3,否
休闲,1,17.9,17.9,否
蔬果,0.394,2.58,6.56,否
蔬果,0.23,0.82,3.56,否
休闲,0.434,5.92,19.6,是
休闲,1,4.2,4.2,否
日配,6,40.2,6.7,否
日配,0.668,11.89,17.8,否
休闲,1,10,10,否
蔬果,0.592,7.1,12,否
休闲,1,18.9,18.9,否
冲调,1,25.7,25.7,否
休闲,1,6.9,6.9,否
休闲,1,9.9,9.9,否
日配,12,39,3.8,是
蔬果,0.456,10.49,23,否
蔬果,0.366,5.86,16,否
蔬果,0.412,3.13,7.6,否
水产,0.224,6.72,30,否
蔬果,0.886,8.82,9.96,否
休闲,1,24.6,24.6,否
日配,1.074,20.62,19.2,否
冲调,1,11.9,17.3,是
酒饮,1,23,23,否
洗化,1,7.9,7.9,否
蔬果,0.541,2.06,3.8,否
日配,1,31.7,31.7,否
日配,0.348,6.19,17.8,否
休闲,1,4,4,否
日配,1,11.9,14.9,是
蔬果,0.954,5.53,5.8,否
洗化,1,14.9,14.9,否
洗化,1,16.9,16.9,否
蔬果,0.518,1.34,2.58,否
肉禽,0.636,18.95,29.8,否
日配,1.21,21.54,17.8,否
蔬果,0.97,1.75,1.8,否
日配,1.676,16.72,14,否
蔬果,0.593,1.19,2,否
蔬果,0.578,9.25,16,否
蔬果,0.355,0.53,1.48,否
家居,1,8,8,否
蔬果,0.712,3.99,5.6,否
休闲,1,4.9,4.9,否
蔬果,2.269,5.85,2.58,否
洗化,8,15.2,1.9,否
肉禽,0.338,6.69,19.8,否
日配,1.038,7.04,6.78,否
休闲,1,4.9,4.9,否
酒饮,1,6.5,6.5,否
粮油,1,1.7,1.7,否
蔬果,0.472,2.83,6,否
粮油,1,1.5,1.5,否
蔬果,0.7,2.1,7.8,否
休闲,0.178,3.5,25,是
日配,1.066,7.23,6.78,否
蔬果,0.746,5.82,7.8,否
酒饮,1,6.5,6.5,否
蔬果,0.408,0.8,1.96,否
日配,1,8.9,12.9,是
酒饮,1,1.3,1.3,否
蔬果,0.414,3.73,9,否
蔬果,0.694,1.37,1.98,否
肉禽,0.228,6.34,27.8,否
蔬果,0.52,3.12,2.58,否
粮油,1,3.7,3.7,否
针织,1,3.9,6,是
洗化,1,8.9,8.9,否
粮油,1,20.3,20.3,否
蔬果,0.42,2.44,5.8,否
休闲,1,11.8,11.8,否
蔬果,0.163,0.91,5.6,否
休闲,0.26,6.7,33.8,是
蔬果,0.99,1.98,2,否
蔬果,0.44,7.04,16,否
粮油,1,9.5,9.5,否
肉禽,0.192,5.72,29.8,否
粮油,1,8.5,8.5,否
蔬果,0.65,1.68,2.58,否
粮油,1,6.7,6.7,否
休闲,1,3.3,3.7,是
粮油,1,15.5,15.5,否
蔬果,0.384,3.46,9,否
蔬果,0.415,1.07,2.58,否
蔬果,1,5.8,5.8,否
休闲,0.39,13.18,51.6,是
日配,1,1.8,1.8,否
休闲,1,2.9,2.9,否
洗化,1,24.7,24.7,否
粮油,1,0.5,0.5,否
休闲,4,5.2,1.3,否
日配,1,8.9,12.9,是
蔬果,0.448,1.16,2.58,否
日配,1,4.9,5.5,是
休闲,0.262,3.6,19.6,是
家居,1,39,49,是
日配,1.774,24.84,14,否
蔬果,0.423,2.45,5.8,否
粮油,1,2,2,否
粮油,1,3.9,3.9,否
休闲,1,6.9,6.9,否
家居,1,14,14,否
酒饮,1,15.3,15.3,否
蔬果,0.236,0.7,2.96,否
冲调,1,11.7,11.7,否
休闲,0.41,5.65,19.6,是
粮油,1,20.3,20.3,否
蔬果,0.776,1.54,1.98,否
日配,1,16.9,16.9,否
日配,15,26.9,2.4,是
休闲,0.41,21.92,54,否
蔬果,0.342,3.28,9.6,否
粮油,1,7.7,7.7,否
蔬果,1.048,8.36,7.98,否
熟食,0.001,0.02,20,否
冲调,1,28.7,28.7,否
洗化,1,12.9,18.7,是
蔬果,0.202,1.94,9.6,否
蔬果,0.37,0.73,1.96,否
蔬果,0.492,2.85,5.8,否
蔬果,0.35,5.88,16.8,否
粮油,1,6.9,6.9,否
蔬果,0.276,2.2,7.96,否
蔬果,0.465,1.19,2.56,否
洗化,1,16.7,16.7,否
休闲,1,10.9,10.9,否
蔬果,0.542,1.39,2.56,否
休闲,1,4,4,否
日配,16,34.8,2.7,是
休闲,1,3.5,3.5,否
蔬果,0.202,1.57,7.76,否
蔬果,0.364,0.54,1.48,否
蔬果,0.194,0.97,5,否
休闲,1,2.5,3.5,是
休闲,1,2.8,2.8,否
休闲,1,11.9,11.9,否
休闲,0.172,3.4,25,是
蔬果,1,4.98,4.98,否
粮油,1,2,2,否
日配,1.546,21.64,14,否
洗化,1,44.9,44.9,否
休闲,0.194,6.55,51.6,是
日配,1,11.5,11.5,否
休闲,1,11.8,11.8,否
蔬果,0.53,7.09,11.8,否
休闲,1,8.7,8.7,否
蔬果,0.642,1.27,1.98,否
粮油,3.626,15.23,4.2,否
日配,1,10.4,10.4,否
蔬果,0.948,6.22,6.56,否
蔬果,0.284,1.7,6,否
洗化,1,20.9,20.9,否
蔬果,0.594,4.5,16.8,否
日配,1,4.9,5.7,是
蔬果,0.662,1.18,1.78,否
日配,0.384,6.84,17.8,否
休闲,0.392,7.76,19.8,否
蔬果,0.538,1.05,1.96,否
蔬果,0.642,1.16,1.8,否
休闲,1,10,10,否
熟食,4,2,0.5,否
蔬果,0.611,4.01,6.56,否
酒饮,1,20.3,20.3,否
洗化,1,12.9,12.9,否
酒饮,10,75,7.5,否
蔬果,0.45,11.25,25,否
日配,1,5.9,7.5,是
休闲,1,1.9,3.5,是
洗化,1,32.9,32.9,否
粮油,1,8.3,8.3,否
熟食,0.286,8.01,28,否
肉禽,0.268,5.25,19.6,否
蔬果,1.386,31.88,23,否
蔬果,0.438,1.13,2.58,否
日配,0.854,11.96,14,否
粮油,2.14,8.99,4.2,否
冲调,1,2.2,3,是
日配,1,9.8,9.8,否
休闲,0.242,4.7,25,是
蔬果,0.584,5.61,9.6,否
蔬果,0.744,4.32,5.8,否
洗化,1,20.9,20.9,否
蔬果,0.818,1.6,1.96,否
日配,1.916,12.99,6.78,否
熟食,0.1,2,20,否
酒饮,1,3.9,4.5,是
休闲,1,12,12,否
酒饮,1,93,93,否
休闲,1,6.9,6.9,否
粮油,0.404,2.41,10.8,是
洗化,1,13.9,19.9,是
蔬果,0.402,1.03,2.56,否
洗化,1,16.9,16.9,否
日配,0.786,11,14,否
肉禽,0.454,8.99,19.8,否
蔬果,0.458,1.81,3.96,否
蔬果,0.381,2.21,5.8,否
蔬果,0.162,1.29,7.96,否
蔬果,0.548,1.4,2.56,否
粮油,1,1,1,否
粮油,1,5.7,5.7,否
洗化,1,11.9,15.7,是
休闲,1,2.5,3.5,是
日配,1,8.9,12.9,是
日配,1,5.5,6.5,是
休闲,0.19,8.3,51.6,是
日配,0.8,11.2,14,否
休闲,0.122,4.86,39.8,否
粮油,1,18.9,22.5,是
蔬果,0.768,4.3,5.6,否
休闲,1,3.5,3.5,否
休闲,1,4.5,5.5,是
休闲,1,4.9,4.9,否
休闲,1,4.9,4.9,否
日配,1,7.5,7.5,否
蔬果,0.68,11.97,17.6,否
日配,1.588,22.23,14,否
休闲,1,1.9,3.5,是
休闲,0.69,48.99,71,否
蔬果,0.914,2.36,2.58,否
粮油,1,14.7,14.7,否
休闲,0.378,12.7,51.6,是
洗化,6,35.4,7.2,是
蔬果,0.826,12.39,15,否
洗化,1,69,69,否
酒饮,1,3.5,3.5,否
酒饮,10,220,22,否
粮油,1,5.7,5.7,否
蔬果,0.354,4.25,12,否
蔬果,0.955,3.8,1.98,否
蔬果,0.63,3.15,5,否
休闲,0.212,4.1,27.8,是
粮油,1,2.2,2.3,否
蔬果,0.367,1.45,3.96,否
日配,1,5.9,8.3,是
酒饮,1,59.7,59.7,否
蔬果,1.63,3.19,1.96,否
蔬果,0.4,1.03,2.58,否
针织,1,7.9,11,是
蔬果,0.578,32.37,56,否
休闲,1,10.5,10.5,否
蔬果,0.776,3.1,4,否
蔬果,0.278,1.66,5.98,否
蔬果,0.552,4.75,8.6,否
蔬果,0.879,4.89,5.56,否
粮油,1,3.9,3.9,否
冲调,1,2.2,3,是
日配,1,5.3,5.3,否
酒饮,1,9.9,12.3,是
日配,1,16.9,16.9,否
日配,1,5.3,5.3,否
蔬果,1,4.98,4.98,否
蔬果,0.172,1.65,9.6,否
粮油,1,7.5,7.5,否
家居,1,9.9,20,是
熟食,0.001,0.02,20,否
洗化,1,3.9,3.9,否
家居,1,9.9,14,是
蔬果,0.298,5.96,20,否
蔬果,0.306,3.05,9.96,否
蔬果,2.202,10.96,5.96,否
休闲,0.768,10.5,19.6,是
蔬果,0.296,1.94,6.56,否
洗化,1,8.5,12,是
蔬果,0.21,3.28,15.6,否
日配,5,11.5,2.3,否
日配,1,9.9,13.2,是
蔬果,1.176,3.03,2.58,否
蔬果,0.47,4.68,9.96,否
蔬果,0.532,0.96,1.8,否
休闲,1,4.7,4.7,否
休闲,0.41,5.6,19.6,是
洗化,1,33.9,33.9,否
蔬果,0.378,2.12,5.6,否
针织,1,7.5,7.5,否
粮油,2.522,14.07,5.58,否
日配,1,5.5,5.5,否
蔬果,2.088,12.44,5.96,否
粮油,1,6.7,6.7,否
蔬果,0.736,7.33,9.96,否
日配,1.01,19.39,19.2,否
蔬果,0.783,1.55,1.98,否
蔬果,0.346,1.73,5,否
休闲,1,13.5,13.5,否
粮油,1,5.3,5.3,否
洗化,1,5.9,5.9,否
粮油,2,5.6,2.8,否
蔬果,0.532,1.58,1.8,否
蔬果,0.296,1.94,6.56,否
休闲,0.382,12.14,51.6,是
蔬果,0.422,7.6,18,否
洗化,1,69,69,否
洗化,1,24.9,24.9,否
粮油,6,16.2,2.7,否
蔬果,0.532,3.09,5.8,否
日配,6,40.2,6.7,否
蔬果,0.773,1.98,2.56,否
粮油,1,7.9,7.9,否
洗化,1,44.9,44.9,否
蔬果,1.079,2.11,1.96,否
蔬果,0.59,2.36,4,否
针织,1,3.9,5.5,是
蔬果,0.306,2.01,6.56,否
蔬果,0.495,7.43,15,否
休闲,1,2.9,2.9,否
日配,1,8.9,12.9,是
酒饮,1,3,3,否
熟食,0.64,3.84,6,否
水产,0.684,13.41,19.6,否
蔬果,0.288,5.7,19.8,否
粮油,4,6.8,1.7,否
冲调,1,4.9,4.9,否
蔬果,0.802,1.57,1.96,否
蔬果,1.354,5.39,3.98,否
蔬果,0.502,7.53,15,否
日配,6,40.2,6.7,否
日配,16,26.9,2.1,是
蔬果,0.178,1.71,9.6,否
日配,12,49,5.5,是
日配,20,40,2,否
粮油,1,13.9,13.9,否
肉禽,0.216,5.53,25.6,否
蔬果,0.272,2.61,9.6,否
蔬果,0.472,0.85,1.8,否
日配,1,30.9,31.7,否
蔬果,1.068,29.69,27.8,否
蔬果,1.15,5.7,6.56,否
日配,6,40.2,6.7,否
粮油,1,35.9,35.9,否
洗化,1,10.9,10.9,否
休闲,1,8.3,8.3,否
蔬果,0.727,1.86,2.56,否
蔬果,0.29,1.45,5,否
蔬果,0.514,2.04,3.96,否
蔬果,0.458,4.4,9.6,否
蔬果,2.38,4.66,1.96,否
粮油,1,12.9,12.9,否
休闲,0.16,5,51.6,是
日配,1,9.9,9.9,否
熟食,0.001,0.02,20,否
蔬果,0.353,2.32,6.56,否
休闲,1,2.9,2.9,否
日配,1,8.9,8.9,否
粮油,3.06,12.85,4.2,否
休闲,0.326,3.19,17.8,是
蔬果,1.384,24.36,17.6,否
休闲,1,16.9,16.9,否
日配,1,6.3,6.3,否
蔬果,0.47,3.08,6.56,否
蔬果,0.57,1.46,2.56,否
蔬果,0.23,1.78,7.76,否
蔬果,0.874,13.11,15,否
休闲,0.306,6.05,25,是
蔬果,0.238,2.28,9.6,否
日配,1,2,2,否
酒饮,40,480,12,否
洗化,1,43.9,79.9,是
洗化,1,4.7,4.7,否
日配,15,26.9,2.4,是
日配,0.828,11.59,14,否
蔬果,0.518,2.59,5,否
休闲,0.26,5.15,19.8,否
粮油,1,11.7,11.7,否
洗化,1,12.9,17.7,是
蔬果,0.539,3.54,6.56,否
日配,0.462,15.06,32.6,否
粮油,1,10.7,10.7,否
熟食,0.332,1.99,6,否
蔬果,2.092,4.18,2,否
蔬果,0.306,6.12,20,否
蔬果,0.446,2.59,5.8,否
蔬果,0.806,4.67,5.8,否
粮油,0.254,5.69,22.4,否
洗化,1,7.7,7.7,否
日配,1,13.3,13.3,否
粮油,1,4.7,4.7,否
蔬果,0.366,2.85,7.8,否
蔬果,0.162,1.46,9,否
冲调,1,9.3,9.3,否
日配,1,15.7,15.7,否
日配,0.498,16.23,32.6,否
蔬果,0.262,1.31,5,否
洗化,1,42.7,42.7,否
粮油,1,7.5,7.7,否
蔬果,0.898,5.9,23,否
肉禽,0.628,12.43,19.8,否
日配,1,2.4,2.4,否
蔬果,0.786,2.01,2.56,否
蔬果,0.754,9.03,11.98,否
肉禽,0.58,11.02,19,否
蔬果,0.224,1.3,5.8,否
蔬果,0.528,1.99,2.56,否
蔬果,0.316,1.89,5.98,否
蔬果,1.106,6.59,5.96,否
洗化,1,7.5,9.7,是
休闲,0.292,2.85,16.8,是
粮油,2,7.8,3.9,否
蔬果,0.466,3.06,6.56,否
日配,12,66,5.5,否
蔬果,0.358,4.3,12,否
蔬果,1.372,10.95,7.98,否
家电,1,4.5,4.5,否
蔬果,0.73,1.43,1.96,否
日配,1,14.9,14.9,否
休闲,0.206,12.36,60,否
日配,12,80.4,6.7,否
蔬果,0.468,1.87,4,否
日配,6,40.2,6.7,否
蔬果,0.302,6.04,20,否
蔬果,0.604,1.55,2.56,否
休闲,0.274,5.4,25,是
蔬果,0.664,1.7,2.56,否
粮油,1,13.3,13.3,否
蔬果,0.224,1.3,5.8,否
蔬果,0.423,0.84,1.98,否
蔬果,0.23,1.78,7.76,否
日配,1,6.3,6.3,否
粮油,3,1.5,0.5,否
粮油,1,7.9,7.9,否
休闲,1,2.9,2.9,否
日配,32,67.2,2.8,是
家居,1,5,5,否
休闲,8,37.6,4.7,否
休闲,1,1.9,1.9,否
日配,24,60,3,是
蔬果,0.726,1.87,2.58,否
粮油,1,2.9,2.9,否
蔬果,1.286,3.32,2.58,否
蔬果,0.278,2.5,9,否
蔬果,0.236,1.83,7.76,否
日配,1,13.9,16.3,是
蔬果,0.29,3.59,9,否
蔬果,0.366,10.98,30,否
休闲,1,52,52,否
休闲,12,54,4.5,否
日配,0.798,11.17,14,否
粮油,1,3.9,3.9,否
蔬果,0.17,1.35,7.96,否
日配,0.752,10.53,14,否
肉禽,0.958,18.97,19.8,否
蔬果,1.008,17.94,17.8,否
日配,1,8.6,8.6,否
蔬果,1.08,6.44,5.96,否
蔬果,0.902,7.2,7.98,否
蔬果,0.318,0.88,2.78,否
熟食,0.356,2.14,6,否
蔬果,0.57,1.46,2.56,否
蔬果,0.318,0.88,2.78,否
蔬果,0.224,4.84,21.6,否
蔬果,2,8,4,否
蔬果,1.502,17.99,11.98,否
粮油,4,130,33.9,是
粮油,1,7.9,7.9,否
粮油,1,7.7,7.7,否
熟食,0.178,13.53,76,否
洗化,1,27,27,否
蔬果,0.38,2.27,5.98,否
蔬果,0.47,4.68,9.96,否
日配,16,29.9,2.8,是
蔬果,0.23,4.6,20,否
肉禽,0.29,8.06,27.8,否
蔬果,0.518,1.03,1.98,否
蔬果,0.47,14.66,31.2,否
洗化,1,10.9,10.9,否
粮油,1,3.7,3.7,否
休闲,1,9.9,9.9,否
家居,1,10,10,否
日配,2,3.2,2,是
日配,1,3.9,4.9,是
洗化,1,21.9,21.9,否
肉禽,0.3,6.9,23,否
蔬果,0.302,0.78,2.58,否
蔬果,0.3,6,20,否
日配,0.694,9.72,14,否
粮油,1,8.9,8.9,否
粮油,1,7.3,7.3,否
休闲,0.26,11.39,43.8,否
蔬果,0.664,1.7,2.56,否
肉禽,0.192,7.68,40,否
蔬果,0.376,3.7,16,否
蔬果,0.196,1.76,9,否
蔬果,0.356,0.53,1.48,否
蔬果,0.078,0.7,9,否
洗化,1,11.9,11.9,否
日配,0.818,11.45,14,否
蔬果,0.478,3.14,6.56,否
日配,2,5.4,2.7,否
蔬果,0.349,1.74,5,否
日配,1.646,23.04,14,否
日配,0.968,13.55,14,否
蔬果,0.264,5.28,20,否
肉禽,1.298,54.26,41.8,否
肉禽,0.22,3.87,17.6,否
休闲,1,5.3,5.3,否
日配,1,8,8,否
粮油,1,54.9,54.9,否
蔬果,0.784,40.83,52.08,否
蔬果,0.188,1.09,5.8,否
日配,1,5.7,5.9,否
休闲,0.426,4.1,16.8,是
日配,0.498,16.23,32.6,否
蔬果,0.892,2.3,2.58,否
日配,1,6.7,6.7,否
针织,1,14.9,14.9,否
蔬果,1.478,47,31.8,否
日配,0.736,10.3,14,否
粮油,2,3.4,1.7,否
日配,1,6.8,8.3,是
蔬果,0.312,4.99,16,否
蔬果,0.234,1.3,5.56,否
休闲,1,4.5,4.5,否
洗化,1,7.9,7.9,否
酒饮,1,9.9,11.9,是
日配,0.882,7.5,8.5,否
蔬果,0.593,3.4,2.58,否
日配,3,4.8,2,是
蔬果,0.426,1.7,3.98,否
粮油,2.408,13.44,5.58,否
蔬果,0.361,2.02,5.6,否
蔬果,0.402,3.86,9.6,否
蔬果,0.22,1.72,7.8,否
蔬果,0.408,4.9,12,否
休闲,4,87.6,21.9,否
蔬果,0.206,1.15,5.56,否
酒饮,1,2.5,2.5,否
蔬果,1.7,10.13,5.96,否
休闲,0.506,25.2,49.8,否
粮油,1,1.7,1.7,否
休闲,1,1.9,1.9,否
肉禽,0.498,14.84,29.8,否
蔬果,0.79,23.7,30,否
蔬果,0.314,1.12,3.56,否
家居,1,9.9,20,是
冲调,1,2.2,3,是
粮油,1,6.7,6.7,否
洗化,1,4.5,4.9,是
蔬果,1.055,2.72,2.58,否
肉禽,0.254,6.5,25.6,否
粮油,1,4.7,4.7,否
蔬果,0.836,1.66,1.98,否
肉禽,0.58,11.02,19,否
蔬果,0.802,1.57,1.96,否
蔬果,0.4,7.2,18,否
日配,1.56,21.84,14,否
蔬果,0.436,0.78,1.8,否
蔬果,0.324,3.89,12,否
日配,1,6.6,8.3,是
熟食,0.212,16.11,76,否
蔬果,0.462,4.6,9.96,否
休闲,0.264,5.2,25,是
蔬果,0.714,14.14,19.8,否
蔬果,0.47,3.08,6.56,否
日配,1,5.9,7.7,是
蔬果,0.48,2.78,5.8,否
日配,5,5,1,否
蔬果,0.372,0.6,1.6,否
休闲,0.318,10.1,51.6,是
蔬果,0.638,1.9,2.56,否
蔬果,0.256,1.99,7.76,否
针织,1,3,3,否
洗化,1,8.7,8.7,否
洗化,1,9.9,15.9,是
休闲,1,4.5,4.5,否
洗化,1,43.9,79.9,是
洗化,1,5.9,8,是
日配,1,7.9,7.9,否
肉禽,0.932,18.27,19.6,否
蔬果,0.434,0.86,1.98,否
粮油,0.636,8.78,13.8,否
蔬果,0.188,3.76,20,否
蔬果,0.4,5.59,18,否
蔬果,0.806,1.6,1.98,否
日配,1,11.9,11.9,否
休闲,1,23.9,23.9,否
休闲,0.258,8.2,51.6,是
蔬果,0.086,0.31,3.56,否
粮油,1,8.5,8.5,否
蔬果,1,4.2,4.2,否
蔬果,0.334,1.94,5.8,否
日配,1,5.9,7.7,是
日配,16,38.4,2.7,是
日配,0.828,11.59,14,否
日配,1,11.9,11.9,否
蔬果,0.103,2.37,23,否
休闲,1,7.5,7.5,否
粮油,3,1.5,0.5,否
粮油,1,7.7,7.7,否
针织,1,3.9,3.9,否
蔬果,0.276,1.55,5.6,否
洗化,1,4.9,4.9,否
洗化,1,11.9,11.9,否
休闲,1,5.9,5.9,否
肉禽,0.538,19.26,35.8,否
粮油,1,23.9,23.9,否
粮油,1,2.5,2.7,否
洗化,1,35.9,35.9,否
蔬果,0.514,2.04,3.96,否
蔬果,0.224,4.84,21.6,否
蔬果,0.29,1.45,5,否
熟食,0.356,2.14,6,否
日配,1,8.9,12.9,是
日配,1,1.8,1.8,否
粮油,1,6.7,6.7,否
粮油,1,8.9,8.9,否
休闲,0.14,7.81,55.8,否
休闲,1,9.9,9.9,否
日配,1,13.9,16.3,是
蔬果,1.078,2.11,1.96,否
粮油,1,2.5,2.5,否
日配,0.8,11.2,14,否
粮油,1,11.9,11.9,否
蔬果,0.456,2.28,5,否
休闲,1,5.9,5.9,否
洗化,1,108,108,否
肉禽,0.982,25.34,25.8,否
粮油,1,1.3,1.3,否
日配,1,2.7,2.7,否
洗化,1,5.7,5.7,否
肉禽,0.638,16.46,25.8,否
蔬果,0.506,10.12,20,否
蔬果,0.485,1.24,2.56,否
熟食,0.828,4.97,6,否
蔬果,0.31,2.16,6.96,否
粮油,1,8.5,8.5,否
粮油,1,2.8,2.8,否
休闲,0.164,5.21,51.6,是
蔬果,0.398,3.42,8.6,否
洗化,1,16.9,19.9,是
粮油,1,9.9,9.9,否
日配,1,11.9,11.9,否
熟食,1.04,20.8,20,否
休闲,0.148,8.85,59.8,否
粮油,1,1.9,1.9,否
肉禽,0.402,11.98,29.8,否
休闲,1,4.7,4.7,否
洗化,1,11.9,15.7,是
粮油,1,48.9,59.9,是
冲调,1,38,56,是
休闲,1,10.5,11.5,否
肉禽,0.588,24.58,41.8,否
粮油,1,3.9,3.9,否
蔬果,0.424,1.7,4,否
休闲,1,2.9,2.9,否
休闲,1,6.9,6.9,否
家居,1,6.5,6.5,否
休闲,1,7.5,7.5,否
蔬果,0.35,3.49,9.98,否
粮油,1,6.7,6.7,否
蔬果,0.759,1.94,2.56,否
蔬果,0.778,4.36,5.6,否
蔬果,0.896,1.76,1.96,否
休闲,0.122,3.1,39.8,是
洗化,1,3.9,3.9,否
酒饮,1,3.8,3.8,否
洗化,1,7.9,9.9,是
休闲,0.436,19,51.6,是
家居,1,10,10,否
休闲,1,1.9,2.3,是
日配,1,14.3,14.3,否
蔬果,0.362,9.34,25.8,否
蔬果,0.76,4.41,5.8,否
蔬果,0.272,1.36,5,否
日配,6,40.2,6.7,否
洗化,1,2.7,2.7,否
休闲,1,5.5,5.5,否
蔬果,0.578,10.17,17.6,否
日配,1,22.9,22.9,否
休闲,1,3.5,3.5,否
蔬果,1.704,15.3,7.98,否
蔬果,0.662,1.3,1.96,否
熟食,4,2,0.5,否
休闲,1,6.9,9.9,是
休闲,0.156,4.31,27.6,否
洗化,1,9.7,9.7,否
日配,15,26.9,2.4,是
粮油,1,2.7,2.7,否
休闲,1,2.6,2.6,否
蔬果,0.312,3,9.6,否
日配,1,4.9,5.7,是
蔬果,0.323,1.87,5.8,否
休闲,0.096,4.38,45.6,否
休闲,1,2.9,2.9,否
洗化,1,7.7,7.7,否
蔬果,0.134,0.67,4.98,否
日配,0.714,10,14,否
蔬果,1.066,18.76,17.6,否
熟食,0.001,0.02,20,否
休闲,1,8.9,8.9,否
蔬果,0.516,3.27,6.56,否
蔬果,1.174,9.37,7.98,否
蔬果,0.717,1.42,1.98,否
粮油,0.788,10.87,13.8,否
蔬果,0.724,3.62,5,否
酒饮,1,4,4,否
休闲,1,9.7,10.9,是
水产,0.506,10.02,19.8,否
蔬果,0.109,2.18,20,否
蔬果,0.178,1.77,9.96,否
熟食,4,2,0.5,否
蔬果,0.344,4.13,12,否
肉禽,0.436,8.28,19,否
粮油,1,9.5,9.5,否
粮油,1,1.9,1.9,否
粮油,1,11.3,11.3,否
日配,1,3.3,3.3,否
休闲,0.522,9.29,17.8,否
日配,0.366,5.42,14.8,否
蔬果,0.226,1.72,7.6,否
日配,1,6.3,6.3,否
家居,1,8.9,8.9,否
蔬果,1,2,2,否
蔬果,0.1,0.9,9,否
蔬果,0.2,0.52,2.58,否
休闲,0.168,7.35,51.6,是
蔬果,0.298,0.59,1.98,否
蔬果,0.42,4.03,9.6,否
蔬果,0.292,1.92,6.56,否
日配,1,13.3,13.3,否
蔬果,0.404,6.06,15,否
蔬果,0.998,3.99,4,否
蔬果,0.232,2.23,9.6,否
洗化,1,6.9,6.9,否
蔬果,0.414,2.3,5.56,否
家居,1,55,55,否
蔬果,0.556,3.11,5.6,否
粮油,1,1.7,1.7,否
日配,16,38.4,2.7,是
日配,1,7.9,10.3,是
蔬果,0.254,1.67,6.56,否
日配,1.14,7.73,6.78,否
肉禽,0.506,9.92,19.6,否
蔬果,0.539,3.54,6.56,否
蔬果,0.29,2.89,9.96,否
针织,1,2.9,2.9,否
休闲,1,3.5,3.5,否
蔬果,0.454,2.98,6.56,否
蔬果,0.902,5.38,5.96,否
日配,1.348,9.14,6.78,否
休闲,0.48,13.34,27.8,否
休闲,1,4.9,6.9,是
粮油,1,27.7,27.7,否
蔬果,0.346,3.11,9,否
粮油,1,8.5,8.5,否
蔬果,1.14,9,4,否
粮油,1,8.5,8.5,否
蔬果,0.374,3.37,9,否
粮油,1,9.9,17.3,是
日配,6,40.2,6.7,否
蔬果,0.83,12.45,15,否
蔬果,0.364,2.9,7.96,否
粮油,1,8.5,8.5,否
日配,1,16.5,16.9,否
蔬果,0.3,4.19,13.96,否
休闲,1,9.3,9.3,否
洗化,1,3.2,3.9,是
蔬果,0.622,3.07,30,否
粮油,1,1.9,1.9,否
日配,1,11.9,14.9,是
休闲,0.362,8.69,24,否
洗化,1,6.7,6.7,否
休闲,1,21,21,否
日配,16,38.4,2.7,是
蔬果,0.726,21.78,30,否
粮油,4.372,24.4,5.58,否
休闲,1,4.3,4.3,否
日配,1,14.3,14.3,否
蔬果,0.232,2.78,11.98,否
蔬果,0.858,5.15,6,否
蔬果,0.461,2.67,5.8,否
日配,1,8.9,12.9,是
休闲,1,2.9,2.9,否
蔬果,2.125,25.46,11.98,否
粮油,1,7.5,7.9,否
粮油,2,1,0.5,否
酒饮,1,11.7,11.7,否
蔬果,0.35,6.93,19.8,否
休闲,1,4.3,4.3,否
蔬果,0.442,8.84,20,否
粮油,2,2.6,1.3,否
日配,1,8.5,8.5,否
粮油,1,4,4,否
蔬果,0.532,4.25,7.98,否
休闲,1,4.5,4.5,否
日配,5,11.5,2.3,否
洗化,1,12.9,15.7,是
酒饮,1,4,4,否
日配,1,11.8,11.8,否
日配,0.862,5.84,6.78,否
肉禽,0.254,7.57,29.8,否
冲调,1,13.3,13.3,否
洗化,1,39.9,51.9,是
蔬果,0.204,4.69,23,否
粮油,1,7.3,7.3,否
蔬果,1.786,49.65,27.8,否
蔬果,0.248,0.98,3.96,否
日配,1,8.3,8.3,否
蔬果,0.413,2.4,5.8,否
蔬果,1.031,2.66,2.58,否
蔬果,0.736,4.27,5.8,否
蔬果,0.578,1.49,2.58,否
肉禽,0.538,10.65,19.8,否
休闲,0.118,7.06,59.8,否
肉禽,0.526,10.31,19.6,否
熟食,0.128,2.56,20,否
粮油,1,5.3,5.3,否
日配,0.812,11.37,14,否
休闲,0.282,8.4,29.8,否
蔬果,0.074,0.26,3.56,否
休闲,1,5.3,5.3,否
洗化,1,8.9,8.9,否
蔬果,0.314,2.45,7.8,否
日配,1,5.5,6.5,是
洗化,1,15.9,15.9,否
粮油,0.382,2.24,6.8,是
蔬果,0.756,4.38,5.8,否
粮油,1,14.9,14.9,否
蔬果,0.3,2.33,7.76,否
酒饮,1,13.9,13.9,否
蔬果,0.466,4.01,8.6,否
蔬果,0.478,13.29,27.8,否
休闲,1,1.3,1.3,否
蔬果,0.198,1.15,5.8,否
蔬果,0.418,13.29,31.8,否
洗化,1,25.9,32.9,是
粮油,2,6,3,否
粮油,1,9.5,9.5,否
蔬果,0.384,3.69,9.6,否
粮油,1,3.8,3.8,否
日配,1,19.3,19.3,否
休闲,1,4.5,4.5,否
蔬果,0.266,2.26,9.6,否
蔬果,0.629,4.13,6.56,否
洗化,1,5.7,5.7,否
日配,1,10.8,10.8,否
粮油,1,8.7,8.7,否
蔬果,0.926,2.39,2.58,否
休闲,0.44,6.03,19.6,是
休闲,1,21,21,否
粮油,1,1.1,1.1,否
日配,1,11.9,14.9,是
洗化,1,36.9,43.9,是
蔬果,0.51,1.01,1.98,否
蔬果,0.706,5.37,7.6,否
蔬果,1.076,8.59,7.98,否
蔬果,0.254,2.35,3.56,否
休闲,0.108,4.92,45.6,否
肉禽,0.474,9.29,19.6,否
熟食,0.001,0.02,20,否
肉禽,0.376,24.06,64,否
蔬果,0.287,1.66,5.8,否
休闲,1,6.7,6.7,否
休闲,0.192,22.46,117,否
酒饮,1,9.9,11.9,是
洗化,1,16.9,16.9,否
蔬果,0.14,0.92,6.56,否
蔬果,0.51,1.02,2,否
熟食,4,2,0.5,否
粮油,1,2.7,2.7,否
蔬果,1,1.5,1.5,否
日配,1,5.5,5.5,否
肉禽,0.436,34.88,80,否
休闲,0.168,9.37,55.8,否
蔬果,0.92,1.82,1.98,否
蔬果,1.275,7.6,5.96,否
粮油,1,7.3,7.3,否
冲调,1,28.7,28.7,否
蔬果,0.668,1.71,2.56,否
洗化,1,12.9,12.9,否
酒饮,1,3.9,4.7,是
熟食,0.3,16.8,56,否
蔬果,0.474,2.75,5.8,否
粮油,1,42.9,42.9,否
蔬果,0.664,1.31,1.98,否
文体,1,1.5,1.5,否
日配,1,8.9,12.9,是
日配,12,55,5.5,是
洗化,1,7.9,7.9,否
洗化,1,11.9,11.9,否
粮油,1,4.3,4.3,否
蔬果,0.72,1.86,2.58,否
日配,1,8.9,12.9,是
蔬果,0.324,3.23,9.96,否
日配,0.316,6,19,否
洗化,1,7.9,7.9,否
粮油,1,8.5,8.5,否
粮油,1,1.7,1.7,否
蔬果,0.269,2.58,9.6,否
蔬果,0.3,2.33,7.76,否
蔬果,0.632,1.24,1.96,否
蔬果,0.406,1.61,3.96,否
粮油,1,2.8,2.8,否
洗化,1,9.7,9.7,否
蔬果,0.718,3.99,5.56,否
蔬果,0.252,3.02,12,否
蔬果,0.712,1.84,2.58,否
蔬果,0.402,0.8,1.98,否
日配,12,55,5.5,是
肉禽,1.05,19.95,19,否
冲调,1,3.2,3.2,否
日配,1,1,1,否
休闲,1,5.9,5.9,否
蔬果,1.268,10.12,7.98,否
蔬果,0.771,2.62,2.56,否
日配,1,11,11,否
休闲,1,6.5,6.5,否
蔬果,0.34,6.8,20,否
蔬果,0.444,4.42,9.96,否
日配,1,8.9,12.9,是
酒饮,1,4.9,4.9,否
蔬果,0.404,7.27,18,否
酒饮,1,1,1,否
粮油,1,1.5,1.5,否
蔬果,0.37,2.95,7.98,否
蔬果,1.061,4.24,4,否
蔬果,0.862,2.21,2.56,否
蔬果,1,1.5,1.5,否
休闲,1,3.9,3.9,否
粮油,1,3.8,3.8,否
酒饮,1,13.3,13.3,否
蔬果,1,4.98,4.98,否
蔬果,0.61,1.56,2.56,否
粮油,1,5.9,5.9,否
休闲,0.318,8.2,39.8,是
蔬果,0.482,1.34,2.78,否
蔬果,0.968,2.5,2.58,否
粮油,1,2.8,2.8,否
蔬果,0.294,1.71,5.8,否
蔬果,0.152,1.46,9.6,否
粮油,1,6.9,6.9,否
蔬果,0.728,4.78,6.56,否
蔬果,0.61,3.05,5,否
蔬果,0.252,2.42,9.6,否
日配,1,11.9,11.9,否
蔬果,0.218,3.27,15,否
休闲,0.338,6.01,27.6,是
肉禽,0.87,16.53,19,否
休闲,1,4.3,4.3,否
蔬果,1,3,30,否
日配,1.428,19.99,14,否
休闲,1,7,7,否
蔬果,0.764,1.97,2.58,否
粮油,1,4.8,4.8,否
冲调,1,4.9,4.9,否
休闲,1,4.2,4.3,否
休闲,1,3.5,3.5,否
洗化,1,18.9,18.9,否
休闲,1,3.5,3.5,否
休闲,1,2.5,2.5,否
粮油,1,0.5,0.5,否
粮油,1,3.9,3.9,否
蔬果,0.684,3.97,5.8,否
休闲,1,3.5,3.5,否
蔬果,2.648,73.61,27.8,否
日配,0.774,5.25,6.78,否
粮油,1,1.7,1.7,否
洗化,1,5.3,5.3,否
日配,1,49,65,是
粮油,1,13.5,19.9,是
蔬果,0.316,3.03,9.6,否
休闲,0.468,20.46,51.6,是
日配,1,2.5,3.5,是
粮油,1,7.6,7.7,否
日配,1,9.9,13.2,是
酒饮,1,9.9,11.9,是
蔬果,0.21,2.52,11.98,否
蔬果,0.232,2.09,9,否
粮油,1,4.3,4.3,否
洗化,1,9.9,15.9,是
粮油,1,5.9,5.9,否
休闲,1,6.5,6.5,否
酒饮,4,8.8,2.2,否
粮油,1,3.2,3.2,否
休闲,0.196,2.7,23.8,是
粮油,1,6.7,6.7,否
蔬果,0.296,1.66,5.6,否
蔬果,0.818,2.11,2.58,否
休闲,1,6.5,6.5,否
休闲,1,7,7,否
蔬果,0.279,1.39,5,否
蔬果,0.224,2.15,9.6,否
蔬果,0.152,1.42,3.56,否
粮油,1,17.3,17.3,否
洗化,1,9.9,15.9,是
日配,1,8.6,8.6,否
熟食,4,2,0.5,否
休闲,1,3.3,3.3,否
休闲,1,13.9,13.9,否
肉禽,0.6,11.76,19.6,否
蔬果,0.576,11.52,20,否
粮油,3.576,19.95,5.58,否
洗化,2,19.8,15.9,是
洗化,1,9.9,15.9,是
日配,3.83,53.62,14,否
蔬果,0.808,1.58,1.96,否
休闲,1,10.9,10.9,否
粮油,1,14.3,14.3,否
休闲,0.442,4.33,15.8,是
洗化,1,8.9,12.9,是
肉禽,0.702,19.52,27.8,否
蔬果,0.248,0.98,3.96,否
洗化,1,59,59,否
洗化,1,9.9,15.9,是
休闲,1,2.3,2.3,否
休闲,1,4.3,4.3,否
休闲,1,2.5,2.5,否
洗化,1,2.9,3.9,是
日配,0.792,5.37,6.78,否
蔬果,0.569,1.13,1.98,否
肉禽,1.186,32.97,27.8,否
蔬果,0.864,13.82,16,否
蔬果,0.258,2,7.76,否
休闲,0.668,11.8,27.6,是
蔬果,1.002,8,7.98,否
蔬果,0.431,2.5,5.8,否
蔬果,0.584,3.39,5.8,否
日配,1,8,8,否
水产,0.69,20.7,30,否
洗化,1,7.9,11.9,是
文体,1,8.3,8.3,否
休闲,0.158,2.18,23.8,是
蔬果,0.76,3.01,3.96,否
休闲,0.354,9.84,39.6,是
粮油,4,2,0.5,否
蔬果,0.324,1.29,3.98,否
日配,1,8.9,12.9,是
蔬果,1.376,43.76,31.8,否
蔬果,0.486,11.18,23,否
日配,1,3.9,5,是
肉禽,0.27,7.51,27.8,否
洗化,1,9.9,15.9,是
日配,3,8.4,2.8,否
日配,2.278,15.44,6.78,否
蔬果,1.161,6.92,5.96,否
文体,1,3,3,否
酒饮,1,3,3,否
酒饮,1,4.7,4.7,否
粮油,1,13.9,21.9,是
休闲,0.42,7.45,27.6,是
蔬果,1.299,29.88,23,否
蔬果,0.246,1.61,6.56,否
休闲,0.226,10.31,45.6,否
酒饮,4,8.8,2.2,否
肉禽,1.228,31.68,25.8,否
蔬果,0.408,1.04,2.56,否
休闲,1,9.9,9.9,否
蔬果,0.786,3.14,4,否
休闲,1,5.3,5.3,否
肉禽,0.244,7.27,29.8,否
蔬果,0.07,0.63,9,否
休闲,0.224,3.36,23.8,是
熟食,0.532,3.19,6,否
蔬果,0.464,1.65,3.56,否
水产,1.04,8.3,7.98,否
休闲,0.2,3.96,25,是
蔬果,0.413,1.57,3.8,否
蔬果,0.234,1.98,9.6,否
蔬果,0.542,3.04,5.6,否
洗化,1,4.7,4.7,否
蔬果,0.547,1.4,2.56,否
蔬果,0.306,2.01,6.56,否
蔬果,0.808,8.05,9.96,否
蔬果,0.918,8.23,7.98,否
水产,0.586,17.58,30,否
冲调,1,16.3,16.3,否
蔬果,0.894,14.3,16,否
粮油,1,5.9,5.9,否
蔬果,0.3,2.99,9.96,否
蔬果,0.759,1.5,1.98,否
休闲,1,6.9,9.9,是
蔬果,1,5.8,5.8,否
蔬果,1.464,25.77,17.6,否
休闲,1,5.9,5.9,否
粮油,1,13.3,13.3,否
日配,1.608,22.51,14,否
日配,16,33.6,2.8,是
洗化,1,2.4,2.9,是
休闲,1,4.9,4.9,否
休闲,1,6.5,6.5,否
休闲,1,6.9,9.5,是
日配,1,2,2,否
蔬果,0.643,3.73,5.8,否
日配,1,8.9,12.9,是
蔬果,0.378,3.76,9.96,否
休闲,0.086,3.41,39.6,否
日配,1,6.7,6.7,否
水产,1.022,30.66,30,否
休闲,1,5.4,5.4,否
休闲,1,8.9,8.9,否
休闲,1,1.9,1.9,否
蔬果,1.221,6.1,5,否
酒饮,1,6.5,6.5,否
蔬果,3.91,89.93,23,否
洗化,1,5.8,6.9,是
蔬果,0.828,4.93,5.96,否
熟食,0.751,4.51,6,否
粮油,1,49.9,71.9,是
洗化,1,14.9,19.9,是
蔬果,0.814,4.07,5,否
酒饮,3,7.5,2.5,否
蔬果,0.304,1.7,5.6,否
休闲,1,4.9,6.9,是
肉禽,0.326,9.06,27.8,否
蔬果,1.947,8.88,4.56,否
蔬果,0.43,2.49,5.8,否
蔬果,0.5,6,12,否
文体,1,2,2,否
日配,16,29.9,2.8,是
蔬果,0.518,8.29,16,否
蔬果,0.89,2.3,2.58,否
水产,0.683,20.49,30,否
熟食,0.663,3.98,6,否
蔬果,0.802,1.59,1.98,否
家居,1,8,8,否
洗化,1,18.9,20.9,是
日配,1,18.3,18.3,否
蔬果,0.411,2.3,5.6,否
粮油,1,3.8,3.8,否
粮油,1,4.3,4.3,否
文体,1,1.7,1.7,否
文体,1,4.3,4.3,否
休闲,1,4.3,4.3,否
蔬果,0.608,1.2,1.98,否
休闲,0.246,7.28,29.6,否
水产,1.515,12.09,7.98,否
蔬果,0.36,0.53,1.48,否
熟食,0.356,9.97,28,否
蔬果,0.96,2.48,2.58,否
粮油,1,2.8,2.8,否
水产,0.27,8.1,30,否
日配,1,5,6.6,是
粮油,1,2.3,2.3,否
日配,1.244,17.42,14,否
蔬果,0.33,2.16,6.56,否
洗化,1,3.9,3.9,否
粮油,1,4.9,4.9,否
蔬果,0.454,9.34,31.2,否
蔬果,0.504,1,1.98,否
蔬果,0.567,3.72,6.56,否
蔬果,1.708,3.35,1.96,否
日配,1,2,2,否
针织,1,7.5,7.5,否
粮油,1,8.5,8.5,否
粮油,1,3.7,3.7,否
蔬果,0.43,1.63,3.8,否
蔬果,0.216,1.68,7.8,否
日配,12,58.9,5.3,是
蔬果,0.342,2.24,6.56,否
酒饮,1,5,5,否
肉禽,0.506,15.69,31,否
肉禽,1.14,22.57,19.8,否
蔬果,0.408,2.9,5.56,否
蔬果,0.963,1.91,1.98,否
蔬果,0.79,2.02,2.56,否
肉禽,0.412,4.86,11.8,否
休闲,1,3,3,否
蔬果,0.857,2.21,2.58,否
粮油,1,67.5,85.9,是
蔬果,-0.001,-0.02,15.6,否
针织,1,19.9,35,是
蔬果,0.23,2.76,12,否
休闲,1,0.5,0.5,否
蔬果,0.337,0.87,2.58,否
洗化,1,35.9,35.9,否
休闲,1,5.9,5.9,否
蔬果,0.494,1.96,3.96,否
洗化,1,17.3,17.3,否
日配,1,7.7,7.7,否
休闲,1,3.9,3.9,否
休闲,1,20.9,20.9,否
休闲,1,1.5,1.5,否
蔬果,0.38,1.52,4,否
熟食,0.402,11.26,28,否
日配,12,49,5.5,是
蔬果,1.018,2.61,2.56,否
休闲,0.128,14.98,117,否
蔬果,0.53,3.07,5.8,否
酒饮,1,6.5,6.5,否
文体,1,7.9,7.9,否
休闲,3,2.4,0.8,否
酒饮,1,3,3,否
休闲,0.272,4,23.8,是
粮油,1,7.3,7.3,否
蔬果,0.504,6.04,11.98,否
蔬果,0.7,4.06,5.8,否
蔬果,0.2,3.2,16,否
洗化,1,15.9,15.9,否
休闲,1,25.8,25.8,否
洗化,1,15.9,21.9,是
休闲,0.306,8.5,33.8,是
肉禽,0.348,27.84,80,否
休闲,1,6.3,6.3,否
蔬果,0.866,5.16,5.96,否
粮油,2,4,2.7,是
休闲,1,18.9,18.9,否
日配,12,58.9,5.3,是
蔬果,0.46,0.91,1.98,否
蔬果,0.779,4.64,5.96,否
酒饮,10,75,7.5,否
蔬果,0.643,4.22,6.56,否
休闲,1,3.7,3.7,否
蔬果,0.53,10.6,20,否
蔬果,0.55,9.68,17.6,否
肉禽,1.47,22.93,15.6,否
洗化,1,8.9,13.9,是
粮油,12,6,0.5,否
洗化,2,25.8,14.5,是
蔬果,0.65,16.25,25,否
蔬果,0.878,15.45,17.6,否
洗化,1,4.9,4.9,否
蔬果,0.774,1.98,2.56,否
蔬果,0.412,0.82,1.98,否
粮油,1,17.3,17.3,否
蔬果,0.326,2.25,20,否
粮油,1,7.3,7.3,否
蔬果,1.003,30.09,30,否
蔬果,0.08,0.48,5.98,否
休闲,1,4.9,4.9,否
蔬果,0.388,2.33,6,否
休闲,1,7,7,否
休闲,0.508,9.04,17.8,否
日配,16,33.6,2.8,是
蔬果,1.979,3.88,1.96,否
日配,1,1.8,1.8,否
休闲,1,1,1,否
蔬果,1.58,9.42,5.96,否
蔬果,0.112,1.08,9.6,否
洗化,1,9.9,15.9,是
蔬果,0.603,2.16,2.56,否
蔬果,0.528,1.36,2.58,否
蔬果,1,4.98,4.98,否
休闲,1,3.8,3.8,否
休闲,1,25.8,25.8,否
蔬果,2.894,34.67,11.98,否
日配,6,40.2,6.7,否
休闲,0.192,6.1,51.6,是
洗化,4,18.4,6.7,是
蔬果,0.884,15.56,17.6,否
日配,24,60,3,是
洗化,1,4.9,5.6,是
蔬果,0.44,35.2,80,否
蔬果,1.204,7.18,5.96,否
蔬果,1.836,10.94,5.96,否
休闲,0.352,4.81,23.8,是
肉禽,0.588,17.52,29.8,否
日配,6,40.2,6.7,否
蔬果,0.851,19.57,23,否
粮油,10,13,1.3,否
休闲,1,4.3,4.7,否
蔬果,0.808,1.58,1.96,否
蔬果,0.449,2.69,6,否
日配,1,49,65,是
休闲,1,2.5,2.5,否
休闲,0.26,8.22,51.6,是
蔬果,0.898,1.62,1.8,否
休闲,0.712,6.97,17.8,是
休闲,1,6.9,9.9,是
蔬果,0.349,0.89,2.56,否
家居,1,4,4,否
休闲,1,2.3,2.3,否
粮油,1,6.3,6.3,否
休闲,1,7.5,7.5,否
休闲,1,3.5,3.5,否
蔬果,0.668,3.71,5.56,否
蔬果,0.238,1.32,5.56,否
蔬果,0.742,18.55,25,否
蔬果,0.622,3.48,5.6,否
蔬果,0.18,1,5.56,否
休闲,1,8.3,10.5,是
休闲,1,17.9,17.9,否
蔬果,1.048,9.41,27.8,否
粮油,1,9.8,9.8,否
日配,24,60,3,是
熟食,0.001,0.02,20,否
蔬果,0.277,4.32,15.6,否
休闲,0.45,8.01,17.8,否
洗化,2,17.8,13.9,是
肉禽,0.908,17.98,19.8,否
粮油,2,5.6,2.8,否
粮油,1,5.9,5.9,否
蔬果,0.86,4.78,5.56,否
粮油,4,195.6,59.9,是
蔬果,0.314,1.82,5.8,否
文体,1,8.3,8.3,否
文体,1,1.5,1.5,否
蔬果,0.27,3.24,12,否
粮油,1,3.2,3.3,否
日配,1,8.9,12.9,是
蔬果,0.232,2.23,9.6,否
休闲,1,3.6,3.6,否
休闲,1,4.5,4.5,否
洗化,1,17.9,23.9,是
休闲,1,10.9,10.9,否
蔬果,1,5.8,5.8,否
蔬果,0.385,2.23,5.8,否
肉禽,0.306,24.48,80,否
蔬果,0.791,1.57,1.98,否
蔬果,0.6,1.55,2.58,否
日配,0.766,10.72,14,否
休闲,0.394,5.1,19.8,是
蔬果,0.286,0.57,1.98,否
蔬果,0.364,7.28,20,否
蔬果,0.312,1.75,5.6,否
蔬果,0.706,12.43,17.6,否
肉禽,0.896,24.91,27.8,否
粮油,1,20.3,20.3,否
肉禽,0.404,25.86,64,否
休闲,1,17.9,17.9,否
休闲,1,10.4,10.4,否
粮油,1,7.7,7.7,否
休闲,1,3.9,3.9,否
休闲,1,6.9,9.5,是
日配,1,11.9,14.9,是
日配,1,8.9,12.9,是
肉禽,0.29,5.68,19.6,否
蔬果,0.128,0.46,3.56,否
洗化,1,8.9,13.9,是
日配,3,5.1,1.7,否
粮油,1,13.5,19.9,是
休闲,1,12.9,12.9,否
熟食,4,2,0.5,否
洗化,1,8.9,13.9,是
肉禽,0.842,21.72,25.8,否
洗化,4,15.6,3.9,否
日配,12,49,5.5,是
洗化,1,43.9,79.9,是
粮油,1,4.3,4.3,否
熟食,0.001,0.02,20,否
日配,1,6.7,6.7,否
蔬果,0.466,3.06,6.56,否
休闲,1,2.5,2.5,否
蔬果,1.868,4.82,2.58,否
蔬果,0.288,3.04,6.96,否
蔬果,0.466,9.32,20,否
休闲,1,2.3,2.3,否
蔬果,0.432,7.78,18,否
日配,12,58.9,5.3,是
粮油,1,8.2,8.2,否
洗化,1,12.9,14.5,是
日配,1,3.9,4.9,是
蔬果,1.062,6.33,5.96,否
粮油,1,2,2,否
蔬果,0.428,1.1,2.56,否
肉禽,0.296,8.82,29.8,否
休闲,1,6.9,6.9,否
日配,1,5.9,5.9,否
蔬果,1,5.2,5.2,否
休闲,1,5.5,5.5,否
洗化,1,6.9,9.7,是
洗化,1,3.9,8.7,是
洗化,1,9.9,15.9,是
日配,1,5.5,5.5,否
洗化,1,43.9,79.9,是
酒饮,1,1.9,1.9,否
休闲,1,4,4,否
休闲,1,7.9,7.9,否
粮油,1,7.3,7.3,否
粮油,1,8.9,8.9,否
酒饮,1,3.8,3.8,否
日配,1,6.7,6.7,否
熟食,4,2,0.5,否
休闲,1,15.5,15.5,否
蔬果,0.314,1.76,5.6,否
蔬果,0.188,0.94,4.98,否
蔬果,0.768,5.04,6.56,否
粮油,1,6.9,8.5,是
休闲,1,4.3,4.3,否
洗化,1,11.9,11.9,否
日配,1,11.9,14.9,是
休闲,1,5.3,5.3,否
酒饮,12,78,7.7,是
蔬果,0.504,4.02,16.8,否
休闲,3,8.7,2.9,否
休闲,3,9.9,3.3,否
蔬果,0.496,9.92,20,否
蔬果,0.44,8.8,20,否
休闲,1,5.5,5.5,否
蔬果,0.478,8.41,17.6,否
洗化,1,9.9,15.9,是
休闲,0.59,8.1,23.8,是
粮油,0.93,4.09,4.4,否
休闲,0.282,5.58,27.8,是
休闲,0.264,10.45,39.6,否
粮油,1,13.5,19.9,是
蔬果,0.001,0.02,15.6,否
蔬果,0.156,2.43,15.6,否
休闲,1,4.5,4.5,否
蔬果,0.628,7.52,11.98,否
蔬果,0.506,3.32,6.56,否
肉禽,0.77,21.41,27.8,否
水产,0.236,7.08,30,否
蔬果,0.964,2.49,2.58,否
日配,1,8.9,8.9,否
蔬果,0.61,7.31,11.98,否
洗化,1,11.9,15.5,是
日配,1,2,2.3,否
蔬果,0.754,4.19,5.56,否
蔬果,0.888,2.29,2.58,否
日配,1.882,26.35,14,否
蔬果,0.273,3.28,12,否
蔬果,2.348,13.99,5.96,否
蔬果,1.712,30.13,17.6,否
蔬果,0.649,1.67,2.58,否
日配,0.75,5.09,6.78,否
蔬果,0.372,5.95,16,否
粮油,1,7.9,7.9,否
休闲,1,7.5,7.5,否
针织,1,8.9,17,是
蔬果,0.216,2.07,9.6,否
蔬果,0.32,3.07,9.6,否
水产,3.346,26.7,7.98,否
休闲,1,14.3,14.3,否
肉禽,0.402,10.37,25.8,否
蔬果,0.292,0.92,5.8,否
蔬果,0.53,3.07,5.8,否
粮油,1,12.9,12.9,否
日配,1,8,8,否
休闲,1,11.9,11.9,否
粮油,4,2,0.5,否
蔬果,0.331,1.31,3.96,否
蔬果,1,4.98,4.98,否
粮油,1,5.9,5.9,否
休闲,1,5.9,5.9,否
粮油,0.758,8.19,10.8,否
洗化,1,10.9,10.9,否
粮油,1,3.9,3.9,否
蔬果,1.066,4.22,3.96,否
蔬果,0.236,2.27,9.6,否
蔬果,0.766,3.06,4,否
粮油,1.268,17.4,17.6,是
蔬果,0.76,23.71,31.2,否
粮油,1,17.3,17.3,否
蔬果,0.777,4.32,5.56,否
日配,0.798,5.41,6.78,否
蔬果,1.636,9.75,5.96,否
肉禽,0.85,21.93,25.8,否
蔬果,2.364,41.61,17.6,否
休闲,1,2.3,2.3,否
蔬果,1.132,19.92,17.6,否
蔬果,1.196,27.51,23,否
蔬果,5.5,30.8,5.6,否
蔬果,1.008,2,1.98,否
蔬果,1.19,11.85,9.96,否
肉禽,0.31,6.14,19.8,否
蔬果,0.53,2.1,3.96,否
日配,16,29.9,2.7,是
蔬果,1.694,16.91,9.98,否
日配,2,17.8,8.9,否
蔬果,0.454,5.44,11.98,否
休闲,1,8.7,8.7,否
蔬果,1.604,9.2,9.98,否
熟食,0.378,34.02,90,否
休闲,1,4.9,6.9,是
休闲,1,8.9,8.9,否
蔬果,0.749,7.19,9.6,否
粮油,1,2,4.5,是
休闲,1,0.8,0.8,否
洗化,1,11.9,11.9,否
蔬果,0.886,10.61,11.98,否
蔬果,0.308,2.96,9.6,否
日配,16,33.6,2.8,是
蔬果,0.902,2.33,2.58,否
洗化,1,5.7,5.7,否
蔬果,0.662,19.86,30,否
日配,1,8.9,12.9,是
蔬果,0.479,4.78,9.98,否
休闲,1,16.9,16.9,否
蔬果,0.208,1.36,6.56,否
休闲,1,13.7,13.7,否
蔬果,1,2,2,否
日配,1,15.6,15.6,否
蔬果,0.508,1.02,2,否
蔬果,0.324,6.48,20,否
肉禽,0.758,14.86,19.6,否
蔬果,0.37,2.95,7.96,否
蔬果,0.336,1.95,5.8,否
日配,1,17.3,17.3,否
休闲,1,14.9,14.9,否
洗化,1,5.9,8,是
蔬果,1,15,15,否
休闲,0.276,16.5,59.8,否
蔬果,0.87,15.31,17.6,否
洗化,1,8.9,13.9,是
蔬果,0.128,1.4,9.96,否
日配,1,2.3,2.3,否
休闲,0.64,30.59,47.8,否
休闲,1,1,1,否
水产,1.296,23.07,17.8,否
粮油,1,6.7,6.7,否
蔬果,0.396,3.09,7.8,否
休闲,1,14,14,否
蔬果,0.764,4.43,5.8,否
休闲,1,1.5,1.5,否
蔬果,0.399,2.31,5.8,否
蔬果,0.86,2.22,2.58,否
蔬果,0.491,2.85,5.8,否
蔬果,0.75,1.92,2.56,否
肉禽,0.342,6.5,19,否
蔬果,0.522,2.9,5.56,否
日配,6,40.2,6.7,否
蔬果,0.18,1.18,6.56,否
粮油,2.852,11.98,4.2,否
日配,1,11,11,否
蔬果,0.416,3.23,18,否
肉禽,0.57,14.71,25.8,否
粮油,1,8.2,8.2,否
休闲,0.478,10.42,25,是
休闲,1,6.5,6.5,否
肉禽,0.518,18.54,35.8,否
休闲,1,5.5,5.5,否
针织,1,10,10,否
粮油,1,4.7,4.7,否
休闲,1,3.9,5.3,是
酒饮,1,1.9,1.9,否
日配,1,3.3,3.3,否
蔬果,0.689,3.45,5,否
粮油,0.136,12.21,89.8,否
休闲,1,3.5,3.5,否
日配,1,2,2,否
蔬果,0.544,3.57,6.56,否
休闲,1,10.9,15.5,是
洗化,1,16.9,16.9,否
日配,1,10.8,14.9,是
家居,1,3.5,3.5,否
蔬果,0.414,3.15,7.6,否
粮油,1,1,1,否
蔬果,0.404,4.84,11.98,否
粮油,0.468,3.18,6.8,否
蔬果,0.922,11.05,11.98,否
蔬果,2,4,2,否
日配,0.942,6.39,6.78,否
熟食,0.495,2.97,6,否
蔬果,0.78,2.01,2.58,否
粮油,1,56.9,56.9,否
蔬果,0.678,1.34,1.98,否
酒饮,1,1.5,2,是
洗化,1,5.9,5.9,否
休闲,1,10.9,13.9,是
家电,1,4.5,4.5,否
蔬果,0.385,0.99,2.58,否
休闲,1,1.1,1.1,否
洗化,1,6.9,6.9,否
休闲,1,5.5,5.5,否
酒饮,1,3.8,3.8,否
日配,1,4,4,否
休闲,3,8.1,2.7,否
休闲,1,4.3,4.3,否
休闲,0.276,12,51.6,是
酒饮,1,20.3,20.3,否
蔬果,0.524,16.35,31.2,否
熟食,2,2,1,否
蔬果,0.404,1.03,2.56,否
蔬果,1.228,7.12,5.8,否
蔬果,0.632,3.54,5.6,否
蔬果,0.288,2.87,9.96,否
日配,1.072,34.95,32.6,否
日配,1,6.6,6.6,否
肉禽,0.388,11.56,29.8,否
粮油,0.106,2.76,26,否
休闲,1,5.5,5.5,否
休闲,1,4.9,4.9,否
家居,1,8,8,否
洗化,1,10.7,10.7,否
洗化,1,6.9,6.9,否
蔬果,0.735,4.12,5.6,否
蔬果,0.332,1.66,5,否
休闲,1,4.9,4.9,否
休闲,0.234,9.55,40.8,否
蔬果,0.406,12.91,31.8,否
蔬果,1.436,2.84,1.98,否
日配,1,4.7,4.7,否
日配,12,49,5.5,是
休闲,0.204,12.2,59.8,否
休闲,1,2.3,2.3,否
洗化,1,7.9,7.9,否
日配,2,17.8,8.9,否
蔬果,0.104,1.62,15.6,否
蔬果,0.226,0.8,3.56,否
休闲,0.344,3.3,15.8,是
肉禽,2.136,50.84,23.8,否
日配,1,2.3,2.3,否
休闲,1,3.3,3.3,否
休闲,1,5.5,5.5,否
日配,1,11.9,11.9,否
粮油,1,5.9,7.6,否
粮油,1,12.9,12.9,否
洗化,1,2.4,2.9,是
肉禽,0.514,15.32,29.8,否
蔬果,0.156,1.87,11.98,否
休闲,1,29.9,29.9,否
日配,1,6.9,6.9,否
蔬果,0.351,1.97,5.6,否
洗化,1,17.7,17.7,否
日配,1,5.3,5.3,否
粮油,1,2.8,2.8,否
蔬果,0.27,2.4,7.6,否
蔬果,0.144,0.25,1.76,否
休闲,1,4.9,4.9,否
日配,1,2.5,2.5,否
酒饮,1,4,4,否
洗化,1,4.9,6.7,是
粮油,2,1,0.5,否
粮油,4,2,0.5,否
洗化,1,49.9,49.9,否
蔬果,0.118,1.42,12,否
蔬果,0.234,1.54,6.56,否
粮油,0.158,3.41,21.6,否
蔬果,0.543,3.15,5.8,否
休闲,1,1,1,否
休闲,7,7,1,否
粮油,1,48.9,59.9,是
粮油,1,1.9,1.9,否
蔬果,0.525,1.4,5.56,否
粮油,3,5.1,1.7,否
蔬果,0.774,9.13,11.8,否
蔬果,1,2,2,否
蔬果,1.62,12.93,7.98,否
熟食,2,2,1,否
蔬果,0.575,2.28,3.96,否
洗化,1,13.9,13.9,否
休闲,0.29,2.84,17.8,是
蔬果,0.28,2.69,9.6,否
肉禽,0.58,17.28,29.8,否
日配,1,2.3,2.3,否
粮油,1,3.9,3.9,否
酒饮,10,220,22,否
蔬果,0.338,3.24,9.6,否
休闲,1,4.5,5.9,是
蔬果,0.426,2.13,5,否
休闲,1,2.9,2.9,否
休闲,1,2.3,3.5,是
熟食,0.636,3.82,6,否
蔬果,0.626,11.02,17.6,否
洗化,1,7.9,7.9,否
肉禽,0.396,11.8,29.8,否
蔬果,0.702,1.81,2.58,否
蔬果,0.374,5.98,16,否
休闲,1,7.5,7.5,否
蔬果,0.59,5.66,9.6,否
休闲,1,11.9,11.9,否
洗化,1,9.9,15.9,是
休闲,0.262,3.61,19.6,是
休闲,1,10.9,10.9,否
熟食,0.626,3.76,6,否
蔬果,0.948,11.36,11.98,否
熟食,0.196,3.92,20,否
洗化,1,18.7,18.7,否
洗化,1,3.9,3.9,否
水产,1.065,8.5,7.98,否
蔬果,0.424,2.53,5.96,否
休闲,1,18.9,18.9,否
肉禽,0.532,13.73,25.8,否
蔬果,0.391,2.27,5.8,否
蔬果,0.7,1.81,2.58,否
休闲,0.346,4.77,23.8,是
蔬果,1,4.98,4.98,否
蔬果,0.188,1.69,9,否
休闲,1,4.7,4.7,否
休闲,1,4.3,4.3,否
休闲,0.212,5.89,39.6,是
蔬果,0.882,2.28,2.58,否
蔬果,0.67,10.05,15,否
蔬果,1.796,21.52,11.98,否
休闲,0.282,7.27,39.8,是
休闲,1,3.7,3.7,否
休闲,1,34.5,34.5,否
日配,1,3.9,5,是
洗化,1,4.9,4.9,否
休闲,1,5.7,5.7,否
蔬果,0.34,1.35,3.96,否
洗化,1,11.9,15.5,是
洗化,1,9.7,9.7,否
蔬果,3.556,42.6,11.98,否
蔬果,0.102,0.81,7.96,否
粮油,1,9.5,11.3,是
休闲,1,5.3,5.3,否
蔬果,1.594,12.72,7.98,否
蔬果,1.554,9.01,5.8,否
蔬果,0.48,7.68,16,否
洗化,1,5.8,6.9,是
蔬果,0.252,1.46,5.8,否
家居,1,5.5,5.5,否
洗化,1,59,65,是
日配,1,8.9,8.9,否
休闲,1,4,4,否
休闲,1,5.9,6,否
蔬果,0.206,2.79,9,否
蔬果,0.674,20.22,30,否
休闲,0.608,8.39,19.6,是
蔬果,0.792,2.04,2.58,否
酒饮,1,2.5,2.5,否
蔬果,1.646,10.8,11.98,否
休闲,1,20.9,20.9,否
蔬果,0.799,4.79,6,否
蔬果,0.299,5.38,18,否
冲调,1,25.5,32.7,是
休闲,1,8.5,8.5,否
蔬果,0.651,2.58,3.96,否
洗化,1,5.7,5.7,否
蔬果,0.242,1.93,7.96,否
休闲,1,3.9,3.9,否
休闲,1,3.7,3.7,否
酒饮,6,8.9,2,是
粮油,1,7.9,9.9,是
水产,0.352,0.35,1,否
蔬果,0.288,1.61,5.6,否
蔬果,0.354,3.4,9.6,否
蔬果,1.068,12.79,11.98,否
熟食,0.51,3.06,6,否
休闲,1,4.9,6.9,是
蔬果,0.427,1.69,3.96,否
日配,0.306,9.98,32.6,否
粮油,2,1,0.5,否
粮油,1,9.5,9.5,否
粮油,1,2.3,2.3,否
蔬果,0.234,1.86,7.96,否
日配,1,8.9,12.8,是
休闲,1,6.9,6.9,否
休闲,0.34,6.05,27.6,是
洗化,1,85,85,否
洗化,1,5.9,5.9,否
日配,1,15.9,21.9,是
洗化,1,6.7,6.7,否
休闲,1,6.5,6.5,否
粮油,1,1.7,1.7,否
蔬果,0.476,3.12,6.56,否
日配,1,3.3,3.3,否
日配,1,6.3,6.3,否
日配,1,8.9,12.9,是
蔬果,0.508,2.95,5.8,否
蔬果,0.46,0.91,1.98,否
日配,1,8.9,12.9,是
蔬果,0.686,1.77,2.58,否
休闲,1,9.9,9.9,否
休闲,1,4,4,否
休闲,1,12.5,12.5,否
洗化,1,4.6,6.7,是
日配,1,6.4,6.4,否
休闲,1,5.5,5.5,否
休闲,1,10.9,14.9,是
蔬果,2.022,8.05,3.98,否
蔬果,1,4.2,4.2,否
日配,1,78,78,否
日配,1,8.9,8.9,否
蔬果,0.834,1.65,1.98,否
蔬果,0.371,4.45,12,否
蔬果,0.382,2.51,6.56,否
蔬果,0.6,1.78,2.96,否
洗化,1,5,6.9,是
熟食,0.437,2.62,6,否
休闲,0.264,8.39,51.6,是
休闲,0.352,8.45,24,否
洗化,1,29.9,39,是
蔬果,0.916,29.13,31.8,否
日配,1,4.3,4.3,否
蔬果,0.438,2.54,5.8,否
蔬果,0.426,1.1,2.58,否
冲调,1,113,113,否
洗化,1,7.9,7.9,否
洗化,1,3.5,3.5,否
洗化,1,11.9,11.9,否
冲调,1,9.9,9.9,否
粮油,1,32.9,32.9,否
蔬果,0.556,3.22,5.8,否
蔬果,0.36,2.02,5.6,否
蔬果,0.502,3,5.98,否
蔬果,0.144,1.09,7.6,否
日配,16,26.9,2.1,是
蔬果,0.52,2.89,5.56,否
蔬果,0.306,1.95,6.56,否
粮油,1,32.5,33.9,是
洗化,1,9.9,11.7,是
蔬果,0.528,6.33,11.98,否
休闲,1,2.7,2.7,否
蔬果,1,2,2,否
休闲,0.548,5.36,17.8,是
休闲,0.63,9.45,23.8,是
休闲,1,4.9,4.9,否
休闲,1,2.9,2.9,否
日配,0.878,5.95,6.78,否
日配,1,4,4,否
蔬果,0.35,28,80,否
冲调,1,39.9,56,是
休闲,1,8.5,8.5,否
蔬果,0.986,31.35,31.8,否
蔬果,0.662,4.34,6.56,否
蔬果,0.23,0.91,3.96,否
蔬果,1.098,6.54,5.96,否
蔬果,1.028,20.56,20,否
休闲,0.166,11.79,71,否
休闲,1,4.9,6.9,是
蔬果,0.852,13.6,9.96,否
蔬果,2,3,1.5,否
休闲,1,14.9,14.9,否
蔬果,0.478,9.56,20,否
酒饮,2,6,3,否
蔬果,0.892,1.75,1.96,否
日配,0.822,11.51,14,否
蔬果,0.589,1.51,2.56,否
熟食,0.22,4.4,20,否
日配,4,12,3,否
粮油,1,12.9,12.9,否
蔬果,0.761,4.55,5.98,否
洗化,1,4.7,4.7,否
洗化,1,6.5,6.9,是
洗化,1,27.9,27.9,否
蔬果,0.644,3.61,5.6,否
蔬果,0.474,4.72,9.96,否
酒饮,1,4,4,否
蔬果,0.296,1.65,5.56,否
肉禽,0.298,5.24,17.6,否
粮油,1,3.9,3.9,否
蔬果,0.25,2.95,11.8,否
休闲,1,11.9,11.9,否
休闲,1,5.9,5.9,否
休闲,1,5.9,5.9,否
休闲,1,6.7,6.7,否
蔬果,0.46,0.9,1.96,否
休闲,1,3.3,3.7,是
熟食,0.454,2.72,6,否
蔬果,0.948,11.36,11.98,否
休闲,1,21.9,27.9,是
蔬果,0.901,20.72,23,否
洗化,1,5.9,5.9,否
蔬果,0.91,5.44,6.56,否
蔬果,0.392,2.57,6.56,否
蔬果,0.712,1.84,2.58,否
蔬果,0.234,2.25,9.6,否
蔬果,0.506,3.04,6,否
粮油,1,29.9,29.9,否
休闲,1,2.7,2.7,否
蔬果,0.608,4.84,7.96,否
日配,0.9,12.6,14,否
蔬果,0.782,1.55,1.98,否
日配,1,49,65,是
休闲,1,3,3,否
休闲,1,6.9,6.9,否
洗化,1,14.9,14.9,否
洗化,1,7.9,7.9,否
蔬果,0.64,3.58,5.6,否
粮油,1,12.9,12.9,否
蔬果,0.906,15.95,17.6,否
洗化,1,5.9,8,是
日配,1,6.7,6.7,否
蔬果,1.012,17.81,17.6,否
蔬果,0.32,0.63,1.98,否
蔬果,0.43,8.51,19.8,否
休闲,0.468,7,23.8,是
蔬果,0.894,1.77,1.98,否
蔬果,0.668,13.23,19.8,否
蔬果,0.26,2.5,9.6,否
粮油,1,12.9,12.9,否
蔬果,1.128,4.51,4,否
粮油,1,5.9,5.9,否
酒饮,1,4,4,否
洗化,1,4.9,4.9,否
休闲,1,3.5,3.5,否
蔬果,0.31,1.74,5.6,否
日配,1.78,12.07,6.78,否
蔬果,0.58,1.14,1.96,否
日配,1,75,75,否
蔬果,0.988,6.48,6.56,否
休闲,0.628,11.1,27.6,是
蔬果,0.896,2.31,2.58,否
日配,16,26.9,2.1,是
日配,1,16.3,18.9,否
粮油,1,99.9,109.9,是
洗化,1,3.9,3.9,否
酒饮,1,11.7,11.7,否
蔬果,0.505,2.93,5.8,否
蔬果,0.44,17.51,39.8,否
休闲,1,6.7,6.7,否
休闲,0.318,10.11,51.6,是
蔬果,2.424,14.45,5.96,否
蔬果,0.306,6.12,20,否
熟食,0.001,0.02,20,否
肉禽,1.232,24.39,19.8,否
粮油,0.27,3.19,11.8,否
蔬果,0.766,6.2,11.96,否
蔬果,0.464,2.6,5.6,否
休闲,1,4.5,4.5,否
休闲,0.784,10.81,19.6,是
日配,1,2.3,2.3,否
日配,1,3,3,否
蔬果,0.44,2.55,5.8,否
蔬果,1.065,2.11,1.98,否
日配,1,11.9,11.9,否
蔬果,0.926,2.39,2.58,否
蔬果,0.27,2.8,6.96,否
蔬果,0.376,2.11,5.6,否
蔬果,0.306,1.22,4,否
休闲,1,3.9,3.9,否
休闲,1,9.3,9.3,否
熟食,0.426,8.52,20,否
休闲,1,8.5,8.5,否
蔬果,1.178,46.88,39.8,否
蔬果,0.408,2.28,5.6,否
休闲,0.4,11.1,39.6,是
休闲,1,8.5,8.5,否
酒饮,1,4,4,否
蔬果,0.678,1.34,1.98,否
文体,1,3.3,3.3,否
蔬果,0.82,9.02,11,否
日配,6,40.2,6.7,否
蔬果,0.34,3.26,9.6,否
粮油,1,14.3,14.3,否
蔬果,2.014,24.13,11.98,否
文体,1,4.7,4.7,否
文体,1,5,9,是
蔬果,0.894,1.77,1.98,否
蔬果,0.166,0.59,3.56,否
休闲,1,3.9,3.9,否
蔬果,2,3,1.5,否
休闲,1,6.9,6.9,否
休闲,1,3.9,3.9,否
蔬果,0.252,2.51,9.96,否
休闲,7,7.7,1.1,否
蔬果,0.838,33.35,39.8,否
休闲,1,12,12,否
蔬果,0.7,14,20,否
粮油,1,0.5,0.5,否
粮油,1.352,7.8,6.98,是
休闲,0.378,12.02,31.8,否
粮油,5,10,4.5,是
粮油,4,10.8,2.7,否
洗化,1,4.9,4.9,否
休闲,0.366,3.53,15.8,是
肉禽,0.984,19.48,19.8,否
蔬果,0.372,2.16,5.8,否
洗化,1,9.9,15.7,是
蔬果,1.04,2.68,2.58,否
蔬果,0.54,1.38,2.56,否
蔬果,0.444,2.91,6.56,否
洗化,1,3.5,3.5,否
洗化,1,22,22,否
蔬果,1.11,2.2,1.98,否
洗化,1,13.9,13.9,否
家居,1,5.9,5.9,否
日配,16,34.8,2.7,是
蔬果,0.422,2.77,6.56,否
洗化,1,19.9,19.9,否
蔬果,0.844,10.11,11.98,否
休闲,0.25,4.9,23.8,是
休闲,0.09,5.02,55.8,否
蔬果,0.634,3.53,5.56,否
蔬果,0.538,1.2,5,否
休闲,1,3.9,3.9,否
蔬果,0.365,2.39,6.56,否
日配,0.904,12.66,14,否
休闲,0.338,8.72,35.8,是
洗化,1,6.9,6.9,否
冲调,1,32,32,否
休闲,0.158,5.5,35,否
蔬果,0.422,2.11,5,否
蔬果,0.432,1.11,2.56,否
蔬果,0.524,10.48,20,否
酒饮,1,12.9,12.9,否
酒饮,1,18.9,18.9,否
蔬果,0.694,11.66,16.8,否
蔬果,0.378,0.56,1.48,否
熟食,1.389,8.33,6,否
蔬果,0.39,2.26,5.8,否
蔬果,1.068,2.73,2.56,否
熟食,0.386,7.72,20,否
蔬果,0.502,6.02,12,否
蔬果,0.48,2.69,5.6,否
蔬果,0.336,3.23,9.6,否
肉禽,0.31,9.24,29.8,否
蔬果,0.29,5.8,20,否
粮油,0.914,4.19,4.58,否
洗化,1,43.9,79.9,是
蔬果,0.972,7.39,7.6,否
蔬果,1.954,7.78,3.98,否
蔬果,0.376,2.11,5.6,否
针织,1,7.5,7.5,否
蔬果,0.344,5.78,16.8,否
蔬果,0.896,5.2,5.8,否
日配,1,22.9,22.9,否
蔬果,0.556,1.54,2.56,否
粮油,0.824,4.6,5.58,否
日配,1.554,10.54,6.78,否
蔬果,0.468,2.71,5.8,否
休闲,0.258,10.22,39.6,否
休闲,0.222,9.7,51.6,是
粮油,1,9.5,9.5,否
冲调,1,19.9,19.9,否
粮油,1,2,2,否
日配,1.216,8.24,6.78,否
休闲,1,3.5,3.5,否
蔬果,0.188,1.69,9,否
熟食,4,2,0.5,否
粮油,0.702,9.69,13.8,否
休闲,1,6.3,6.3,否
休闲,1,4,4,否
日配,15,57,3.8,否
日配,1,18.9,18.9,否
蔬果,1.032,6.77,6.56,否
蔬果,0.958,3.23,3.96,否
蔬果,0.434,4.17,9.6,否
洗化,4,4,1.9,是
日配,1,8.9,8.9,否
粮油,1,0.5,0.5,否
蔬果,0.558,0.83,1.48,否
蔬果,0.475,2.76,5.8,否
熟食,0.68,13.6,20,否
日配,1,9.9,9.9,否
熟食,0.397,2.38,6,否
休闲,0.344,4.7,19.6,是
蔬果,0.542,2.71,5,否
洗化,1,1.7,1.7,否
蔬果,0.682,6.79,9.96,否
蔬果,0.79,2.04,2.58,否
洗化,1,14.9,14.9,否
蔬果,0.154,1.85,12,否
洗化,1,12.9,13.9,是
蔬果,0.575,1.48,2.58,否
洗化,1,9.9,15.9,是
蔬果,0.264,1.73,6.56,否
蔬果,0.514,0.76,1.48,否
蔬果,0.748,2.96,3.96,否
粮油,1,3.5,3.5,否
粮油,1,2.5,2.7,否
酒饮,1,4,4,否
粮油,1,3.3,3.3,否
粮油,0.266,3.14,11.8,否
粮油,1,3.8,3.8,否
蔬果,0.824,42.91,52.08,否
日配,1,8.9,12.9,是
蔬果,0.418,4.01,9.6,否
粮油,1,1.7,1.7,否
粮油,2.038,13.41,6.58,否
粮油,1,9.5,9.5,否
酒饮,5,19,3.8,否
蔬果,0.557,3.23,5.8,否
蔬果,0.33,3.17,9.6,否
粮油,1,0.5,0.5,否
休闲,0.502,8.94,17.8,否
蔬果,0.65,5.07,7.8,否
日配,1,6.6,6.6,否
粮油,3,8.4,2.8,否
粮油,1,13.9,21.9,是
日配,0.748,5.07,6.78,否
粮油,1,2.3,2.3,否
休闲,1,10.4,10.4,否
洗化,1,18.9,18.9,否
蔬果,2,20,10,否
日配,0.84,5.7,6.78,否
休闲,0.396,3.88,17.8,是
日配,1,9.9,13.5,是
蔬果,0.69,4,5.8,否
蔬果,0.22,4.4,20,否
蔬果,0.557,3.23,5.8,否
洗化,1,3.7,3.7,否
日配,16,34.8,2.7,是
日配,1,6.7,6.7,否
蔬果,0.936,4.09,6.56,否
蔬果,0.496,15.48,31.2,否
蔬果,0.403,2.01,5,否
休闲,1,3.3,3.7,是
酒饮,1,2.5,4,是
蔬果,0.614,3.56,5.8,否
蔬果,0.579,3.24,5.6,否
蔬果,0.782,9.37,11.98,否
休闲,0.386,7.6,25,是
休闲,0.12,3.07,35.8,是
蔬果,0.842,4.88,5.8,否
蔬果,0.347,2.01,5.8,否
蔬果,0.37,7.4,20,否
肉禽,0.202,6.02,29.8,否
蔬果,0.804,8.84,11,否
日配,1,11,11,否
酒饮,1,3.5,3.5,否
粮油,1,1.9,1.9,否
日配,1,6.8,8.5,是
休闲,0.334,3.27,17.8,是
蔬果,0.81,2.09,2.58,否
酒饮,1,9.9,11.9,是
粮油,1,7.7,7.7,否
蔬果,1.182,7.75,6.56,否
肉禽,1.402,26.64,19,否
洗化,1,4.7,4.7,否
粮油,1.968,10.98,5.58,否
休闲,0.268,3.69,23.8,是
休闲,1,5.5,5.5,否
肉禽,0.358,9.95,27.8,否
休闲,1,4.2,4.2,否
酒饮,1,3.9,3.9,否
蔬果,0.744,1.92,2.58,否
蔬果,0.635,5.05,7.96,否
蔬果,0.449,2.95,6.56,否
蔬果,0.406,1.05,2.58,否
粮油,1,5.3,5.3,否
蔬果,0.33,2.16,6.56,否
休闲,1,4.3,4.3,否
蔬果,0.65,4.26,6.56,否
日配,1,7.9,7.9,否
洗化,1,9.9,15.9,是
粮油,5,10,4.5,是
日配,1,10.5,10.5,否
蔬果,1.05,2.71,2.58,否
洗化,1,6.9,6.9,否
家居,1,5,5,否
熟食,0.3,16.8,56,否
蔬果,0.118,1.42,12,否
日配,1,8.6,8.6,否
日配,1,65,65,否
粮油,1,7.7,7.7,否
粮油,0.352,3.8,10.8,否
休闲,1,23,23,否
蔬果,1.336,18.1,17.6,否
肉禽,1.846,64.61,35,否
日配,1,11.9,11.9,否
休闲,1,13.5,13.5,否
肉禽,0.106,3.16,29.8,否
洗化,1,39.9,39.9,否
洗化,1,9.9,15.9,是
洗化,1,19.9,19.9,否
日配,0.334,5.95,17.8,否
蔬果,0.87,34.63,39.8,否
熟食,2,2,1,否
蔬果,0.466,0.92,1.98,否
粮油,1,49.9,71.9,是
蔬果,0.302,6.04,20,否
蔬果,0.24,1.57,6.56,否
日配,15,57,3.8,否
日配,1,11,11,否
日配,12,42,3.5,否
粮油,1,8.9,8.9,否
休闲,1,4,4,否
粮油,1,1.9,1.9,否
粮油,1,4.3,4.3,否
酒饮,3,4.5,1.5,否
肉禽,0.58,16.12,27.8,否
蔬果,0.497,2.88,5.8,否
文体,1,15.5,15.5,否
文体,1,12,18,是
酒饮,1,4.5,4.5,否
肉禽,0.426,17.81,41.8,否
洗化,2,13.8,8.9,是
休闲,0.314,9.93,51.6,是
蔬果,0.704,4.08,5.8,否
休闲,1,4.5,5.9,是
蔬果,0.316,3.03,9.6,否
蔬果,0.522,1.04,2,否
蔬果,0.656,12.13,1,否
粮油,0.24,2.83,11.8,否
肉禽,0.316,9.42,29.8,否
休闲,0.162,4.8,29.6,否
休闲,0.384,12.2,51.6,是
蔬果,0.669,1.71,2.56,否
蔬果,1.11,13.1,11.8,否
粮油,1,4.7,4.7,否
日配,12,58.9,5.3,是
粮油,2.263,9.4,4.2,否
蔬果,2,3,1.5,否
肉禽,0.168,5.01,29.8,否
粮油,1,0.5,0.5,否
蔬果,0.682,1.75,2.56,否
蔬果,0.654,7.19,11,否
日配,1,9.9,9.9,否
蔬果,0.761,1.95,2.56,否
熟食,0.474,2.84,6,否
酒饮,10,220,22,否
蔬果,1.226,8.04,6.56,否
日配,16,29.9,2.8,是
洗化,1,22.9,22.9,否
蔬果,0.756,1.95,2.58,否
粮油,1,8.7,8.7,否
蔬果,0.888,4.44,5,否
熟食,0.25,5,20,否
蔬果,1.078,12.94,12,否
蔬果,2.272,9.04,3.98,否
蔬果,0.71,1.41,1.98,否
蔬果,0.302,1.81,5.98,否
蔬果,0.668,6.41,9.6,否
日配,12,36,3,否
酒饮,1,15,15,否
蔬果,0.544,1.08,1.98,否
冲调,1,22.3,22.3,否
蔬果,0.778,4.36,5.6,否
肉禽,0.246,9.84,40,否
蔬果,1.186,4.7,3.96,否
蔬果,0.908,1.8,1.98,否
蔬果,0.588,7.06,12,否
蔬果,0.908,10.88,11.98,否
蔬果,0.48,2.78,5.8,否
蔬果,0.264,2.38,9,否
肉禽,0.374,11.15,29.8,否
粮油,1,5.7,5.7,否
蔬果,0.34,1.89,5.8,否
酒饮,6,8.9,2,是
日配,1,10.9,13.3,是
日配,1,2,2,否
蔬果,0.714,4.68,6.56,否
蔬果,0.248,2.38,9.6,否
休闲,1,54.9,54.9,否
日配,1,9.9,9.9,否
冲调,1,30.9,30.9,否
肉禽,0.272,11.97,44,否
蔬果,0.416,7.49,18,否
针织,1,49.9,60,是
蔬果,0.63,3.15,5,否
蔬果,0.324,2.79,8.6,否
蔬果,0.436,2.62,6,否
酒饮,1,4,4,否
蔬果,0.259,1.44,5.56,否
酒饮,1,2,2,否
日配,1,6.7,6.7,否
粮油,1,9.9,9.9,否
粮油,1,2,4.5,是
酒饮,1,4,4,否
休闲,1,1,1,否
蔬果,0.386,1.99,4,否
蔬果,0.414,2.48,6,否
肉禽,0.198,5.9,29.8,否
蔬果,0.874,3.32,3.8,否
休闲,1,3.5,3.5,否
休闲,1,3.9,4.9,是
休闲,2,6.6,3.7,是
蔬果,0.701,1.39,1.98,否
酒饮,4,7.6,1.9,否
蔬果,0.706,7.77,11,否
日配,12,58.9,5.3,是
休闲,0.248,6.37,35.8,是
蔬果,0.36,1.8,5,否
蔬果,0.176,0.63,3.56,否
蔬果,0.164,2.56,15.6,否
日配,1,11.5,11.5,否
休闲,1,6.9,6.9,否
日配,1,5.3,5.3,否
粮油,1,7.9,7.9,否
蔬果,0.248,1.92,7.76,否
蔬果,0.819,2.1,2.56,否
肉禽,0.26,20.8,80,否
蔬果,0.652,10.43,16,否
酒饮,1,4,4,否
休闲,0.208,8.28,39.8,否
蔬果,0.206,0.82,3.96,否
蔬果,0.568,13.06,23,否
蔬果,0.582,8.73,15,否
蔬果,0.28,1.11,3.96,否
休闲,0.252,3.2,19.8,是
蔬果,0.59,1.64,5.8,否
蔬果,0.198,15.84,80,否
蔬果,0.216,4.32,20,否
蔬果,0.286,2.57,9,否
蔬果,0.858,2.21,2.58,否
日配,2,7,3.5,否
蔬果,0.32,1.91,5.98,否
蔬果,0.344,1.72,5,否
蔬果,1.414,3.65,2.58,否
酒饮,10,140,14,否
粮油,1,7.3,7.3,否
蔬果,0.345,2,5.8,否
家居,1,10.9,17,是
蔬果,0.782,30.5,39,否
粮油,1,2,4.5,是
肉禽,1.066,27.5,25.8,否
休闲,1,3.3,3.3,否
蔬果,0.364,4.37,12,否
休闲,1,22.9,22.9,否
休闲,1,5.3,5.3,否
酒饮,1,9.9,9.9,否
熟食,0.214,16.26,76,否
蔬果,4,6,1.5,否
日配,16,26.9,2.1,是
日配,6,40.2,6.7,否
粮油,4.682,26.13,5.58,否
蔬果,0.43,1.11,2.58,否
粮油,1,3.9,3.9,否
蔬果,0.498,8.76,17.6,否
洗化,1,21.9,21.9,否
蔬果,0.998,19.76,19.8,否
洗化,1,6.7,6.7,否
酒饮,4,8.8,2.2,否
洗化,1,14.5,17.9,是
洗化,1,15.9,21.9,是
粮油,1,3.2,3.2,否
酒饮,1,4,4,否
蔬果,0.362,4.34,12,否
酒饮,1,4.5,4.5,否
蔬果,0.272,0.4,1.48,否
日配,1,9.2,9.2,否
蔬果,1,5.5,4.98,否
日配,1,5.5,5.5,否
休闲,1,9.5,9.5,否
蔬果,1,18,18,否
粮油,1,35.9,35.9,否
粮油,1,12.9,12.9,否
蔬果,0.462,3.68,7.96,否
日配,1,8.9,12.9,是
蔬果,0.52,1.03,1.98,否
日配,1,10.3,10.3,否
休闲,1,5.3,5.3,否
休闲,1,6.5,6.5,否
蔬果,1.446,2.86,1.98,否
蔬果,0.134,1.61,12,否
日配,1,11.5,11.5,否
粮油,1,0.5,0.5,否
休闲,0.172,3.4,25,是
酒饮,24,48,2,否
日配,1,3.5,3.5,否
洗化,1,24.9,24.9,否
蔬果,0.612,4.01,6.56,否
家居,1,9.9,9.9,否
家居,1,5,5,否
粮油,1,5.9,5.9,否
酒饮,8,8,1,否
洗化,1,15.7,15.7,否
蔬果,0.781,1.41,1.8,否
粮油,1,6.9,6.9,否
粮油,1,3.8,3.8,否
休闲,1,6.8,6.8,否
酒饮,1,19.3,19.3,否
日配,12,49,5.5,是
休闲,1,6.9,6.9,否
粮油,1,2.9,2.9,否
蔬果,0.332,1.33,4,否
水产,0.974,7.77,7.98,否
蔬果,0.252,0.5,1.98,否
粮油,1,7.9,7.9,否
蔬果,0.828,14.9,18,否
蔬果,0.964,5.75,5.96,否
日配,1,6.9,6.9,否
休闲,0.286,7.95,39.6,是
蔬果,0.662,9.93,15,否
日配,1,6.9,6.9,否
休闲,1,14.3,14.3,否
肉禽,0.25,7.45,29.8,否
粮油,1,3,3,否
水产,0.35,11.13,31.8,否
蔬果,0.416,0.67,1.6,否
蔬果,0.904,20.79,23,否
日配,4,10.8,2.7,否
蔬果,0.83,2.14,2.58,否
蔬果,0.782,9.05,19.8,否
休闲,1,2.3,3.5,是
蔬果,0.532,8.94,16.8,否
酒饮,1,9.9,11.9,是
休闲,1,8.5,8.5,否
蔬果,0.306,1.83,5.98,否
酒饮,1,4.5,4.5,否
蔬果,0.358,2.14,5.98,否
酒饮,1,2.5,2.5,否
酒饮,1,1,1,否
日配,1,7,7,否
休闲,1,3.4,3.4,否
休闲,1,7.5,7.5,否
日配,0.948,6.43,6.78,否
蔬果,0.142,0.82,5.8,否
休闲,4,27.2,6.8,否
粮油,1,4.7,4.7,否
日配,5,10.5,2.1,否
日配,0.242,4.31,17.8,否
蔬果,0.418,3.33,7.96,否
洗化,1,5.9,5.9,否
蔬果,0.762,13.56,17.8,否
酒饮,2,20.6,10.3,否
休闲,1,9.9,9.9,否
蔬果,0.33,3.17,9.6,否
粮油,0.226,2.67,11.8,否
休闲,0.358,9.95,39.6,是
蔬果,0.314,6.28,20,否
蔬果,0.91,1.64,1.8,否
蔬果,0.554,3.32,6,否
蔬果,0.384,0.57,1.48,否
粮油,12,38.4,3.2,否
粮油,1,8.9,8.9,否
休闲,1,3.9,3.9,否
日配,1,15.9,17.9,是
休闲,0.38,5.24,13.8,否
日配,4,11.2,2.8,否
熟食,0.424,2.54,6,否
肉禽,0.642,12.2,19,否
休闲,1,10.9,10.9,否
休闲,1,6.9,6.9,否
休闲,1,5.2,5.2,否
休闲,1,2.3,3.5,是
日配,1,5.9,7.7,是
粮油,1,3.9,3.9,否
蔬果,1.208,2.37,1.96,否
蔬果,1.026,23.6,23,否
粮油,1,12.3,12.3,否
粮油,1,7.9,7.9,否
休闲,1,4,4,否
休闲,1,5,5,否
肉禽,0.734,14.39,19.6,否
休闲,0.322,10.23,51.6,是
蔬果,0.568,6.8,9.98,否
针织,1,5.9,5.9,否
蔬果,0.082,0.79,9.6,否
蔬果,1.13,20.11,17.8,否
酒饮,1,1.9,1.9,否
休闲,1,7.5,7.5,否
酒饮,1,4,4,否
蔬果,1,10,10,否
休闲,1,4.5,4.5,否
休闲,1,4.3,4.3,否
休闲,1,6.3,6.3,否
休闲,1,1.1,1.1,否
酒饮,6,8.9,2,是
蔬果,0.334,1.86,5.56,否
蔬果,0.402,4.82,12,否
蔬果,0.502,0.88,1.76,否
洗化,1,5.9,5.9,否
蔬果,0.278,1.61,5.8,否
日配,0.74,10.36,14,否
日配,1,5.3,5.3,否
蔬果,0.518,4.12,7.96,否
洗化,1,11.9,11.9,否
蔬果,1,30,30,否
熟食,0.475,2.85,6,否
日配,1,2.4,2.4,否
粮油,1,1.7,1.7,否
洗化,1,15.5,18.7,是
休闲,1,2.5,2.5,否
洗化,1,5.3,5.3,否
蔬果,0.817,1.62,1.98,否
蔬果,0.78,2,2.56,否
肉禽,0.592,11.25,19,否
洗化,10,17,1.7,否
休闲,0.164,7.18,51.6,是
休闲,1,5.2,5.2,否
日配,1,49,65,是
休闲,0.214,4.23,27.8,是
休闲,1,3.5,4.5,是
休闲,1,0.8,0.8,否
粮油,1,2.9,2.9,否
蔬果,0.379,0.97,2.56,否
休闲,0.294,8.17,39.6,是
休闲,1,3.9,3.9,否
洗化,1,18.9,20.9,是
洗化,1,9.9,15.7,是
水产,0.942,28.26,30,否
蔬果,1.952,24.52,13.6,否
熟食,0.79,15.8,20,否
休闲,1,2.7,2.7,否
日配,8,11.9,1.6,是
蔬果,1.142,2.06,1.8,否
日配,1,8.9,12.9,是
蔬果,0.302,2.3,7.6,否
蔬果,0.828,1.64,1.98,否
蔬果,0.338,1.35,4,否
粮油,1,4.9,5.3,否
休闲,0.44,6.07,19.6,是
休闲,1,6.9,6.9,否
针织,1,2.5,2.5,否
休闲,0.33,5.85,27.6,是
蔬果,0.708,3.96,5.6,否
蔬果,0.414,8.28,20,否
蔬果,0.472,0.93,1.98,否
酒饮,1,3,3,否
粮油,1,3.7,3.7,否
休闲,1,9.9,9.9,否
洗化,1,2.4,2.9,是
洗化,1,15.9,15.9,否
蔬果,0.849,2.17,2.56,否
蔬果,0.46,9.11,19.8,否
粮油,1,1.9,1.9,否
粮油,1,1.1,1.1,否
酒饮,1,2.8,2.8,否
休闲,1,5.5,5.5,否
日配,0.764,5.18,6.78,否
酒饮,1,5.5,5.5,否
日配,0.734,4.98,6.78,否
蔬果,0.271,1.78,6.56,否
日配,1.108,21.27,19.2,否
蔬果,0.428,8.47,19.8,否
蔬果,0.62,4.07,6.56,否
日配,1,5.5,5.5,否
休闲,1,15.5,15.5,否
日配,1,3.5,3.5,否
休闲,1,3.5,3.5,否
蔬果,0.676,6.73,9.96,否
休闲,1,6.9,6.9,否
酒饮,1,1.8,1.8,否
粮油,1,48.9,59.9,是
酒饮,1,17.7,17.7,否
休闲,3,3.3,1.1,否
休闲,1,1.3,1.3,否
酒饮,1,3,3,否
熟食,0.001,0.02,20,否
蔬果,0.37,1.48,4,否
粮油,1,6.9,6.9,否
粮油,3.237,13.6,4.2,否
粮油,2,5.6,2.8,否
蔬果,1.03,4.08,3.96,否
蔬果,0.7,4.88,3.98,否
休闲,1,3.9,3.9,否
休闲,1,25.8,25.8,否
日配,1,11.5,11.5,否
针织,1,8.9,8.9,否
蔬果,0.698,4.58,6.56,否
洗化,1,32,32,否
洗化,1,9.9,15.9,是
粮油,1,7.9,7.9,否
日配,5,49,9.8,否
蔬果,0.58,1.72,2.96,否
酒饮,1,9.9,9.9,否
休闲,1,2.7,2.7,否
洗化,1,9.9,15.9,是
休闲,1,16,16,否
文体,1,3.3,3.3,否
休闲,1,7.5,7.5,否
粮油,1,6.9,6.9,否
酒饮,-1,-4.5,4.5,否
日配,-2,-7,3.5,否
休闲,1,3.3,3.3,否
蔬果,0.306,2.01,6.56,否
洗化,1,10.9,10.9,否
粮油,1,8.5,8.5,否
文体,1,42,42,否
洗化,1,4.6,6.7,是
蔬果,0.912,5.44,5.96,否
蔬果,0.26,1.3,5,否
蔬果,0.574,1.47,2.56,否
日配,1.97,27.58,14,否
蔬果,0.264,1.73,6.56,否
休闲,1,6.9,6.9,否
蔬果,0.468,4.67,9.98,否
针织,1,12.9,12.9,否
休闲,0.116,2.04,27.6,是
休闲,0.428,11.89,39.6,是
休闲,1,4.5,4.5,否
日配,1,12.9,12.9,否
日配,1,3.5,3.5,否
酒饮,1,2.8,2.8,否
休闲,1,4.5,4.5,否
休闲,1,22.9,22.9,否
粮油,1,2.9,2.9,否
酒饮,1,9.9,11.9,是
休闲,1,4.2,4.2,否
肉禽,0.368,10.97,29.8,否
蔬果,1.24,2.46,1.98,否
粮油,1,3.9,3.9,否
粮油,1,86.9,94.9,是
休闲,0.146,2.89,19.8,否
熟食,0.001,0.02,20,否
蔬果,1.666,9.93,5.96,否
休闲,0.254,10.06,39.6,否
蔬果,0.413,4.96,12,否
蔬果,0.493,1.95,3.96,否
日配,1,8,8,否
酒饮,1,3,3,否
洗化,1,32.9,32.9,否
粮油,1,2.7,2.7,否
蔬果,0.694,13.74,19.8,否
休闲,1,3.3,3.7,是
日配,1,5.3,5.3,否
休闲,1,5.5,5.5,否
休闲,1,10.9,10.9,否
洗化,1,9.9,9.9,否
酒饮,1,2.5,2.5,否
粮油,1,4.7,4.7,否
洗化,1,17.7,17.7,否
蔬果,0.436,2.62,6,否
蔬果,1.108,5.5,5.96,否
粮油,1,2.3,2.3,否
洗化,1,2.7,2.7,否
蔬果,0.337,1.95,5.8,否
粮油,1,12.9,12.9,否
蔬果,0.254,1.52,6,否
洗化,1,3.9,3.9,否
休闲,1,6.9,9.9,是
休闲,1,3.5,3.5,否
蔬果,0.718,14.36,20,否
粮油,1,2.7,2.7,否
蔬果,0.25,1.45,5.8,否
蔬果,0.322,3.09,9.6,否
休闲,0.232,13.87,59.8,否
日配,1,5.5,5.5,否
蔬果,0.32,0.82,2.56,否
蔬果,0.299,2.87,9.6,否
蔬果,0.354,5.66,16,否
针织,1,19,19,否
日配,1,49,65,是
日配,1,8.9,8.9,否
粮油,1,4.8,4.8,否
休闲,1,5.5,5.5,否
粮油,1,8.9,8.9,否
酒饮,1,4,4,否
日配,0.79,5.36,6.78,否
粮油,1,2.8,2.8,否
休闲,1,5.3,5.3,否
洗化,1,2.4,2.9,是
蔬果,0.398,2.61,6.56,否
蔬果,0.532,1.57,2.96,否
熟食,0.41,8.2,20,否
蔬果,0.438,8.67,19.8,否
休闲,1,0.5,0.5,否
蔬果,0.678,4.04,5.96,否
蔬果,0.528,1.36,2.58,否
家居,1,5,5,否
蔬果,1.086,2.15,1.98,否
洗化,1,4.7,4.7,否
洗化,1,12.3,12.3,否
休闲,0.48,11.52,24,否
蔬果,0.632,7.57,11.98,否
蔬果,0.266,4.47,16.8,否
蔬果,0.73,1.87,2.56,否
蔬果,1.002,1,1,否
日配,1,10.9,13.3,是
酒饮,1,6.9,6.9,否
蔬果,0.516,2.99,5.8,否
蔬果,0.058,0.12,2,否
蔬果,0.799,5.24,6.56,否
日配,1.596,10.82,6.78,否
日配,12,55,5.8,是
酒饮,1,4,4,否
日配,1,65,65,否
粮油,2,7.8,3.9,否
日配,2,11,5.5,否
休闲,1,4.3,4.3,否
日配,0.866,5.87,6.78,否
日配,12,58.9,5.3,是
蔬果,0.994,7.1,20,否
蔬果,0.434,0.85,1.96,否
日配,1,9.9,9.9,否
蔬果,1.012,3.41,1.98,否
休闲,0.162,12.9,79.6,否
粮油,6,10.2,1.7,否
蔬果,1.778,7.08,3.98,否
蔬果,0.526,17.78,33.8,否
粮油,1,6.9,10.7,是
日配,2,23.8,11.9,否
日配,0.644,9.02,14,否
粮油,1,74.9,74.9,否
酒饮,1,14,14,否
蔬果,0.214,1.66,7.76,否
粮油,1,19.3,19.3,否
蔬果,0.244,4.88,20,否
蔬果,0.369,2.05,5.56,否
肉禽,0.42,11.68,27.8,否
蔬果,0.254,1.77,6.96,否
蔬果,1.242,9.91,7.98,否
日配,1,8.9,12.9,是
日配,1,18.7,18.7,否
洗化,1,5.9,5.9,否
洗化,1,8.9,8.9,否
蔬果,0.738,5.87,7.96,否
蔬果,0.73,18.83,25.8,否
熟食,0.15,6,40,否
休闲,1,1.9,1.9,否
粮油,1,6.9,6.9,否
休闲,0.52,7.14,23.8,是
蔬果,0.118,1.42,12,否
蔬果,0.102,0.61,5.98,否
洗化,1,19.9,19.9,否
粮油,1,7.7,7.7,否
粮油,30,111,3.7,否
蔬果,0.44,1.74,3.96,否
洗化,1,2.9,3.9,是
粮油,1,6.5,6.7,否
粮油,1,3.9,3.9,否
蔬果,0.874,2.24,2.56,否
蔬果,1.672,4.31,2.58,否
粮油,1,4.9,4.9,否
酒饮,1,4,4,否
粮油,1,12.9,12.9,否
肉禽,0.24,7.15,29.8,否
粮油,1,6.9,6.9,否
家居,1,4,4,否
蔬果,1.822,7.25,3.98,否
酒饮,1,12.7,12.7,否
粮油,1,5.9,5.9,否
蔬果,0.508,1.01,1.98,否
休闲,1,4.5,4.5,否
家居,1,10,10,否
洗化,1,49,49,否
肉禽,0.316,7.9,25,否
蔬果,0.255,0.38,1.48,否
酒饮,10,75,7.5,否
酒饮,1,5.3,5.3,否
蔬果,0.528,0.78,1.48,否
蔬果,0.398,1.02,2.56,否
洗化,1,5.9,5.9,否
粮油,0.386,2.3,10.8,是
蔬果,0.558,1.44,2.58,否
蔬果,1.281,7.63,5.96,否
洗化,1,6,6,否
肉禽,0.646,12.79,19.8,否
蔬果,0.526,3.16,6,否
粮油,1,12.9,12.9,否
休闲,1,14.3,14.3,否
蔬果,1.16,9.4,5.96,否
粮油,1,21.8,21.8,否
蔬果,0.768,1.52,1.98,否
蔬果,0.522,1.04,2,否
洗化,1,1.7,1.7,否
蔬果,0.265,1.33,5,否
日配,1,9.9,9.9,否
休闲,1,10,10,否
洗化,1,5.7,5.7,否
日配,1,8.6,8.6,否
蔬果,0.424,5.08,11.98,否
肉禽,0.188,8.27,44,否
粮油,1,11.3,11.3,否
粮油,1,3.9,3.9,否
粮油,1,3.2,3.9,是
蔬果,0.876,2.26,2.58,否
蔬果,1.264,88.48,70,否
熟食,0.16,12.16,76,否
日配,1,17.9,18.3,否
酒饮,12,72,6,否
蔬果,0.317,1.78,5.6,否
日配,0.776,5.26,6.78,否
洗化,1,6.9,6.9,否
蔬果,0.778,54.46,70,否
休闲,0.22,3.03,19.6,是
日配,1,6.9,6.9,否
粮油,1,15.3,15.3,否
休闲,0.22,3.03,19.6,是
日配,1,10.7,10.7,否
休闲,1,3.9,3.9,否
休闲,0.38,5.24,13.8,否
蔬果,0.655,1.94,2.96,否
蔬果,1.03,2.66,2.58,否
蔬果,0.342,2.24,6.56,否
日配,1,18.9,18.9,否
休闲,1,5,5,否
蔬果,1.496,3.56,2.56,否
粮油,1,9.5,9.5,否
日配,9,87.3,9.7,否
日配,1,7.3,7.3,否
粮油,1,9.8,9.8,否
家居,1,7,7,否
日配,1,9.9,9.9,否
蔬果,0.385,2.23,5.8,否
粮油,1,7.7,7.7,否
熟食,2,2,1,否
日配,0.77,10.78,14,否
蔬果,0.482,0.95,1.98,否
蔬果,0.604,2.4,3.98,否
粮油,1,8.2,8.2,否
休闲,0.224,4.44,19.8,否
休闲,1,10.9,10.9,否
粮油,1,1.3,1.3,否
休闲,1,3.5,3.5,否
粮油,1,8.5,8.5,否
蔬果,0.514,0.9,1.76,否
粮油,1,7.7,7.7,否
休闲,0.414,18.13,51.6,是
粮油,1,4.9,4.9,否
蔬果,0.32,1.27,3.98,否
蔬果,0.787,18.1,23,否
粮油,1,3.9,3.9,否
洗化,1,8.9,8.9,否
蔬果,0.504,5.03,9.98,否
日配,2,22,11,否
蔬果,0.354,0.62,1.76,否
蔬果,0.6,7.08,11.8,否
酒饮,1,3.7,3.7,否
休闲,0.826,22.96,39.6,是
休闲,0.092,1.22,19.6,是
蔬果,0.849,5.57,6.56,否
蔬果,0.52,4.99,9.6,否
洗化,1,7.9,7.9,否
熟食,0.464,9.28,20,否
熟食,0.498,44.82,90,否
酒饮,1,5,5,否
洗化,1,4.7,4.7,否
粮油,1,2,4.5,是
休闲,1,10,10,否
日配,1,9.3,9.3,否
洗化,1,9.9,9.9,否
洗化,1,4.9,4.9,否
蔬果,2.581,6.66,2.58,否
日配,0.828,11.59,14,否
针织,1,19.9,19.9,否
蔬果,0.685,1.77,2.58,否
蔬果,2,3,1.5,否
日配,1,5.5,5.5,否
蔬果,0.218,1.21,5.56,否
休闲,0.244,4.8,25,是
休闲,1,6.7,6.7,否
蔬果,1,2,2,否
酒饮,1,3.5,3.5,否
休闲,1,7.5,7.5,否
粮油,1,5.7,5.7,否
日配,1,8.9,12.9,是
休闲,1,38,38,否
酒饮,1,14,14,否
日配,1,31.7,31.7,否
蔬果,0.467,2.4,2.58,否
日配,1,6.3,6.3,否
日配,1.056,20.91,19.8,否
粮油,1,7.3,7.3,否
蔬果,0.604,3.96,6.56,否
蔬果,0.21,0.31,1.48,否
粮油,1,10.5,11.3,否
日配,1,8.9,8.9,否
洗化,1,9.7,9.7,否
粮油,1,3,3,否
粮油,1,3,3,否
蔬果,1.508,6.03,4,否
家居,1,9,9,否
蔬果,0.844,4.22,5,否
蔬果,0.492,9.84,20,否
日配,1,10.9,13.3,是
蔬果,0.32,1.28,4,否
休闲,1,4.3,4.3,否
粮油,1,1.9,1.9,否
家居,1,7,7,否
粮油,1,5.9,5.9,否
日配,1,4.9,5.5,是
蔬果,0.418,2.51,6,否
蔬果,1.332,23.44,17.6,否
洗化,1,4.9,4.9,否
洗化,1,4.9,4.9,否
蔬果,0.385,4.62,12,否
蔬果,0.48,1.24,2.58,否
洗化,1,11.9,11.9,否
日配,12,55,5.8,是
粮油,1,5.3,5.3,否
洗化,1,10.5,10.5,否
熟食,0.553,3.32,6,否
酒饮,1,13.7,13.7,否
日配,12,66,5.5,否
蔬果,0.544,3.26,6,否
蔬果,0.922,5.5,5.96,否
洗化,1,9.9,15.7,是
粮油,1,2.9,2.9,否
日配,1,4.9,4.9,否
蔬果,0.366,7.32,20,否
蔬果,0.538,5.16,9.6,否
洗化,1,18.7,18.7,否
休闲,1,4.5,4.5,否
休闲,1,7.9,7.9,否
蔬果,0.776,1.99,2.56,否
粮油,1,15.3,15.3,否
蔬果,0.798,1.9,5,否
洗化,4,6.8,1.7,否
蔬果,0.398,1.02,2.56,否
熟食,0.784,15.68,20,否
蔬果,0.704,1.8,2.56,否
酒饮,1,25,25,否
休闲,1,5.7,5.7,否
休闲,1,3.3,3.3,否
蔬果,0.388,4.66,12,否
粮油,1,6.9,6.9,否
家居,1,4,4,否
粮油,1,2.7,2.7,否
熟食,0.264,20.06,76,否
休闲,1,21,21,否
蔬果,0.812,2.08,2.56,否
蔬果,0.756,1.5,1.98,否
酒饮,1,25,25,否
日配,1,5.8,5.8,否
休闲,1,6.9,6.9,否
蔬果,0.4,2.22,5.56,否
日配,1,19.9,19.9,否
日配,1,8.9,12.9,是
日配,1,8.9,12.9,是
蔬果,0.81,1.6,1.98,否
蔬果,0.642,5.78,9,否
粮油,1,8.9,8.9,否
洗化,1,7.9,11.9,是
蔬果,0.784,7.81,9.96,否
粮油,1,12.9,12.9,否
粮油,1,7.9,7.9,否
休闲,1,3.9,3.9,否
洗化,1,4.3,4.3,否
蔬果,1.254,12.51,9.98,否
日配,0.322,5.73,17.8,否
粮油,1,30.9,30.9,否
粮油,1,14.7,14.7,否
休闲,1,5.7,5.7,否
休闲,1,8.7,8.7,否
休闲,1,12.9,12.9,否
家居,1,9,9,否
休闲,0.334,20.04,60,否
粮油,12,42,4.5,是
蔬果,1.053,2.08,1.98,否
肉禽,0.21,5.84,27.8,否
熟食,0.314,1.88,6,否
洗化,1,9.7,9.7,否
日配,6,16.8,2.8,否
蔬果,0.364,1.46,4,否
日配,1,5.9,5.9,否
日配,1.172,20.86,17.8,否
蔬果,0.536,2.12,3.96,否
蔬果,0.838,10.04,11.98,否
洗化,1,11.5,12.9,是
休闲,0.154,1.5,17.8,是
蔬果,0.396,6.34,16,否
蔬果,0.517,3.39,6.56,否
蔬果,0.364,1.83,4,否
熟食,0.102,2.04,20,否
蔬果,0.298,1.19,3.98,否
休闲,0.222,9.7,51.6,是
蔬果,0.506,2.93,5.8,否
蔬果,1.482,3.79,2.56,否
洗化,1,5.9,5.9,否
日配,2,17.8,8.9,否
蔬果,0.156,0.87,5.56,否
休闲,0.218,6.9,51.6,是
肉禽,0.472,8.31,17.6,否
蔬果,0.2,4,20,否
休闲,0.264,4.69,27.6,是
蔬果,0.554,3.63,6.56,否
日配,1,5.3,5.3,否
冲调,1,13.9,13.9,否
蔬果,0.894,2.31,2.58,否
酒饮,1,4.9,4.9,否
酒饮,1,3,3,否
酒饮,1,4.9,4.9,否
蔬果,0.442,1.13,2.56,否
蔬果,0.362,4.34,12,否
休闲,0.214,4.2,25,是
日配,0.876,5.94,6.78,否
粮油,1,12.3,12.3,否
日配,1,8.9,12.9,是
肉禽,0.454,13.53,29.8,否
粮油,1,6.7,6.7,否
蔬果,0.89,4.98,5.6,否
酒饮,4,13.2,3.3,否
洗化,1,5.9,8,是
蔬果,0.69,1.2,6.56,否
肉禽,0.566,15.73,27.8,否
蔬果,0.264,2.01,7.6,否
蔬果,0.964,11.57,12,否
粮油,1,4.7,4.7,否
熟食,0.252,5.04,20,否
洗化,1,9.5,9.5,否
蔬果,0.248,4.96,20,否
文体,1,10.3,10.3,否
蔬果,1.212,2.4,1.98,否
日配,1,8.9,8.9,否
蔬果,1.224,47.74,39,否
熟食,0.314,1.88,6,否
蔬果,1.43,1.43,1,否
蔬果,2.251,13.42,5.96,否
休闲,0.19,4.56,24,否
蔬果,0.324,1.88,5.8,否
蔬果,0.326,0.84,2.58,否
蔬果,0.16,0.9,5.6,否
酒饮,1,5.9,5.9,否
日配,1,4,4,否
酒饮,1,12,12,否
休闲,1,5.9,5.9,否
酒饮,1,2,2,否
蔬果,0.322,1.22,3.8,否
休闲,0.204,3.63,27.6,是
粮油,1,6.7,6.7,否
蔬果,0.402,4.01,9.98,否
蔬果,0.335,2,5.98,否
蔬果,0.354,5.66,16,否
粮油,1,2.8,2.8,否
酒饮,1,4,4,否
蔬果,0.916,10.97,11.98,否
洗化,1,10.9,12.9,是
文体,1,2.3,2.3,否
蔬果,0.724,8.54,11.8,否
粮油,2,5.6,2.8,否
蔬果,1.282,10.23,7.98,否
熟食,0.238,18.09,76,否
日配,0.776,10.86,14,否
酒饮,1,2.9,2.9,否
蔬果,0.822,1.48,1.8,否
蔬果,1.472,20.02,13.6,否
蔬果,1.776,21.24,11.96,否
粮油,1,10.9,10.9,否
洗化,1,7.9,7.9,否
粮油,1,4.7,4.7,否
休闲,1,3,3,否
酒饮,1,11.7,11.7,否
洗化,1,6.7,6.7,否
蔬果,0.952,2.46,2.58,否
蔬果,1.172,26.96,23,否
粮油,1,6.9,7.9,否
酒饮,1,11.9,11.9,否
酒饮,24,36,1.5,否
日配,0.802,5.44,6.78,否
蔬果,0.44,8.8,20,否
酒饮,1,4,4,否
日配,20,40,2,否
休闲,0.336,13.71,40.8,否
粮油,1,7.9,7.9,否
洗化,1,18.9,18.9,否
蔬果,1,2,2,否
日配,1,10.5,10.7,否
粮油,1,4.7,4.7,否
蔬果,0.384,0.68,1.76,否
粮油,1,6.9,6.9,否
熟食,0.339,2.03,6,否
休闲,1,16.9,16.9,否
蔬果,1.508,13.5,27.8,否
洗化,2,3.4,1.7,否
蔬果,0.49,7.84,16,否
蔬果,0.484,1.92,3.96,否
酒饮,1,4,4,否
蔬果,0.218,4.36,20,否
肉禽,0.762,22.71,29.8,否
蔬果,0.266,1.74,6.56,否
蔬果,0.285,1.65,5.8,否
粮油,1,3.2,3.2,否
洗化,1,9.9,15.9,是
休闲,1,1,1,否
日配,1,31.7,31.7,否
酒饮,1,3,3,否
酒饮,1,8.9,8.9,否
洗化,1,5.3,5.3,否
日配,24,60,3,是
蔬果,0.718,2.13,1.98,否
酒饮,1,3,3,否
冲调,1,23.3,23.3,否
蔬果,0.706,6.07,8.6,否
蔬果,0.416,0.82,1.98,否
蔬果,1.337,40.11,30,否
日配,12,52.8,4.4,否
休闲,1,6.7,6.7,否
粮油,1,28.9,28.9,否
蔬果,0.328,1.31,4,否
蔬果,1.128,2.21,1.96,否
日配,1,18.3,18.3,否
休闲,1,5.5,5.5,否
洗化,6,10.2,1.7,否
洗化,1,5.8,6.9,是
蔬果,0.886,17.54,19.8,否
蔬果,0.504,0.75,1.48,否
酒饮,1,14,14,否
蔬果,2.272,9.04,3.98,否
日配,0.794,5.38,6.78,否
休闲,6,7.2,1.2,否
休闲,1,0.8,0.8,否
酒饮,1,11.7,11.7,否
日配,1,9.3,9.3,否
休闲,1,7.5,7.5,否
日配,1,17.3,17.3,否
休闲,0.272,3.75,23.8,是
蔬果,0.404,2.26,5.6,否
蔬果,0.468,10.3,22,否
蔬果,0.19,1.06,5.56,否
日配,1,4,4,否
蔬果,0.792,15.84,20,否
蔬果,0.989,2.55,2.58,否
蔬果,0.942,2.41,2.56,否
蔬果,1.226,9.78,7.98,否
蔬果,2.626,15.65,5.96,否
洗化,1,5.7,5.7,否
蔬果,0.474,3.78,15,否
日配,12,55,5.8,是
蔬果,0.172,1.65,9.6,否
洗化,1,11.9,11.9,否
休闲,1,4.7,4.7,否
蔬果,1.17,2.32,1.98,否
蔬果,0.554,4.21,7.6,否
蔬果,0.418,6.69,16,否
粮油,1,8.5,8.5,否
蔬果,0.319,2.09,6.56,否
蔬果,0.368,5.14,13.96,否
粮油,1,39.7,39.7,否
休闲,1,1.3,1.3,否
蔬果,1.444,3.73,2.58,否
蔬果,0.228,2.19,9.6,否
蔬果,0.362,1.81,5,否
粮油,1,2.9,2.9,否
休闲,1,2.5,3.5,是
日配,1,8.9,12.9,是
蔬果,2.087,4.13,1.98,否
冲调,1,17.3,17.3,否
蔬果,0.632,4.15,6.56,否
粮油,1,3.9,3.9,否
休闲,0.216,2.9,19.6,是
蔬果,0.826,2.11,2.56,否
日配,1,11,11,否
粮油,1,6.8,6.8,否
粮油,3.596,17.18,5.58,是
洗化,1,4.9,4.9,否
蔬果,0.344,5.16,15,否
洗化,1,4.7,4.7,否
日配,1,6.6,6.6,否
粮油,1,12.9,12.9,否
蔬果,0.472,10.86,23,否
蔬果,0.302,1.98,6.56,否
日配,2.626,36.76,14,否
休闲,1,5.5,5.5,否
蔬果,0.394,2.74,6.96,否
日配,1,15.9,17.9,是
蔬果,0.966,5.39,2.58,否
蔬果,0.802,4.01,5,否
粮油,1,8.5,8.5,否
蔬果,0.464,1.2,2.58,否
蔬果,0.51,2.55,5,否
蔬果,0.678,1.19,1.76,否
蔬果,0.72,15.84,22,否
蔬果,0.982,11.59,11.8,否
休闲,1,3.9,3.9,否
蔬果,1.164,2.3,1.98,否
蔬果,0.15,1.35,9,否
蔬果,0.362,1.45,4,否
蔬果,0.978,19.36,19.8,否
蔬果,0.402,1.61,4,否
蔬果,0.324,0.83,2.56,否
日配,1,7.7,7.7,否
蔬果,0.626,6.23,9.96,否
蔬果,0.276,1.92,6.96,否
蔬果,0.588,3.86,6.56,否
蔬果,1.05,2.69,2.56,否
休闲,1,2.9,2.9,否
酒饮,1,4.9,4.9,否
蔬果,0.332,2.51,7.6,否
蔬果,0.078,0.75,9.6,否
日配,1,13.8,13.8,否
家居,1,18,18,否
日配,12,49,5,是
家电,1,4.5,4.5,否
蔬果,1.448,17.38,12,否
蔬果,0.248,0.49,1.98,否
蔬果,0.538,13.45,25,否
洗化,1,10.9,10.9,否
蔬果,1.249,7.44,5.96,否
休闲,0.762,13.72,18,否
熟食,0.792,4.75,6,否
蔬果,0.298,1.95,6.56,否
蔬果,0.749,17.23,23,否
粮油,1,7.9,7.9,否
洗化,1,3.9,3.9,否
蔬果,0.374,4.49,12,否
粮油,1,15.9,15.9,否
文体,1,3.3,3.3,否
蔬果,0.278,1.66,5.98,否
日配,0.786,5.33,6.78,否
粮油,1,5.9,5.9,否
熟食,2,2,1,否
洗化,1,12.9,14.5,是
日配,1.566,10.62,6.78,否
蔬果,0.583,1.49,2.56,否
洗化,1,3.9,3.9,否
蔬果,0.593,13.64,23,否
蔬果,0.674,9.01,9.98,否
蔬果,0.262,4.09,15.6,否
粮油,1,8.2,8.2,否
蔬果,0.844,5.54,6.56,否
蔬果,0.71,1.82,2.56,否
肉禽,0.44,7.74,17.6,否
日配,1,3.7,3.7,否
洗化,1,11.5,15.9,是
蔬果,1.036,6.8,6.56,否
日配,1,9.9,14.9,是
针织,1,13,13,否
蔬果,0.96,1.9,1.98,否
蔬果,0.606,3.51,5.8,否
蔬果,0.752,1.93,2.56,否
家居,1,8,8,否
日配,1,9.9,9.9,否
蔬果,0.36,0.93,2.58,否
蔬果,0.31,1.85,5.98,否
熟食,0.711,4.27,6,否
日配,5,10.5,2.1,否
休闲,1,3.9,3.9,否
蔬果,0.679,1.75,2.58,否
蔬果,0.82,2.12,2.58,否
蔬果,1.328,2.63,1.98,否
熟食,0.732,14.64,20,否
家居,1,7,7,否
日配,1,18.9,18.9,否
蔬果,1.263,8.29,6.56,否
日配,1,11.9,11.9,否
粮油,4.282,20.46,5.58,是
洗化,1,5.7,5.7,否
蔬果,0.201,0.8,5.56,否
蔬果,0.516,1.02,1.98,否
蔬果,0.583,1.04,1.78,否
洗化,1,9.9,9.9,否
蔬果,0.892,2.3,2.58,否
蔬果,0.512,6.13,11.98,否
蔬果,1.286,5.12,3.98,否
熟食,0.494,2.96,6,否
日配,2.386,16.18,6.78,否
粮油,1,4.3,4.3,否
休闲,1,2,2,否
蔬果,0.584,2.92,5,否
粮油,1,0.5,0.5,否
酒饮,1,3,3,否
洗化,1,3.9,3.9,否
蔬果,0.662,14.56,22,否
蔬果,1.048,4.19,4,否
蔬果,0.792,18.22,23,否
蔬果,1.34,5.31,3.96,否
日配,1,2.5,2.5,否
日配,0.814,5.52,6.78,否
洗化,1,8.9,12.9,是
蔬果,0.16,8,50,否
蔬果,1.46,8.12,5.56,否
蔬果,0.598,5.97,9.98,否
酒饮,1,5,5,否
蔬果,1.059,5.9,2.58,否
酒饮,1,11,11,否
蔬果,1.104,6.58,5.96,否
日配,1,11.9,11.9,否
蔬果,0.398,0.79,1.98,否
日配,1,9.9,14.9,是
粮油,1,7.9,7.9,否
冲调,1,50.9,50.9,否
蔬果,0.794,9.51,11.98,否
蔬果,1,18,18,否
粮油,1,0.5,0.5,否
休闲,1,21.9,21.9,否
日配,1,11,11,否
蔬果,1.244,3.18,2.56,否
休闲,1,19.8,19.8,否
休闲,1,3.5,3.5,否
休闲,1,7.9,7.9,否
蔬果,0.978,2.52,2.58,否
洗化,1,4.7,4.7,否
粮油,1,11.7,11.7,否
家居,1,7,7,否
酒饮,1,3.7,3.7,否
肉禽,0.284,7.9,27.8,否
蔬果,0.206,0.73,3.56,否
蔬果,0.488,9.76,20,否
冲调,1,25.3,25.3,否
蔬果,0.782,2,2.56,否
酒饮,6,17.4,2.9,否
蔬果,0.42,3.28,7.8,否
蔬果,0.734,11.01,15,否
休闲,1,5.9,5.9,否
粮油,1,9.5,9.5,否
蔬果,1.086,2.78,2.56,否
休闲,0.192,6.4,51.6,是
日配,1,49,65,是
蔬果,0.629,3.52,5.6,否
蔬果,0.73,16.06,22,否
洗化,1,17.9,17.9,否
蔬果,1.707,7.8,5.96,否
日配,1,6.6,6.6,否
蔬果,1,1.5,1.5,否
熟食,4,2,0.5,否
休闲,0.562,7.76,13.8,否
蔬果,0.48,1.82,3.8,否
休闲,0.284,7.89,39.6,是
洗化,1,4.3,4.3,否
蔬果,0.714,4.68,6.56,否
蔬果,0.746,1.92,2.58,否
粮油,1,2,4.7,是
蔬果,1.808,7.2,3.98,否
洗化,1,9.9,9.9,否
酒饮,1,9.9,9.9,否
日配,20,40,2,否
粮油,1,8.5,8.5,否
粮油,1,4.3,4.3,否
休闲,1,5.5,5.5,否
休闲,1,0.8,0.8,否
肉禽,0.314,5.53,17.6,否
家居,1,26.9,40,是
粮油,1,8.2,8.2,否
蔬果,0.916,1.81,1.98,否
蔬果,0.244,1.22,5,否
蔬果,0.379,3.64,9.6,否
蔬果,0.625,1.61,2.58,否
蔬果,0.26,2.5,9.6,否
蔬果,1.014,12.15,11.98,否
休闲,1,4.5,4.5,否
文体,1,2.3,2.3,否
蔬果,1.188,2.35,1.98,否
休闲,1,2.8,2.9,否
蔬果,0.55,1.09,1.98,否
日配,1,2,2,否
洗化,1,12.9,15.9,是
蔬果,0.504,1.29,2.56,否
蔬果,0.218,4.36,20,否
蔬果,0.524,1.04,1.98,否
日配,1,11,11,否
蔬果,0.84,5.52,6,否
休闲,1,5.7,5.7,否
针织,1,13,13,否
粮油,1,3.9,3.9,否
家居,1,4.5,4.5,否
蔬果,0.32,6.4,20,否
洗化,1,5.7,5.7,否
蔬果,0.472,9.44,20,否
洗化,1,13.9,13.9,否
休闲,1,3.5,3.5,否
蔬果,0.232,4.64,20,否
洗化,1,3.9,3.9,否
休闲,1,4.7,4.7,否
休闲,1,3.9,3.9,否
休闲,1,6.7,6.7,否
蔬果,0.366,3.65,9.96,否
休闲,0.184,6.2,51.6,是
蔬果,0.288,2.76,9.6,否
休闲,0.214,4.23,34,是
蔬果,0.384,2.52,6.56,否
休闲,0.174,6.89,39.6,否
日配,1,4.7,4.7,否
日配,1,6.7,6.7,否
休闲,1,4.7,4.7,否
粮油,1,0.5,0.5,否
酒饮,12,17.8,2,是
蔬果,0.344,1.93,5.6,否
日配,1,6,6,否
日配,1,8.9,12.9,是
蔬果,0.544,1.08,1.98,否
休闲,0.144,1.81,19.8,是
蔬果,1.64,28.86,17.6,否
休闲,1,4.9,4.9,否
蔬果,0.357,4.28,12,否
蔬果,0.5,0.8,1.6,否
蔬果,1.056,2.09,1.98,否
粮油,1,3.7,3.7,否
家居,1,10,10,否
休闲,1,3.3,3.3,否
日配,0.748,5.07,6.78,否
蔬果,2.09,18.76,27.8,否
酒饮,1,5,5,否
蔬果,1.128,31.36,27.8,否
蔬果,1.194,27.46,23,否
休闲,1,3.7,3.7,否
蔬果,0.387,2.54,6.56,否
肉禽,0.192,5.72,29.8,否
蔬果,0.53,1.05,1.98,否
蔬果,0.801,4.77,5.96,否
蔬果,0.953,1.89,1.98,否
休闲,2,1,0.5,否
蔬果,0.2,1.11,5.56,否
蔬果,0.926,2.39,2.58,否
蔬果,0.44,8.8,20,否
蔬果,1.562,12.46,7.98,否
日配,1,4,4,否
洗化,1,11.9,15.7,是
肉禽,0.336,10.01,29.8,否
蔬果,0.702,7.72,11,否
蔬果,0.252,5.04,20,否
粮油,1,2.8,2.8,否
日配,0.874,5.93,6.78,否
洗化,4,39.6,11.7,是
洗化,1,7.9,7.9,否
蔬果,0.624,1.61,2.58,否
蔬果,0.466,3.54,7.6,否
蔬果,0.828,1.62,1.96,否
休闲,0.55,13.2,24,否
肉禽,0.814,34.03,41.8,否
日配,1,18.3,18.3,否
酒饮,1,4.5,4.5,否
洗化,1,25.9,25.9,否
水产,0.542,16.26,30,否
休闲,1,10.9,10.9,否
粮油,1,12.9,12.9,否
肉禽,0.572,17.05,29.8,否
蔬果,0.153,1.47,9.6,否
日配,0.688,9.63,14,否
日配,1,8.6,8.6,否
粮油,1,11.6,14.7,否
蔬果,0.106,0.63,5.98,否
休闲,1,8.5,8.5,否
蔬果,0.492,0.87,1.76,否
酒饮,1,7.7,7.7,否
休闲,1,3.9,3.9,否
休闲,1,4.3,4.3,否
粮油,1,6.7,6.7,否
粮油,4.178,19.97,5.58,是
肉禽,0.174,5.19,29.8,否
蔬果,0.21,1.05,5,否
日配,1,2.4,2.4,否
蔬果,0.47,2.35,5,否
蔬果,0.444,1.14,2,否
休闲,0.248,10.8,51.6,是
粮油,1,5.3,5.3,否
休闲,1,4,4,否
休闲,0.098,3.9,39.8,否
酒饮,1,7.8,7.8,否
酒饮,1,13.8,13.8,否
蔬果,0.94,7.33,7.8,否
蔬果,0.646,3.75,5.8,否
粮油,1,19.3,19.3,否
蔬果,0.228,4.56,20,否
休闲,1,3.5,3.5,否
粮油,1,2,4.5,是
日配,1,7.7,7.7,否
水产,0.986,7.87,7.98,否
家居,1,8,8,否
蔬果,0.442,2.48,5.6,否
洗化,1,13.9,13.9,否
日配,1,5.7,5.7,否
日配,1,8,8,否
蔬果,0.314,3.13,9.96,否
蔬果,0.478,0.47,1.76,否
粮油,1,7.9,7.9,否
蔬果,0.47,3.08,6.56,否
蔬果,2.168,12.92,5.96,否
蔬果,2,8.4,4.2,否
蔬果,0.589,2.33,3.96,否
蔬果,0.843,5.02,5.96,否
休闲,0.216,12.92,59.8,否
酒饮,1,13.8,13.8,否
蔬果,0.42,1.66,3.96,否
日配,1,3.5,3.5,否
日配,1,3.5,3.5,否
蔬果,1.136,22.49,19.8,否
洗化,1,9.9,9.9,否
洗化,1,1.7,1.7,否
休闲,3,16.5,5.5,否
蔬果,0.248,4.96,20,否
蔬果,0.456,2.99,6.56,否
酒饮,1,75,75,否
蔬果,0.258,1.02,3.96,否
蔬果,2,20,10,否
蔬果,2.34,6.04,2.58,否
休闲,0.358,15.68,51.6,是
蔬果,0.622,1.6,2.58,否
肉禽,0.202,6.02,29.8,否
日配,1,4,4,否
休闲,1,10,10,否
洗化,1,2,2,否
蔬果,0.196,1.88,9.6,否
针织,1,13,13,否
日配,1.65,11.19,6.78,否
粮油,1,1.9,1.9,否
蔬果,0.492,2.85,5.8,否
水产,0.212,0.21,1,否
日配,1,7.7,7.7,否
日配,1,3.9,6,是
洗化,1,6.9,9.7,是
日配,1,9.8,9.8,否
蔬果,0.992,19.84,20,否
日配,1.144,21.96,19.2,否
日配,0.86,5.83,6.78,否
粮油,3,3.9,1.3,否
熟食,4,2,0.5,否
蔬果,0.753,4.94,6.56,否
蔬果,0.402,8.04,20,否
水产,1,30,30,否
蔬果,0.636,1.26,1.98,否
洗化,1,6.7,6.7,否
洗化,1,8.9,8.5,是
蔬果,1.338,7.76,5.8,否
日配,0.73,4.95,6.78,否
粮油,9.504,45.4,5.58,是
日配,1,11.5,11.5,否
蔬果,0.26,0.82,15.6,否
洗化,1,1.7,1.7,否
熟食,0.424,8.48,20,否
蔬果,0.816,3.26,4,否
蔬果,0.504,2.82,5.6,否
休闲,0.448,15.1,51.6,是
蔬果,0.49,2.74,5.6,否
粮油,1,1.3,1.3,否
粮油,1,7.9,7.9,否
粮油,1,2.7,2.7,否
蔬果,0.319,1.28,4,否
蔬果,0.821,4.89,5.96,否
休闲,1,8.3,8.3,否
休闲,1,9.5,9.5,否
日配,1,3.9,5,是
休闲,0.876,22.6,35.8,是
蔬果,0.458,4.56,9.96,否
洗化,1,24.9,24.9,否
蔬果,0.749,17.23,23,否
粮油,5.208,24.89,5.58,是
休闲,0.306,7.34,24,否
日配,6,40.2,6.7,否
日配,5,11.5,2.3,否
冲调,1,30.7,30.7,否
粮油,1,8.9,8.9,否
蔬果,1.15,31.97,27.8,否
肉禽,0.264,7.34,27.8,否
蔬果,0.584,1.16,1.98,否
粮油,1,6.7,6.7,否
日配,1,7.7,7.7,否
酒饮,4,10,4,是
酒饮,1,13.8,13.8,否
洗化,1,9.7,9.7,否
日配,1,14.9,14.9,否
酒饮,1,7.7,7.7,否
蔬果,0.794,2.03,2.56,否
日配,1.504,10.2,6.78,否
洗化,1,8.9,16.9,是
日配,1,9.8,9.8,否
蔬果,0.498,4.48,9,否
酒饮,1,2.5,2.5,否
酒饮,1,4,4,否
粮油,2,4,4.7,是
酒饮,1,5,5,否
日配,1,15.6,15.6,否
休闲,0.332,9.2,39.6,是
蔬果,1.648,3.23,1.96,否
日配,1,30.9,30.9,否
蔬果,0.208,1.16,5.56,否
蔬果,0.95,1.88,1.98,否
蔬果,0.292,2.63,9,否
针织,1,17.9,17.9,否
酒饮,1,13.8,13.8,否
蔬果,1.6,4.13,2.58,否
蔬果,0.412,1.15,2.78,否
粮油,1,19.9,24.9,是
肉禽,0.336,10.01,29.8,否
蔬果,0.773,1.52,1.96,否
蔬果,0.448,1.15,2.56,否
粮油,0.104,2.7,26,否
日配,1,8.9,12.8,是
粮油,0.18,16.16,89.8,否
洗化,1,4.3,4.3,否
粮油,1,12.9,12.9,否
酒饮,1,6.5,6.5,否
蔬果,0.668,3.71,5.56,否
粮油,1,1.7,1.7,否
蔬果,0.548,0.96,1.76,否
蔬果,0.616,3.7,6,否
休闲,1,3.7,3.7,否
蔬果,0.674,5.38,7.98,否
蔬果,0.91,5.42,5.96,否
蔬果,1,2,2,否
休闲,1,6.9,9.5,是
针织,1,19.9,30,是
蔬果,0.22,1.22,5.56,否
洗化,1,6.9,9.7,是
日配,1,19.3,19.3,否
休闲,1,13.9,13.9,否
蔬果,1.606,9.57,5.96,否
粮油,1,3.9,3.9,否
酒饮,1,16.3,16.3,否
洗化,1,7.9,11.9,是
家居,1,10.9,17,是
针织,-1,-13,13,否
日配,1,14.9,14.9,否
粮油,8,16,4.7,是
休闲,0.292,2.8,16.8,是
蔬果,0.908,2.32,2.56,否
蔬果,0.362,3.61,9.98,否
休闲,0.082,6.53,79.6,否
蔬果,0.172,1.13,6.56,否
肉禽,0.372,11.09,29.8,否
休闲,1,3.9,3.9,否
休闲,1,4,4,否
休闲,0.342,20.4,59.8,否
蔬果,0.772,1.99,2.58,否
蔬果,0.43,0.84,1.96,否
酒饮,1,2.5,2.5,否
蔬果,0.799,1.58,1.98,否
蔬果,1.265,6.3,5.96,否
冲调,1,23.7,23.7,否
粮油,1,14,14,否
粮油,0.364,2.18,10.8,是
蔬果,0.483,0.96,1.98,否
蔬果,0.492,0.98,2,否
酒饮,1,3.5,3.5,否
蔬果,0.504,2.82,5.6,否
蔬果,0.755,4.5,5.96,否
日配,1,3.9,5,是
日配,1,6.8,8.3,是
酒饮,1,1.3,1.3,否
日配,1,9.9,14.9,是
洗化,1,15.9,15.9,否
洗化,1,8.9,8.9,否
蔬果,0.496,1.28,2.58,否
肉禽,0.2,5.96,29.8,否
酒饮,12,30,2.5,否
蔬果,0.262,5.24,20,否
休闲,1,1,1,否
日配,1,2.4,2.4,否
粮油,1,89,89,否
粮油,1,4.8,4.8,否
肉禽,0.922,38.54,41.8,否
日配,4,14,3.9,是
日配,12,49,5.5,是
熟食,0.154,4.31,28,否
洗化,1,9.9,9.9,否
蔬果,0.565,4.5,7.96,否
蔬果,0.44,3.34,7.6,否
蔬果,0.758,4.97,6.56,否
蔬果,0.754,1.49,1.98,否
洗化,1,12.9,12.9,否
肉禽,0.328,9.77,29.8,否
休闲,0.59,10.5,27.6,是
日配,1,18.3,18.3,否
蔬果,0.572,1.03,1.8,否
熟食,2,2,1,否
蔬果,0.45,4.48,9.96,否
文体,1,13.9,23,是
粮油,1,8.5,8.9,否
酒饮,1,7.9,10.3,是
粮油,3.86,18.4,5.58,是
日配,1,11.5,11.5,否
粮油,1,39.7,39.7,否
蔬果,1.434,8.55,5.96,否
蔬果,0.878,2.27,2.58,否
蔬果,0.428,8.56,20,否
洗化,1,15.9,19.9,是
日配,1,10.3,10.3,否
蔬果,0.778,8.56,11,否
蔬果,0.57,2.26,3.96,否
日配,1,8.9,12.9,是
熟食,0.001,0.02,20,否
休闲,1,10.9,10.9,否
粮油,1,5.9,5.9,否
蔬果,2,3,1.5,否
粮油,1,2.7,2.7,否
蔬果,0.719,4.03,5.6,否
蔬果,3,4.5,1.5,否
休闲,1,10.4,10.4,否
休闲,1,4,4,否
蔬果,1.246,21.93,17.6,否
蔬果,0.676,1.22,1.8,否
蔬果,0.204,1.34,6.56,否
蔬果,0.378,2.87,7.6,否
蔬果,0.264,2.53,9.6,否
粮油,1,19.9,24.9,是
日配,16,43.2,2.7,否
蔬果,0.27,0.8,15.6,否
酒饮,1,4,4,否
日配,12,58.9,5.3,是
蔬果,0.288,1.44,5,否
粮油,1,18.9,22.5,是
酒饮,1,5.5,5.5,否
蔬果,0.246,1.61,6.56,否
日配,1,6.3,6.3,否
粮油,1,6.5,10.7,是
洗化,4,18,5.9,是
肉禽,0.848,16.79,19.8,否
蔬果,0.793,2.05,2.58,否
蔬果,0.636,6.35,9.98,否
粮油,1,0.5,0.5,否
肉禽,0.832,16.47,19.8,否
休闲,1,3.5,3.5,否
蔬果,0.857,2.21,2.58,否
家居,1,8,8,否
粮油,1,9.5,11.3,是
日配,1,14.3,14.3,否
日配,1,7.7,7.7,否
休闲,1,3.8,3.8,否
酒饮,6,6,1,否
休闲,1,29.9,29.9,否
蔬果,1.13,9.02,7.98,否
休闲,1,7.5,7.5,否
蔬果,0.679,4.45,6.56,否
针织,2,20,12.9,是
蔬果,0.456,5.46,11.98,否
蔬果,0.266,2.55,9.6,否
休闲,1,15.9,15.9,否
蔬果,0.736,1.9,2.58,否
粮油,1,12.9,12.9,否
粮油,1,4.7,4.7,否
水产,0.48,14.4,30,否
蔬果,1.218,7.26,5.96,否
蔬果,-0.476,-1.32,2.78,否
蔬果,0.476,1.32,2.78,否
日配,16,29.9,2.7,是
肉禽,1.208,50.49,41.8,否
日配,1,9.9,14.9,是
蔬果,0.301,6.02,20,否
日配,1,3.5,3.5,否
熟食,0.09,2.52,28,否
粮油,1,2,4.7,是
洗化,1,4.7,4.7,否
休闲,1,3.5,3.5,否
针织,1,19.9,35,是
粮油,1,3.9,3.9,否
针织,1,9,9,否
粮油,1.02,4.49,4.4,否
蔬果,0.522,1.35,2.58,否
洗化,1,6.9,9.7,是
针织,1,17.9,17.9,否
粮油,1,2.8,2.8,否
休闲,0.982,17.47,27.6,是
日配,1,6.3,6.3,否
休闲,0.508,4.97,17.8,是
蔬果,0.332,7.64,23,否
日配,1,1.8,2.3,是
粮油,1,2,4.7,是
洗化,1,17.9,23.9,是
粮油,2.408,11.5,5.58,是
粮油,1,3.8,3.8,否
粮油,1,7.9,7.9,否
休闲,0.628,6.11,16.8,是
休闲,1,3,3,否
洗化,1,12.9,12.9,否
水产,0.312,9.92,31.8,否
蔬果,0.248,1.38,5.56,否
熟食,0.598,2.99,5,否
休闲,1,5.5,6.5,是
蔬果,0.386,6.18,16,否
蔬果,0.468,8.24,17.6,否
休闲,1,2.9,4.3,是
休闲,1,2.9,4.3,是
蔬果,1.462,25.73,17.6,否
蔬果,0.424,0.68,1.6,否
蔬果,2.908,26.11,27.8,否
蔬果,0.226,1.75,7.76,否
休闲,1,3.5,3.5,否
休闲,0.172,7.53,51.6,是
蔬果,0.595,3.9,6.56,否
蔬果,0.522,3.42,6.56,否
肉禽,1.764,45.51,25.8,否
蔬果,0.592,1.17,1.98,否
休闲,0.44,12.2,39.6,是
休闲,1,3.7,3.7,否
酒饮,1,9.8,9.8,否
蔬果,0.642,14.77,23,否
日配,1,9.9,9.9,否
蔬果,0.69,1.78,2.58,否
蔬果,0.467,0.92,1.98,否
休闲,1,5.9,5.9,否
休闲,1,6.9,6.9,否
粮油,24,48,4.7,是
蔬果,0.938,1.86,1.98,否
粮油,1,3.9,3.9,否
休闲,0.482,11.47,23.8,否
粮油,1,7.7,7.7,否
日配,1,11.5,11.5,否
蔬果,0.352,1.97,5.6,否
日配,1,9.9,14.9,是
粮油,1,6.9,6.9,否
休闲,1,0.5,0.5,否
蔬果,0.876,2.24,2.56,否
蔬果,2.04,12.16,5.96,否
休闲,1,38,45,是
休闲,1,3.5,3.5,否
休闲,1,4.9,6.9,是
休闲,1,4,4,否
肉禽,0.642,22.98,35.8,否
休闲,1,6.9,6.9,否
休闲,0.21,24.57,117,否
粮油,24,48,4.7,是
蔬果,0.224,4.03,18,否
蔬果,0.799,15.98,20,否
蔬果,0.304,6.08,20,否
蔬果,0.648,6.22,9.6,否
休闲,1,3.5,3.5,否
肉禽,0.646,16.67,25.8,否
洗化,1,11.9,11.9,否
日配,1,13.9,13.9,否
熟食,0.106,2.12,20,否
休闲,4,7.6,1.9,否
日配,1.638,22.93,14,否
休闲,1,3.3,3.3,否
酒饮,1,3.7,3.7,否
日配,1,15.6,15.6,否
蔬果,0.606,7.27,12,否
蔬果,0.358,4.3,12,否
蔬果,0.57,1.47,2.58,否
日配,16,29.9,2.7,是
粮油,0.916,4.03,4.4,否
肉禽,0.418,8.19,19.6,否
粮油,1,3.7,3.7,否
洗化,1,10,10,否
蔬果,1.074,12.87,11.98,否
肉禽,0.474,9.39,19.8,否
蔬果,0.622,3.48,5.6,否
日配,1,2,2,否
肉禽,0.338,10.07,29.8,否
休闲,0.566,7.8,19.6,是
粮油,1,2,4.7,是
洗化,1,12.9,12.9,否
日配,1,6.8,8.5,是
肉禽,1.022,42.72,41.8,否
粮油,1,5.3,5.3,否
日配,0.872,5.91,6.78,否
蔬果,0.512,9.01,17.6,否
蔬果,0.671,15.43,23,否
休闲,1,4.7,4.7,否
日配,1,11.9,11.9,否
蔬果,1.309,7.8,5.96,否
粮油,24,48,4.7,是
家居,1,5.9,8.5,是
日配,1,11.9,11.9,否
粮油,1,4.5,4.5,否
酒饮,1,19,19,否
洗化,1,4.9,4.9,否
洗化,12,94.8,11.9,是
粮油,1,14.9,14.9,否
粮油,24,48,4.7,是
洗化,1,32.8,43.9,是
洗化,1,16.9,16.9,否
休闲,1,6.3,6.3,否
蔬果,0.63,6.28,17.6,否
粮油,5,10,4.7,是
日配,2.192,30.69,14,否
蔬果,0.285,1.65,5.8,否
蔬果,0.248,1.38,5.56,否
针织,-1,-29.9,45,是
蔬果,1.457,8.68,5.96,否
休闲,0.268,7.45,37.8,是
粮油,1,7.7,7.7,否
洗化,1,3.9,3.9,否
蔬果,1.362,23.97,17.6,否
洗化,1,9.9,15.9,是
蔬果,0.436,2.53,5.8,否
日配,1,1.5,1.5,否
蔬果,1.828,10.89,5.96,否
蔬果,0.608,1.56,2.56,否
粮油,1,2,4.5,是
蔬果,0.487,5.84,12,否
休闲,0.096,1.7,27.8,是
蔬果,0.284,1.42,5,否
休闲,1,12.5,12.5,否
休闲,0.172,8.91,51.8,否
粮油,7.64,36.5,5.58,是
蔬果,0.362,2.37,6.56,否
酒饮,1,7,7,否
蔬果,0.63,3.75,5.96,否
日配,1,8.9,12.9,是
家居,1,3,3,否
蔬果,0.644,2.55,3.96,否
粮油,3,3.9,1.3,否
休闲,1,5.5,5.5,否
针织,1,29.9,45,是
粮油,1,7.9,7.9,否
蔬果,0.236,1.79,7.6,否
粮油,1,2,4.7,是
水产,0.994,29.82,30,否
蔬果,1.744,48.48,27.8,否
蔬果,1,2.56,2.56,否
蔬果,0.298,1.95,6.56,否
蔬果,0.946,7.19,7.6,否
蔬果,0.356,2.34,7.8,否
洗化,1,6.9,6.9,否
休闲,1,2.9,2.9,否
蔬果,1.234,7.35,5.96,否
粮油,1,0.5,0.5,否
洗化,1,7.9,7.9,否
休闲,1,2.9,3.9,是
休闲,0.464,12.9,27.8,否
日配,1,9.9,14.9,是
蔬果,0.64,7.67,11.98,否
蔬果,0.183,1.09,5.98,否
日配,1,9.9,14.9,是
日配,1,2,2,否
蔬果,0.508,4.04,7.96,否
日配,16,29.9,2.7,是
日配,1,2.8,2.8,否
蔬果,1.008,12.08,11.98,否
洗化,1,17.7,17.7,否
水产,0.43,12.9,30,否
休闲,1,3.5,3.5,否
蔬果,0.07,0.84,12,否
粮油,1,5.9,6.7,否
蔬果,1.096,2.83,2.58,否
粮油,5,10,4.7,是
休闲,1,4.9,4.9,否
粮油,1,9.9,9.9,否
蔬果,0.21,2.02,9.6,否
蔬果,1.027,5.96,5.8,否
肉禽,1.082,45.23,41.8,否
洗化,1,23,23,否
粮油,1,5.3,5.3,否
蔬果,0.532,1.57,2.96,否
日配,1,8.9,12.9,是
蔬果,0.742,7.41,9.98,否
酒饮,1,2.9,2.9,否
蔬果,0.25,4.95,19.8,否
日配,1.7,23.8,14,否
蔬果,0.75,4.47,5.96,否
休闲,0.166,7.27,51.6,是
针织,3,89.7,45,是
洗化,1,11.5,15.9,是
蔬果,0.93,1.67,1.8,否
粮油,1,2.7,2.7,否
肉禽,1.476,61.7,41.8,否
日配,1,8,8,否
蔬果,2.12,12.64,5.96,否
蔬果,1.774,49.32,27.8,否
酒饮,1,16,16,否
蔬果,1.164,13.74,11.8,否
日配,12,39.9,4.2,是
洗化,1,5.9,11.7,是
洗化,1,8.9,12.9,是
针织,1,19.9,30,是
家居,1,10,10,否
蔬果,0.716,14.32,20,否
蔬果,1.334,2.61,1.96,否
蔬果,0.256,1.42,5.56,否
蔬果,0.506,0.81,1.6,否
休闲,0.238,6.14,39.8,是
日配,1,8.9,8.9,否
洗化,1,6.7,6.7,否
休闲,1,2.7,2.7,否
水产,1.128,11.05,9.8,否
日配,1,8,8,否
蔬果,0.666,1.32,1.98,否
蔬果,0.288,2.76,9.6,否
蔬果,0.732,1.32,1.8,否
粮油,3.54,14.87,4.2,否
日配,1.606,22.48,14,否
粮油,7.425,35.49,5.58,是
休闲,0.506,4.91,16.8,是
休闲,1,5.9,5.9,否
洗化,3,9,3.9,是
蔬果,2,3,1.5,否
酒饮,1,2.9,3.7,是
粮油,5.358,25.6,5.58,是
蔬果,1.041,2.06,1.98,否
酒饮,1,2,2,否
酒饮,1,3.8,3.8,否
蔬果,0.349,0.97,5.8,否
休闲,1,9.8,14.9,是
蔬果,0.424,2.46,5.8,否
蔬果,0.33,3.17,9.6,否
蔬果,0.656,4.3,6.56,否
粮油,1,13.5,19.9,是
蔬果,0.35,3.36,9.6,否
休闲,1,7.5,7.5,否
洗化,1,2.4,2.9,是
洗化,1,15.9,21.9,是
肉禽,0.448,16.04,35.8,否
休闲,1,0.5,0.5,否
洗化,1,11.9,11.9,否
粮油,1,7.3,7.3,否
肉禽,0.296,11.78,39.8,否
洗化,1,8.9,15.9,是
休闲,0.478,14.2,39.8,是
日配,1,9.9,9.9,否
洗化,1,6.6,11.9,是
日配,1,155,155,否
休闲,1,5.5,5.5,否
休闲,1,11.9,14.3,是
日配,1,8.9,12.9,是
蔬果,0.568,1.12,1.98,否
蔬果,0.476,1.88,3.96,否
粮油,1,59.9,74.9,是
日配,15,26.9,2.4,是
日配,1.374,19.24,14,否
休闲,0.168,7.35,51.6,是
粮油,2,4,4.7,是
蔬果,1,1.5,1.5,否
熟食,0.46,2.3,5,否
休闲,1,9.9,9.9,否
蔬果,1.474,3.8,2.58,否
洗化,1,11.5,15.9,是
日配,1,4.3,4.3,否
蔬果,0.398,6.37,16,否
休闲,1,3.3,4.7,是
粮油,1,3.9,3.9,否
休闲,1,5.5,6.9,是
粮油,1,2.8,2.8,否
日配,1.762,24.67,14,否
粮油,5,10,4.7,是
蔬果,0.946,21.76,23,否
粮油,1,13.5,19.9,是
洗化,1,10.9,10.9,否
休闲,1,4.2,4.2,否
家居,1,6,6,否
冲调,1,28,28,否
蔬果,0.41,1.05,2.56,否
洗化,1,2.9,2.9,否
日配,1,11,11,否
洗化,1,11.5,15.9,是
蔬果,0.68,3.4,5,否
蔬果,0.296,2.84,9.6,否
休闲,1,6,6,否
粮油,24,48,4.7,是
日配,1,2.1,2.1,否
洗化,1,7.9,11.9,是
日配,1,2,2,否
休闲,1,11.9,11.9,否
日配,12,49,5.5,是
蔬果,2.004,11.94,5.96,否
肉禽,1.154,48.24,41.8,否
粮油,1,2,4.5,是
蔬果,2.05,4.02,1.96,否
蔬果,1.01,5.86,5.8,否
休闲,0.27,6.43,23.8,否
粮油,1,48.9,59.9,是
冲调,1,30.7,30.7,否
蔬果,0.118,1.42,12,否
蔬果,0.97,11.62,11.98,否
蔬果,0.467,10.74,23,否
蔬果,0.268,4.18,15.6,否
粮油,1,6.9,6.9,否
休闲,0.114,5.2,45.6,否
洗化,1,5.9,11.7,是
蔬果,0.42,0.91,2.56,否
休闲,0.188,6.35,51.6,是
洗化,1,6.9,6.9,否
冲调,1,32,32,否
休闲,1,6.9,9.9,是
蔬果,0.31,6.2,20,否
日配,1,10.3,10.3,否
日配,1,5.9,7.5,是
蔬果,1.244,7.41,5.96,否
洗化,2,17.8,12.9,是
蔬果,0.518,6.21,11.98,否
日配,1,2.8,2.8,否
粮油,5.64,26.9,5.58,是
洗化,1,39.9,51.9,是
蔬果,0.094,0.56,5.98,否
洗化,1,9.9,9.9,否
粮油,6,12,4.7,是
粮油,1,3.8,3.8,否
日配,1,10.3,10.3,否
熟食,0.001,0.02,20,否
蔬果,0.75,1.94,2.58,否
粮油,1,22.3,22.3,否
蔬果,0.472,0.93,1.98,否
蔬果,0.672,3.9,5.8,否
粮油,1,0.5,0.5,否
休闲,1,4.7,4.7,否
洗化,1,32.8,43.9,是
蔬果,1.748,3.5,2,否
粮油,13,26,4.7,是
日配,16,29.9,2.7,是
蔬果,0.374,2.09,5.6,否
蔬果,0.813,8.11,9.98,否
日配,12,42,3.9,是
日配,16,29.9,2.7,是
洗化,1,8.9,12.9,是
日配,1,6.9,6.9,否
酒饮,1,2.9,2.9,否
休闲,1,2.9,2.9,否
蔬果,0.958,16.86,17.6,否
粮油,1,3.8,3.8,否
休闲,1,2.7,2.7,否
针织,1,29.9,45,是
熟食,2,2,1,否
肉禽,0.856,16.95,19.8,否
蔬果,0.538,2.15,4,否
水产,1.52,14.9,9.8,否
蔬果,0.246,1.47,5.98,否
蔬果,0.878,1.74,1.98,否
日配,1,10.3,10.3,否
日配,2,13.2,6.6,否
蔬果,0.832,1.65,1.98,否
休闲,0.598,5.84,16.8,是
酒饮,1,7.5,7.5,否
蔬果,0.41,2.28,5.56,否
休闲,1,6,6,否
蔬果,0.688,6.87,9.98,否
蔬果,0.522,6.25,11.98,否
蔬果,0.256,1.28,5,否
休闲,0.264,6.81,35.8,是
日配,1,4,4,否
蔬果,0.72,8.63,11.98,否
蔬果,2,3,1.5,否
洗化,1,6.9,8.9,是
蔬果,1.196,27.51,23,否
家居,1,9.9,9.9,否
蔬果,0.246,0.88,6.56,否
粮油,1,19.9,24.9,是
粮油,1,3.7,3.7,否
粮油,1,3.8,3.8,否
日配,1,8,8,否
日配,1,18.9,18.9,否
日配,12,58.9,5.3,是
水产,0.514,5.04,9.8,否
日配,1,5.9,5.9,否
冲调,1,50.9,50.9,否
蔬果,0.198,3.96,20,否
日配,0.832,5.64,6.78,否
洗化,1,29.9,29.9,否
蔬果,0.572,1.46,2.56,否
休闲,1,7.9,10.3,是
蔬果,0.596,5.95,9.98,否
休闲,0.296,2.9,16.8,是
粮油,1,8.9,8.9,否
粮油,1,7.9,7.9,否
粮油,1,6.9,6.9,否
日配,1,3.9,5,是
日配,1.59,22.26,14,否
粮油,1,4.9,4.9,否
蔬果,1.258,22.14,17.6,否
蔬果,0.535,12.31,23,否
蔬果,0.412,6.59,16,否
熟食,0.526,10.52,20,否
休闲,0.388,5.3,19.6,是
蔬果,0.426,3.32,7.8,否
蔬果,1.814,50.43,27.8,否
蔬果,1.11,11.08,9.98,否
日配,3,5.4,1.8,否
休闲,0.244,4.3,27.6,是
粮油,24,48,4.7,是
肉禽,0.36,7.06,19.6,否
日配,1,2.3,2.3,否
日配,1,8.9,12.9,是
蔬果,0.495,11.39,23,否
休闲,0.322,3.15,17.8,是
蔬果,0.556,3.22,5.8,否
针织,1,19.9,30,是
粮油,0.51,3,10.8,是
粮油,4,2,0.5,否
粮油,1,2.3,2.3,否
休闲,1,5.5,5.5,否
蔬果,1,2.56,2.56,否
酒饮,1,2.5,2.5,否
蔬果,0.648,4.25,6.56,否
休闲,1,4.5,6.9,是
肉禽,0.57,11.29,19.8,否
粮油,1,3.9,3.9,否
休闲,1,5.3,5.3,否
休闲,1,5.5,5.5,否
粮油,1,9.9,19.3,是
肉禽,0.584,11.56,19.8,否
蔬果,0.33,1.91,5.8,否
蔬果,1.151,26.47,23,否
休闲,1,13.3,13.3,否
家居,1,30,30,否
蔬果,0.302,2.1,7.96,否
蔬果,0.362,2.75,7.6,否
蔬果,0.26,5.2,20,否
休闲,0.25,4.4,27.8,是
粮油,1,13.5,19.9,是
蔬果,1.779,4.59,2.58,否
休闲,0.27,2.64,15.8,是
洗化,1,26.7,26.7,否
休闲,1,4.9,4.9,否
日配,16,29.9,2.7,是
蔬果,0.224,1.74,7.76,否
蔬果,0.769,9.21,11.98,否
蔬果,0.759,4.4,5.8,否
蔬果,0.386,7.72,20,否
蔬果,1.034,2.67,2.58,否
休闲,1,2.9,3.9,是
休闲,1,5.5,5.5,否
休闲,1,1,1,否
休闲,1,1,1,否
休闲,1,5.5,6.5,是
蔬果,2.128,59.16,27.8,否
蔬果,0.546,2.16,3.96,否
休闲,1,11.9,14.3,是
粮油,2,1,0.5,否
酒饮,1,6.9,6.9,否
蔬果,0.808,17.78,22,否
针织,1,19.9,35,是
蔬果,0.508,2.84,5.6,否
休闲,0.166,7.26,51.6,是
蔬果,0.466,4.47,9.6,否
休闲,1,2.3,2.3,否
休闲,0.228,3.11,23.8,是
蔬果,0.495,3.86,7.8,否
粮油,4.136,17.37,4.2,否
洗化,1,10.9,10.9,否
蔬果,0.098,4.9,50,否
休闲,1,6.7,6.7,否
蔬果,0.674,1.33,1.98,否
休闲,1,11,11,否
洗化,1,24.9,24.9,否
休闲,3,2.4,0.8,否
蔬果,0.518,4.97,9.6,否
休闲,0.304,6.62,25,是
休闲,0.192,4.18,25,是
日配,2,13.2,6.6,否
休闲,1,7.9,7.9,否
休闲,1,10.8,10.8,否
日配,16,29.9,2.7,是
冲调,1,12.9,12.9,否
蔬果,2.046,4.01,1.96,否
蔬果,0.484,11.13,23,否
日配,16,29.9,2.7,是
水产,0.664,19.92,30,否
日配,1,7.9,12.8,是
休闲,0.214,5.9,39.6,是
针织,1,17.9,17.9,否
蔬果,1.354,3.49,2.58,否
蔬果,1,2,2,否
蔬果,0.34,5.44,16,否
蔬果,0.52,0.77,1.48,否
酒饮,1,6.9,6.9,否
休闲,1,7.5,9.9,是
粮油,2,4,4.5,是
休闲,1,3,3,否
粮油,1,4.8,4.8,否
洗化,1,5.9,11.7,是
蔬果,0.386,3.71,9.6,否
蔬果,0.582,2.3,23,否
蔬果,0.471,2.62,5.56,否
日配,1,6.8,8.3,是
蔬果,0.982,6.44,6.56,否
粮油,1,40.9,40.9,否
洗化,1,20.9,23.9,是
休闲,1,4.5,4.5,否
蔬果,0.504,1.3,2.58,否
日配,1,9.9,15.3,是
蔬果,0.375,1.48,3.96,否
蔬果,1.737,38.21,22,否
蔬果,1,5.96,5.96,否
日配,16,29.9,2.8,是
粮油,1,7.3,7.3,否
粮油,2,2.6,1.3,否
休闲,1,4.7,4.7,否
日配,1,1.7,1.7,否
休闲,1,1,1,否
休闲,1,3.7,3.7,否
休闲,0.47,20.5,51.6,是
蔬果,0.513,3.08,6,否
日配,1,3.8,3.8,否
酒饮,1,5.3,5.3,否
粮油,1,2.8,2.8,否
蔬果,0.45,0.67,1.48,否
蔬果,2,3,1.5,否
洗化,1,17.9,17.9,否
蔬果,0.36,4.32,12,否
日配,1,10.3,10.3,否
日配,1,9.2,9.2,否
家居,1,9,9,否
休闲,1,5.5,6.5,是
肉禽,0.216,6.44,29.8,否
蔬果,0.178,1.38,7.76,否
蔬果,0.934,3.7,3.96,否
蔬果,0.356,3.2,9,否
粮油,5,6.5,1.3,否
休闲,0.15,10.47,69.8,否
日配,1,11.8,11.8,否
酒饮,1,188,188,否
蔬果,0.274,2.73,9.96,否
休闲,1,6.7,6.7,否
粮油,1,4.9,4.9,否
休闲,1,3.3,3.3,否
休闲,1,1.3,1.3,否
蔬果,0.198,1.18,5.98,否
日配,1,59,76,是
休闲,0.504,69.55,138,否
休闲,1,6.7,6.7,否
酒饮,1,6.5,6.5,否
休闲,1,3.5,3.5,否
肉禽,0.554,19.83,35.8,否
粮油,1,3.9,3.9,否
酒饮,1,4,4,否
洗化,1,8.9,8.9,否
休闲,1,1.3,1.3,否
酒饮,1,4,4,否
蔬果,0.631,2.5,3.96,否
酒饮,1,4.9,4.9,否
休闲,0.258,8.72,51.6,是
日配,1,4.9,4.9,否
休闲,1,5.9,5.9,否
粮油,1,8.9,8.9,否
休闲,1,8.5,8.5,否
肉禽,0.458,13.65,29.8,否
蔬果,2,3,1.5,否
粮油,1,8.9,8.9,否
日配,1,5.9,5.9,否
日配,12,58.9,5.3,是
休闲,0.234,6.51,27.8,否
休闲,1,4.3,4.3,否
洗化,1,15.9,15.9,否
蔬果,0.422,2.45,5.8,否
酒饮,1,1,1,否
酒饮,1,4,4,否
粮油,1,16.9,22.9,是
休闲,0.732,20.3,39.6,是
日配,10.1,141.4,14,否
洗化,1,7.9,9.5,是
蔬果,0.902,2.31,2.56,否
蔬果,0.293,2.33,7.96,否
粮油,1,3.8,3.8,否
肉禽,0.56,16.69,29.8,否
蔬果,0.832,4.83,5.8,否
蔬果,0.505,2.83,5.6,否
肉禽,0.576,17.16,29.8,否
酒饮,4,6,2,是
肉禽,0.944,39.46,41.8,否
粮油,2,1,0.5,否
日配,1,9.7,9.7,否
休闲,1,7.5,7.5,否
休闲,1,7.5,7.5,否
酒饮,1,4,4,否
休闲,1,5.5,5.5,否
休闲,1,9.9,9.9,否
文体,1,4.3,4.3,否
粮油,1,2.8,2.8,否
粮油,1,4.3,4.3,否
蔬果,0.348,2.77,7.96,否
休闲,1,3.5,3.5,否
休闲,1,23.9,23.9,否
日配,1,5.9,5.9,否
粮油,1,1.7,1.7,否
日配,1,6.6,6.6,否
酒饮,1,4,4,否
休闲,1,6.9,6.9,否
休闲,1,3.9,3.9,否
蔬果,1.976,5.1,2.58,否
针织,1,13,13,否
酒饮,1,6,6,否
休闲,1,7.5,7.5,否
休闲,0.148,4.11,37.8,是
蔬果,0.48,5.75,11.98,否
家居,1,2,2,否
粮油,1,6.9,8.5,是
文体,1,4.7,4.7,否
日配,1,11,11,否
蔬果,0.214,1.66,7.76,否
休闲,0.406,5.6,19.6,是
酒饮,1,16.3,16.3,否
蔬果,0.288,5.76,20,否
酒饮,1,4,4,否
蔬果,0.234,2.25,9.6,否
洗化,1,13.9,14.9,是
休闲,0.19,6.42,51.6,是
休闲,1,2.9,3.5,是
蔬果,0.9,5.4,6,否
日配,1,9.9,9.9,否
肉禽,0.222,6.62,29.8,否
蔬果,0.294,11.16,50,否
蔬果,0.123,1.18,9.6,否
休闲,1,4.9,4.9,否
休闲,2,2.2,1.1,否
蔬果,0.972,1.92,1.98,否
粮油,2.134,14.9,6.98,否
休闲,1,7.5,7.5,否
蔬果,0.896,5.38,6,否
日配,1,7.9,7.9,否
熟食,0.178,16.02,90,否
酒饮,1,5,5,否
蔬果,0.644,7.72,11.98,否
蔬果,0.61,4.73,7.76,否
休闲,1,3.5,3.5,否
休闲,1,14.5,14.5,否
酒饮,1,2,2,否
酒饮,4,6,2,是
粮油,2.82,13.47,5.58,是
酒饮,1,2,2,否
休闲,0.436,11.2,39.8,是
肉禽,0.292,8.7,29.8,否
蔬果,0.47,2.61,5.56,否
休闲,0.318,4.38,23.8,是
休闲,1,0.7,1,是
休闲,1,5.9,5.9,否
粮油,1,2.3,2.3,否
休闲,6,4.2,1,是
蔬果,1.044,5.22,5,否
休闲,1,7.9,7.9,否
酒饮,1,1.5,1.5,否
休闲,1,6.9,6.9,否
蔬果,1.1,7.22,6.56,否
休闲,1,5.7,5.7,否
日配,1,5,5,否
休闲,0.466,4.56,17.8,是
洗化,1,19.9,19.9,否
休闲,1,1,1,否
蔬果,0.89,8.9,10,否
洗化,1,6.7,6.7,否
酒饮,1,3.8,3.8,否
酒饮,1,4,4,否
洗化,1,3.9,3.9,否
休闲,8,4,0.5,否
酒饮,1,4.9,4.9,否
酒饮,1,5,5,否
休闲,1,6.9,6.9,否
酒饮,1,7.8,7.8,否
粮油,1,2.8,2.8,否
日配,1,10.3,10.3,否
休闲,1,5.5,6.5,是
洗化,1,5.8,6.9,是
肉禽,1.608,30.55,19,否
休闲,0.314,3.05,17.8,是
蔬果,0.346,5.81,16.8,否
蔬果,0.36,1.07,2.96,否
粮油,2,4,4.7,是
洗化,1,4.9,6.7,是
粮油,1,9.9,9.9,否
蔬果,0.702,3.51,5,否
蔬果,0.466,9.32,20,否
粮油,1,1.9,1.9,否
粮油,1,1.9,1.9,否
针织,1,2.9,2.9,否
休闲,0.34,18.36,54,否
洗化,1,38.9,38.9,否
休闲,1,6.9,6.9,否
粮油,10,5,0.5,否
蔬果,0.55,0.88,1.6,否
日配,1,11.8,11.8,否
休闲,1,4.9,6.9,是
洗化,1,10.7,10.7,否
休闲,1,3.9,3.9,否
冲调,1,30.7,30.7,否
休闲,1,8.5,8.5,否
休闲,1,2.9,2.9,否
休闲,0.718,9.9,23.8,是
家居,1,7,7,否
蔬果,0.374,1.04,2.78,否
蔬果,0.316,1.89,5.98,否
休闲,1,4.7,4.7,否
休闲,0.294,2.84,16.8,是
日配,1,11.9,14.9,是
日配,1,59,76,是
蔬果,0.828,19.04,23,否
蔬果,1.786,11.72,6.56,否
蔬果,0.356,1.99,5.6,否
日配,1,8.9,12.9,是
休闲,1,1.9,1.9,否
休闲,1,8.9,8.9,否
熟食,0.11,2.2,20,否
家居,1,3.5,3.5,否
粮油,1,6.9,6.9,否
蔬果,0.973,2.51,2.58,否
粮油,1,3,3.2,是
酒饮,1,2.5,2.5,否
蔬果,0.53,3.07,5.8,否
熟食,0.583,3.5,6,否
日配,1,9.9,14.9,是
日配,1,8.9,12.9,是
针织,1,8,8,否
休闲,0.28,13.94,49.8,否
熟食,0.254,7.11,28,否
酒饮,1,2.7,2.7,否
酒饮,1,4.3,4.3,否
粮油,2,1,0.5,否
日配,1,2,2,否
蔬果,0.43,1.72,4,否
蔬果,1.778,14.19,7.98,否
蔬果,0.824,18.95,23,否
酒饮,1,14,14,否
休闲,1,6.9,6.9,否
休闲,1,4.9,4.9,否
酒饮,1,5.5,5.5,否
休闲,1,3.9,3.9,否
蔬果,0.608,3.4,5.6,否
酒饮,1,7.7,7.7,否
酒饮,1,4.5,4.5,否
洗化,1,8.9,12.9,是
粮油,1,3.9,4.9,是
休闲,1,7.9,7.9,否
酒饮,1,4,4,否
洗化,1,7.9,9.5,是
酒饮,3,5.4,1.8,否
酒饮,1,4,4,否
休闲,1,6,6,否
休闲,1,9.5,9.5,否
粮油,1,21.8,21.8,否
蔬果,0.382,1.55,5.8,否
蔬果,0.946,9.46,10,否
休闲,1,5.3,5.3,否
日配,1,59,76,是
粮油,1,3.8,3.8,否
洗化,1,5.5,6.9,是
蔬果,0.998,22.95,23,否
休闲,0.666,18.51,27.8,否
洗化,1,25.9,25.9,否
休闲,1,7.9,10.3,是
休闲,1,1,1,否
休闲,1,5.5,5.5,否
酒饮,1,5.3,5.3,否
粮油,1,1.7,1.7,否
休闲,1,2.9,2.9,否
蔬果,0.508,6.09,11.98,否
蔬果,0.47,10.81,23,否
蔬果,0.336,2.02,6,否
休闲,1,7.3,7.3,否
粮油,1,3,3,否
休闲,1,3.6,3.6,否
酒饮,1,5,5,否
休闲,0.224,11.6,51.8,否
粮油,1,7.7,7.7,否
粮油,1,1.9,1.9,否
日配,1,9.9,14.9,是
酒饮,1,4,4,否
熟食,0.484,9.68,20,否
酒饮,3,16.5,5.5,否
休闲,1,6.9,9.5,是
肉禽,0.196,3.45,17.6,否
洗化,1,22,22,否
休闲,0.262,8.85,51.6,是
蔬果,0.524,5.23,9.98,否
酒饮,1,9.9,11.9,是
休闲,0.328,4.52,19.6,是
洗化,1,11.9,15.5,是
日配,-1,-59,76,是
日配,0.77,26.03,33.8,否
粮油,1,3,3,否
洗化,1,5.3,5.3,否
休闲,1,3,3,否
蔬果,0.922,7.36,7.98,否
休闲,1,4.3,4.3,否
粮油,1,8.2,8.2,否
酒饮,2,22.6,11.3,否
休闲,0.612,5.98,16.8,是
休闲,1,6.5,6.5,否
洗化,1,17.9,17.9,否
休闲,0.1,3.98,39.8,否
休闲,1,8.5,8.5,否
日配,1,9.9,14.9,是
蔬果,0.674,1.33,1.98,否
洗化,1,8.9,8.9,否
日配,1,9.7,9.7,否
酒饮,1,6.5,6.5,否
蔬果,0.36,2.09,5.8,否
蔬果,0.152,1.37,9,否
日配,15,26.9,2.4,是
日配,4,10.8,2.7,否
日配,1,9.9,14.9,是
粮油,7,3.5,0.5,否
粮油,1,2.9,2.9,否
酒饮,1,4,4,否
酒饮,1,4,4,否
休闲,1,0.8,0.8,否
休闲,0.114,4.99,51.6,是
休闲,3,3.3,1.1,否
蔬果,1.046,2.68,2.56,否
日配,24,79.2,3.3,否
日配,0.82,11.48,14,否
休闲,0.76,13.5,31.8,是
酒饮,1,3.5,3.5,否
休闲,0.246,13.73,55.8,否
肉禽,0.478,9.37,19.6,否
家居,1,10,10,否
蔬果,0.426,1.7,4,否
日配,1,11.5,11.5,否
冲调,1,21.9,21.9,否
熟食,0.258,7.22,28,否
蔬果,0.34,2.23,6.56,否
蔬果,1.528,3.06,2,否
蔬果,1.306,22.99,17.6,否
日配,1,4,4,否
日配,1,5,6.6,是
蔬果,0.519,3.4,6.56,否
肉禽,0.974,40.71,41.8,否
粮油,2,4,4.7,是
休闲,1,4.9,4.9,否
粮油,1,2.8,2.8,否
洗化,1,7.9,7.9,否
休闲,0.37,19.17,51.8,否
文体,1,4.7,4.7,否
蔬果,1.29,2.55,1.98,否
日配,1,7.7,7.7,否
粮油,1,3.9,3.9,否
日配,1,8,8,否
粮油,1,9.8,9.8,否
休闲,1,3.7,3.7,否
日配,1,8.6,8.6,否
日配,1,5,5,否
酒饮,1,4,4,否
粮油,1,11.9,11.9,否
日配,1,11,11,否
肉禽,0.408,12.16,29.8,否
休闲,1,3.5,3.5,否
蔬果,0.657,13.14,20,否
蔬果,0.302,6.04,20,否
粮油,1,3.2,3.9,是
粮油,1,33.9,44.9,是
粮油,1,5.7,5.7,否
肉禽,1.336,37.14,27.8,否
休闲,1,6.3,6.3,否
针织,1,4,4,否
休闲,1,8.3,8.3,否
休闲,1,5.3,5.3,否
粮油,3,1.5,0.5,否
休闲,1,4.3,4.3,否
蔬果,0.705,4.62,6.56,否
日配,1,9.9,14.9,是
肉禽,0.276,7.67,27.8,否
休闲,0.26,5.66,25,是
洗化,1,3.9,4.7,是
蔬果,0.217,3.91,18,否
蔬果,0.44,0.86,1.96,否
洗化,1,12.9,14.5,是
蔬果,0.718,1.84,2.56,否
酒饮,1,8,8,否
